type,subreddit,title,url,datetime_pst,score,body,media_url
post,CPTSD,Was this abuse or just normal sibling bullying,https://www.reddit.com/r/CPTSD/comments/1kpvupr/was_this_abuse_or_just_normal_sibling_bullying/,2025-05-18 15:07:34 PDT,1,"When me and my siblings were all young, I was the middle child and got picked on verbally and physically the most throughout our childhoods. 

Something my siblings did to me very frequently when I was about 7, younger brother  was 6, and older sister 9, was they would both sit on top of my body, pinning my body to the ground and one of them would plug my nose while the other covered my mouth “until I turned colors”. Essentially choking, or not allowing me to breathe until my face would turn purple. 

They did this quite a few times. As we all got older we would all laugh about how “funny” it was that they did that to me and joke about how they were able to get away with it so many times.

Anyways, I’m reviewing a course on child abuse right now and i literally paused to make this post. Is that considered abuse or just weird childhood things? I hear all these stories about siblings laughing about how they would chase each other around with a knife, etc. so I don’t know really how to feel. Obviously we were all children at the time but I feel like because of the constant bullying my siblings and my parents inflicted on me as a kid maybe there were harmful intentions behind it..",
post,bullying,What should I do? (Sibling bullying),https://www.reddit.com/r/bullying/comments/1kj357i/what_should_i_do_sibling_bullying/,2025-05-09 22:47:11 PDT,1,"Long story short, my siblings bully me continuously over my appearance. I'm an adult, and they're younger adults. I'm 38 years old, and I still have to deal with the constant bullying. What should I do? I've thought about bullying them back, but I don't have it in me to do mean things. At my age, I probably shouldn't care, but I can't help but have my feelings hurt.

What should I do? ",
post,Hijabis,Sibling bullying,https://www.reddit.com/r/Hijabis/comments/1keqjtu/sibling_bullying/,2025-05-04 11:20:06 PDT,1,"I'm writing this out of utter guilt - the title may be slightly misleading. I am not intentionally bullying my sister. But for me she is an easy person to offload on because she doesn't bark back (probably one of her best qualities)

The thing is - me &amp; her are soo diff. We were good as kids then teens &amp; early 20s we went our separate ways kinda. We had 0 shared interests. She was more into cultural &amp; religious ties &amp; me being younger hadn't gone through that process yet

But even still having improved in that regard, I still think she's more 'backwards minded' than me. Dont get me wrong, I am a traditionalist too but she takes it too far. On rare occasions, she even pits culture over religion (im nitpicking here) 

And all the toxic parts of culture she turns a blind eye. We have more differences too - like shes way more reserved &amp; less outgoing &amp; doesn't want to do any of the stuff other sister duos do like get you hair &amp; makeup etc

She'd shun me for those things when I was young. I could never relate to her strictness. 

She's calmed down a bit now but idk i still feel that distance &amp; resentment &amp; dont still properly open up to her. 

Because of that, i dont feel much empathy for her as much as i for my other siblings (even tho they are brothers)

And so she will be an easy target for me whenever im stressed to snap back at &amp; i rarely feel bad like i would if it was another member of my fam

I feel like we need space &amp; kinda just wanna move out for many reasons, but one of them being that if I do hopeful the distance will improve our bond",
post,expedition33,Why Clea is such a jerk ?,https://www.reddit.com/r/expedition33/comments/1kejrq6/why_clea_is_such_a_jerk/,2025-05-04 06:26:22 PDT,1,"On my second playthrough, i start paying attention to all the dialogue of the leftover soul bit. Child Verso said Clea create the Lamp master to scare him. She also create that sap lady which also scare him. I think all of this happen when he was a child because of course an adult wouldn't be scared by it, they even create the endless tower together to fight for fun

Why did she do it, do you think this has some sinister implication or just fun sibling bullying and child Verso being dramatic",
post,workingmoms,Daycare problems,https://www.reddit.com/r/workingmoms/comments/1kdg2gj/daycare_problems/,2025-05-02 17:20:18 PDT,7,"My 4 yo goes to this fancy daycare. It's been good until his 4 yo teacher who I noted was very harsh like a expecting them to be in military school. Somewhat acts like an older sibling bullying the younger ones. 


She dragged a kid behind her across the playground Friday. Pulled him by his arm.  The school ""talked with her about her tone and demenour"" and now wants to wrap up any concerns about her. I don't know what to do. 

He moves into a new classroom in August. ",
post,saudiarabia,Older Sibling Bullying,https://www.reddit.com/r/saudiarabia/comments/1k9wad7/older_sibling_bullying/,2025-04-28 07:01:53 PDT,1,كيف اتعامل مع الاخت المتسلطه المتنمره المؤذيه حتى وانا  بحالي تاذيني تعاملت معها بكل الطرق ولا نفع  ,
post,NorrisNutsSnark,The NN Content Quality is Decreasing by the Day,https://www.reddit.com/r/NorrisNutsSnark/comments/1jkg1kq/the_nn_content_quality_is_decreasing_by_the_day/,2025-03-26 09:33:37 PDT,25,The NN’s are pure examples of putting to many eggs in one basket in terms of content. For example a couple of years ago a portion of their content was heavily focused around pregnancy (D + C) but the channel itself never lost its “spark” because right after they had 95% of their content surrounding moving. Even with this the moving content was milked for about 4-5 years and it wasn’t until last year (Early 2024) that people noticed just how much they were dragging it. Now that they’ve moved there’s no general excitement or anything interesting that they haven’t done before. It doesn’t make it any better that the videos now are more harder to watch due to the unnecessary arguments and sibling bullying.,
post,hygiene,10 year old brother who wont wash properly.,https://www.reddit.com/r/hygiene/comments/1j24tq8/10_year_old_brother_who_wont_wash_properly/,2025-03-02 15:33:28 PST,2,"Im not sure if this is the place for this, as I want to approach him with kindness but also authority. 


He is alittle overweight for his age so I dont want to come off as another bully to him. But he genuinely stinks. Like not wiping properly stinks. 


He is technically my brother in law, so I cant come like a big sister, my husband will tell him “have you showered today? You should go shower then, you need to shower everyday” and will go along the lines of saying his hair may look greasy or we can tell hes wearing the same clothes as the day before. We dont ever say “Oh you stink please go shower” because I really dont want to give him a complex. 


But in all honesty, he stinks so bad sometimes he will make the spot hes sitting in smell bad after hes gone. Like, at this point it seems like alittle older sibling bullying is all that will fix it. 


I genuinely have no idea what his shower/hygiene routine is at home. We tell his mom and she just says “I know he stinks so bad, I dont know what to do” 


Im not his mother but if I were I’d literally do a rerun on everything we are supposed to wash in the shower. But I am not that person in his life or his mothers life. 


Any advice on how to get him to *want* to? I know he is also getting to the age of wanting to talk to girls and I really dont want anyone hurting his feelings. Any advice is appreciated. I love having him over but when we take him home I have to ride with the windows down! ",
post,TrueOffMyChest,I hate my family,https://www.reddit.com/r/TrueOffMyChest/comments/1ixunvr/i_hate_my_family/,2025-02-25 05:13:14 PST,1,"I (16 trans-fem), have had this weighing on me for so long and im not even sure if im just being an overeacting teenager or having an actual problem at this point.

For context I live with my family which has my mother and father as well as my brother and almost daily we see our grandfather. Another important detail is my sporting history, when i was little i did swimming, athletics and soccer which where two sports im not very good at, i later dropped soccer for AFL (australian footbal league) which i quit when the pandemic hit. And to this day i do three sports being athletics, swimming and royal lifesaving. Which i have achieved a national level in lifesaving and open water swimming. I train for lifesaving once a week on sunday and train for swimming 8 times a week with me waking up at 4:45am on mon,tue,wen,fri and 5:50am on sat as well as swimming on tue, wen and fri afternoons, all of those sessions go for 2 hrs

Now with all that background info out of the way. I feel like i have spent most of my life trying to make my parent proud of me, when i used to play afl they made comments on how other parents expected thier kids to be superstar playes that will become professionals and that they are glad that i don’t have that expectation of me, every time I’ve achieved somthing in a sport they have worked to undermine it by either not congratulating me on PB's in sports and immediantly giving me a new goal to get to, or just telling me that my brither was able to do better when he was my age, my brother has alway been talented at sport and especially in swimming where when he was in year 9 he went to his first national level event and i was dragged agianst my will to do nothing but watch him do that. And since then i have been dragged all across australia to watch my brother swim, my parents have made comments where they say they don’t expect me to be as good as him but they also vehemenetly push for me to achive the same level as him, the only exeption to this is lifesaving as im the only one in the family who   Does it but even when i do well in that my parents will find some random ""behaviour"" i do to then focus on instead of my achievements such as the fact im not very socialble and spend a decent amount of my time on my phone infront of them.

All of this doesnt sound that bad but this is just an entree to my problem with my family, being abit pushy on sport would be fine if it was the only thing but it isnt.i don’t have any problems with my dad aside for the fact that he lets my mum and brother get away with thier shit. The problem with my brother is that he bullies me, and not like the older brother to little sibling bullying as he always takes it too far. As he constantly steals/breaks my stuff. Calls me slurs relentlessly (im still closeted to my family but every time we go somewhere my brother tell people im the most uncomfortable and inapropiate way that im a gay man when im not) and when we are around water he will push me or flip the inflatable im on when I’ve made it clear i want to be left alone. He always takes everything one step further than it has to be and then calls me an austistic baby when i get upset. And now my mother, she is the most misreable, egocentric prick I’ve ever met. When i was like 5 and fooling around with equipment at sports she would make a scene about telling me to stop and when i asked why she would get angry about how im ""embarrasing her infront of other people."" Throughout my life she has always taken things I’ve have or havent done wrong and reponded unresonably. I was a well behaved kid but when i was 10 i got an amber warning letter (and amber is basically one rung below suspension) and to get out of trouble i tried to forge her signature, i got caught and i was rightfully yelled at but then my mum spent the rest of the night forcing me to sit next to her while she searched up juvenile prisons for me as ""thats where im going to end up in life."" When i was in year 9 i told my mum i was getting bullied at school and she spent 2 hours yelling at me for making myself an easy target for bullying. My mum has gone out of her way to tell me to be grateful that she doesnt take me to a therapist to ""get me drugged"" when basically everyone I’ve met in my life can tell i have some sort of disorder (i probably have ADHD as i easily lose focus and struggle to do basic tasks. But im not a medical professional and wont self diagnose myself with things) and i now have the most recent problem where 2 years ago i asked her to quit swimming because i despise the sport and don’t have fun doing it. Her response is to tell me that i like the sport and that i should still do it because they want whats best for me. The in the following months she and dad changed my swimming schedule into what it is above. And this is causing so many problems for me as i graduate school this year (i turn 17 this year and im born before the australian cut-of date  which is the 31st of july to be in the year im in rn) and because of swimming i don’t have time or motivation to study, i fall asleep in one class per day and out of the 6 subjects i do i havent gotten a mark above 50% for 3 of the subjects. The problem isnt that im bad at the subjects as math which i didnt pass a exam for in the last 2 terms i got 51/56 marks on the assignment which i even turned in a week early because i had a hike when it was due. I’ve ask my mum to skip one of the afternoon sessions so i can focus on school and homework and she has a meltdown and goes about how im lazy, I have however many events coming up so i have to train to do well.

 Im just fucking tired, i feel like I’ve been conned out of the past 16 years of my life, i cant go to another family member as the only close reletive i have who doesnt live with us is my grandfather and every time i complain about a family member he goes on about how they are my family and that i have to love them. Feel like my mum never saw me as her kid and just a way for her to vicariously become a professional athlete. I feel like im not going to be able to pass this year and get into uni for any of my dream careers (engineering fields or software fields) and i just hate my family for not being one for me.


Im sorry if this post was nightmare to read or i has alot of spelling mistakes. its my first time doing somthing like this and im to mentally exahsted to spell check but i just cant keep this in or i feel like i could do something stupid.",
post,BPDFamily,Identity and Hobbies,https://www.reddit.com/r/BPDFamily/comments/1iw168l/identity_and_hobbies/,2025-02-22 19:46:34 PST,1,"Has anyone who is supporting a family member with BPD ever have to deal with blowouts due to family members ""stealing"" their hobbies or interests?

My BPD loved one (a sibling) introduced me to a hobby and I ended up liking it so I kept going. This was especially helpful to me as I was going through a breakup and I continued on with it because I genuinely enjoyed it. I have invited some of my friends to engage in the hobby as well and they all like it too.

My sib ended up dropping the hobby quietly and then ended up not going at all to the point that they blew up saying that they ""feel \[they\] don't have an identity because \[OP\] stole it from me"". My family knew my sibling as the one who engaged in this hobby often but now that they dropped it and I kept engaging in the hobby, my family now sees me as that.

In terms of an interest, I used to hate astrology/witchcraft and the like - my sibling is very much into this. I have to admit that I did make fun of them and they've told me during their blowout that they've bottled this sibling bullying to themselves. I told them I was genuinely sorry about making fun of your hobby but to understand that people change. I told them that now that I've been hurt, I like researching and engaging in some of that interest of theirs. Again, they are adament in believing that I am ""copying \[them\]"".

Has anyone ever experienced this? I keep telling my sib that I see them as a friend and look up to them and it was great sharing a hobby with them but they are very gatekeep-y with it.",
post,BPDlovedones,Identity and Hobbies,https://www.reddit.com/r/BPDlovedones/comments/1iw144o/identity_and_hobbies/,2025-02-22 19:43:12 PST,1,"Has anyone who is supporting a family member with BPD ever have to deal with blowouts due to family members ""stealing"" their hobbies or interests?

My BPD loved one (a sibling) introduced me to a hobby and I ended up liking it so I kept going. This was especially helpful to me as I was going through a breakup and I continued on with it because I genuinely enjoyed it. I have invited some of my friends to engage in the hobby as well and they all like it too. 

My sib ended up dropping the hobby quietly and then ended up not going at all to the point that they blew up saying that they ""feel \[they\] don't have an identity because \[OP\] stole it from me"". My family knew my sibling as the one who engaged in this hobby often but now that they dropped it and I kept engaging in the hobby, my family now sees me as that. 

In terms of an interest, I used to hate astrology/witchcraft and the like - my sibling is very much into this. I have to admit that I did make fun of them and they've told me during their blowout that they've bottled this sibling bullying to themselves. I told them I was genuinely sorry about making fun of your hobby but to understand that people change. I told them that now that I've been hurt, I like researching and engaging in some of that interest of theirs. Again, they are adament in believing that I am ""copying \[them\]"". 

Has anyone ever experienced this? I keep telling my sib that I see them as a friend and look up to them and it was great sharing a hobby with them but they are very gatekeep-y with it. ",
post,Adultsiblings,"Research on siblings with conflict/bullying in childhood, who healed their relationship/became close in established adulthood (around ages 30-45 +)",https://www.reddit.com/r/Adultsiblings/comments/1islepi/research_on_siblings_with_conflictbullying_in/,2025-02-18 11:34:51 PST,1,"Did you experience bullying with a sibling in childhood and/or adolescence, and then heal that sibling relationship later in adulthood when you were between the ages of  
(around) 30-45 years old? If so, you may be eligible to participate in a research study to help others understand the meaning of this process.

You may qualify if:

* You experienced sibling bullying in childhood/adolescence

   * Bullying between siblings in this study is: repeated acts of aggression with the intention to cause harm (physically, psychologically, socially, or property-based)

* Your sibling relationship healed at some point when you were around 30-45 years old

Participation involves:

* One hour virtual interview with a researcher (Claire Leight, a doctoral student at UNC)

* Follow-up communication (via another interview OR email) to ensure the researcher has accurately understood your experiences

 The aim of this study is to hear from siblings about what this experience was like and how it impacted their lives. I would like to learn more about how professionals can support sibling relationships, and how this healing process in general is experienced.

Your participation in this study will involve completing a virtual interview, which is expected to take about one hour. You will be assigned a pseudonym so that your name is not connected to any research data. Your interview will be transcribed, and this transcript will be kept confidential.

If you are willing to participate in a follow-up interview, there will be a second virtual interview to discuss the accuracy of themes derived from your initial interview. If you  
are not willing or able to participate in a second interview, themes will be emailed to you and you will have a chance to respond about their accuracy via email.

If you are interested in participating in this research, you may click on the link below. If you decide not to participate in this study there is no penalty, and you are able to  
withdraw at any time. If you have any questions about the study, please contact  
Claire Leight at [leig9070@bears.unco.edu](mailto:leig9070@bears.unco.edu). Thank you in advance for your time and  
consideration! 

Sincerely,

Claire  
Leight                                                                          



 

",
post,Parenting,How do you deal with sibling bullying?,https://www.reddit.com/r/Parenting/comments/1ion91t/how_do_you_deal_with_sibling_bullying/,2025-02-13 08:40:11 PST,1,"I have two stepchildren, F6 and M9. M9 has started to bully his sister. It's not the usual sibling rivalry you'd expect. At the moment, it's not anything too sinister but it's mocking her, treating her badly, laughing when she cries, etc. SO and I are trying to brainstorm appropriate consequences but I was hoping for some outside perspective/advice too! We've tried sitting him down and talking to him numerous times, getting the two of them to talk to one another, now we're resorting to sending him to his room but nothing's working so far. Any advice welcome!",
post,COCSAReEnactors,My Story,https://www.reddit.com/r/COCSAReEnactors/comments/1io2ejp/my_story/,2025-02-12 13:33:03 PST,1,"TW: descriptions of CSA, COCSA, physical abuse, depression, dissociation, some self harm-related thoughts and feelings.
.
.
.
Hello,

I've been piecing together my story over the past few years, and when I found this place, I wanted to share what I had. I don't want pity, and I don't want people excusing any of what follows. 

I was sexually abused at 10yo by my cousin, who was 21 at the time. She was especially close to my family and my mother, which in hindsight allowed her access to me. So much of my memories of what happened are clouded from age and trauma, so I am uncertain how long the abuse went. I do remember specifically that it occured mostly at my grandmother's house, where she used the fact that there weren't enough bedrooms for everyone to share a bed with me. My parents never questioned it, even though she was twice my age.

I don't know when exactly when or how it started. But I do remember that at some point she coerced/forced me to perform oral sex on her, and that she performed oral sex on me. 

I was confused, and scared. I started wetting the bed again, my personal hygene slowly fell more and more, i experienced night terrors, insomnia. One thing that has persisted from my abuse (at least, in the direct sense) is my fear of going to sleep and someone attacking me in bed.

My family never knew. They still don't, and I don't think for a second that they would believe me. 

For context, my family life was entropic. My older siblings (of which there were three) bullied me relentlessly. There was normal sibling bullying like name calling and whatnot, but there also were things that blur and cross the line. I remember times where I was stripped down to my underwear and locked out of the house, times where they and their friends forced open our bathroom door and laughed at me as I used the restroom, times where they would pin me down and tickle me until I soiled myself or they got bored. My parents never taught bounderies or corrected behaviors. If they caught my siblings doing this, they would use corporal punishment (if it could even be considered that, considering they used belts, sticks, spatulas to punish us) and that was that. It was a cycle of my siblings bullying me, them being physically punished by my parents, and them coming back and taking it out on me. 

These were the circumstances I found myself in as a 12yo child, when I perpetrated COCSA on my 6yo sister. To start with, I am certain there was no sexual intent. Besides my abuse which I had long since dissociated from and repressed, there were no other sexual influences in my life. My parents certainly never told me what sex was, and my access to the internet or other people besides my family was almost nonexistant (I was homeschooled up until highschool).  

It began as bullying. I imagine I thought that it was normal; I had been bullied by my older siblings, so my younger sibling should be bullied by me. Some time after the bullying began, I would make her take off her clothes. I never removed my own, or made her touch any part of me. I don't think I touched her physically, but to be honest that time is so clouded due to dissociation and trauma that I can't say for certain. I do know that I saw it as the same as what my siblings did to me. 

I knew it was wrong, but not how wrong or why. In my eyes back then, it was the same as anything else that had been done to me or by me. I don't know if that makes it better because it wasn't intended to be sexual, or worse in that I *did* intend to bully and hurt her. Maybe it doesn't matter, as regardless of intent, it still happened.

This happened again one or two more times over the next couple months. Eventually, she told my parents. I had thought that I would get the exact same punishment as my older siblings, but I didn't. Upon learning what I did, my father pinned me down to the ground, screaming for several minutes on end, spitting on my face and in my eyes. I don't remember what he said but I don't think it was anything remotely close to a parent correcting their child's (horrible and completely wrong) behavior. As a small aside, this particular ""punishment"" continued on as routine, regardless of the fact that my behavior/abuse of my sister had stopped. There was a time where he physically beat me, but I think he realized that it had crossed the line and never did so again.

TW: graphic thoughts of self harming behaviors

Years passed, and over the past few months I've become more and more aware as to what I did. For years after all this happened, it was hidden behind dissociative barriers. Lately however those dissociative barriers have dropped a bit, and for the first time I have been able to truly grapple with what I did. I feel sickened, disturbed, horrified in my actions. Regardless of whatever abuse I experienced, I should have never taken that out on someone else and make them endure that same abuse. I have never been very good at loving myself, but remembering all this made me hate myself. Every time I look in the mirror I see someone whose soul and heart has been stained black. How can I possibly seek happiness and fulfillment, after what I've done? How can I say I deserve healing, after I victimized someone I love? The darkest it ever got was a few nights ago; I laid crying in my bed as I was grappling with how I could possibly punish myself enough for what I did. I knew that nothing could right the wrong, but I thought that maybe if I just...endured more terrible things, I could finally ""deserve"" to find healing for what I experienced. I remember faintly thinking &gt;!""Maybe if I just go out and let myself get raped, I'll have been punished enough""!&lt;. It was gone quickly, and I should've been horrified, but I wasn't. I just felt numb. Its been a few days, and some part of me deep down knew that its okay to try and find healing, hence why I'm here, sharing this with yall



",
post,AskIndianWomen,"what according to you are the limits to sibling bullying/teasing, if any ?",https://www.reddit.com/r/AskIndianWomen/comments/1i6noxu/what_according_to_you_are_the_limits_to_sibling/,2025-01-21 09:17:45 PST,1,[deleted],
post,adultsurvivors,I used to think it was nothing...Where do I head from here?,https://www.reddit.com/r/adultsurvivors/comments/1hz35sg/i_used_to_think_it_was_nothingwhere_do_i_head/,2025-01-11 11:05:34 PST,6,"First post here but it's been eating away at me I feel i have to tell someone.  
Recently due to family drama, I made an off hand comment to my mom about how my older brother used to make a lot of sexual comments towards me as a child. He never touched me and nothing physical happened so I guess I sort of tucked it away for a long time. It was after she and my dad looked horrified did I start to wonder if something was wrong. 

It was around during that period of life where he was harassing me that I begun to act out more. I became incredibly picky about food, I was terrified about anything to do with pregnancy (I was eight and terrified it could happen to me), I became scared of coming into contact with someone's spit or genitalia. I was also diagnosed with a rare autoimmune disease that caused me to exhibit OCD traits. My brother kept making jokes and comments towards me which caused me to become increasingly more paranoid. Warning for grossness: >!There was a moment where he caused me to urinate on the carpet because he cornered me then kept jumping on my back!<

Whenever I thought back to these events I never thought much about them, thinking it was just usual childhood sibling bullying. But now it's all starting to hit me at once. What do I do...? I still wonder if it all event counts as assault, god I don't know. I thought it was nothing but now I wonder if it had a bigger impact than I thought",
post,raisedbynarcissists,Can someone recommend books that similar to “Adult Children of Emotionally Immature Parents” and the rest of Lindsay Gibson’s similar books to me? ESPECIALLY if they also debunk myths like “Children abuse their parents too” and “It’s legal if it’s with an open palm” [PLEASE READ *ALL* OF TEXT BELOW],https://www.reddit.com/r/raisedbynarcissists/comments/1hv4y0h/can_someone_recommend_books_that_similar_to_adult/,2025-01-06 09:47:47 PST,1,"**REPOST BECAUSE MY LAST POST DIDN’T REAP SATISFACTORY RESULTS/COMMENTS/BOOK RECOMMENDATIONS.**

**See one of my other posts for what kind of books I originally wanted before this point:** https://www.reddit.com/r/raisedbynarcissists/s/ePoNnFFyVn

Anyways, does anyone here know and can recommend any book that:

• HEAVILY debunks ANY kind of corporal/physical punishment against children/toddlers/adolescents

• Debunks stupid things like “It happened a long time ago” and “It was mild, no big deal” and “You were only slapped across the face, and it only happened a few times in the past, so everything is fine now”

• Confirms things like “Children abusing parents out of their own will/without any form of previous influence/mistreatment from the parents themselves is RARE. You shouldn’t reverse roles/power balance like that.”

• Debunks things like “The kid was being disobedient and whiny and a jerk, and I was holding myself under tight control, and I lost control and slapped them, and it only happened a few times in the past [even if recurring pattern, no matter how many years long the “periods of calm” were], no big deal!!!” and “He was swearing and saying dirty things online, so I backhanded him/slapped him/gave him a whoopin, no big deal”

• Debunks things like “Slapping my kids/(hurtfully) teasing them/being passive aggressive towards them/not defending them from sibling bullying on an periodical/inconsistent/isochronous chain of occasions is ‘better’ than parents who more frequently/‘actually’/severely abuse their kids.”

• Debunks the false claim that “just immature” parents are “better” than textbook narc/toxic parents (textbook/basic covert, overt, malignant). 

• Confirms the fact that even delinquent/disrespectful/acting-out/roguish/profane kids should never be slapped/spanked/abused/mishandled in any way/on any occasion (even subtly, whether emotionally, physically, or mentally)

• Uses a ton of solid, strong evidence to back up all (or anything similar to) the above.

**Why am I being so demanding, you may be asking? Well, too many of the self-help books I’ve looked up and found online only cover textbook/common/generalized narc and toxic and dysfunctional parents/family systems (whether it’d covert, overt, vulnerable, enabler, golden child, etc, most of what I’d seen in some of the self-help books I’ve found are more generalized) and not the more nuanced/subtle aspects.**

**So far, ONLY the Lindsay Gibson books have spoken the most to me/helped me the most/validated me the most. But now I need to see if there are OTHERS (SIMILAR OTHER BOOKS), as well as *popular* books of the same kind that debunk physical/emotional/mental abuse of all sorts, even if the child is “delinquent,” “spoiled,” “defiant,” “profane,” “acts out,” “difficult,” “problematic,” etc.**

**Also, I’m still unsure if my parents actually have NPD (my dad shows quite overt narcissistic/very emotionally immature behaviors and traits, and my mom shows a good amount of covert narcissist/VERY emotionally immature and self-righteous/enabler traits), but KEEP IN MIND THAT YOU CAN HAVE A NARCISSISTIC/EMOTIONALLY IMMATURE/TOXIC PERSONALITY STYLE WITHOUT HAVING THE ACTUAL DISORDER. THIS DOES NOT MAKE THE PARENT ANY LESS MILD/“BETTER.”",
post,u_DepartingDreamscape,Can someone recommend books that similar to “Adult Children of Emotionally Immature Parents” and the rest of Lindsay Gibson’s similar books to me? ESPECIALLY if they also debunk myths like “Children abuse their parents too” and “It’s legal if it’s with an open palm” [PLEASE READ ALL OF TEXT BELOW],https://www.reddit.com/r/u_DepartingDreamscape/comments/1hv4tj6/can_someone_recommend_books_that_similar_to_adult/,2025-01-06 09:42:42 PST,1,"**REPOST BECAUSE MY LAST POST DIDN’T REAP SATISFACTORY RESULTS/COMMENTS/BOOK RECOMMENDATIONS.***

**See my last post for what kind of books I originally wanted before this point:** https://www.reddit.com/r/raisedbynarcissists/s/ePoNnFFyVn

Anyways, does anyone here know and can recommend any book that:

• HEAVILY debunks ANY kind of corporal/physical punishment against children/toddlers/adolescents

• Debunks stupid things like “It happened a long time ago” and “It was mild, no big deal” and “You were only slapped across the face, and it only happened a few times in the past, so everything is fine now”

• Confirms things like “Children abusing parents out of their own will/without any form of previous influence/mistreatment from the parents themselves is RARE. You shouldn’t reverse roles/power balance like that.”

• Debunks things like “The kid was being disobedient and whiny and a jerk, and I was holding myself under tight control, and I lost control and slapped them, and it only happened a few times in the past [even if recurring pattern, no matter how many years long the “periods of calm” were], no big deal!!!” and “He was swearing and saying dirty things online, so I backhanded him/slapped him/gave him a whoopin, no big deal”

• Debunks things like “Slapping my kids/(hurtfully) teasing them/being passive aggressive towards them/not defending them from sibling bullying on an periodical/inconsistent/isochronous chain of occasions is ‘better’ than parents who more frequently/‘actually’/severely abuse their kids.”

• Debunks the false claim that “just immature” parents are “better” than textbook narc/toxic parents (textbook/basic covert, overt, malignant). 

• Confirms the fact that even delinquent/disrespectful/acting-out/roguish/profane kids should never be slapped/spanked/abused/mishandled in any way/on any occasion (even subtly, whether emotionally, physically, or mentally)

• Uses a ton of solid, strong evidence to back up all (or anything similar to) the above.

**Why am I being so demanding, you may be asking? Well, too many of the self-help books I’ve looked up and found online only cover textbook/common/generalized narc and toxic and dysfunctional parents/family systems (whether it’d covert, overt, vulnerable, enabler, golden child, etc, most of what I’d seen in some of the self-help books I’ve found are more generalized) and not the more nuanced/subtle aspects.**

**So far, ONLY the Lindsay Gibson books have spoken the most to me/helped me the most/validated me the most. But now I need to see if there are OTHERS (SIMILAR OTHER BOOKS), as well as *popular* books of the same kind that debunk physical/emotional/mental abuse of all sorts, even if the child is “delinquent,” “spoiled,” “defiant,” “profane,” “acts out,” etc.",
post,HentaiAndRoleplayy,"[F4A] Sniff Your Sister’s Fat, Smelly, Sweaty Asscrack~ Stinky Sister Asshole Smushed Right In Your Face~ Total Switch Sibling Bullying",https://www.reddit.com/r/HentaiAndRoleplayy/comments/1hu2oq7/f4a_sniff_your_sisters_fat_smelly_sweaty_asscrack/,2025-01-05 01:17:32 PST,1,[deleted],
post,raisedbynarcissists,Can someone recommend books that similar to “Adult Children of Emotionally Immature Parents” and the rest of Lindsay Gibson’s similar books to me? ESPECIALLY if they also debunk myths like “Children abuse their parents too” and “It’s legal if it’s with an open palm” [PLEASE READ ALL OF TEXT BELOW],https://www.reddit.com/r/raisedbynarcissists/comments/1hsu9cd/can_someone_recommend_books_that_similar_to_adult/,2025-01-03 11:08:32 PST,4,"
**See my last post for what kind of books I originally wanted before this point:** https://www.reddit.com/r/raisedbynarcissists/s/ePoNnFFyVn

Anyways, does anyone here know and can recommend any book that:

• HEAVILY debunks ANY kind of corporal/physical punishment against children/toddlers/adolescents

• Debunks stupid things like “It happened a long time ago” and “It was mild, no big deal” and “You were only slapped across the face, and it only happened a few times in the past, so everything is fine now”

• Confirms things like “Children abusing parents out of their own will/without any form of previous influence/mistreatment from the parents themselves is RARE. You shouldn’t reverse roles/power balance like that.”

• Debunks things like “The kid was being disobedient and whiny and a jerk, and I was holding myself under tight control, and I lost control and slapped them, and it only happened a few times in the past [even if recurring pattern, no matter how many years long the “periods of calm” were], no big deal!!!” and “He was swearing and saying dirty things online, so I backhanded him/slapped him/gave him a whoopin, no big deal”

• Debunks things like “Slapping my kids/(hurtfully) teasing them/being passive aggressive towards them/not defending them from sibling bullying on an periodical/inconsistent/isochronous chain of occasions is ‘better’ than parents who more frequently/‘actually’/severely abuse their kids.”

• Debunks the false claim that “just immature” parents are “better” than textbook narc/toxic parents (textbook/basic covert, overt, malignant). 

• Confirms the fact that even delinquent/disrespectful/acting-out/roguish/profane kids should never be slapped/spanked/abused/mishandled in any way/on any occasion (even subtly, whether emotionally, physically, or mentally)

• Uses a ton of solid, strong evidence to back up all (or anything similar to) the above.

**Why am I being so demanding, you may be asking? Well, too many of the self-help books I’ve looked up and found online only cover textbook/common/generalized narc and toxic and dysfunctional parents/family systems (whether it’d covert, overt, vulnerable, enabler, golden child, etc, most of what I’d seen in some of the self-help books I’ve found are more generalized) and not the more nuanced/subtle aspects.**",
post,AbuseInterrupted,Trapped with no escape: the hidden problem of sibling bullying,https://www.reddit.com/r/AbuseInterrupted/comments/1h846o7/trapped_with_no_escape_the_hidden_problem_of/,2024-12-06 07:41:53 PST,1,"**Sibling bullying is more than a one-time show of violence or aggression – it is repeated acts of aggression over a prolonged period of time, from which the victim cannot escape.**

This can include physical and verbal aggression, emotional and social manipulation, mind games and bullying via social media.

**Because many parents view sibling conflict as normal, they often resist getting involved.**

This belief in the normality of conflict combines with young siblings’ immature social skills and their naturally competing goals. Taken together, this creates a space in which they can abuse and mistreat each other, often unnoticed or unaddressed by parents and other adult relatives.

**Siblings most commonly report they were both a bully *and* a victim**

...indicating a complex dynamic in the family setting (this contrasts with school bulling between pupils where the most commonly reported experience is being a victim). Younger siblings more often report being victims of older siblings, likely because older sibling have more resources (such as status, physical or emotional skills, or experience) to wield against their younger siblings.

**Other studies suggest that there can be a trickle-down effect:**

...when older siblings model the use of aggression to younger siblings, they in turn are more likely to be aggressive to their younger siblings, and so on, resulting in siblings holding both the role of bully and victim in the family.

**A key reason why sibling bullying often goes unaddressed is that it can be hard to recognise it in our day-to-day interactions.**

Another form of aggression is what researchers call 'relational bullying', such as leaking private information, spreading gossip or purposefully excluding or giving a sibling the ‘silent treatment’ to emotionally shut them out. Again, this can also occur repeatedly over a prolonged time and would count as another kind of sibling bullying.

When any of these verbal and emotional kinds of bullying behaviours play out via technology, for example on social media sites and group chats, this can make it even harder for parents or other adults to realise what’s going on.

**If reading any of these examples prompts you to think: 'Oh, that happens all the time' – that is exactly my point.**

This is why sibling bullying so often goes unnoticed because it is accepted as normal.

**Sibling bullying is not only highly prevalent and often unaddressed, it is also uniquely harmful.**

Sibling bullies are difficult to avoid because you share a living space and your closest relationships with them for years. Siblings contribute to our understanding of how personal relationships work, they influence the identity we develop and convey in our close relationships, and can influence expectations of future relationship partners. 

**As a result, sibling bullying can have negative effects on the victim’s mental health and relationships that last long into adulthood.**

These negative effects on mental health include increased risk of eating disorders, chemical abuse, depression, difficulties in peer and romantic relationships, antisocial behaviours, lower self-esteem and overall wellbeing. These effects are not only recorded among victims, but – for complex and largely unexplored reasons – also among bullies. 

**Parents and other family members can intensify these negative effects if they are made aware of the bullying and yet deny it is happening or fail to acknowledge its negative effects.**

-*Kristen Cvancara, excerpted from [article](https://psyche.co/ideas/trapped-with-no-escape-the-hidden-problem-of-sibling-bullying)*",
post,NarcissisticSpouses,"Divorce, Narcissistic Abuse, Custody Challenges, and CSA Allegations",https://www.reddit.com/r/NarcissisticSpouses/comments/1grlekr/divorce_narcissistic_abuse_custody_challenges_and/,2024-11-14 17:52:56 PST,1,"Hello Redditors,

This post is cross-posted to r/legaladvice, r/custody, r/relationship_advice, and r/NarcissisticSpouses. For legal advice, this situation takes place in Texas.

I’m seeking advice to support my best friend, “Sebastian,” as he navigates an abusive marriage, false CSA allegations, custody issues, and financial challenges. Names and some details have been changed for privacy.

# Family Structure

Sebastian has been married for over a decade to “Cailean,” who has been emotionally and physically abusive to him and their children. Their blended family includes:

* **Yurena** (19, Sebastian’s stepdaughter since she was 4)
* **Ava** (15, stepdaughter since she was 1)
* **Phoebe** (13)
* **Dawn** (7, born from Cailean’s affair)
* **Selene** (4)

Sebastian has legal parental rights to Phoebe and Selene, and maybe Dawn. None of the biological fathers are involved.

# Key Challenges

# 1. False CSA Allegations

Cailean and Yurena are threatening to fabricate CSA allegations, using explicit photos from Yurena’s past as “evidence.” Yurena previously accused Sebastian of CSA, but the military investigated and found no proof beyond her testimony.

# 2. Financial Abuse

Cailean controls their finances, limiting Sebastian’s access to shared accounts and refusing to discuss budgets or bills.

# 3. Custody Concerns

Sebastian fears losing custody despite Cailean’s abuse, as he is financially vulnerable and was intermittently present due to military service; the blended family further complicates matters.

# 4. Escalating Abuse

Cailean’s behavior has worsened since Sebastian left the military, including physical violence. She monitors his private communications and has threatened to sell their house, take the children, and make new CSA allegations to force compliance.

# 5. Emotional Paralysis

Years of abuse have left Sebastian emotionally exhausted and unable to act decisively. His depression and trauma responses make it hard for him to set boundaries or protect himself.

# Abuse Dynamics

Cailean exhibits controlling, manipulative, and occasionally violent behavior. She neglects the younger children while parentifying the older ones, fostering sibling bullying and alienating the children from Sebastian.

* **Yurena**: A legal adult with a history of false CSA allegations. She has reentered the home and is conspiring with Cailean.
* **Ava**: Close to Sebastian but avoids conflict with Cailean.
* **Phoebe**: Parentified and spies on Sebastian for Cailean.
* **Dawn**: Sides with Cailean but likely out of survival instinct.
* **Selene**: Adores Sebastian but bullied by the older girls under Cailean’s tacit approval.

# Questions

# Legal

* How can Sebastian protect himself from false CSA allegations and preserve his parental rights?
* Are there legal options to address financial abuse?
* Should he stay in the home despite the toll on his mental health?

# Relational/Psychological

* How can I help Sebastian regain his autonomy, set boundaries, and leave this toxic situation?
* Are there strategies to counter Cailean’s narcissistic abuse?

# Parenting

* How can Sebastian support the younger children emotionally while navigating a legal battle?
* Are there resources for blended families in abusive situations?

Sebastian is a devoted father who wants to protect his children and provide stability, but he is overwhelmed by Cailean’s control. Any advice—legal, psychological, or relational—would be deeply appreciated.",
post,legaladvice,"Divorce, Narcissistic Abuse, Custody Challenges, and CSA Allegations",https://www.reddit.com/r/legaladvice/comments/1grldbi/divorce_narcissistic_abuse_custody_challenges_and/,2024-11-14 17:51:04 PST,1,"Hello Redditors,

This post is cross-posted to r/legaladvice, r/custody, r/relationship_advice, and r/narcissism. For legal advice, this situation takes place in Texas.

I’m seeking advice to support my best friend, “Sebastian,” as he navigates an abusive marriage, false CSA allegations, custody issues, and financial challenges. Names and some details have been changed for privacy.

# Family Structure

Sebastian has been married for over a decade to “Cailean,” who has been emotionally and physically abusive to him and their children. Their blended family includes:

* **Yurena** (19, Sebastian’s stepdaughter since she was 4)
* **Ava** (15, stepdaughter since she was 1)
* **Phoebe** (13)
* **Dawn** (7, born from Cailean’s affair)
* **Selene** (4)

Sebastian has legal parental rights to Phoebe and Selene, and maybe Dawn. None of the biological fathers are involved.

# Key Challenges

# 1. False CSA Allegations

Cailean and Yurena are threatening to fabricate CSA allegations, using explicit photos from Yurena’s past as “evidence.” Yurena previously accused Sebastian of CSA, but the military investigated and found no proof beyond her testimony.

# 2. Financial Abuse

Cailean controls their finances, limiting Sebastian’s access to shared accounts and refusing to discuss budgets or bills.

# 3. Custody Concerns

Sebastian fears losing custody despite Cailean’s abuse, as he is financially vulnerable and was intermittently present due to military service; the blended family further complicates matters.

# 4. Escalating Abuse

Cailean’s behavior has worsened since Sebastian left the military, including physical violence. She monitors his private communications and has threatened to sell their house, take the children, and make new CSA allegations to force compliance.

# 5. Emotional Paralysis

Years of abuse have left Sebastian emotionally exhausted and unable to act decisively. His depression and trauma responses make it hard for him to set boundaries or protect himself.

# Abuse Dynamics

Cailean exhibits controlling, manipulative, and occasionally violent behavior. She neglects the younger children while parentifying the older ones, fostering sibling bullying and alienating the children from Sebastian.

* **Yurena**: A legal adult with a history of false CSA allegations. She has reentered the home and is conspiring with Cailean.
* **Ava**: Close to Sebastian but avoids conflict with Cailean.
* **Phoebe**: Parentified and spies on Sebastian for Cailean.
* **Dawn**: Sides with Cailean but likely out of survival instinct.
* **Selene**: Adores Sebastian but bullied by the older girls under Cailean’s tacit approval.

# Questions

# Legal

* How can Sebastian protect himself from false CSA allegations and preserve his parental rights?
* Are there legal options to address financial abuse?
* Should he stay in the home despite the toll on his mental health?

# Relational/Psychological

* How can I help Sebastian regain his autonomy, set boundaries, and leave this toxic situation?
* Are there strategies to counter Cailean’s narcissistic abuse?

# Parenting

* How can Sebastian support the younger children emotionally while navigating a legal battle?
* Are there resources for blended families in abusive situations?

Sebastian is a devoted father who wants to protect his children and provide stability, but he is overwhelmed by Cailean’s control. Any advice—legal, psychological, or relational—would be deeply appreciated.",
post,family,Parental involvement in sibling quarrels  ,https://www.reddit.com/r/family/comments/1g1eiml/parental_involvement_in_sibling_quarrels/,2024-10-11 09:56:35 PDT,2,"What are your thoughts on parental involvement when siblings are fighting/arguing/etc.?  I've heard that is is better for the parents not to get involved and encourage the siblings to work it out themselves, and if you start playing referee the fighting will get worse.  However, I think that when parents take a very hands off approach and let the siblings work things out, it can lead to a repeated dynamic of sibling bullying.  Does it make a difference when physical aggression is involved?  ",
post,confessions,I’m very tempted to turn my client in to the police ,https://www.reddit.com/r/confessions/comments/1fxpgf7/im_very_tempted_to_turn_my_client_in_to_the_police/,2024-10-06 13:03:32 PDT,1,"I (25F) just started working as a child psychologist, 2 months ago in August after finally finishing my masters. So far, as I start from the bottom, my job has been assessing and diagnosing problematic adolescents. I’ve had a dozen clients so far, most have been fairly easy to work with. Girls with eating disorders and boys with drug problems, nothing too hard. My last client (16M, who I will call X) however left me somewhat disturbed.

When I first met X, his mom dropped him off and left for the hour long session. At first he seemed very calm and even a handsome young boy. He described to me why his parents urged him to go through with his session, most of it was to do with antisocial behaviour, such as sibling bullying and arson, including the physical abuse he was subjected to by his parents growing up. However, he told me towards the end that he had killed 3 cats. Me personally, an animal lover, my view completely shifted. I was disgusted as he described the way he took these cats out, stating that he strangled the first two and crushed the third with his foot, even using a hammer to weaken it. I kept a straight face throughout and tried to act professional, despite knowing X is completely deranged. 

Now here’s the issue, I have to see him in 3 days, for another session and my work right now, is to make a formal diagnosis on the boy and select his treatment method (if there will be a diagnosis which I haven’t decided, although conduct disorder seems extremely likely.) However, I feel disgusted by this psychopathic child and I’m not sure if I can do another session with him, I’m afraid I might act unprofessional due to how appalling I found his actions. 

 ",
post,CPTSD,"Is CPTSD really a real thing? And how did you know you were dealing with CPTSD? I got my ass beat when I was young, but I don’t know if that meant anything.",https://www.reddit.com/r/CPTSD/comments/1fv1k9c/is_cptsd_really_a_real_thing_and_how_did_you_know/,2024-10-02 23:35:27 PDT,1,"I'm curious I only found about CPTSD not to long ago, and don't know what exactly it is, I saw on some websites that it wasn't fully seen as a therapist diagnosis but I could've read wrong.

My whole life, the older I get (to give a hint, I'm turning 25), I've had a shitty life, not going to lie. Other people had it worst but I've kept myself pessimistic and negative, and try to keep my composure you'd never think anything is wrong with me.

But I do notice the older I get, the harder it is to cope:

* I got beat when I was a kid. I got hit with the belt, I had soap put in my mouth. I got bullied badly by other siblings (""you're adopted""), even intensive bullying not just physical but emotional bullying and instilled fear driven by other siblings. Even as an adult, I still have fear from those siblings. The bullying was on the absolute level of being bullied in school, but probably worst.

* Mother was never around, she was out living her life as if she was still in her 20s, she would rarely be in the home, almost never, only to drop off McDonalds every once in awhile. She only calls me when she wants something from me. Every kid in school would have their parent around, I didn't. I had to take care of multiple kids while she lived her life and rely on myself.

* Father was absent due to working all the time, and broken mentally himself after suffering from a bad injury, which obviously changed his brain. He wasn't your typical ""normal"" person. Wasn't an alcoholic or anything, but every day screaming, outrage bursts, or something smashed.

* Left out by family, again sibling bullying, brother purposely not inviting me, leaving me out of the group chat, being in my youth and being told I'm not pretty enough to even be a background actress (which isn't even acting cause my teeth). 

* Controlling isolated lifestyle. Even though my mom wasn't around she would lose her shit and made us keep quiet about any abuse and dysfunction in our home, we aren't allowed to tell teachers, had to always hide it.

* Grew up in a household that was boarded, and still is.

* Repeated thoughts of ""I'm not good enough"" -- ""I am not pretty enough"" -- ""won't ever be loved"" -- ""no one wants me"" that occupy my head non-stop. Rejection hurts a lot. Never been kissed, or in a relationship, or ever felt wanted and my head reaffirms this. The thoughts are true.

* Got love bombed by someone who was using me for affection, etc, dropped by them and now they're loving someone else happily. Every day again the thoughts reminding myself I wasn't good enough, even though I was very loving and patient. Now they're on my mind every day for months and I can't get them out of my head.

* Have a mother who calls me a whore and so forth, and still is controlling and looks down upon a lot.

* Hole in the walls being smashed, and other siblings screaming, yelling and fighting often.

Etc, anyways I feel pretty normal for the most part like I can go into pretty fucked up stories but I'll never reveal them. Most people think I'm pretty normal I guess too? I'm good at masking it? But one thing I can't get over is the thoughts of unwanted and never being good enough and hating myself.

Anyone relate?




",
post,raisedbynarcissists,Sibling bullying?,https://www.reddit.com/r/raisedbynarcissists/comments/1ftmfvo/sibling_bullying/,2024-10-01 05:06:16 PDT,1,"My older sister (6 years older) ostracised and bullied me a lot. I didn’t notice the impact it had on me until this year at the whopping age of 22. 

I understand she not only mirrored my mother’s behaviour but also treated me that way because of the unfair treatment she experienced — Nmom was actively picky and had a temper when she raised my sister. Nmom also had a temper with me, except she neglected me as she eloped with several other men. 

Even though I had to raise myself when I turned 14, Nmom running away from home meant she couldn’t care less about my grades and general wellbeing which was the total opposite of the way my sister grew up (except wellbeing meant reputation rather than her actual health.)

I suppose my sister saw my neglect as freedom she never got to have because Nmom never bothered paying me any attention and never had the energy to care about my wellbeing. Except for when she held secret competitions with other people and their children then shamed me for it lol. 

Has anyone else experienced bullying and ostracism by their siblings in a dysfunctional family?
",
post,Parenting,Need advice on sibling bullying!,https://www.reddit.com/r/Parenting/comments/1fir155/need_advice_on_sibling_bullying/,2024-09-16 22:32:55 PDT,1,"I have two boys (10 /15). The older one gets bullied at school (he's slightly autistic and at times a handful). He recently started bullying his younger sibling (who's the total opposite, smart but rather an introvert).
I know that hurt people hurt people.
How can I stop the older one from bullying his younger sibling but also help the older one?
Please share what worked for you.
Thank you 🙏🏼",
post,Parenting,Need advice on sibling bullying!,https://www.reddit.com/r/Parenting/comments/1fhyrn8/need_advice_on_sibling_bullying/,2024-09-16 00:26:20 PDT,1,"I have two boys (10 /15). The older one gets bullied at school (he’s slightly autistic and at times a handful). He recently started bullying his younger sibling (who’s the total opposite, smart but rather an introvert). 

I know that hurt people hurt people. How can I stop the older one from bullying his younger sibling but also help the older one? 

Please share what worked for you. Thank you 🙏🏼
",
post,Vent,Sibling Abuse/ Sibling Bullying:  why is it so hard??,https://www.reddit.com/r/Vent/comments/1fe1oht/sibling_abuse_sibling_bullying_why_is_it_so_hard/,2024-09-10 21:23:45 PDT,1,[removed],
post,CPTSD,I don't know what's wrong with me - TW mention of CSA ,https://www.reddit.com/r/CPTSD/comments/1fdr7h4/i_dont_know_whats_wrong_with_me_tw_mention_of_csa/,2024-09-10 12:55:06 PDT,2,"Posting on a throwaway. 

Not even sure why I'm posting tbh. Just feel like I need to get some things out of my head in more ways than one. 

I have a lot of siblings, I'm the youngest and only girl. There are a lot of dysfunctional family issues. I have issues with one brother in particular. 

When I was a child - I would have been about 6 or 7 and he about 14 or 15 - I think he might have SAed me. 

What I know for a fact is that I woke up in bed and saw him standing beside me near the head of my bed staring at me. He had an erection which was very visible through his jogging bottoms. I didn't know what it was, I remember thinking it was maybe something he was hiding from me. I laughed and reached out to grab it. He jumped back. 

That's what I know for certain. Until recently I didn't really think about it. Well, no, I thought about it very often - this scene would pop into my head as frequently as other unpleasant childhood memories - but I didn't think about any deeper meaning.

I'm in my 40s now and a couple of years ago I started wondering if there was a deeper meaning to the event. All the evidence I have is extremely vague but then sometimes I look at it and think no, it's damning. 

- around that time I got a Christmas gift of a plushie of a favourite TV character. It had a long, vaguely phallic nose. It was meant to be my ""big gift"" that year. My reaction was to squeeze the nose and then dissolve into tears and scream. I'm retrospect, it was very reminiscent of me reaching out to grab my brother.  

- I was partially faecally incontinent until I was about 10. I don't really remember why, but I think I had a feeling about being embarrassed to ask to go to the bathroom. This only happened at home.  

- I had extremely graphic and violent nightmares throughout childhood. Dismemberment, torture. Nothing sexual though. As a teen I remember reading about the satanic panic and thinking it was strange for people to focus on nightmares as a sign of abuse, because my nightmares were worse than anything described.  

- we grew up in a very sex negative household.  

- as a teen, my brother made a lot of off-putting comments... Like I was packing for a trip and he asked our mother what underwear I was bringing then started laughing.  

- as adults, he has made repeated comments that make me feel extremely uncomfortable. For example on the rare occasions he's seen me in a dress he has commented on my attractiveness in a way that made me feel physically sick.  

- he has very poor boundaries regarding sex in general, frequently making inappropriate comments (openly pointing and yelling at attractive women on the street; complaining angrily about our adult niece living with her long term boyfriend; telling sexually explicit jokes in front of an elderly unmarried female relative).  

- as an adult I have had lifelong nightmares about him. Usually they involve me trying to defend myself from him, I try to punch him but I can't.  

- he has undiagnosed mental issues - he has the emotional regulation of a teenager, is prone to tantrums, openly shouts about sexist and homophobic talking points.  

- dealing with him causes me stress to the point of full on flashbacks. Seeing him unexpectedly has at times left me in a full blown panic attack.    

He's had a lifelong low level campaign of harassment against me, basically constantly trying to provoke me into a reaction. I could write essays but it amounts to wanting to be my best friend, then ignoring all my boundaries, and then when I withdraw, punishing me with screaming, disruption and preventing me from sleeping.  

I feel in short like I've got CPTSD, and always put it down to a ""glass child"" situation in a chaotic family. But so much of my stress is focussed on this one particular brother and I always felt like an ass for that. Until lately I'm wondering if my reaction to him is justifiable, and if his actions towards me were worse than the sibling bullying I remember.  

Thanks for reading.",
post,emotionalneglect,Privilege means nothing when your parents never taught you how to make use of it.,https://www.reddit.com/r/emotionalneglect/comments/1f9z1dl/privilege_means_nothing_when_your_parents_never/,2024-09-05 15:11:46 PDT,1,"All the material advantages thrown away because I've never had the mental strength and emotional intelligence to make good use of them. And I feel like a failure for that.

My parents were quite rich during my childhood and I've always had everything: best school in the city, iPods, endless polly pockets, nice clothes. Even after losing almost all of his money in mysterious ways (some shady tax evasion thing that almost left us homeless) my father still managed to provide for us an above average life, at least for my (third-world) country's standards. I even attended one of the best private universities in Sao Paulo but for some reason my father stopped paying and I had to quit. Who knows where I'd be today had I pursued my academic interests that happen to be absurdly relevant today (basically Russian foreign policy and everything around it).

However, despite having the money, they've never equipped me with the emotional capacity to pursue anything nor had any interest in me doing so. My mother constantly asked me when I'd stop doing \[insert every extracurricular class I've ever attempted here\] so she wouldn't have to care about it anymore. No creative stimuli, no interest for my interests, no sports, nothing. I was always better off being a plant vase. Everything I do and like today is from myself and for myself, my parents never encouraged me to do or even become anything.

The shitshow, the constant fighting, divorce threats, sibling bullying, silence treatments. My house was a circus and from early on I learned not to depend on anyone. I know I'm just not smoking crack under a bridge today because I had at least one person who cared about me: the babysitter who basically became my mom. Yeah, my mother was a stay at home mother but she cared so little about us that she outsourced her role so she could spend more time watching TV or drinking with friends. But there's something very bittersweet in being a child and seeing your ""mother"" leaving every day, knowing that the only safe person isn't actually there for you at all times because that's her job and every day I'd find myself stuck with my actual mother again. And yeah, that's the recipe for attachment issues, for loneliness, for deep shame, for overall fear of life. I'm afraid of people, I push them away. I give up easily. I'm afraid of failure, of pursuing things dear to me and finding out I suck at them too. I keep friends at a distance. I don't know how to network. I feel evil. And so on. No money in the world could make up for that. Someone could appear on my door with a briefcase filled with money and I wouldn't know what to do with that. Privilege means shit when you're ill-equipped to make good use of it.

  
",
post,u_Traditional-Sign2398,im tired of everyone and everything ,https://www.reddit.com/r/u_Traditional-Sign2398/comments/1f6ytvj/im_tired_of_everyone_and_everything/,2024-09-01 22:15:27 PDT,1,I am 22 years old i have social anxiety disorder and severe depression and i have no friends no support no pets nothing. I been abused my whole life by my narcissistic mother and i was bullied throughout middle school and high school by other students which affected my mental health really bad. Anyways today I was outside waiting for the bus minding my own business and some man came up to me saying I’ll get shot mind you I don’t know him never spoken to him never seen him he just randomly cussed me out? I was like leave me alone! He shouted back and said who tf you talking too you’ll get beat up and shot and it escalated and he argued with me and im already going through so much at home i had a panic attack nobody defended me and i was helpless and confused and hurt. He leaves and i get on the next bus and have a mental breakdown on the bus and couldn’t stop thinking about the situation and you won’t believe what happens next. I still live with my parents and i get home everything is fine and as soon as im sitting in the living room mom shouts at me and says are you the one who spilled the milk on the carpet? I sleep on the floor mind you I don’t have a room due to my other sibling bullying me so im the only one who sleeps rough in the house. I answered back already upset about my day and told her what are you talking about I didn’t spill milk! She shouts back and says you spilled it and you can’t live here if you gonna spill stuff on the floor! She’s basically accusing me of spilling milk when she could’ve asked my other siblings anyways idk why I’m even explaining myself i don’t have a job I’ve been getting abused by her for so many years and im already getting bothered in public too im ending it all I can’t do this nobody loves me or cares about me. When was the last time I heard I love you from someone? Currently in the garage im done I can’t live like this anymore 😪,
post,FamilyIssues,Sister extremely manipulative,https://www.reddit.com/r/FamilyIssues/comments/1f5nn6l/sister_extremely_manipulative/,2024-08-31 06:46:07 PDT,1,"My sister is a really manipulative person, and I'm stuck living with her.
She's been bullying me every single day for over a year, not like a normal sibling bullying thing. I can't look at her, and if I ever do I get a mean girl side eye look, or if we're waiting to get picked up from the bus stop, if I stand next to her she'll give me a weird look, or ask why I'm so close, or walk far away. 
She and my parents had a huge fight the other night, and she came into my room after it to complain and cry. She completely twisted the story, and said my dad beated her up when he indeed hadn't, and made it seem like she was the victim. For context, she was enraged her devices were taken away from her, she was screaming, throwing metal cups at her door, punching my mum when my mum tried to get her to stop.

After she came into my room that night, my parents and I can tell she's playing a manipulative game to 'get me on her side'. Usually on our way home in the car, I can never talk to my mum because she'll yet at me since she doesn't wanna hear my voice, or about our school she absolutely hates. The night after talking to her, she started talking to me casually and suddenly seemed fine with being in the same room as me, asking random questions like never before, speaking in a nicer tone, calm/neutral facial expressions, etc. On our car ride home from school, she actually started talking to me, and it felt really nice, we hadn't done that in I don't know how long, and laughing with her too. My mum was shocked, and so was I. That was yesterday. 

Now, today, she has still been the same. Except, we're having a sleepover at our grandparents and she forgot her charger. I'm not fooled by her act that she's made seem and feel really real sadly. So, I denied having one although I do as I don't feel like trusting her yet. Immediately, she didn't believe me, and since then she has stopped treating me so normally I should say. She hasn't calmed down on the 'jokes' on me, and twisting everything I'm saying or doing around and my grandparents can't see that she is... I feel so gross and sad, and I'm stuck living with her, and I can't move out for a couple of years..

She is also great at acting and seeming very real, her lies are real unless you know they are a lie. It's terrifying.

I feel so trapped, I don't know what to do. Any thoughts or tips would be much appreciated, thank you. Also just had to let this out.",
post,Vent,I hate being around my mother. My whole family ,https://www.reddit.com/r/Vent/comments/1f3oje0/i_hate_being_around_my_mother_my_whole_family/,2024-08-28 17:00:05 PDT,1,"They all make me feel so unhappy and su*c*dal.
My mom bullies my weight and calls me fat and ugly. She belittles me and makes fun of me every time she gets. She says that im not her child. She says that im a mistake and she regrets having me. And that she literally wishes i was dead. 

My eldest sister physically abuses me. She sends stuffs after me ( like oranges and other fruits) from a distance and that genuinely hurts. We are way passed the sibling bullying stage. She is almost fucking 30 with a whole child and im turning 21 F next week. Like grow tf up. She constantly hits me and punches me “as a joke”. But it’s not funny. I hate that idk how to stick up for myself all i can do is cry like a fucking wimp when they’re not around. Im probably gonna have another shit birthday like every year lol. 

My other sister is only nice to me sometimes and she has a short temper. She’s fully used my whole salary at a job i quit because i was also getting bullied there( at my job). I earned $200 and i put it on my bank account so i could move( savings) and she used it. 

Its hard to get a job where i live. I feel so defeated i feel so unwanted. I hate it here.",
post,AmITheDevil,Sibling bullying is ok if it’s at my son,https://www.reddit.com/r/AmITheDevil/comments/1f0virt/sibling_bullying_is_ok_if_its_at_my_son/,2024-08-25 05:46:20 PDT,1,[deleted],
post,AITAH,AITAH for refusing to go to my brother's wedding and upsetting my mother?,https://www.reddit.com/r/AITAH/comments/1ex14b1/aitah_for_refusing_to_go_to_my_brothers_wedding/,2024-08-20 10:09:26 PDT,1,"I'm not going to give every detail of the past but my (30F) brother (35M) made my life hell growing up.  He isn't a monster, he was just a huge asshole. Bullying seems like too light a term but traumatizing is too severe.

We don't speak, he doesn't know anything about me. Last week he attempted calling me which I ignored. My mother, who knows I don't speak to him, reached out and asked me if I would talk to him.

She knows the history of our childhood but doesn't fully understand how my brothers actions and treatment affected me. He is brother in name alone but he has never been a brother to me. We had a long, upsetting conversation which ended in her saying ""well, do what makes you happy and I hope you don't regret it in the future"".

He kept calling and later than night, I answered. He is getting married and my mother desperately wants me to be there and is hoping I can be the bigger person and forgive him now that we are adults. I finally got a chance to tell him why I won't attend and why I don't speak to him. It went exactly how I expected it to. He didn't really take accountability and gave a half asses apology hoping I could ""grow past it"".

I was outraged. I don't feel like I should forgive him when he has made zero effort to apologize, hold himself accountable or even attempt to make it up to me. He is only trying now as a bandaid fix, hoping I'll just forgive and forget and he won't have to do anything to remedy his actions. What worse is he cannot comprehend the depth of my experience with him. 

I was once asked by my best if I could name a single specific happy memory I had with my brother, and after months I could not. All of my memories of him were negative. I asked him the same question, if he had a specific memory of us together where he thought lovingly of me as little sister. He couldn't either. He names very general vacations we went in as a family, but not a single instance of a happy memory that he treasured just the two of us.

Idgaf if my brother is hurt by what I've told him because it is a drop in the bucket from what he did to me. But my mother is incredibly upset with me and that's the part I'm struggling with.

I've tried to make her understand that what she sees as simple sibling bullying was in fact very hard for me to deal with because I was already dealing with bullying outside of the home. The person who should have been there to support and protect me as a sibling, was just another person I had to avoid. I don't think I can ever forgive him and I'm not going to just play along so that he has a nice wedding. I'm simply not going to go, which will be devastating for my mother.

So AITA for upsetting my mom by not 'being the bigger person's and 'growing past it's for one wedding? ",
post,ScienceBasedParenting,Older sibling bullying younger sibling,https://www.reddit.com/r/ScienceBasedParenting/comments/1et9cpx/older_sibling_bullying_younger_sibling/,2024-08-15 16:06:44 PDT,1,"Two daughters, one 10 and one 7.  They’re basically BFFs. 90% of their fun time they chose to spend together (swimming, playing videos games, etc)

The older one will do stuff that I consider bullying. It’s not physical bullying, but rather the 10 year old will do things to “get a rise” out of her younger sister. Imagine pushing her off a cliff in Overwatch or flinging her around in Roblox. The younger sibling doesn’t understand that she’s being “bullied”

I know siblings bicker. I guess I’m wondering is this even a big deal?  I’ve spoken to the older one a handful of times about kindness, leadership and being a good older sister. ",
post,mentalhealth,I’m ending my life can’t do this anymore,https://www.reddit.com/r/mentalhealth/comments/1ehbrj2/im_ending_my_life_cant_do_this_anymore/,2024-08-01 01:46:18 PDT,1,I am 22 years old i have social anxiety disorder and severe depression and i have no friends no support no pets nothing. I been abused my whole life by my narcissistic mother and i was bullied throughout middle school and high school by other students which affected my mental health really bad. Anyways today I was outside waiting for the bus minding my own business and some man came up to me saying I’ll get shot mind you I don’t know him never spoken to him never seen him he just randomly cussed me out? I was like leave me alone! He shouted back and said who tf you talking too you’ll get beat up and shot and it escalated and he argued with me and im already going through so much at home i had a panic attack nobody defended me and i was helpless and confused and hurt. He leaves and i get on the next bus and have a mental breakdown on the bus and couldn’t stop thinking about the situation and you won’t believe what happens next. I still live with my parents and i get home everything is fine and as soon as im sitting in the living room mom shouts at me and says are you the one who spilled the milk on the carpet? I sleep on the floor mind you I don’t have a room due to my other sibling bullying me so im the only one who sleeps rough in the house. I answered back already upset about my day and told her what are you talking about I didn’t spill milk! She shouts back and says you spilled it and you can’t live here if you gonna spill stuff on the floor! She’s basically accusing me of spilling milk when she could’ve asked my other siblings anyways idk why I’m even explaining myself i don’t have a job I’ve been getting abused by her for so many years and im already getting bothered in public too im ending it all I can’t do this nobody loves me or cares about me. When was the last time I heard I love you from someone? Currently in the garage im done I can’t live like this anymore 😪,
post,AvPD,School bullying vs homeschool sibling bullying,https://www.reddit.com/r/AvPD/comments/1e11ml5/school_bullying_vs_homeschool_sibling_bullying/,2024-07-11 15:29:30 PDT,4,"Does sibling bullying count? 

Been struggling with symptoms of trauma without knowing the source. I know school bullying is often tied to AVPD diagnosis, but I was homeschooled. 

And then sometimes I remember: my older brother liked to scare, tease, provoke, and cause me pain on a near constant and daily basis. Somehow I never count this as real bullying or real abuse because it was from my brother. We did not have a lot of adult supervision so some of it got pretty bad, like restricting air, pinning down, coercion and worse. But at the end of the day he was my big brother.

Anyone else scrambling to figure out WHY you have this diagnosis? To figure out why you struggle so much? 

For those who were bullied at school, do the two compare? Am I wrong for thinking bullying doesn't count if it is from a sibling? 

Was anyone else homeschooled? ",
post,hsp,HSP and bullying,https://www.reddit.com/r/hsp/comments/1dym7xa/hsp_and_bullying/,2024-07-08 15:31:09 PDT,19,"I was just wondering if anybody else has been bullied as a child/teenager.

I have an older brother (2 years older) but honestly he was never a brother to me.  
I cannot remember one single instance when he was nice to me.

He criticised, degraded and ignored me throughout my whole life.  
We went to the same school and he wouldn't even say hello when we saw each other in the hallway.

I was always nice to him and actually I still would be if he had not hurt me so much.  
I never had a problem with him and tried so so so many times to have a relationship with him.

I loved to sing as a teenager and I still love to sing; It is my vocation and also my profession now.  
He would constantly tell me to shut up and that I sound like a dying pig and bang at the walls when I was singing. It took me years of therapy to be able to sing in front of people again.

In therapy I finally understood that this was not normal and that I had been bullied and mistreated for a very long time. (my parents would keep on telling me that sibling bullying is normal and that it will get better when we get older and since that was my normal, I believed it)

I was able to feel all the anger and sadness that I carried within me and started to enforce boundaries and now I barely talk to him or engage at all.

He got married and his wife is really nice and he doesn't bully me anymore but that does not mean that I just forgot everything and will be nice to him!  
Most of my family members are uncomfortable taking about that but Hell yeah I keep on bringing it up every time I feel like it.  
He never apologised and I still feel very uncomfortable around him.

Well, why do I write all this?  
His wife is pregnant and they will get a son next month.  
I seriously dont know what to think about that?

I want to be a good uncle to the little one but just the thought of being around my brother or his child makes me feel uncomfortable.",
post,TrueOffMyChest,I’m tired of being the joke in my family ,https://www.reddit.com/r/TrueOffMyChest/comments/1dnzs39/im_tired_of_being_the_joke_in_my_family/,2024-06-24 23:58:50 PDT,1,This is honestly just to vent. My entire life I’ve been the but of the joke. Growing up my mother thought it was funny to convince my brothers to make me run through the house and chase me then trip me when I ran past. I would cry and my stomach always hurt. Everyone thought it was funny. One time I wore my pants backwards on accident bc I had just started dressing myself and everyone made fun of me for it for literally years. As I grew up my whole family made fun of me for one thing or another. I tried so hard to be perfect but nothing ever made them stop seeing me as a joke. I genuinely don’t think my family likes me. I have to be intoxicated to be around them because if I’m not I’ll most likely end up crying in the bathroom. My oldest brother constantly makes jokes about me being dumb and everyone laughs along. If I say i don’t like it I get called sensitive but that really hurts. My whole life I’ve struggled with learning problems and things like that and everyone called me dumb. I struggled with social cues mostly. He calls me a brick wall and it really hurts. Everyone says that’s just siblings but genuinely i just don’t like it. I don’t see him often or talk to him for this reason. I’m so tired of being a joke to them. I just want them to actually love me not keep me around for entertainment. Screw sibling bullying. Maybe I’m just sensitive or something but constantly being told ur stupid and slow doesn’t feel like love. It feels hurtful. Thank you for letting me vent. I really do appreciate it. ,
post,raisedbynarcissists,Has anyone here experienced a sibling bullying your parent to turn the parent against you?,https://www.reddit.com/r/raisedbynarcissists/comments/1dkgzqu/has_anyone_here_experienced_a_sibling_bullying/,2024-06-20 10:14:19 PDT,1,Growing up my brother always taunted my mom about how I was the favorite child. He was so relentless with the taunting she finally started treating me differently and long story short it led to estrangement. Brother is golden child and I’m the scape goat. ,
post,RolePlayWithoutLimits,[M4Sh/F] Let's take sibling bullying to the next step~ I fuck you brainless and you beg and moan even if you don't want to,https://www.reddit.com/r/RolePlayWithoutLimits/comments/1djc4gu/m4shf_lets_take_sibling_bullying_to_the_next_step/,2024-06-18 23:09:05 PDT,1,,https://www.reddit.com/gallery/1djc4gu
post,AMA,"I mentally blocked out my child abuse and only realised years later, AMA. ",https://www.reddit.com/r/AMA/comments/1diveyi/i_mentally_blocked_out_my_child_abuse_and_only/,2024-06-18 09:50:55 PDT,1,"I dunno, I have a lot going on in my life but this feels like maybe the most interesting thing about me that I’ve never told anyone other than a therapist.

I’m 29F, when I was 19 I was sexually assaulted by my male best friend. Along with completely fucking up my life, it triggered me and sort of made things click - that all the weird things I’d sort of put into the back of my brain as not important were really *very* important.

My half-brother is 9 years older than me, and much of what I at the time assumed to be just sibling bullying was actually sexual abuse. I’d tried to tell me mom about one of the things that happened when I was maybe 10(?) and she snapped, screaming at me to stop lying if I didn’t want to tear the family apart. So I said I was sorry for lying and never brought it up again. 
",
post,family,It's weird I don't have daddy or mommy issues but I think I have brother issues,https://www.reddit.com/r/family/comments/1dadu1j/its_weird_i_dont_have_daddy_or_mommy_issues_but_i/,2024-06-07 08:39:45 PDT,1,"I have super complicated feelings towards my brother, I'm pretty sure I hate him but at the same time I love him but not because I choose to but because it was instilled in me that I have to. 

Growing up my brother was my hero. He was a bit rough around the edges and a jerk to me in the normal older brother ways, but he was still overall always there for me. He would stay up with me when i got nightmares and went out of his way to literally go beat the crap out of someone who bullied me in school. But as we got older (me and him are 5 years apart) we drifted apart and all the rough around the edges part of him where he was mean turned into the entirety of our relationship. He would go out of his way to make me feel so small and like such shit about anything and everything. All of my interests were ""gay"" (back when this was a common insult) or ""dumb as fuck"" or ""stupid"" or ""worthless"". I couldn't be passionate or happy near him cause he made damn sure that I knew that my passions or happiness was worthless. I was so hurt and sad all the time because he would go far beyond the sibling bullying and just make me feel like shit all the time. 

As we got older it just hurt more and more and it hit a breaking point when he humiliated me in front of my friend by berating me non-stop for 30 minutes for being late when he picked us up from somewhere. I had enough and fighting tears, I told him that does he want me to hate him cause the way you're going I'm going to. And from that day on I just disconnected the love I had for him as a kid to the forced love I have to have for him because he's my brother. 

For context for why  is because I come from a Latino family where they value family over everything and even if your family does the most heinous shit ever they are still family and you just have to deal with it. They told me over and over that this is just how brothers are, this is how treat each other. But I realize that no, it was just an excuse for their tolerance of their shitty family dynamics. My mom to this day flips it on me asking why I let it get to me and if I just ignore it he'll stop picking and picking and picking at me. But I realize now, that no I'm not at fault for being hurt, she's just so used to making excuses that she doesn't see he's the asshat. That the reason I let it get to me is because he meant so much to me growing up. That even if I ignore him it doesn't make the words he hurls at me sting any less.  

I'm going to be an attorney soon, the most academically successful out of my family and yet I don't dare hold my head up high around my family when my brother is around because I know the moment I show my real face, my passion, he'll find a reason to tear it down. He's the reason my friends wonder why I act different around my family then I do them. 

And the shittiest part of all of this? I think I still care and love my brother on some level. It ignores the fact that he told me I'm not a ""real"" Mexican, the fact he told that I'm not going to be a good attorney, the fact that I can't stomach eating around him because I know it's a matter of time before he lays into me, the fact that I don't bring my friends or gf around him because I know he'll berate me with no shame in front of them. Yet I still love him, regardless of all that because at the end of the day, he's my brother.

TLDR: I hate my brother, and not in the regular sibling way but at the same time I still care for him.",
post,AITAH,Am I a bad person because of how I feel towards my brother?,https://www.reddit.com/r/AITAH/comments/1d7lpri/am_i_a_bad_person_because_of_how_i_feel_towards/,2024-06-03 18:52:16 PDT,1,"I am 14 almost 15. My younger brother is 4. I will admit I love my brother and I would be super upset if anything happened to him ever, but I am horrible to him. It’s not sibling rivalry, I just genuinely do not like being around him. I don’t like watching him, i don’t like going in public with him (he never listens and ALWAYS causes a scene), i don’t like playing games with him, and i don’t like hanging out with him. He is a super sweet kid who can be very nice but sometimes I just can’t stand it. When he was born I was super excited but my mom started to turn on me and all my ex-step siblings. Now you can tell that my brother is her favorite. Today she sent me an article about sibling bullying, implying that’s what I do to him. I try and be nice to him but it’s very hard, i can’t seem to be nice. I don’t know if something is wrong with me. ",
post,therapy,Sibling emotional abuse,https://www.reddit.com/r/therapy/comments/1d6aoey/sibling_emotional_abuse/,2024-06-02 03:52:38 PDT,1,"Hey everyone this is kind of a question I’m curious about. I’m a parent of 3 kids and I tend to be much stricter towards my older child than the rest. I don’t know why and I often find myself feeling guilty about it. However, when I was growing up I had a very traumatic childhood with my sister but more in the way she treated me. She was my older sibling and emotionally abused me constantly. I’m not talking just regular sibling bullying but downright awful to me. It’s something I’m working through still at 30 years of age and we still don’t have the best relationship. 

I guess im curious if me being more strict with my oldest could be a connection from what I went through and subconsciously am wary of my oldest doing it to the other kids? Idk I just hate it a lot and would love some advice. Thanks guys",
post,AskReddit,"In your experience, what is the line between regular sibling bullying and abuse?",https://www.reddit.com/r/AskReddit/comments/1d5we0l/in_your_experience_what_is_the_line_between/,2024-06-01 13:43:46 PDT,1,,
post,bullying,Books about bullying,https://www.reddit.com/r/bullying/comments/1d1d8j1/books_about_bullying/,2024-05-26 15:43:39 PDT,1,"Does anyone have any recommendations for books about bullying? 

I did a bit of a deep dive into bullying fiction last year. I included these books in a comment recently, and wanted to make a post about it and see if we could get a longer list. I find it helpful to read about bullying sometimes because 1) relatable experiences, feeling less alone, 2) seeing how it affects the characters can help gain insight into how bullying shaped who you are today and 3) it's interesting to see how bullying is dealt with in these books to learn how your own bullying could have potentially been resolved (I find that brings some closure sometimes, or a greater sense of control). 

I think it's great for kids and teens to read about bullying too, since it can give them ideas how to deal with it, and also to build empathy and hopefully prevent instances of bullying in the first place.

..............................

These are the books I read, in order of recommendation:

**Excellent, must-read:**

*Everybody Sees the Ants* by A. S. King (honestly one of the best books about bullying I’ve ever read)

*The Extraordinary Life of Sam Hell* by Robert Dugoni (bully turns into abusive husband and police officer later in life)

*I’ll Give You the Sun* by Jandy Nelson (bullying and homophobic bullying, sibling conflict)

**Good, would still recommend:**

*Fish in a Tree* by Lynda Mullaly Hunt (dyslexia and bullying) 

*Unquiet Riot* by Khristina Chess (bullying leading to a school bombing)

*Almond* by Sohn Won-Pyung and Joosun Lee (bully turned friend)

*Alan Cole Doesn’t Dance* by Eric Bell (Alan Cole #2) (homophobic bullying)

**Worth a read for adults, but I have issues with these for children, even though that's who they're written for:**

*We Are All Made of Molecules* by Susin Nielsen (middle grade, some mention of sexual assault and homophobia as well; how bullying was dealt with in the end was unrealistic imo)

*Bystander* by James Preller (middle grade; how bullying was dealt with in the end sets a bad example)

*Alan Cole is not a Coward* by Eric Bell (Alan Cole #1) (very good portrayal of sibling bullying and parental abuse, but have issues with the lgbtq aspect, in particular how the main character comes out)",
post,emotionalneglect,Sibling abuse and parents didn't do anything,https://www.reddit.com/r/emotionalneglect/comments/1bwczat/sibling_abuse_and_parents_didnt_do_anything/,2024-04-05 01:36:06 PDT,1,"Tw: sibling abuse, suicidal ideation
Hey everyone! I'm really new to this community and only just now wondering if this is something I went through.

My parents weren't necessarily withholding of emotion. Though, my dad was never really active with with me. He worked full time and my mom stayed home and took care of us. My dad only ever really patented when my mom called in reinforcement from someone a little more scary.

My mom wasn't necessarily neglectful in a way a lot of you may have experienced though. She wasn't ever cruel to me. But... I was the middle child, and bullied mercilessly. I'm only just now coming to terms with what happened to me wasn't just sibling rivalry- it was cruel sibling abuse. And the thing is, my mom never really stopped them. They'd gang up on me. I will admit, I wasn't a perfect angel, but most of the instances I can think of in which I did bad things to my siblings was retaliatory. I was a kid being emotionally and often physically hurt by two people I could not escape, one of whom I had to share a room with.

And I guess where the neglect comes in is, like I said, my mom never did anything. She'd tell them to stop I guess. But there were never any consequences. Through my entire childhood, I cannot recall a single time any of us were grounded. No taking away of privileges. Is that normal? In a way, my mom was too permissive. She never did anything, except occasionally when she'd call in dad. He'd yell at us, but that's about it.

I still remember all the times my brother and sister would hurt me, tease me mercilessly, give me body image issues I'm still messed up over. Through it all, my mom would tell me they do it because it gets a reaction from me. They think its funny when I cry, when I burst out in anger. And if I just ""didn't let them get to me"" they'd stop. And it hurts every time I remember how she'd tell me that.

I still don't like it when people see me cry. I can barely even let my fiance see me cry. Just like when I was a teenager going through depression and suicidal ideation (which I never told my parents about because my mom told me you go to hell if you kill yourself!), I still have to go and lock myself in my room and sob while my poor fiance probably struggles with seeing me this way.

I still have a hard time both identifying and expressing my emotions. If something happens to me in my emotional life, I often need several days to even just figure out what exactly I'm feeling and why. I can barely even talk about negative emotions with my fiance about issues I've been feeling and dealing with about us.

Anyway, I guess part of me just felt the need to word vomit this all in the event that anyone reads this. I feel a lot of guilt over feeling like I was ""abused"" or ""neglected"" because I know compared to so many people, this wasn't that bad. I never had anyone other than my siblings abuse me and never had to go without a single thing as a privileged white girl in a now nearly extinct middle class. But the hurt I feel is still real. I only just realized about a year and a half ago that my siblings were abusive, and only the past few weeks have started to wonder if my parents were emotionally neglectful. 

Even now, I'm not really close to my family, and feel intense guilt about it. My sister lives at home and brother calls our parents most days and sees my mom when she babysits twice a week. Meanwhile I text them maybe once a week. I haven't called since my dad's birthday I think, in late January. I was the last person to find out my brother was proposing to his now wife. He got my sister's advice on the ring.

I haven't talked to any of them about it. I probably never will. None of them would care, they'd say I was never abused or neglected. It wasn't that bad. So I guess maybe that's why I feel guilty feeling this way. My siblings would probably even mock me if they knew I felt this way. Neither of them have ever apologized to me for how they routinely ganged up on me.

I guess I just want to hear whether anyone went through severe sibling bullying, and had parents that never did anything about it. I'd love to hear how you have worked through or are working through it",
post,AmItheAsshole,AITA for telling my parents about my sibling bullying me?,https://www.reddit.com/r/AmItheAsshole/comments/1bpgadt/aita_for_telling_my_parents_about_my_sibling/,2024-03-27 16:18:46 PDT,1,[removed],
post,emotionalintelligence,How to deal with a sibling with low emotional intelligence ,https://www.reddit.com/r/emotionalintelligence/comments/1bmxxq5/how_to_deal_with_a_sibling_with_low_emotional/,2024-03-24 15:47:58 PDT,1,"Hi there,

I don’t want to come off as arrogant but I have noticed a pattern with my oldest sibling bullying our youngest brother and being generally harsh.

For context, he’s the type of person who would curse his partner, the mother of his kids in front of his sons. He is notoriously known for having a short temper and making fun of people, he thinks it’s funny no matter how that makes the person feel. Recently he was kicked out of his basketball game for bullying the opponent, he called me to let me know about it, how he was just trash talking like we see with these martial arts guys on tv. He has made fun of me for going to uni (he hasn’t) saying only sheeps go to uni. I have found a job last year that pays double what he earns and he still found a way to make fun of what I do (office job in the field of study). I know there’s his own insecurities at play and I have distanced myself from him.
I find it unfortunate as this is not how I would like my relationships with my siblings to be but I can’t absorb negative energies like that.

Now the thing is, he has been very harsh with our little brother for his lifestyle. We didn’t grow up the same way with our little brother and we have lost our mum 4 years ago. My little brother was there everyday with our dying mum and myself (our oldest brother wasn’t). He goes through his own struggles, had a few addictions and generally lives a different life than us. Now he’s being berated for it, name called, etc. As a result he stopped talking to him altogether. Now our oldest brother still picks at him, and I can’t just watch it and not stand for my little brother as I feel for him. 

How should I handle the situation? I have tried talking to him but he’s incapable of question himself or his behaviour. And I find it incredibly hard to manœuvre this.",
post,MadeMeSmile,My 5-Year-Old Nephew is Babysitting My Childhood Stuffed Animal,https://www.reddit.com/r/MadeMeSmile/comments/1biuu5d/my_5yearold_nephew_is_babysitting_my_childhood/,2024-03-19 13:47:09 PDT,1,"I have a habit of using my childhood stuffed animal as a pillow (I don’t like having my face against a pillow due to mild trauma from sibling bullying — don’t worry, my sister is VERY remorseful now 😂). I have yet to find something I like placing my head on MORE than my childhood stuffed animal, so I don’t mind taking him on short trips, but I forgot him this weekend. 

I found out this morning that he took both mine and his stuffed animal (Little Arlo, aptly named after their dog that is a VERY BIG Arlo) to school today so they could learn. I’m so thankful that this little guy is taking care of my favorite childhood toy ❤️",https://www.reddit.com/gallery/1biuu5d
post,RealEventOCD,I think I bullied my sister,https://www.reddit.com/r/RealEventOCD/comments/1bi3ffc/i_think_i_bullied_my_sister/,2024-03-18 15:04:06 PDT,1,"Hi guys. Im 18 years old and still live w/ my parents and sister, who is 10. She’s wonderful and I love her very much, except I think I might have bullied her.

Essentially my dad sometimes like to jokingly pick on us (absolutely not hurtful to me, I swear, though you don’t have to believe me) and he does this thing where he mimics our voices when we’re mad or something. Somewhere along the way I also picked that habit up and used it on my sister. When we were in fights and she was annoying me, or she was crying about something stupid, or when she was arguing or whatever. I honestly thought it was mild joking. She did sometimes cry or sigh (once or twice if I did it after a big argument or if she was really mad, I remember her just bursting into tears, once even dropping to the floor and just crying. Thing is that she’s always been dramatic (not insulting her, it’s just a truth, not even a bad thing) so each time I assumed it was frustration and not a big deal. She asked me many times not to do it but I always said “if you annoy me, I’ll annoy you back”.

Recently for some reason I asked if it hurt her feelings, and she said yes. I asked if it felt like bullying (I have OCD and one of my biggest fears is being a bully) and she agreed. To be clear it was casually but she did seem sure of what she was saying. For months I’d check in and ask her if it was bullying, and her answer would change a lot, but eventually it seemed that essentially at times it hurt a lot and other times it hurt less. Recently I asked her why she thought it was bullying and she said it fit the three signs: I did it for fun, I didn’t apologize, and I didn’t stop when she said stop. 

I’ve asked lot of people and the general consensus is that it’s a gray area, it’s normal for siblings but due to the age gap and how often I did it (pretty often and for over a year), it could be bullying. I feel terrible. I was 16 when it started and I somehow didn’t have enough empathy to know that I was hurting her? I didn’t mean to, I thought it was just annoying, but now I’m reading about effects of sibling bullying and I think I could have hurt her forever. She says she forgives me but she’s only 10, she doesn’t realize how detrimental bullying can be. 

I feel terrible. I’ve read sibling rivalry stories and this must be different. I repeated it, I hurt her feelings, and I have power over her. I’m a bully, and all because it was fun for me to tease her. I should have recognized it hurt her —or more specifically, I should have recognized that it was too much. I really think I’m a bad person. She’s only a baby.",
post,Borderline,I need help/answers.,https://www.reddit.com/r/Borderline/comments/1bbqg7o/i_need_helpanswers/,2024-03-10 17:57:07 PDT,1,"Hello r/Borderline . I am Michael, I'm 13 years old, and my pronouns are he/it. not sure if thats important but if at any time its important, i just needed to get that out there. well, moving on. I am only here because I believe I have BPD. I am not self diagnosing in any way shape or form, and I don't WANT to have it either. I understand this disorder is life altering, and not cureable, ive just thought I might have bpd for about 2 years, and I just want answers. I am not joining the subreddit because I'm not completely sure if I have it or not. so I geuss I'm turning to this subreddit for help. I know BPD is an extremely complex disorder, and is usually not a diagnosis that people under 18 are given. I think it's important to note that I have been diagnosed with ADHD and ASD, because the symptoms of both of those overlap with BPD symptoms. But it's still possible I have BPD. and, it is also important to note that my mama has been diagnosed with BPD, and I've heard that BPD can be genetic. I must say now that the symptoms I've shown more of are feelings of emptiness, self-harming behaviors, fear of abandonment, dissociation, emotional instability, unstable/intense relationships, paranoid ideation and identity diffusion. The symptoms I've shown less of are impulsivity/capriciousness and splitting. (I've shown this one most out of the ones I've shown less, keep that in mind.), Let's get into exactly why I have it, shall we? now before we start, I do have a couple of content warnings. even if some of them don't need content warnings, I'll still add content warnings, just incase. (I should note now that I'm gonna be focusing on the subtype of bpd classified as quiet bpd.)

!! CONTENT/TRIGGER WARNING FOR, SELF HARM, SUICIDE, MENTIONS OF PARENTAL ISSUES, DEPRESSIVE EPISODES, MENTIONS OF STARVING AND PURGING, YELLING AND FIGHTING, SLIGHTLY OBSESSIVE BEHAVIORS (?), SEXUAL STUFF, MENTIONS OF SA/RAPE AND JUST MENTIONS OF FAMILY ISSUES IN GENERAL, THANK YOU FOR READING !!

Section one: childhood trauma (does this even count as trauma?) (only explaining all of this because trauma is a huge factor in BPD) 

Lets start at the beginning, I never knew my father growing up, he left when I was a baby, so I don't remember him at all. and my mom? we weren't close until I was about 9. I lived with my grandma growing up, I still do. That's because both of my parents were drug addicts and alcoholics. it's mostly why my father left, he didn't wanna cause trouble for anyone so he just left. But he caused more trouble for everyone by leaving. My mom went to jail around a year after I was born. I found that out by going through old things and finding a letter my mom wrote to my older brother a year after I was born. he was about 5 then. skip to when I was about 5, it was my first day of kindergarten and I was on the swings, visibly upset. there was a boy who came up to me, and we became friends and eventually started dating. (probably important to note now that I'm not a cis dude, so I was a girl throughout most of this whole thing.) while we were in KINDERGARTEN. I'll skip most of the details for now, unless they're important later. one day we were on the bus, sitting next to eachother, as little kids who are ""dating"" do. mind you, before this happened I did know about some sexual things, I don't know how I knew but I did. well he turned to me and he randomly pulled his pants down and told me to do the same, I didn't. he told me to touch his uh, thing. thank God I got off the bus right then because who knows what he was gonna do. moving on, I won't be going into depth but I got bullied a lot up to the age of 12. I remember specifically this one time I was on the bus after picture day, holding the picture of myself, and some kid made fun of my smile, and I don't smile much anymore because of it. that happened when I was about 7. I also remember up to the age of about 12 I was bullied for my appearance, weight, basically everything there was to make fun of. I was already very insecure during my whole life so none of that helped, throughout 2023, I would starve myself and purge pretty often. I don't exactly do that anymore, (well, I do occasionally, but not for the same reason I did it in 2023). And even at home I really couldn't catch a break, from the ages of 6-9, when I would get home I would get bullied by my older brother, I don't really remember very well but from what I do remember, it wasn't really normal sibling bullying, it was borderline abuse, I believe. I do understand him though, he was being horribly bullied at school so he had his reasons.. we'll get back to the subject of my father now. So, yes, he left when I was a baby, but he got back in contact with us when I was 6, and me and him talked everyday iver the phone, I was so happy. he was my daddy and I was happy. He would make promises like ""I'll see you on christmas"" he would say things like rhat, everyone except me knew he was just a lying piece of shit. but then when I was about 7 he just. stopped speaking with me, I remember waiting for a text that never came. But he came back when I was 8, talked to me once or twice, then left again. I remember being so upset both times. I have reason to believe all of thos added onto my attachment issues and abandonment issues. I mean I already had them when I was really little, I mean like, when I was a baby/toddler. I would cry when I was left alone for even just a minute, and would immediately stop when someone came back. I only know this because multiple people in my life have told me. so yes, I do believe it added onto my abandonment issue and attachment issues that were already there just not as bad. and then for my mother? I feel like at times she also added onto my attachment issues and abandonment issues, see, when I was about four, my sister was born, and by then my mom had gotten her shit together, and she had her own place. but constantly from the ages of 4-8 she would go back and forth from where we live currently to texas, and I necer understood why, really. she would take my sister with her everytime. So yes, I believe both of my parents had some role in my abandonment issues and attachment issues. I'm going to say now, the first time I self-harmed was when I was 8, I got something wrong, and scratched my face til it bled. it's definitely important to note that even as a really young child I ""fell in love"" too easily. I dont exactly remember anything until about 2020. 2020 was when my self isolation began, I'm STILL self isolating. I haven't been to school in literal YEARS. I only have one friend irl, I didn't want anything to do with the outside world when I was little, but I've changed. but it's not like I can change it since I have the education of a 9/10 year old.. now I geuss we'll get into the REALLY sexual part of this? not sure if I SHOULD share this, but I will, I geuss..? idk I won't go into much detail tho but the first time I actually performed sexual acts on myself was when I was 10, and the first time I viewed errr p0rn at the age of like, 11? idk. that's all I feel comfortable sharing in that aspect I geuss, I'm not sure if that added onto any trauma I may have, although my thoughts are weirdly sexual, and so are my dreams at times, and I've used sexual things to cope with loneliness a couple of times, and I have weirdly sexual thoughts about the guy I like, and I dont enjoy these thoughts at all.. I hate them, so I thought it would be good to share that. and I geuss that's all I have to share for this section, I know none of it is THAT bad but I thought it'd be good to share, yeah? 

section two: more recent trauma (does this even count as trauma again?)

let's start in the year 2022, I had met a boy on the internet (im still friends with them, we're the same age), and we became friends. we then developed a crush on eachother and we got together for about 7 months, until we broke up. Now, let it be known this was the beginning of my slightly obsessive behaviors, I don't enjoy these behaviors and I have no intent to romantize them either. I just need to explain them so this is accurate. I understandp that these behaviors are REALLY weird on my part. well anyways, after we broke up, even tho I was the one who initiated the breakup, I started stalking their profile and their friends profiles. This isn't that obsessive I don't believe, but it was the beginning of it. Eventually, the guy I was online stalking (we'll just call him er.. Cody. This is not his real name, I don't wish to name drop him.) noticed that I was viewing his profile and his friends profiles. he confronted me. now, this was right before my second suicide attempt. so I was already trying to do it that night, and the first time I tried was the night before, well when ai got the text, I just tried more, because I felt really bad for how uncomfortable cody felt, so I kept trying and eventually gave up (the way I was trying was really ineffective), and that was the last time for that year. After that ordeal, in November of 2022 (let me give you a timeline rq, me and Cody started dating in about April or may 2022, broke up in September or so, got it?) in November I started dating one of my ex's, we'll just give him the name ""dave"" because I don't want to name drop him either.. well I started dating him, we lasted until april 2023, but I broke up with him for a month, but we ended up getting back together until august 2023, my mom ended up finding out about Dave and I was forced to break up with him.. well, let's go back to 3 days before that, I met an older boy (only 2 years older), named reg, This IS really close to one of his actual names, but i frankly don't care that much about him. Well, I met him and immediately got attached because of his fatherly nature towards me, he made me happy, and I was extremely attached to him for 3 or 4 months. It's important to note now that he was a system, but that's about all I know. He once said he would speak to me everyday, he would tell me how proud he was of me, he would say such lovely things to me, but then he just didn't speak to me. That definitely upset me quite a bit, I would miss him and the second he would speak to anyone else I would be in shambles. I would literally sob for hours on end because I felt so abandoned by him. It went from a point of him talking to me everyday to him just not talking me at all. I wanted to be the only one he loved. in October 2023, that's when I started to have some kind of hatred for him. It's like something switched in my head. I felt extremely lied to and I wanted him dead. But then I'd just go back to loving and missing him, ya know. it would switch from loving and missing him to hating him and wanting him dead. The way it would switch so fast was so confusing for me. I'm gonna say now that when I was 11 is when I started REALLY self harming, it went from scratching to cutting to even burning myself at times. and during this 3/4 month time period, I would self harm a lot since I was going through a depressive episode. I have a few scars on my arm from just that time, one of them is purple. let's go back to when I was dating Dave for a sec, whenever he was sad I, as dumb as it was, would cut myself because I ""deserved it"". because yeah if he was upset it was my fault right? yeah, I was VERY stupid. but I have scars on my shoulder and stomach from it, because that lasted about 5 months. And also since I was 11 I stopped for only a month at most, I was only clean for a month ONCE, all the other times I relapsed before I could get to a month. Back to reg, it was pretty horrible while I was attached to him, it triggered a huge depressive episode for me. now I think it's a bit important to mention the uh... kinda disgusting part of how far my attachment would go. I'm absolutely not going into detail because I don't like speaking about it, but during this time I probably would've let him S/A or rape me because it was him so it was ""okay"" in my eyes. It was disgusting. and I also had really weirdly sexual thoughts about him that I absolutely hated. This man has ruined so many things for me but I don't think it was his fault, really. Well in like November I got unattached to him, and got attached to another guy. I geuss its time to move on now, right?

section three: Present

lets go back to In October I met my friend, we'll call him uh, fucking James, this is not close to his actual name at all, I care very deeply about him so I won't name drop him. I'll try to keep this as short as I can. Well we started talking a lot, OH BTW I should mention he's 2 years older than me as well. Well, we started talking a lot and I got attached to him, and developed a crush on him a little bit later, in like January of this year. I try to ignore it the best I can though. I remember in November I told him literally every story from my childhood that I could think of, not the bad ones though, the funny ones/silly ones. and he listened to all the voices messages I sent him. And since we knew eachother on discord, I would put really depressing stuff in my status, and he would change his status replying to the things I would say in my status, he was a very comforting person to me. back to october, we got ""platonically married"" sometime there, it's funny. we both have like 3 online children, it's pretty funny if I'm being honest. Well when we just got the first child (story is, the ""child"", we'll call her Mary, randomly called me father so it kinda just spiraled into a whole thing, so when we didn't have anymore children, we had a group chat, and this is in like December now btw. and in that gc, I one day went outside at like 12am, for the purpose of just fun I geuss, and honestly James seemed a bit worried, but after this I kind of, just went outside at night frequently so I could get his attention, I wanted his attention and I would do very dangerous things for his attention, it's scary how far I'm willing to go. My obsession is horrible man. I hate it. anyways, let's start the differences between him and reg, james actually didn't stop speaking to me like reg, he just doesn't have enough time to speak to me sometimes. James actually stays (I think), reg doesn't. you see what I mean right?? well yeah, anyways, skip to about January, we didn't speak much in January, we went a month without speaking to eachother (I still love him though) and then I randomly texted him in February!! we didn't speak much in febuary either, but we didn't go a full month. and now, march, I've spoke to him almost everyday of march!! although I haven't spoken to him in 2 days, which wouldn't bother me if I wasn't so attached to him. But god i feel so unlovable when he doesn't speak to me.. I always feel like I did something wrong. even though I would gladly change anything about myself for him I still feel useless and stuff. also I would speak to him everyday if I wasn't so scared of messing things up. It's funny though because I'd rather have him yell at me and do horrible things to me than be ignored. I hate being ignored.. even if he's not intentionally doing it I still feel horrible.. in January I thought I was left on read by him and deadass I didn't eat for a day as a punishment for not being good enough. honestly I haven't eaten much today either. but back to the topic on hand, through January and February I cut myself a lot because I didn't feel good enough. I have many scars on my wrist because of it, and I have another purple scar now. I hate myself sm. but yeah. I love him so much and I wish I could just love him normally but it's so hard for me to do so. I hope he doesn't know about my obsession, I don't want him to be uncomfortable, that's the last thing I fucking want.. I will say now that I do have unwanted sexual thoughts about him, it's so fucking disgusting and I hate myself for it, but they just won't stop. also i should probably note that I kinda also would let him SA or rape me because I don't know.... it's so disgusting I know. I have his initial carved into my wall with a heart, it's gross. I hate my obsession. I think about him constantly, and I get so jealous when he talks to other people. but I never let him know this, I never will. I want him to be happy and if he's happy like this, I'm happy he's happy I think. I just wish he loved me like I love him. actually, no, I dont. I wish I loved him normally. and I wish we both loved eachother normally, but I know this will never be reality. I just want him to be happy I geuss. also I should add that after reg, my attachment issues, abandonment issues and trust issues have been worse, so of course it's worse now with James. I feel extremely abandoned the second he speaks with someone else. I should add that my obsession with him is a bit worse now, but I dont wish to really share how. I don't stalk him at all, I don't do anything bad to him, I'm just a bit obsessed. let's move on I guess. 

section five: Closing words

I'm finally done writing. I know this was long but I felt like I needed to say it all. you don't have to read all of it. I geuss all I need to ask is if it seems possible i have it, and where to go from there? I mean, genuienly. what do I do with this information?? who do I speak to for a diagnosis? how do I do it? that's all I need to know. Thank you for reading if you did. Goodbye, now.",
post,offmychest,Didn’t realized I was abused until my therapist told me,https://www.reddit.com/r/offmychest/comments/1bbo3b4/didnt_realized_i_was_abused_until_my_therapist/,2024-03-10 16:10:26 PDT,1,"I grew up shy and quiet, my grandmother pretty much raised me. I would stay at her place during the day and I would sleep in my parents’ house at night. My parents fight often and I get yelled at whenever I got bad grades. It’s very triggering when I hear people yell. I may not like studying, but I’m not a liar. Once when I was 8 years old, I was feeling sick and my mom didn’t believe me thinking I’m just making excuses to avoid school. I went anyway and got sent home a few hours later after the school nurse checked my temperature, even she was shocked on how high the temperature was. My older brother also bullied me since we were kids until he moved away for college. It wasn’t the funny sibling bullying kind, maybe started that way, but it got worse when we were teenagers. A lot of hair pulling, hitting, slapping, saying hurtful things like blaming me for my grandmother’s death, making my dad’s heart condition worse because my stupidity stress him out. Or why am I so stupid and making people  around me miserable. What did I do? I got caught texting or reading fashion magazines while I was supposed to be studying in my room, typical teenager stuff. Of course I tried to fight him, but he’s very strong and tall and I was short and  underweight girl, so me kicking him didn’t feel anything to him. I ended up feeling suicidal and hating myself. I would punch or hit my head on a wall as my added punishment. And of course I got worse in school, and they ended up sending me to this lady’s place when I was 14 where she took care of bad and stupid kids like me. I finish school around 2-3pm, went to her house right away and start studying. She didn’t teach us anything, just watching us make sure we are focusing on our study. All we had to do is memorize one paragraph at a time from a textbook and write it all down in a notebook. If we get sleepy, we have to do it while standing up and reading it outloud, and we don’t stop during dinner time, just keep on doing it while you eat. On good days I get to go home at 9pm, some days I go home around 10-11pm, then having to wake up at 530 am for school. Sometimes I would go there on Saturdays for a few hours just to study while everyone’s enjoying their weekend. I was there for about a year. I think we stopped because I moved to another school for highschool that was a bit further and I took some extracurricular that made me have to stay in school until 6pm. It’s where I fell in love with art and it became one of the things that keeping me somewhat sane. Fast forward a few years later, my parents sent me to another country for college alone and slowly finding myself and learned how to live life. Surprisingly I did a lot better in college. I also met my now husband there. We had problems in the beginning of our marriage and decided to go to both couples and individual therapy. I told my therapist my background story and she told me that I wasn’t lazy or stupid, I was abused and depressed and depression lead me to not wanting to do anything. I was told by other adults that those disciplines, yelling, and hitting happened out of love and I should’ve been grateful for it. So I was confused when she told me I was emotionally abused. I am slowly learning to become a better person and loving myself and I got lucky to be with my husband because he is very patient and is my only support system now. I try to have a better relationship with my mom after my dad passed away. She told me recently that she never felt that motherly love to me, it was just okay, but I’m not even hurt or surprised by that because she used to go out of town a lot when I was young, sometimes for two weeks and she never called, and she probably doesn’t remember this but she told me one time that I’m only bringing bad luck into the family, so it was more of a confirmation on my end. My brother and I are cordial, but not close at all. He is now married with a precious precious child, however my mom told me that he cheated on his wife a few times and having a hard time to regain that trust again from his wife. Might sound mean for saying this, but I’m glad he has his own problems to fix and I’m not involved in it at all. I only hope he never hit his wife or child. ",
post,Fantasy,Interesting/Unique non-sexual Messed Up/toxic/Complicated Family Dynamics?,https://www.reddit.com/r/Fantasy/comments/1bactvi/interestingunique_nonsexual_messed/,2024-03-09 00:14:22 PST,1,"Basically what it says on the title. Toxic relationships between family members that are done in a manner that isn't clique. (basically it cannot simply be older sibling bullying younger sibling unless there is a twist). This could include blood family or adopted (or mentor/student). I prefer female protagonists, but it doesn't have to be as long as there are well-written female characters in the book. I do not want juvenile fiction (ie. books aimed at under YA level) and prefer adult fiction overall.

I enjoyed the dynamics of the Locked Tomb, the Masquerade series, Farseer and liveship traders to name some examples.",
post,Parenting,Self defense when it comes to sibling bullying,https://www.reddit.com/r/Parenting/comments/1b3jham/self_defense_when_it_comes_to_sibling_bullying/,2024-02-29 18:52:00 PST,0,[deleted],
post,Advice,I'm extremely sensorially sensitive especially to touch after complex trauma. What can I do?,https://www.reddit.com/r/Advice/comments/1b1qawz/im_extremely_sensorially_sensitive_especially_to/,2024-02-27 15:15:08 PST,1,"After ""complex trauma"" I guess they call it or sibling bullying and extreme spying and chronic pain my sense of touch is extremely sensitive like an autistic person's I'm assuming due to the constant heightened state of arousal, even after the extreme anxiety and near-constant hyperarousal has relented or stopped. My hair is always annoying, almost all clothes are problematic, bathing makes me itchy- the dry skin is unbearable, temperature fluctuations are unbearable, no bodily positions are comfortable, chairs are always uncomfortable, being slightly out-of-shape is extremely physically uncomfortable, and on and on. I just can't tune it out. None of these things were issues prior to the mistreatment. What should I do? I'm somewhat calmer now (but NEVER again to my baseline) because he's gone most of the time now and the chronic pain is mostly resolved. I work out now and it works temporarily but not nearly enough. Am I gonna need to be on benzos or something indefinitely now?",
post,askatherapist,Sibling Bullying—how do I fix things?,https://www.reddit.com/r/askatherapist/comments/1b0vlxm/sibling_bullyinghow_do_i_fix_things/,2024-02-26 14:56:33 PST,0,[deleted],
post,Advice,Sibling Bullying,https://www.reddit.com/r/Advice/comments/1b0vl1i/sibling_bullying/,2024-02-26 14:55:33 PST,1,[deleted],
post,RealEventOCD,Sibling Bullying,https://www.reddit.com/r/RealEventOCD/comments/1b0vjwl/sibling_bullying/,2024-02-26 14:54:21 PST,1,[deleted],
post,RealEventOCD,Bullying?,https://www.reddit.com/r/RealEventOCD/comments/1aklp0p/bullying/,2024-02-06 13:47:23 PST,1,"Hi guys. I'm honestly kind of confused. Basically, I was about 16 (and my sister 8) when I gained this habit of lightly mimicking her voice in certain situations, like when I thought she was being silly or annoying. My dad does it to us, and it never hurts me, so I guess I picked it up. It wasn't to hurt her; it was really just kind of meant to tease. I guess I was being stupid, not considering how she might feel. 

I did this sometimes if she was arguing with our parents (like if she said ""please, please!"" I would say that back in a super high pitched voice, honestly without even thinking; it became instinct after a while). Sometimes if she was begging me for something (like ""can I have your phone"", and if she doesn't stop asking when I said no, I'd do it). Or if we were arguing, and she yelled at me to ""stop it"" or ""I hate you"", I'd mimic that back. I swear I was a good sister otherwise—we argued a lot, despite our age gap (I'd annoy her, she'd annoy me, she'd invade my personal space, I'd invade hers, she'd hit me, I'd not hit her back obviously but I'd yell at her), but we were good otherwise, and always friendly. I defended her against bullies outside. I was sweet to her, even if sometimes I got annoyed. When it comes to the bullying, I remember she asked me to stop a few times, because it hurt her feelings / she didn't like it (don't remember the exact wording), and I agreed. I try and communicate with her and always tell her that if she doesn't like something, just to tell me. But I'm a hypocrite, bc the next time she annoyed me, I did it again, and whne she got mad I shrugged and said, ""If you annoy me, why can't I annoy you?"" because she was also doing something I'd asked her before to stop doing. I think she sometims didn't care much / just seemed annoyed, but there were enough times that it seemed to genuinely bother her that I can count them. Like she sometimes started bawling after I did it, when she was already pissed at our dad for something (she was, in what I thought was my defense, being annoying, but I shouldn't have done it—ofc she was annoying, she was a *kid*), and she used to get really mad and yell, ""You promised you'd stop!!!"" 

Only 6 months back, I remember genuinely asking her (I forget what prompted this) if the mimicking hurt her feelings. It'd been around a year of me doing this. She first, in a semi-grumpy tone (not genuinely grumpy, I don't think, but lightly grumpy in a way you might be if your sister did something to annoy you) said ""yeah"". I apologized. Later, though, I began to think what if, so I went back and asked her if it felt like bullying. She said yeah. I was shocked. I asked if I was worse than the bully-like girls in our neighborhood. She said sometimes it hurt a little more than that when I was mimicking. She was on her computer and was kind of distracted and speaking kind of brightly, in a way that made me think she wasn't that serious / was exaggerating b/c she didn't care much, but then again, maybe she was talking like that because that's just how she wanted to talk. Idk. The next day I asked again, same sort of thing. She said ""what, do you not believe me?"" because she used to always lie, and I assured her that no, I believed her, but that bullying was serious, it was when you actually hurt someone (idk if I mentioned repeatedly, but I might have), and she said yeah and shrugged. Again, it was a bright and easy sort of tone, but it was put on, yk, like she was trying to be casual, which I think I'm only mentioning because I'm hoping it means she was being casual about it (she didn't sound super hurt) but who am I to say how she feels? Idk how to explain it. As far as I know, I'm just trying to cope by pretending she didn't care. I do think she thinks bullying is just hurting someone's feelings in a serious manner, bc that's how we use the term at home, but that's not far from the actual definition. 

The next day, I remember I sort of started to tear up about it. She looked startled and said something like, ""No, it's okay! Let me actually think"" and this time she began to say that it only hurt worse than one of the girls, sometimes, and when I asked again a couple days later she said I was her sister, so it didn't count. I of course explained that sisters could bully each other, but she just told me to forget it, it was fine, she'd long ago forgiven me, and to stop asking. This kind of kept happening, she seemed annoyed as it went on. I would ask her and she would say yes, I hurt her sometimes, but it wasn't bullying. Sometimes it was clear she was making things up, like if i asked about a specific incident she'd just make some story up to explain why she wasn't actually hurt, but from my memory it was clear she was hurt at the time. A few things stayed the same: I would push and she would admit it hurt her feelings when I mimicked her when we were arguing, but that it was okay, we were sisters, and now that she knew I didn't mean to hurt her it was okay. Sometimes she'd say ""it's not bullying, you're my sister"". Yesterday I asked again. It's been six months and I'm still sort of worried. She said she'd answer truthfully, 100%. She said that it didn't hurt all the time, just when she was already mad about something then it was really annoying, and when we were seriously arguing it felt like I didn't want to hear her opinion when I mimicked her, which I totally get. She said it only ""felt like bullying sometimes when we were already in a serious argument"", which made me realize bullying to her was just when her feelings were more seriously hurt, rather than the actual definition of bullying—but still, it says something that I actually hurt her. she also said it wasn't that big of a deal to her when I mimicked her when she was arguing with our parents or smth, that it just annoyed her, but then why did she cry sometimes or look so mad? 

I apologized and said I just want to know what to do, but in reality I'm realizing now it's unfair for me to keep pestering her. I've asked like 5-6 times, and it's too much. If I did bully her, then she shouldn't have to bear the brunt of my feelings. I apologized again, said that I wouldn't bother her because of the same reasoning I gave you guys, and I'm not going to ask her again. I was just super confused. I've regularly inputted this situation into ChatGPT, and it always says that what I do is bullying because it repeatedly hurt her feelings. I've scoured wikipedia articles and psychology articles on sibling bullying and it says bullying comes in many shapes and forms, but generally there is intent (the only thing I didn't have; I wanted to annoy her, not hurt her), repetition (yes), and a power imbalance (yes, i'm older by 8 years). Yes, we argue a lot, and she did things to hurt or annoy me too, but she rarely hurts my feelings. Sometimes, sure, and especially when she does things like hit me, but that's usually after we're already arguing and I do something that pisses her off or annoys her, or after I tease her. She looks up to me: that's a power imbalance. I even thought that because we were arguing before I hurt her, that's proof that it's not bullying, just an argument, but I read one article that said something like ""mockery in an attempt to express contempt"" and ""teasing in return for doing something that bothers them"" is yet another sign of bullying.

&amp;#x200B;

The only thing confusing me is that i've posted this online a couple times and people generally say that what I did is normal. I just can't seem to see it that way. I've had my best friend say it's normal for siblings to bully each other; I've had people say this sounds like rivalry; I've had people say that siblings toughen each other up for the world. I can sometimes even se this as rivalry, when I consider that we're always arguing and we have a good relationship, and that she's hurt me before too. But why, then, when I put it into ChatGPT does it say I'm bullying her? Sure, they don't get human complexity, but they're looking at the exact definition of bullying. Why do some of my symptoms match what I see on sibling abuse websites? Everything but intent. Yes, rivalry and bullying are close, a thin line sometimes. I can definitely see how siblings do things to each other that they *wouldn't* do at all to peers. I even see those stats online that say up to 80% of siblings abuse each other, though how real can that be? Some just say 30, others 50, others 80. And even if it's normal, it doesn't mean it's okay. I just think if it's normal it's proof I'm not a bad person, but it doesn't change what I did to her. 

&amp;#x200B;

I think I just needed to tell someone that. Somedays I feel like this is normal sibling stuff; surely siblings must regularly do things that piss each other off and make each other angry. Other times I think about how I'm older, how I do more things that hurt her than she does to hurt me, and how I did it so often. Some days I think about what people say. other times I think about what websites say. If someone could clarify, please do—but otherwise I think it's fair to say I'm going to take the blame and move on. She doesn't deserve to be treated like this. I'm going to be better. I'm going to be nicer. She's just a kid.Thanks for listening. Like I said, please clarify if you can, but if not, it was just nice typing this all out. I understand that rivalry and bullying have a thin line between them. I also don't believe bullying toughens people up. I want her to grow up knowing she can be soft around us. But I just need to know if I'm a bully, if she *was* bullied, and what I can do? I also know that I've asked for reassurance a lot, but I'm genuinely so tortured by this. ",
post,Advice,Bullying? Did I hurt her?,https://www.reddit.com/r/Advice/comments/1akkzg5/bullying_did_i_hurt_her/,2024-02-06 13:19:41 PST,1,"Hi guys. I'm honestly kind of confused. Basically, I was about 16 (and my sister 8) when I gained this habit of lightly mimicking her voice in certain situations, like when I thought she was being silly or annoying. My dad does it to us, and it never hurts me, so I guess I picked it up. It wasn't to hurt her; it was really just kind of meant to tease. I guess I was being stupid, not considering how she might feel. Sometimes she'd scream at me or cry about it, but I honestly thought that was because she was annoyed—sometimes I do that too, and she's honestly sort of a drama queen. (Not meant in a rude or disparaging way—I mean it.)  
I did this sometimes if she was arguing with our parents (like if she said ""please, please!"" I would say that back in a super high pitched voice, honestly without even thinking). Sometimes if she was begging me for something (like ""can I have your phone"", and if she doesn't stop asking when I say no, I'd do it). Or if we were arguing, and she yelled at me to ""stop it"" or ""I hate you"", I'd mimic that back. I swear I was a good sister otherwise—we argued a lot, despite our age gap (I'd annoy her, she'd annoy me, she'd invade my personal space, I'd invade hers, she'd hit me, I'd not hit her back obviously but I'd yell at her), but we were good otherwise, and always friendly. I defended her against bullies outside. I was sweet to her, if sometimes I got annoyed. When it comes to the bullying, I remember she once asked me to stop, because it hurt her feelings / she didn't like it (don't remember the exact wording), and I agreed, but the next time she annoyed me, I did it again, and whne she got mad I shrugged and said, ""If you annoy me, why can't I annoy you?"" because she was doing something I'd asked her before to stop doing. I think she usually didn't care much / just seemed annoyed, but there were enough times that it seemed to genuinely bother her that I can count them. Like once she started bawling after I did it, when she was already pissed at our dad for something (she was, in what I thought was my defense, being annoying, but I still shouldn't have done it), and she used to get really mad and yell, ""You promised you'd stop!!!"".  
Only 6 months back, I remember genuinely asking her (I forget what prompted this) if the mimicking hurt her feelings. It'd been around a year of me doing this. She first, in a semi-grumpy tone (not genuinely grumpy, I don't think, but lightly grumpy in a way you might be if your sister did something to annoy you) said ""yeah"". I apologized. Later, though, I began to think what if, so I went back and asked her if it felt like bullying. She said yeah. I was shocked. I asked if I was worse than the bully-like girls in our neighborhood. She said sometimes it felt like that when I was mimicking. The next day I asked again, same sort of thing. I remember I sort of started to tear up. She looked startled and said something like, ""No, it's okay! Let me actually think"" and this time she began to say that it only hurt worse than one of the girls, sometimes, and when I asked again a couple days later she said I was her sister, so it didn't count. I of course explained that sisters could bully each other, but she just told me to forget it, it was fine. This kind of kept happening, she seemed annoyed as it went on. Yesterday I asked again. it's been six months and I'm still sort of worried. She said she'd answer truthfully. She said that it didn't hurt all the time, just when she was already mad about something then it was really annoying, and when we were seriously arguing it felt like I didn't want to hear her opinion when I mimicked her, which I totally get. I apologized every time and said I just want to know what to do, but in reality I'm realizing now it's unfair for me to keep pestering her. I've asked like 5-6 times, and it's too much. If I did bully her, then she shouldn't have to bear the brunt of my feelings. I apologized, said that I wouldn't bother her because of the same reasoning I gave you guys, and I'm not going to ask her again.  
I was just super confused. I've regularly inputted this situation into ChatGPT, and it always says that what I do is bullying because it repeatedly hurt her feelings. I've scoured wikipedia articles and psychology articles on sibling bullying and it says bullying comes in many shapes and forms, but generally there is intent (the only thing I didn't have; I wanted to annoy her, not hurt her), repetition (yes), and a power imbalance (yes, i'm older by 8 years). Yes, we argue a lot, and she did things to hurt or annoy me too, but she rarely hurts my feelings. Sometimes, sure, and especially when she does things like hit me, but that's usually after we're already arguing and I do something that pisses her off or annoys her, or after I tease her. She looks up to me: that's a power imbalance. I even thought that because we were arguing before I hurt her, that's proof that it's not bullying, just an argument, but I read one article that said something like ""mockery in an attempt to express contempt"" and ""teasing in return for doing something that bothers them"" is yet another sign of bullying.   
The only thing confusing me is that i've posted this online a couple times and people generally say that what I did is normal. I just can't seem to see it that way. I've had my best friend say it's normal for siblings to bully each other; I've had people say this sounds like rivalry; I've had people say that siblings toughen each other up for the world. But why, then, when I put it into ChatGPT does it say I'm bullying her? Sure, they don't get human complexity, but they're looking at the exact definition of bullying. Why, then, do some of my symptoms match what I see on sibling abuse websites? Everything but intent.   
I think I just needed to tell someone that. Somedays I feel like this is normal sibling stuff; surely siblings must regularly do things that piss each other off and make each other angry. Other times I think about how I'm older, how I do more things that hurt her than she does to hurt me, and how I did it so often. Some days I think about what people say. other times I think about what websites say. If someone could clarify, please do—but otherwise I think it's fair to say I'm going to take the blame and move on. She doesn't deserve to be treated like this. I'm going to be better. I'm going to be nicer. She's just a kid.   
Thanks for listening. Like I said, please clarify if you can, but if not, it was just nice typing this all out. What should I do? Am I a bully? What should I do next if I am?",
post,askatherapist,Am I a bad person? Did I bully her?,https://www.reddit.com/r/askatherapist/comments/1akkyzm/am_i_a_bad_person_did_i_bully_her/,2024-02-06 13:19:07 PST,1,"Hi guys. I'm honestly kind of confused. Basically, I was about 16 (and my sister 8) when I gained this habit of lightly mimicking her voice in certain situations, like when I thought she was being silly or annoying. My dad does it to us, and it never hurts me, so I guess I picked it up. It wasn't to hurt her; it was really just kind of meant to tease. I guess I was being stupid, not considering how she might feel. Sometimes she'd scream at me or cry about it, but I honestly thought that was because she was annoyed—sometimes I do that too, and she's honestly sort of a drama queen. (Not meant in a rude or disparaging way—I mean it.)  
I did this sometimes if she was arguing with our parents (like if she said ""please, please!"" I would say that back in a super high pitched voice, honestly without even thinking). Sometimes if she was begging me for something (like ""can I have your phone"", and if she doesn't stop asking when I say no, I'd do it). Or if we were arguing, and she yelled at me to ""stop it"" or ""I hate you"", I'd mimic that back. I swear I was a good sister otherwise—we argued a lot, despite our age gap (I'd annoy her, she'd annoy me, she'd invade my personal space, I'd invade hers, she'd hit me, I'd not hit her back obviously but I'd yell at her), but we were good otherwise, and always friendly. I defended her against bullies outside. I was sweet to her, if sometimes I got annoyed. When it comes to the bullying, I remember she once asked me to stop, because it hurt her feelings / she didn't like it (don't remember the exact wording), and I agreed, but the next time she annoyed me, I did it again, and whne she got mad I shrugged and said, ""If you annoy me, why can't I annoy you?"" because she was doing something I'd asked her before to stop doing. I think she usually didn't care much / just seemed annoyed, but there were enough times that it seemed to genuinely bother her that I can count them. Like once she started bawling after I did it, when she was already pissed at our dad for something (she was, in what I thought was my defense, being annoying, but I still shouldn't have done it), and she used to get really mad and yell, ""You promised you'd stop!!!"".  
Only 6 months back, I remember genuinely asking her (I forget what prompted this) if the mimicking hurt her feelings. It'd been around a year of me doing this. She first, in a semi-grumpy tone (not genuinely grumpy, I don't think, but lightly grumpy in a way you might be if your sister did something to annoy you) said ""yeah"". I apologized. Later, though, I began to think what if, so I went back and asked her if it felt like bullying. She said yeah. I was shocked. I asked if I was worse than the bully-like girls in our neighborhood. She said sometimes it felt like that when I was mimicking. The next day I asked again, same sort of thing. I remember I sort of started to tear up. She looked startled and said something like, ""No, it's okay! Let me actually think"" and this time she began to say that it only hurt worse than one of the girls, sometimes, and when I asked again a couple days later she said I was her sister, so it didn't count. I of course explained that sisters could bully each other, but she just told me to forget it, it was fine. This kind of kept happening, she seemed annoyed as it went on. Yesterday I asked again. it's been six months and I'm still sort of worried. She said she'd answer truthfully. She said that it didn't hurt all the time, just when she was already mad about something then it was really annoying, and when we were seriously arguing it felt like I didn't want to hear her opinion when I mimicked her, which I totally get. I apologized every time and said I just want to know what to do, but in reality I'm realizing now it's unfair for me to keep pestering her. I've asked like 5-6 times, and it's too much. If I did bully her, then she shouldn't have to bear the brunt of my feelings. I apologized, said that I wouldn't bother her because of the same reasoning I gave you guys, and I'm not going to ask her again.  
I was just super confused. I've regularly inputted this situation into ChatGPT, and it always says that what I do is bullying because it repeatedly hurt her feelings. I've scoured wikipedia articles and psychology articles on sibling bullying and it says bullying comes in many shapes and forms, but generally there is intent (the only thing I didn't have; I wanted to annoy her, not hurt her), repetition (yes), and a power imbalance (yes, i'm older by 8 years). Yes, we argue a lot, and she did things to hurt or annoy me too, but she rarely hurts my feelings. Sometimes, sure, and especially when she does things like hit me, but that's usually after we're already arguing and I do something that pisses her off or annoys her, or after I tease her. She looks up to me: that's a power imbalance. I even thought that because we were arguing before I hurt her, that's proof that it's not bullying, just an argument, but I read one article that said something like ""mockery in an attempt to express contempt"" and ""teasing in return for doing something that bothers them"" is yet another sign of bullying.   
The only thing confusing me is that i've posted this online a couple times and people generally say that what I did is normal. I just can't seem to see it that way. I've had my best friend say it's normal for siblings to bully each other; I've had people say this sounds like rivalry; I've had people say that siblings toughen each other up for the world. But why, then, when I put it into ChatGPT does it say I'm bullying her? Sure, they don't get human complexity, but they're looking at the exact definition of bullying. Why, then, do some of my symptoms match what I see on sibling abuse websites? Everything but intent.   
I think I just needed to tell someone that. Somedays I feel like this is normal sibling stuff; surely siblings must regularly do things that piss each other off and make each other angry. Other times I think about how I'm older, how I do more things that hurt her than she does to hurt me, and how I did it so often. Some days I think about what people say. other times I think about what websites say. If someone could clarify, please do—but otherwise I think it's fair to say I'm going to take the blame and move on. She doesn't deserve to be treated like this. I'm going to be better. I'm going to be nicer. She's just a kid.   
Thanks for listening. Like I said, please clarify if you can, but if not, it was just nice typing this all out. I understand that rivalry and bullying have a thin line between them. I also don't believe bullying toughens people up. I want her to grow up knowing she can be soft around us. But I just need to know if I'm a bully, if she *was* bullied, and what I can do? ",
post,psychologystudents,Siblings and self esteem,https://www.reddit.com/r/psychologystudents/comments/1ajfric/siblings_and_self_esteem/,2024-02-05 04:51:29 PST,1,"Hey, I’m running a study investigating the effects of sibling bullying and relationships on self esteem- will be eternally grateful for anyone who does my study will only take 5 mins 🙏🏼🙏🏼🙏🏼",https://run.pavlovia.org/pavlovia/survey-2024.1.0/?surveyId=a6ffd6b9-bfb9-4be5-bd91-fbb6cf0540c4
post,RealEventOCD,What do I do when my worst fears come true?,https://www.reddit.com/r/RealEventOCD/comments/1aij5cz/what_do_i_do_when_my_worst_fears_come_true/,2024-02-04 00:24:51 PST,1,"Hi guys. I’ve recently been quite afraid about sibling bullying. For short sometimes I’d mimic my sisters voice when she was being annoying—annoying to me, or annoying in general. Thought it was okay, bc though she asked me to stop, it never seemed that bothersome. I would keep doing it though she’d yell at me to stop, bc I thought it was just annoying her rather than hurting her feelings. Even thought it was funny at times.
Recently she told me it hurt her. I stopped, but it’s clear to me this is bullying. Searched it up on Wikipedia and got that “ridicule as a way to express contempt”, when it happens from one person continuously, when that person has power over the other (I’m older), is psychological abuse. The only thing I didn’t have is intent to harm, but really, she couldn’t have known that. From her POV I was disregarding her feelings and bullying her.
Everyone I’ve talked to (check recent posts) says it’s normal. But I even checked on ChatGPT. I tried inputting in some situations and generally everyone else’s rivalry was just rivalry, and mine kept coming out as abuse. Even when I asked why my sister hit me, it answered it likely wasn’t abuse because she didn’t understand. I even had one person tell me it was bullying.
Idk what to do. How do I deal with this? I feel like shit. Idk who to believe. Objectively it seems to me this has to be bullying. Idk why other people are convinced it isn’t, but I think they may just be saying things to calm me down. So now what? I’m drowning in guilt. Deserved guilt, but guilt nonetheless. What do you guys think? This one sided hateful behavior—it has to be bullying, right? I just need the truth. And what to do next.",
post,OCD,What to do when your worst fears come true?,https://www.reddit.com/r/OCD/comments/1aij4tw/what_to_do_when_your_worst_fears_come_true/,2024-02-04 00:23:49 PST,1,"Hi guys. I’ve recently been quite afraid about sibling bullying. For short sometimes I’d mimic my sisters voice when she was being annoying—annoying to me, or annoying in general. Thought it was okay, bc though she asked me to stop, it never seemed that bothersome. I would keep doing it though she’d yell at me to stop, bc I thought it was just annoying her rather than hurting her feelings. Even thought it was funny at times.
Recently she told me it hurt her. I stopped, but it’s clear to me this is bullying. Searched it up on Wikipedia and got that “ridicule as a way to express contempt”, when it happens from one person continuously, when that person has power over the other (I’m older), is psychological abuse. The only thing I didn’t have is intent to harm, but really, she couldn’t have known that. From her POV I was disregarding her feelings and bullying her.
Everyone I’ve talked to (check recent posts) says it’s normal. But I even checked on ChatGPT. I tried inputting in some situations and generally everyone else’s rivalry was just rivalry, and mine kept coming out as abuse. Even when I asked why my sister hit me, it answered it likely wasn’t abuse because she didn’t understand. I even had one person tell me it was bullying.
Idk what to do. How do I deal with this? I feel like shit. Idk who to believe. Objectively it seems to me this has to be bullying. Idk why other people are convinced it isn’t, but I think they may just be saying things to calm me down. So now what? I’m drowning in guilt. Deserved guilt, but guilt nonetheless.",
post,reactivedogs,Bonded littermate has started attacking her sister at 5 y/o,https://www.reddit.com/r/reactivedogs/comments/19ennw3/bonded_littermate_has_started_attacking_her/,2024-01-24 10:39:41 PST,1,"Tl;dr: Littermate has started attacking her bonded sibling at age 5. Could be littermate syndrome but could be rage syndrome. Last time I got in the middle and was bit. Is it better to rehome or keep pushing? What do we do next?  


  
At a loss for what to do.  
Our GSD/Collie-mix girls were adopted to us as bonded littermates. They love each other deeply, sleep cuddling together, worry when the other isn't around. We had these girls for two years without issue, and they had no prior aggression history.  
Then in the last year Selkie has started attacking her sister Puca. She's a very timid, cuddly, couch potato of a dog normally. When she attacks its like her eyes glaze over and she is no longer ""present."" It's vicious and prolonged. She breaks skin. If we weren't there to intervene we think she would do very serious damage. These attacks sometimes coincide with overstimulation, but often have no lead up or warning at all.  
(I should mention Puca has also started these fights a few times, but she doesn't go vicious the way Selkie does. Puca's is more akin to sibling bullying \[tackling and jumping without knowing when to stop\], whereas Selkie actually goes for serious pain.)  
We took Selkie to the vet who thinks it might be rage syndrome based on the no-warning behavior switch, but the other clear possibility we see is littermate syndrome. Its just weird that it would start as adults.  
We started Selkie on daily gabapentin. Started walking them seperately, only letting them outside seperately, and keeping them in seperate parts of the house for large portions of the day. For a while things seemed to be getting better. Selkie was still starting shit, but a quick grab now pulled her out of it, whereas before she had to be dragged off, restrained, and calmed.  
Then a few days ago we were having a calm night when Selkie lunged at her sister again. When I pulled her off she kept going and chomped onto my arm. No blood, but there's two puncture marks and a big bruise. I don't know if she intended to bite me or if I just got caught in the crossfires, but she kept snapping and trying to pull away from me. I had to put my body weight on her and shove her head down onto the floor until she calmed down long enough I could get her in a room and shut the door. And she was still low growling even at that point.  
We have a converted shed in the back that my husband uses as a music space. Right now thats where Selkie lives until we get her a new muzzle (she learned to take off her old one).  
My husband wont ever give up on Selkie, but since I was bit he's left it to me what happens next. We got them from a last home rescue, and if we did rehome Selkie she would go back to the same rescue. The girls actually were fostered the owner of the rescue, and I know she has a particular soft spot for them and their wellbeing. I still send her pictures of them sometimes. And we could always surrender Selkie, but offer to foster until they've found the right home for her.  
I'm trying to focus on what's best for both girls.  
I just don't know what quality of life they'll have apart. Even when she's just been attacked, Puca mopes and leads us to her sister when they're seperated. Neither has slept well since they've been split up. And when we let Puca outside she goes straight to Selkie's door.   
If we give up Selkie we imagine both dogs going through a deep depression - possibly always carrying that dark cloud over them. But together feels like a big tragedy waiting to happen.  
This could just be littermate syndrome. We have another dog and a cat and neither of them have ever been the target. Its always poor Puca who takes the brunt of all this. And she doesn't seem to rage out if Puca isn't there. So far anyway. If this is actually just littermate syndrome, I worry we're doing a disservice by keeping the girls together.   
But if it IS rage syndrome then I worry about putting a dangerous dog out onto another family, and that she might start attacking people at some point. I worry that we're putting an inevitable BE on someone else. I also feel like my husband has a rare patience and capacity for Selkie's behavior. He's the guy that will stand by her and add all the extra routines to his day while she tries different epileptic medications until we find the one that works. He doesn't want to split the family. He wants to keep trying and making this work.  
What would you do in my shoes?",
post,relationship_advice,"I (24F) still love my family and siblings (31M, 29F, 22M) but can't escape childhood isolation and torment causing wheeping fits during the holidays. How do I ask for consideration as a valued family member and escape ""victim complex"" label?",https://www.reddit.com/r/relationship_advice/comments/19c9qtu/i_24f_still_love_my_family_and_siblings_31m_29f/,2024-01-21 10:18:05 PST,1,"My parents (middle age, heterosexual married couple), 3 siblings and I were as close as a family unit could be growing up: frequent family vacations/outings, card/board game nights, movie theater viewings, even family grocery store trips. The eldest, Mike (31M, fake name), usually stayed out of the sibling rivalries, bickering, and general emotional drama both then and now. My other two siblings Patricia (29F) and Dan (22M) (fake names) were usually the counterpart of my complaints or distress.   
Without going into specific detail (I could write a book of unpleasant anecdotes when I was a kid) we all have different combinations of neuro-divergencies: depression, anxiety, ADD, dyslexia, personality disorders, etc. Mostly these have since been addressed/in the process of being addressed but growing up my siblings and I didn't know or understand my social anxiety disorder and panic attacks. This all to say I love my siblings and have many pleasant memories of them from childhood. They are not bad people but I do think a fair amount of emotional manipulation and victim blaming was directed at me from Patricia and Dan.  
  
In particular, Patricia and I have always had a difficult time relating to each other. In many ways we are opposites, she likes adventure I'm a homebody, I struggle with self-worth she is very self-assured boarding on overbearing, she thrives in competition I prefer co-operation. Patricia's personality is more similar to my mom's and Dan's which often made me feel isolated from the women in my family as well as my sibling closest in age. This was exacerbated by my dad and Mike (whose personalities are similar to mine) being very introverted and quicker to accommodate when my mom, Dan, and Patricia are being combative.   
  
I really struggled with this isolation and partly took it out on Patricia and Dan, whose closeness often made me jealous and resentful. To be fair to myself, as a middle-child, my poor behavior was usually addressed directly and more harshly than my other siblings. Situations where I was intentionally provoked or excluded by Patricia and Dan were common; often ending in me getting in trouble for making a big deal of things or being over dramatic. I was also very loud with a high-pitched voice (still am if very upset) which didn’t help my cries for justice).  
  
I know from how much self-pity I could give myself that I am not completely over my childhood. I still feel my family (and Patricia in particular) are quick to hold me accountable for my mistakes (which I work hard to take responsibility for) but are dismissive and minimize or even deny my feelings and experiences. During the past holiday season, I tried to accept my sibling for who they are now and focus on respecting myself enough to ask my feelings and needs are treated with the same grace as a valued adult and family member. Yet I still couldn’t get away from the perception by my family as a whinny, over-sensitive girl who always plays the victim.  
How do I salvage my family relationships without invalidating my emotions and experiences? Am I still holding onto past resentments over my family’s treatment of me? Any other stories of middle children as adults finding a way to re-establish and redefine their place in their family would be greatly appreciated. I am not fishing for sympathy or pity (even if I do revel in the validation too much) but actionable advice and strategies please.  
  
TLDR; Middle child struggles with un-acknowledged childhood isolation and sibling bullying as she tries to ask her family to appreciate and respect who she is now.  
",
post,ADHD,Sibling name calling,https://www.reddit.com/r/ADHD/comments/196qlmb/sibling_name_calling/,2024-01-14 13:21:14 PST,0,"Sibling bullying

Is there anything I can do to get my ADHD/ODD son (11 yo) to stop calling his brother (10 yo) fat? He’s not fat but he is stocky. This has been going on for years. The 10 yo hates it and recently reacted physically to his brother. It’s almost always said when other friends are around them. I also recently heard one of the friends call him fat for no reason.  TIA for any advice",
post,ADHD,Sibling bullying,https://www.reddit.com/r/ADHD/comments/196omv2/sibling_bullying/,2024-01-14 11:59:48 PST,1,[removed],
post,screenshots,Risk factors of sibling bullying,https://www.reddit.com/r/screenshots/comments/18qhk9a/risk_factors_of_sibling_bullying/,2023-12-25 04:13:58 PST,1,[removed],https://i.redd.it/719mmby8nf8c1.jpeg
post,clips,there is no sibling bullying,https://www.reddit.com/r/clips/comments/18q69cz/there_is_no_sibling_bullying/,2023-12-24 15:15:07 PST,1,,https://clips.twitch.tv/TallAdorableCaribouBuddhaBar-ehu7NhtsPDYFam-C
post,AmItheAsshole,AITA for not believing my oldest about sibling bullying?,https://www.reddit.com/r/AmItheAsshole/comments/18of4ul/aita_for_not_believing_my_oldest_about_sibling/,2023-12-22 05:38:59 PST,2,"I have two girls, 15f and 12f. 

Charlotte, 15, has never initiated to do anything nice for her little sister Colette since they were young.
On the other hand, Colette has always drawn cards and gave gifts to Charlotte.
I must admit that Colette has also pestered Charlotte and stole snd damaged her stationery.

I have asked Colette to stop when i see those, things but Colette hasnt really stopped. 

Since mid 2022, the girls have been taking the bus home together. They were 14 and 11.

Mid 2023 Charlotte wrote her dad an email claiming that Colette has been torturing her at the bus stop. 

What she claimed included pushing, name calling like rubbish, useless, comparing her to smart and talented little kids at school, making her carry her violin, snatching her phone and play with it while ordering her to watch the bus, etc.

Colette was hurt and confused when she knew about the letter.

From what i know though, Charlotte is the bully. She has always gossiped about Colette at school. She tells her friends the bad things Colette does to her. One of them is a common friend.

Charlotte now goes home separately with Colette. I think this is bullying and at least mean.

Once Charlotte even deliberately got off at another stop so she doesnt need to walk with Colette. I think thats misusing of her keys so I took them away as punishment.

She claims that Colette shouts at her and insult her while they walk.

Colette is sometimes rude to Charlotte but thats her consequdnce for being so unwilling to interact with her little sister as kids when she hasnt done anything.

Charlotte complains about Colette unnecessarily. The bathroom Colette uses is at the corridor outside Charlottes room, so when Charlotte goes to bed first, Colette opens the light of the corridor to use the toilet. Otherwise it would be too dark.

Charlotte calls her selfish for that since apparently i would call her out if the roles were reversed. She is just not happy that i call her selfish since she really is.

Colette would also sing loudly at home but its tolerable. Charlotte complains about that too.

Colette scolds Charlotte a,lot about everything, but most of the times i agree with her. The times that i dont its normal sibling quarrel, but i still ask Colette to stop.

AITA?",
post,CPTSD,Took A Long Time to Find My Wound // Sibling Bullying,https://www.reddit.com/r/CPTSD/comments/18huo9w/took_a_long_time_to_find_my_wound_sibling_bullying/,2023-12-13 15:37:26 PST,1,"I've been reading this forum for the past \~18 months or so, and finally reached a point in my own personal healing/recovery where I feel comfortable sharing something of my own. (up until now I have strictly searched/read/absorbed, but have deep embarrassment/shame issues sharing most anywhere...social media, forums, discussion boards, etc.) This is the first place I look for every which issue related to my trauma that I wonder if anyone else has experienced, and if any part of my journey can do the same for someone else, I want to pay it forward. 

I recently discovered a long history of trauma and neglect in my family, much of which centered around sibling bullying. This was covered up and normalized throughout my life as boys being boys, though it included physical violence, insults, denigration, manipulation, and gaslighting. But one of the hardest parts for me was that this was mostly erased from my memory - I can't remember most of my life before I was 12 outside of little clips, and it feels like my brother has been cropped out of every scene. I knew he bullied me and teased me as a generic topic, but I fragmented those parts of my memories so it never felt like it had really affected me. I felt safe and ""normal"" and never really talked about it or processed it. 

Fast forward 30 years, and all kinds of symptoms started coming up that I couldn't deny any longer, especially after the birth of my first son. Depression, dissociation, trouble concentrating, nightmares, moodiness, hypervigilance, inability to trust, feeling like no one knows me, feeling like I've been performing my whole life and not really in touch with who I really am. I started to go to therapy but even though the live issues were pretty clear, I didn't have much of a narrative on why or what happened. 

It took me about 24 months of family tree research and conversations to start to understand, but I was still circling around parental neglect (sort of benign - leaving me by myself whenever I cried as a baby, only rewarding behavior that was calm, not needy, independent, not struggling, not emoting). My parents were co-dependent and my Dad had ongoing mental health problems. But I remained stuck in kind of an intellectualization mode - I wanted this to make sense of my issues, but it didn't really feel like a full explanation and this inflamed my feelings of invalidation, like I was exaggerating or making too big a deal of it. I knew I needed to start to 'feel' more instead of only think and analyze, and I tried to kind of bulldoze it in meditation or therapy, but the healing work can't really be forced in this way. 

My trauma-informed therapist helped guide me to focus on safety and self-care first and foremost, and not trying to resolve or beat myself up for my symptoms and lack of progress. After a few months of this, I felt compelled to start digging around whatever mementos, pictures, and documents from my childhood that still existed. My mom still had a few boxes of stuff from K-5th grade. I had already asked both my parents what they remembered about the bullying, and they said my brother (4 years older than me) was always mean, but never physical or ""abusive"". They couldn't really remember what he said, and they spent a ton of time at work, so I was alone with him at home or with a nanny pretty regularly. 

Then I came across journals from school starting at 4.5 yrs old. Every one had one or two entries about my brother terrorizing me. The first one had a drawing of a big dark black giant chasing me, and below it I wrote, ""this is my brother chasing me, hitting me, kicking me, lying on me, sitting on me, hurting me!!!!"". There was another entry like this in every year I could find through 4th grade. One detailed how I had to sneak past his door at home because every time he saw me, he would chase me and hit me. 

I showed my parents a couple of these, and their immediate response was ""oh that was only one page,   that doesn't mean it happened again."" I asked my brother about it - not the actual journal, I just asked if he remembered ever being physically violent with me, at all - and he said he has no recollection of that. He just remembered ""that he was in an incredible amount of pain/shame at home, and he remembers it felt better when he made me share in it"". He recollected that he often tried to act friendly or bring me close to him, but then rug pull me somehow - demeaning words, contempt, mockery, etc. But he denies any physicality, even though this was all recorded in my journals when he was 8-12 years old. Which is not to say it requires physical violence to be meaningful - it was just clearer and clearer to me that there was a kind of family-wide denial, minimization and cover-up of what really happened between us. 

I still can't find any of the actual memories, they might be gone forever. But finding out more about what really happened has unlocked such immense grief for me that I could not access until now. It's like a kind of resonance about what it is that I'm carrying so much pain about. I can kind of remember specific types of feelings that I know must have happened, even though I can't attach any scene or imagery. I can associate my ongoing fear and catastrophizing with a feeling of terror looking over my shoulder at home. I can feel sort of a stake through my heart around being tricked into a situation of trust, only to have it turned on me again and again. I can remember a feeling of just wanting to be liked and accepted but thinking I'm just not good enough, too fat, too dumb, too sensitive, that it was all my fault. 

I wanted to share this because it was such a mind-warp to go through my whole life never really having a picture of the truth and severity of what happened, like everyone just forgot it. Childhood abuse already comes with such a melange of fear, denial, and guilt, and it is so much harder when the story you have heard from your family does not match up with your feelings. I suspect that sibling abuse may often be invisible in this way, because the parents do not want to see it or accept the severity of it and the sibling is just a kid too when it is happening. I consider myself very lucky to have found enough evidence to piece together what really happened in my childhood, but if anyone else out there has a loose recollection of a sibling bully, like you weren't close and you hated each other but otherwise it wasn't a big deal, keep looking inward and trusting your feelings. If something about your family story still doesn't line up, try not to blame or distrust yourself. 

When I finally started to talk about what hurt in this context, then all the tears finally started to come in therapy. They still come now when I feel into it. It feels like sound waves matching up when you are tuning a guitar string....when I could finally tell the story that was mine, my emotions could fully validate the truth of it. In my case, it took a few years of searching to figure it out with all the family denial and my own memory loss. I'm hopeful that I can keep processing more of the pain and trust in it even if I never get back the memories. 

&amp;#x200B;",
post,GriefSupport,"Sibling bullying/emotional abuse, inheritance issues -- need help/advice",https://www.reddit.com/r/GriefSupport/comments/183r8sk/sibling_bullyingemotional_abuse_inheritance/,2023-11-25 11:21:02 PST,1,"Need some advice and not sure if this subreddit is the correct place for it.

I have endured years of verbal and emotional torment and abuse from my older sister to the point where my physical and mental health are being severely affected. Now that both of our parents are gone - dad passed away several months ago - it has gotten worse. She treats me like her personal servant, screams at, berates, belittles and insults me every chance she gets. If she does not get her way or anyone dares challenge or disagree with her in the slightest, she flies into a rage and is extremely verbally abusive.

She is now putting extreme pressure on me to sell her my share of the house so she can fix it up, lease it out and make money off of it. She's consulted a lawyer and is saying the lawyer told her all sorts of things and that I need to make a decision within the next six months.

This on top of the house she already owns here that was purchased with financial help from our dad, plus a rental she currently lives in and a $500K-plus home she wants to buy in another city where she currently works. She has also been spending a lot of money on household items, an expensive bathroom remodel for her home here and is looking at purchasing an expensive car that was gifted to her by a former fiancé who now wants it back because the title is in his name. Basically, I think she is spending a lot of of what she inherited plus her own money and wants more, thus the extreme pressure on me.

My older brother is not supportive, wants no part of it and says I need to find my own place in order to find peace and be free of my sister. We are all trustees on the house, but he is declining his share for it to be divided between me and my sister. He claims this house is ""too much house"" for me and that I need to move on and that my parents are not coming back - I KNOW that - therefore it should be sold.

Problem is I cannot find a place that's affordable and comparable to this one in terms of lot size - I like the space and having a lot of room for my dogs - as well as neighborhood safety. This house needs a lot of work - much cosmetic and some structural - but the lot size is great, the neighborhood is very safe and in a good location and I really like my neighbors. I don't want to leave for those reasons plus the fact that this is where my mom and dad lived and is the only place at this time where I feel some measure of peace and comfort. They're no longer here, but it helps me to be where they lived and be around their things that are still in the house.

Any house I could afford would be either a long distance away or in an unsafe neighborhood. My brither is telling me with my inheritance and even a part-time job, I would be able to afford something much more expensive, but I do not think so. I wouldn't want to trade down for something smaller and ***more*** expensive than be able to stay where I am for less. Problem is my brither says my sister likely will not let me buy her out and will put up every roadbloack imaginable. Yet she thinks it is ok to pressure, bully and threaten me into doing so when she's already got two places to live and is trying to get a third. How and why she needs to own a fourth place is beyond me. She is just selfish and greedy.

I do not know what to do and it is greatly upsetting me on too of the immense grief I already am dealing with. ",
post,TrueOffMyChest,I hate my brother and never want to see him again,https://www.reddit.com/r/TrueOffMyChest/comments/17u3aow/i_hate_my_brother_and_never_want_to_see_him_again/,2023-11-12 20:56:59 PST,1,"So this is weird to write, and I hope it doesn't go against this group rules to post but here goes. 
(Using phone to type this so typos and sentence structures may be bad) 

TW:SA of a minor


I (24f) am the youngest sibling of 4. The brother I am writing about is 6 years older than me. Growing up I was always terrified of him. He would lash out, use his strength as an advantage over me and of course I was the youngest sibling so just easy bait and a live in punching bag. It wasn't normal sibling bullying behavior that could be laughed at in the future.

In 2010 he S.A me, I was terrified to the point where I was screaming. I knew it was wrong at the age of either 10 or 11. My dad came in to the lounge and said 'stop' and that was it. That night I slept in the bed with my dad because I didn't want to share a room with the brother after that happened. 

In 2012 he moved to a different country and I shed no tears for him leaving, I didnt know when the next time I would see him and that was a relief. 

In 2014/15 I had to go to a psychiatrist due to very low mood and suicidal thoughts and an attempt.  I hesitantly told them what had happend,  and due to the nature and my age, they had to tell my mother.

November 2023, my sister told me on my lunch break at work that he is getting deported from the country he has been living in for the past 11/12 years. I cried. Full ugly cry at work as soon as I heard her speak those dreaded words. 

I had booked flights up to my home city to visit grandparents before they move back overseas to live the rest of their lives, before I knew of the dreaded brother coming back. Turns out, he lands the exact day that I do, and will be around the family I will be visiting. It's possible he will move to where my dad is in my current city and it scared me to my core.

So in a roundabout way I am having to deal with the fact that after 12ish short years, I will have to see him again. I'm terrifies me. I don't know if he knows what he has done. 
I spent years victim blaming myself 'he was just a teenager, he didn't mean to, it was my fault, I shouldn't have been laying on the couch around him' but as time went I realized I was only 10 or 11, there was no way of me predicting that would happen, and no way to avoid it. He was/is just a filthy person to the core.

I hate him and never want to see him again, but next week I have to. 

If you read all of that, I'm very sorry about the poor grammar and sentences. Just needed to get it off my chest. 
There's a lot more info but that's pretty much a small snippet of it.",
post,SuperDaddyClub,The Unseen Impact: Sibling Bullying and Its Long-Term Consequences,https://www.reddit.com/r/SuperDaddyClub/comments/17ka8dj/the_unseen_impact_sibling_bullying_and_its/,2023-10-30 19:04:15 PDT,1,"Our latest video sheds light on a pressing issue often overshadowed by other forms of bullying: sibling rivalry. Delve into the profound emotional and psychological repercussions faced by children who are targets of bullying by their own siblings. Discover how these early traumas can predispose them to a myriad of challenges in their teenage years, from substance abuse to increased vulnerability to external bullying and even suicide. Join us in our episode with Barbara Coloroso in understanding, addressing, and preventing this hidden crisis.",https://v.redd.it/8qk18wq94gxb1
post,Epilepsy,clumsiness and forgetfulness related to Epilepsy?,https://www.reddit.com/r/Epilepsy/comments/176qgu8/clumsiness_and_forgetfulness_related_to_epilepsy/,2023-10-12 21:32:21 PDT,1,"Are any of yall more clumsy/forgetful than the average bear?

☆ funfacts ☆: I am diagnosed with JME and also ADHD. So to be real, my memory is just shit in general. I wanna say my short term memory and gentle forgetfulness is due to my ADHD. But ima blame the lapses and giant gaps in my memory on the epilepsy. In addition to spacing out, i have absence seizures- and tbh i have a hard time differentiating between the two. If it feels like a time jump, i know it was absence. (any tips on that would be helpful but idk) Ive also been diagnosed with cataplexy, which is unrelated to my epilepsy diagnosis (probably). If you dont already know, its a type of narcolepsy that brings about brief bouts of muscle weakness or paralysis (google def). For me, whenever i laugh really hard or have a strong emotion,  its like.. really weird? idk how to explain it. just kinda feels difficult to stand or hold something. feels a lot like my jerks, but weirder somehow.

Its just been frustrating lately. I started a new job and ive been working for a little over a month- its a food place. And Im great at dropping things lol. 
Im also forgetful, so it takes me a min to learn how to do things the correct way. Once I do, im super fast at everything and know it to a T- im great at training others. Even outside of work, i feel i am gently teased about my forgetfulness, clumsiness, and just general goofiness. I handle it the best i can, laughing it off when i drop something 3 times in a row- or bumping into people multiple times...
but idk tonight i felt just annoyed and sick of it. Toward the end of the day. Its frustrating because the majority of people i work with dont have super great english, and most communicate in Spanish. So yay, im learning a lot of spanish lol; but, as with anyone who has been surrounded by people who dont speak your native language, it is frustrating when i cant properly communicate my feelings, and not be able to understand what communication is happening overall. 

Dont get me wrong, i really love this job! Its really easy, enough pay for now, and i love my coworkers..AND theyre accommodating of my schedule..

but it tires me out being teased everyday...and my whole life actually. I am teased for my neurodivergence, i am teased for my dorkiness, and i am teased over things i cant control- specifically dropping things, tripping/almost tripping/bad balance, and looking like an idiot in general. (i know its just my perception, but still, just ranting) 

I know why people treat me like an airhead- i kind of am. But a lot of the time when I look like im spacing out, im trying to think. And then sometimes when im trying to think, i stare in the same spot and freeze. And im convinced i sometimes have an absence seizure during those moments because people look at me like ive been doing it for 20 min (exaggerating). And then, again, just patronizing me by trying to figure out the thing im trying to figure out- doing over the 30 things i ALREADY tried. And again, that whole type of situation has been happening my whole life.
My seizures onset when i was about 14/15. I definitely feel i had a less difficult time with the clumsiness and ""silly"" forgetfulness when i was much younger. 
And its like... i realize that people dont actually understand or consider that its frustrating. It would be funny if i only did it everyonce in a while, drop things and completely forget things, but its everyday all of the time. With my forgetfulness, i had a friend one time get extremely upset because she's either had to repeat things or id just completely and utterly forgotten things about her personal life and such. It made me sad, because i zero memory of it. usually, if someone reminds me of the thing, ill remember it! so wheneber someone comes at me with that typw of thing, i am always so confused. When? where? how did it happen??? i was there???

I also understand that i have a lot of...trauma?.. About feeling stupid or made to feel stupid. Besides ""normal"" sibling bullying, i often get treated like a fuckin idiot or a ""good"". I stg, multiple times throughout my life ive heard words like ""wow, youre actually really smart!"" (cause i really am, honors English and science, advanced math, graduated early). And its just... patronizing. I have had 2 grown ass adults (1 teacher, 1 boss), on completely separate occassions, call me, ""dinky"" wetf that means.

So everytime i drop my phone 6 times, drop a metal pan 3 times in a day, or accidentally switch up an order or a task, i just feel like a big ol dumb dumb, but especially when someone tries to meet me with empathy...sympathy? about it. All the feelings just rush in. Id rather have someone laugh at me then be gentle to me about it. idk why, but it just makes me want to cry. 

I am smart, i am capable, i am dependable- but it never feels like i am seen this way. Except for my parents i guess, bless their hearts.

ok rant over i guess..


TLDR; Being clumsy and forgetful makes me feel like a fuckin idiot and patronized. *feel* being the key word here.",
post,BPDlovedones,"What ""growth edges"" do you see in yourself? or in other people in your life, after learning all about BPD and/or abuse?",https://www.reddit.com/r/BPDlovedones/comments/16a1hta/what_growth_edges_do_you_see_in_yourself_or_in/,2023-09-04 12:30:44 PDT,1,"After learning so much about BPD, abuse, ADHD, etc---I see certain less than ideal things to work on in myself, as well as less than ideal patterns in my extended family (which I didn't see before).

In myself, I want to keep working on

\-Listening to what people tell me about who they are, rather than trying to change them or convince them of my perspective. Make it safe for them to really tell me about their preferences (cuz folks w BPD will aim to please, and cover up their true self). I can get into debate mode if something scares me and (for example) explain why Polyamory sucks as opposed making it safe for someone to tell me they like it (ie I want to hear things that scare me---instead of wishful thinking about someone..SO i can leave sooner)

\-not fearing conflict. Be less accommodating sometimes to see how people react. Be willing to cut and run if they react poorly.

\-build more excitement in my life outside of relationship, and more female friendships (I am female).

\-keep working on knowing I am really loveable. Slaying those old hidden dragons from childhood about low worth (fatherhood wound, sibling bullying, exclusion). Owning that I am a great loving partner.

\-speaking ALL of my needs early in relationship including those which conflict, to see how the person reacts. Speaking boundaries early when hurt--not letting things go out of fear of loss. Speaking truth, not covering up abusive behaviours.

I also notice in my extended family : patriarchy, use of power and control, entitled attitudes, gendered objectification of women, gendered investment in males, neglect of females, gaslighting left right and centre--things which I didn't see so clearly before. Low empathy and mildly abusive behaviours, use of aggression/intimidation/bullying to get what they want. Horrible boundaries around flirting etc. (tons of divorce). Anyway just to say it feels really healthy for me now to see things which before were invisible and normalized (and harmed me) but I now see them more clearly as not healthy.",
post,TwoHotTakes,Update! (AITA/WIBTA if I move out? Or am I overreacting?),https://www.reddit.com/r/TwoHotTakes/comments/15qc6yc/update_aitawibta_if_i_move_out_or_am_i/,2023-08-13 15:22:55 PDT,23,"[UPDATE] (originally written in my notes August 10)

TW/// &gt;!deletion attempt again Grey box where I mention it!&lt;

So after that post a day later I almost lost the place I was going to move to because of my dad's girlfriend texting me something that came off... like ""don't fucking move in"" so I had a long talk with my dad for a few hours with his girlfriend as well we made amends and are now really close actually!

Anyways &gt;!I found the texts from when I tried to self delete myself, and when I tried to I told the police that came to transfer me to the hospital what my mom does, she overheard and wouldn't stop texting me saying it isn't her fault,  but I stayed with my dad for a few days and when we went home my brother and mom were there and they said my friends were too young to deal with it and put things into my head and my brother only left after yelling at me saying I'm destroying the family. She made me delete all the contacts I had with my friends, making me lose a childhood friend permanently.!&lt;

Thanks to a lot of your guys suggestions I'm in the process of getting my mom out of access to my school stuff and medical stuff! I'll be getting my records, a new doctor, and some other things. One person on here feared my mom may try to file something saying I'm ""missing"" once I'm fully moved out and in the safety of my dad's house I'll call her, saying I moved out or text her then block everyone and delete Facebook. I'll make all my accounts private and even change some passwords for a few of them. I may even change my number if need be. 

And I'll be going no contact-low contact with everyone on my mom's side except one aunt, maybe. I would stay in contact with my sister, because I love her deeply but after talking with some people even though she didn't abuse me, she watched it happen. 

Thank you all for making me realize I'm not overreacting, I know it's silly that I thought I was but I've been growing up with this for 18 years, I thought it was normal, normal sibling bullying. And after seeing so many reddit posts, TikTok posts, etc talking about how teens overreact a lot, I got scared.

Thank you all so much! 

Update part 2: (added August 13)

I've officially moved out! It took 8 minutes to get my stuff in and out of the house, nobody caught me and my friend who helped! A few days after I moved out I texted my mom saying I moved out and she twisted what I said in the text to her being the victim. She then called one of my brothers or told him in person, I don't know and now he's on her side saying I'm cold :). I deleted messenger and deactivated my account. I don't want to put up with her blowing up my phone or any other family members. I would have called her but she has a history of yelling or basically making it so she listens to respond not listen to understand. So yeah, thank you all so much!",
post,madmamasnark,Victoria's tiktok about how she treats her family,https://www.reddit.com/r/madmamasnark/comments/15olgug/victorias_tiktok_about_how_she_treats_her_family/,2023-08-11 14:35:12 PDT,1,"Did anyone else see this? I can't stand the way that she types/speaks.. she sounds like she hasn't matured a day past 15. There's a difference between innocent sibling bullying/rough housing and kicking a small child from the back when they aren't expecting it. Also, if she hates the things people say on tiktok &amp; it makes her hate the app so much... mind-blowing concept here, she could quit using tiktok and find a job to make income...",https://www.reddit.com/gallery/15olgug
post,AskParents,question about older neighbor sibling bullying their siblings while playing at our house,https://www.reddit.com/r/AskParents/comments/15j8r6l/question_about_older_neighbor_sibling_bullying/,2023-08-05 15:28:05 PDT,12,"SO my wife and I are trying to figure out how to approach this. Our daughter (9) is friends with the neighbor twins (M/F 11/11). They play really well together, usually make believe games based on the Warrior Cats books. But the twins have an older sister (15) who has been coming over as well. The older sister seems like, frankly, kind of a unfriendly person.

The problem is the older sister plays rough, and she's kind of mean to her brother and sister. Lots of times it's physical, and it's been like this since they were young (example: she rolls down the hill and takes the sibling who winds up in crying, then says it was ""an accident"". It seems like it always winds up in the end of the playing, as the younger kids get upset and head home.

I try and be laissez faire with the kids and let them sort things out on their own. But my wife is fed up and wants to say something.

The older sibling is awkward and doesn't have a lot of friends (it seems). She honestly comes across as a bully. We haven't seen it directed at our kid (which would make it easy to address) and we don't want to overstep our bounds. But the younger kids are literally my kid's best friend(s).

I had a brother and I know siblings find things to disagree with. But this seems persistent, and like she just wants to create drama/conflict.

Would love to hear the wisdom of the crowd in how to approach this.",
post,Parenting,question about older neighbor sibling bullying their siblings,https://www.reddit.com/r/Parenting/comments/15j6y4z/question_about_older_neighbor_sibling_bullying/,2023-08-05 14:14:57 PDT,1,[removed],
post,radicalmentalhealth,pay to play God,https://www.reddit.com/r/radicalmentalhealth/comments/15334uw/pay_to_play_god/,2023-07-18 09:28:28 PDT,4,"""booth, about 9 square meters, costs ranged from US$3,700 for the four days, to about US$18,000. Who pays this sort of money? Everybody: drug companies, device manufacturers (ECT etc), book publishers, IT companies, recruiting agencies, hospital and insurance companies, universities, the military."" [https://psychintegrity.org/read-all-about-it-miracle-cures-in-psychiatry/](https://psychintegrity.org/read-all-about-it-miracle-cures-in-psychiatry/)

&amp;#x200B;

""'I need to heal': Kerry Katona consults shaman to combat mental health issues"" [https://www.grandrapidsmn.com/around\_the\_web/entertainment/i-need-to-heal-kerry-katona-consults-shaman-to-combat-mental-health-issues/article\_b5ce1d97-ae4c-5642-bc64-463efcd3d36a.html](https://www.grandrapidsmn.com/around_the_web/entertainment/i-need-to-heal-kerry-katona-consults-shaman-to-combat-mental-health-issues/article_b5ce1d97-ae4c-5642-bc64-463efcd3d36a.html)

&amp;#x200B;

""acute methamphetamine intoxication, psychosis appeared to occur commonly and was mostly short-lived, resolving within 24 h in the majority of patients."" [https://onlinelibrary.wiley.com/doi/full/10.1111/1742-6723.14287](https://onlinelibrary.wiley.com/doi/full/10.1111/1742-6723.14287)

&amp;#x200B;

""Peers and Peer-Led Interventions for People with Schizophrenia"" [https://augusta.elsevierpure.com/en/publications/peers-and-peer-led-interventions-for-people-with-schizophrenia/fingerprints/](https://augusta.elsevierpure.com/en/publications/peers-and-peer-led-interventions-for-people-with-schizophrenia/fingerprints/)

&amp;#x200B;

""heart failure (HF) is defined as a clinical syndrome in which the heart cannot meet the body’s demand for blood, nutrition and oxygen.8 Risk factors for HF are the same as described above for acute coronary syndrome. The risk of HF among patients with SMI is double that of people without SMI."" [https://progress.im/en/content/poor-heart-health-outcomes-patients-mental-illness](https://progress.im/en/content/poor-heart-health-outcomes-patients-mental-illness)

&amp;#x200B;

""Mature Religiosity Scale is appropriate to apply in mental health care.38 It is a 16-item scale assessing religiosity in participants. Statements are recorded using a Likert scale ranging from 0 (strongly disagree) to 4 (strongly agree) (Cronbach α = 0.976)... Spirituality Index of Well-Being includes 12 items divided into 2 subscales evaluating a person’s perceptions of their spiritual QOL. A 5-point Likert scale ranging from 1 (strongly agree) to 5 (strongly disagree) is used to measure each answer.39 The Cronbach α for the entire scale was 0.950 and for the subscales, respectively, was 0.910 and 0.933...Higher spirituality is associated with higher physical and mental QOL."" [https://www.psychiatrist.com/pcc/delivery/caring-for-a-mentally-ill-patient-at-home-mental-health-religiosity-and-spirituality-and-their-association-with-family-caregivers-quality-of-life-in-lebanon/](https://www.psychiatrist.com/pcc/delivery/caring-for-a-mentally-ill-patient-at-home-mental-health-religiosity-and-spirituality-and-their-association-with-family-caregivers-quality-of-life-in-lebanon/)

&amp;#x200B;

""How pressure is applied in shared decisions about antipsychotic medication: a conversation analytic study of psychiatric outpatient consultations...she has not been taking her antipsychotic, because she ‘doesn’t like them’ as they do ‘more harm than good’"" [https://onlinelibrary.wiley.com/doi/full/10.1111/j.1467-9566.2011.01363.x](https://onlinelibrary.wiley.com/doi/full/10.1111/j.1467-9566.2011.01363.x)

&amp;#x200B;

pakistan, ""Traditional healers working with primary care and mental health for early intervention in psychosis in young persons: protocol for the feasibility cluster randomised controlled trial."" [https://kar.kent.ac.uk/102113/](https://kar.kent.ac.uk/102113/)

&amp;#x200B;

""Religion has a largely protective effect for individuals 

Globally, many people see their health through a religious or spiritual lens, even in countries where there is little public participation in religious services. Religion shapes people’s “healthworlds”—their complex ways"" [https://www.bmj.com/content/382/bmj-2023-076817.full](https://www.bmj.com/content/382/bmj-2023-076817.full)

&amp;#x200B;

""sibling bullying was prevalent in the lives of autistic adolescents, especially in those who were late-diagnosed, had a shared bedroom, and lived in a low-income household."" [https://pubmed.ncbi.nlm.nih.gov/37458372/](https://pubmed.ncbi.nlm.nih.gov/37458372/)

&amp;#x200B;

""what looked like a dungeon,” Leifman said. “I found these men lying naked in their own feces while a guard stood there."" [https://www.pbs.org/wgbh/frontline/article/miami-defendants-severe-mental-illness/](https://www.pbs.org/wgbh/frontline/article/miami-defendants-severe-mental-illness/)

&amp;#x200B;

""break into the door without no permission...apartments with extra services, like managed healthcare and monthly welfare stipends. The residential program that Cruz lives in is regulated by the state Office of Mental Health, which funds programs that can house 42,000 people. Another agency, the Office of Addiction Services and Supports, reported 14,000 admissions...should have at least the same legal protections as anyone...housing court...243 deficiencies during recertification."" [https://nysfocus.com/2023/07/18/addiction-treatment-mental-health-housing](https://nysfocus.com/2023/07/18/addiction-treatment-mental-health-housing)

&amp;#x200B;

""False Claims Act Settlements to Know from Q2 2023""

[https://www.jdsupra.com/legalnews/false-claims-act-settlements-to-know-7213247/](https://www.jdsupra.com/legalnews/false-claims-act-settlements-to-know-7213247/)

&amp;#x200B;

""police will be able to contact mental health professionals through the S136 hub for advice on how best to proceed... Mental Health Act as a “last resort."" [https://ca.sports.yahoo.com/news/met-officers-consult-doctors-sectioning-151939250.html](https://ca.sports.yahoo.com/news/met-officers-consult-doctors-sectioning-151939250.html)

&amp;#x200B;

""when a medical worker takes a life through supposed ‘malpractice,’ she is permitted to continue the same dangerous behavior—with the protection of a warped legal system that denies justice for victims. Do corporate hospitals believe they have the right to play God?” [https://www.einnews.com/pr\_news/644881183/trial-date-set-in-landmark-lawsuit-on-medical-killing-and-informed-consent](https://www.einnews.com/pr_news/644881183/trial-date-set-in-landmark-lawsuit-on-medical-killing-and-informed-consent)

&amp;#x200B;",
post,CPTSD,Yaaas google give us nothjng!!!,https://www.reddit.com/r/CPTSD/comments/14lgtr5/yaaas_google_give_us_nothjng/,2023-06-28 11:16:25 PDT,4,"I just wanted validation or like, something confirming that c-ptsd can also occur in adulthood? Or manifests in adulthood? I can't remember a lot from my childhood (but I am sure neglect and sibling bullying was rife) but more clear memories of repeated trauma are from my years attending college and post-grad years. And that period of time tends to give me the most grief. But trying to find anything on if c-ptsd is possible in patients during their adult lives (rather than adult survivors of childhood c-ptsd) on google is like sifting through a lot of sand. It feels like I have imposter syndrome, but I am not about to doubt my experiences right now. Anyone confirm adults can also get c-ptsd? :/",
post,BORUpdates,Clueless OOP thinks sex ed lessons are abusive,https://www.reddit.com/r/BORUpdates/comments/14jprw9/clueless_oop_thinks_sex_ed_lessons_are_abusive/,2023-06-26 11:53:41 PDT,199,"I posted this to the original BoRU last year, and in light of recent events I've decided to repost this classic.

 The original post was deleted on r/legaladvice but I was able to recover the body of the text from r/bestoflegaladvice. User is u/ForcedWatch. I am not the OP.

Mood warning: &gt;!positive!&lt;

[ORIGINAL](https://www.reddit.com/r/bestoflegaladvice/comments/77n0j5/it_was_sex_ed_so_porn_in_disguise_still_legal/)

Title: Girlfriend's older brother forced her to sit down and watch certain videos which are against her religious beliefs. Is this domestic abuse?

Original Post:

&gt;Yesterday her brother forced her to sit down and watch a series of youtube videos. She is 15 years old and he is 20 years old. She was not allowed a choice and was not allowed to leave despite her multiple attempts of trying. He then asked her questions about the videos to make sure she has watched and paid attention and she was only allowed to leave when she got the answers right. The videos were offensive and it was a traumatizing experience.  
He is the golden child of her parents and they will not say anything. I believe this was emotional abuse and maybe forcing her to watch videos is physical abuse? I would like to know what happens if I report this to police or CPS.  
We are in the state of Florida.

Question from a commenter:

&gt;Define forcing her. If she *literally* could not leave the room under fear of physical harm, if he threatened to harm her, or if he did harm her, she should call the police. 

OOP's response:

&gt; More like big sibling bullying. Something like ""You're gonna sit your butt down and watch this and can't say no."" She did it because she knew her parents would ground her for not listening to him. 

Here's this gem from OOP here:

&gt; It was sex ed. So porn in disguise. Still legal? 

&amp;#x200B;

[UPDATE](https://www.reddit.com/r/legaladvice/comments/78z54j/girlfriends_older_brother_forced_her_to_sit_down/)

 

Ok so my last post [here](https://www.reddit.com/r/legaladvice/comments/77mv24/girlfriends_older_brother_forced_her_to_sit_down) was downvoted and then locked. I asked if my girlfriend's big brother can force her to watch videos against her religious beliefs.

Trust me I believed you guys when you said that he can and it's a family matter, so I didn't call the cops or CPS. But I tried to talk to her parents to see what they think of the whole thing. I knew my parents wouldn't like it if someone showed me videos that we find very questionable and then quizzed me on them.

So I went and saw them and told them everything. They didn't like it at all. I mean, they didn't like it that I was talking to them. They told me that I have no right questioning what their son and daughter do and I should know my place. I don't know, I'm her boyfriend and I think I should have the right to be concerned about her wellbeing. They didn't agree.

A couple of days later my girlfriend came to me angrily that I shouldn't have gone to her parents. She says I tried to talk shit about her brother to her parents. But I only told the truth. I don't know why she's still loyal to him, he forced him to watch those videos. She should take my side but she took his side. I tried to press her on it and asked how can she not take my side, I'm her man and her boyfriend. She broke up with me.

I'm very hurt right now. Maybe I messed up. I was just trying to look out for her. Maybe I should have listened to all of you who told me to drop it. I don't know. Maybe we were not compatible. I don't think codependency is a good thing.

Anyway, thank you for your advice. It was the right one and I didn't listen and lost my girlfriend as a result.

&amp;#x200B;

Reminder: I AM NOT THE OP.",
post,BestOfRedditUpdates2,Clueless OOP thinks sex ed lessons are abusive,https://www.reddit.com/r/BestOfRedditUpdates2/comments/14jpn1q/clueless_oop_thinks_sex_ed_lessons_are_abusive/,2023-06-26 11:48:36 PDT,71,"I posted this to the original BoRU last year and in light of recent events have decided to repost it here.

The original post was deleted on r/legaladvice but I was able to recover the body of the text from r/bestoflegaladvice. User is u/ForcedWatch. I am not the OP.

Mood warning: &gt;!positive!&lt;

[ORIGINAL](https://www.reddit.com/r/bestoflegaladvice/comments/77n0j5/it_was_sex_ed_so_porn_in_disguise_still_legal/)

Title: Girlfriend's older brother forced her to sit down and watch certain videos which are against her religious beliefs. Is this domestic abuse?

Original Post:

&gt;Yesterday her brother forced her to sit down and watch a series of youtube videos. She is 15 years old and he is 20 years old. She was not allowed a choice and was not allowed to leave despite her multiple attempts of trying. He then asked her questions about the videos to make sure she has watched and paid attention and she was only allowed to leave when she got the answers right. The videos were offensive and it was a traumatizing experience.  
He is the golden child of her parents and they will not say anything. I believe this was emotional abuse and maybe forcing her to watch videos is physical abuse? I would like to know what happens if I report this to police or CPS.  
We are in the state of Florida.

Question from a commenter:

&gt;Define forcing her. If she *literally* could not leave the room under fear of physical harm, if he threatened to harm her, or if he did harm her, she should call the police. 

OOP's response:

&gt; More like big sibling bullying. Something like ""You're gonna sit your butt down and watch this and can't say no."" She did it because she knew her parents would ground her for not listening to him. 

Here's this gem from OOP here:

&gt; It was sex ed. So porn in disguise. Still legal? 

&amp;#x200B;

[UPDATE](https://www.reddit.com/r/legaladvice/comments/78z54j/girlfriends_older_brother_forced_her_to_sit_down/)

 

Ok so my last post [here](https://www.reddit.com/r/legaladvice/comments/77mv24/girlfriends_older_brother_forced_her_to_sit_down) was downvoted and then locked. I asked if my girlfriend's big brother can force her to watch videos against her religious beliefs.

Trust me I believed you guys when you said that he can and it's a family matter, so I didn't call the cops or CPS. But I tried to talk to her parents to see what they think of the whole thing. I knew my parents wouldn't like it if someone showed me videos that we find very questionable and then quizzed me on them.

So I went and saw them and told them everything. They didn't like it at all. I mean, they didn't like it that I was talking to them. They told me that I have no right questioning what their son and daughter do and I should know my place. I don't know, I'm her boyfriend and I think I should have the right to be concerned about her wellbeing. They didn't agree.

A couple of days later my girlfriend came to me angrily that I shouldn't have gone to her parents. She says I tried to talk shit about her brother to her parents. But I only told the truth. I don't know why she's still loyal to him, he forced him to watch those videos. She should take my side but she took his side. I tried to press her on it and asked how can she not take my side, I'm her man and her boyfriend. She broke up with me.

I'm very hurt right now. Maybe I messed up. I was just trying to look out for her. Maybe I should have listened to all of you who told me to drop it. I don't know. Maybe we were not compatible. I don't think codependency is a good thing.

Anyway, thank you for your advice. It was the right one and I didn't listen and lost my girlfriend as a result.

&amp;#x200B;

Reminder: I AM NOT THE OP.",
post,Molested,My mum knew but told me to stop lying,https://www.reddit.com/r/Molested/comments/146mn93/my_mum_knew_but_told_me_to_stop_lying/,2023-06-10 23:37:39 PDT,1,"She knew. She told me it couldn't be that bad. Was it even hurting me? Some father's are much worse. That I was being silly. That I could get him in trouble, did I want to get him in trouble?

Sometimes she would validate it. Yes, he shouldn't have been doing that, your poor thing! I'll do something about it. And then nothing happens and she mysteriously just forgets it all. 

She called me autistic. Called my selective muteness as a result of sibling bullying, emotional abuse and sexual abuse, autistic. If he ever asked to be left alone with any of us she would just leave. Because she'd rather deny what is happening and not have to think about any of it than help her children. 

He took my sister on trips with just the two of them and sexually abused her. She would tell my mum about it, and she would yell at her for lying. Yell at us for worrying about her, gaslight us for our fears. 

To this day my sisters have forgotten it all. But I remember. I remember the amount of times he took my sister aside in a public toilet or a dark forest, and I had to wait with my other sister. I remember the taste of the trauma every time I get with a guy. 

He's still out there, living his life. She's still out there doing the same, asking me to go places with her, guilt tripping me every time I say no, or another time.

The legal system is a joke. These people should be in hell.",
post,india,Why are Indians so hostile to the eldest child?,https://www.reddit.com/r/india/comments/1448ebs/why_are_indians_so_hostile_to_the_eldest_child/,2023-06-08 05:49:24 PDT,567,"So, here's the story. I have a younger brother who is around seven years younger than me. As kids, we were always moving between India and another country. In the other country, no one cared about our age difference. They were simply interested, they used to call us 'the siblings'. No problems there.

But in India, it was a different scene altogether. People we didn't even know would often make comments to my parents about me. They would say things like, ""The elder one must be bossy,"" or ""The elder one must be starved of attention,"" or even ""The elder ones are always socially awkward.""

And the worst part?

They used to tell my parents to keep an eye on me, as if I would bully my younger brother just because I was older. Some even had the audacity to ask my little brother, ""Is your sibling bullying you?""

And people didn't spare me either. They'd randomly come up to me and give advice like, ""Child, you're the elder one. You must take care of your parents and your brother when you grow up. Study hard."" Weird, isn't it?",
post,TrueOffMyChest,"I know this is incredibly immature and self-centered and stupid, but I just need to vent",https://www.reddit.com/r/TrueOffMyChest/comments/13p11kx/i_know_this_is_incredibly_immature_and/,2023-05-22 12:45:47 PDT,16,"My parents, my sister (who we'll call Jane), and me are vacationing together for the week. For some background - my mom has always been partial to Jane: they hang out all the time, talk all the time, go on walks all the time, go to sports games all the time, and they both make 'that face' at each other whenever I say something they think is weird (i.e. I say something about my interests about my interests or make a joke). I really want that kind of a relationship with my mom, but it's like pulling teeth trying to convince her to hang out with me or go on a walk. I offer to go to sports games with her because she likes those, but I always get the ""yeah, uh, we'll see..."" kind of answer. It makes me feel like there's something wrong with me, like why doesn't she like me as much as my sister, you know? Especially because Jane's kind of an asshole. (She's 19 and I'm 20, ik I'm too old to be complaining about these kind of things, especially since my family still goes on vacations together. I've just felt this way my whole life and I can't get over it for whatever reason.) Anyways, Jane's a lot bigger than me and she used to physically threaten me as a kid, but obviously my mom would look the other way. She's gone a little beyond the average sibling bullying and my mom just has nothing but nice things to say about her. Meanwhile, I've heard my mom call me r\*\*\*\*\*ed behind my back. Jane has never had a job and my mom still likes to put me down after working and going to school. I get in trouble for less than what my mom praises Jane for. Think of Regina George's mom, that's exactly how my mom is towards Jane. Anyways, I digress.

So we're on vacationing, my mom and Jane go for walks, go to the mall, go on runs, etc. all the time. I don't see them a lot because they're always hanging out. My sister and my dad, however, planned a full day roadtrip to some cool spot. My mom and I both get motion sick, so my mom actually said that we would spend the whole day together! I was like what! However, (today's the day of the roadtrip) I woke up and turns out they're all going. My mom isn't going to hang out with me at all. I'm twenty-years-old, I'm in a really cool vacation spot, and I'm crying because my mom doesn't care. Ik this is self-centered, immature, pathetic, and totally unself-aware, but I'm just sad. Like I don't know. I just feel really bad. My mom made it sound like today would make up for some lost time and she just doesn't care and even in my old age it still sucks. Sorry if this is all totally incoherent, I just really need to vent. In a few hours I'll realize how stupid I'm being, but right now I'm just sad",
post,bullying,Sibling Bullying Research Study- Seeking Participants,https://www.reddit.com/r/bullying/comments/13cffao/sibling_bullying_research_study_seeking/,2023-05-08 21:32:12 PDT,3,"[https://www.psychdata.com/s.asp?SID=194771](https://www.psychdata.com/s.asp?SID=194771)  

* Adults over the age of 18 years old.
* Currently or have previously parented children that engage in sibling bullying.
* You were bullied by a sibling(s) during your childhood.

  

https://preview.redd.it/gil1tp7fhqya1.png?width=450&amp;format=png&amp;auto=webp&amp;s=68dd0496bcb0375ac569ca62cdc811a2051e2846

**Purpose of Study**

This study is looking to understand the individual experiences of adult parents who were bullied by a sibling in childhood and have parented children of their own that engage in sibling bullying.

Sharing your experience can contribute to a body of knowledge and create new intervention methods for parents, families, and children suffering from bullying behaviors.

* Participation is voluntary and you may withdraw from the study at any time.
* Confidential interviews will be held virtually via Zoom platform.
* Interview length: Between 45-60 minutes
* $20 Amazon e-Gift card is provided for your time",
post,Horror_stories,My evil sister,https://www.reddit.com/r/Horror_stories/comments/13alpvv/my_evil_sister/,2023-05-07 05:01:58 PDT,4,"My sister is the reincarnation of the devil. She has always been violent and aggressive towards me and my family. Especially me and my brother, and it wasn't like sibling bullying/violence she was truly just hate towards me and my brother.
For some context my brother is 22 and has autism he can't read or write and although he is 22 his mental age us of a 6 years old.

Now let me tell you some of the small stuff she did before I get to the serious stuff she has done

My sister has always taken advantage of my brother, like for example making him do all the cleaning, shopping, all that sort of stuff I know that doesn't sound to bad but my sister whenever he did something wrong like doesn't clean her room properly she would lash out and make my brother feel bad for something that's not his fault. She would always manipulate my brother also. And everytime me and my brother would tell my mum what happened my mum would never believe us. My sister had my mum around her  fingers always getting what she wants.

She also had my dad under her controll.

She would also scare me into doing stuff for her. For example She would threaten to hurt me if I didn't get her a drink and when I wouldn't get her stuff she would either hit me over the head or she would push me around like a ragdoll. She was like this towards my brother too. But at this time my sister was about 16, I was 9 and my brother was 17.

I'm not one to shame people for how many people they have slept with but my sister at age 18 she got pregnant but she slept with about 6 guys so she didn't know who was the farther. My sister also stayed living with us untill she gave birth to her first child. For privacy reasons I won't say the names ,but my sister child is so nice and sweet but I'm scared for my sisters children being raised by a manipulative horrible person I just hope her kids won't turn out like her.

After she gave birth to her first child my mum bought her all the stuff she needed my sister never wanted to get a job and recently told me although she never wanted kids now she does because the child support money she gets is good. 

About 2 weeks after giving birth to her first child she ran away my sister always ran away and steal money and everything of value.

After she ran away she went to live her boyfriend and we didn't her from her for almost a year untill she got back in contact with us but all she wanted was more money. And she also blamed my mum for everything saying my mum and dad kicked her out of the house. My parents wanted my sister to get a house of her own my mum even offered to but her a house although my mum can barley afford the bills for our own house.
After she left my mum had enough and grabbed all of her stuff put it in a bin bag and put it infront of the house so my sister couldn't come back for her stuff. 

I've always hated my sister. I know this story of my sister doesn't sound bad but there has been other stuff she has done which I don't want to talk about on here 

I have now blocked my sister on everything and I refuse to talk to her no matter how much my mum wants me too 

My sister is the reincarnation of the devil and I'm am scared of her.

Thank you for reading :)
 Also sorry if some parts of the story seems weird this is the first true story I've written and I'm not very good at writing .",
post,Nanny,"nightmare kids, racist DB, mlm MB",https://www.reddit.com/r/Nanny/comments/138n7a8/nightmare_kids_racist_db_mlm_mb/,2023-05-05 06:59:42 PDT,9,"TW: there is racism in this story. 

tldr: this was years ago. DB made multiple racist comments about a Black contractor. MB constantly tried to sell me her crappy mlm lipstick. Kids were actually the worst. brothers verbally abused sister, would throw things at/hit me. They’d say very sexual things. I apologize in advance for how long this is. 

So to set the scene, I’m 17, it’s the end of my junior year of high school. A mom I know from the community posts on Facebook that she’s looking for childcare for the summer for her 3 kids (g7,b8,b9) It’s a set rate $250/per week 8-2 but the kids are in camp 8:30-12:30 So little 17 year old me would’ve been making 25/hr basically. The only catch was if it rained the camps were closed so I’d have the kids 8-2. But that’s ok, where I live we have pretty dry summers so majority of the time they’d go to camp. Now I knew these kids weren’t the best behaved, but again they’d be in camp most of the time so oh well. 

So my first day comes, and their kitchen is getting redone so there’s contractors in and out. No biggie I’m barely at the house anyways. Well then db starts telling me that one of the contractors is really sketchy, and he’s not comfortable with me being alone around him, especially if the kids are there. So he tells me he has some cash tucked away for rainy days so we can go do activities, says he’ll show me it when the kids aren’t listening. (Spoiler alert:he never showed me the money, and hardly refunded me for any activities).  Fast forward a week or two, cameras are installed. DB starts saying things were “going missing” ONLY when this one contractor worked. DB continuously makes comments about this one contractor but never points him out. Eventually I catch on that he’s referring to the only Black person on the entire team. From that point on I realize there isn’t an issue with any contractor, DB is just racist. 

Now let’s touch upon the kids for a moment. The 2 boys would call their sister fat, ugly, a pig, whore, slut, stupid etc. I would tell db (I only saw mb for a bit in the morning or if she came home during her lunch break) and he’d say “oh it’s just sibling bullying you know how it is.” Um no I don’t because if my brothers said that stuff to me my mom would’ve killed them. On one rainy day I took them to a local ymca. We got kicked out because the boys weren’t listening to the lifeguards. When I told db he says “oh boys will be boys.” They locked me in a closet, threw things at me, literally bruised my face, swore at me, asked me incredibly inappropriate questions (ie “are you a virgin”). On top of that they always had Friends over. Which I honestly preferred because they’d behave better. Until one of their friends completely wiped out while riding his bike and was a bloody mess and I had no contact info for his parents. 

One of the brothers pushed the other brother off of a 6+ foot wall after I repeatedly told them to come down. Literally said “oh you want us to come down? Ok brothers coming down” as he shoved him off.  

One time the boys were in an actual camp program that ran full day (best 2 weeks of my life) so the dad asked me to do special stuff with the girl. One of the things was take her to the nail salon to use a gift card she had gotten. Except the salon was under new owners so they wouldn’t accept the gift card. I called DB to tell him that and he told me to put the manager on the phone, he then screamed at them.  We ended up leaving and I took the girl to get a coolata from dunks. DB called her shortly after and didn’t realize he was on speaker said “ugh I’m really going to have to talk to nanny about her health and what examples she’s setting for you guys with her food choices and fitness.” The only thing those kids saw me ingest was water and coffee and probably salad. I was at a perfectly healthy weight, cheered on 2 cheer teams, and went to the gym. 

The middle child used to watch this annoying youtuber and would copy the most annoying things. DB banned some of the words, to the point he smacked the kid across the face for saying it. So we can call our sister fat without punishment, but we can’t joke around or we’ll be hit. 

I would cry basically every day when I left bc I hated them so much. But I just kept telling myself “it’s one summer how bad can it be” and then it kept getting worse. And to top it all off, it was a record breaking summer in terms of how much it rained. So I ended up making like 8/hr a lot of the time. At one point the dad gave me a gas gift card and was like “you should get multiple uses out of this.” I drove an SUV so I’m thinking it has like 100+. No it had $25. Didn’t even get one full tank. 

The summer ended with the dad going on an extremely racist rant and repeatedly using slurs. If I were in that position now, well first of all I would’ve quit the first day. I would’ve called CPS. I would’ve called DB out on his racism. Probably would’ve outed him to since he was well known in the community at the time. 

On the last day to file taxes that following tax season, DB asked me for my ssn for tax purposes. I had already filed taxes and assumed my pay was under the table since it was cash weekly. For the next 3 summers they asked me to come back.",
post,CPTSD_NSCommunity,progress often doesn't translate to comprehension to an Autist.,https://www.reddit.com/r/CPTSD_NSCommunity/comments/12sg0yp/progress_often_doesnt_translate_to_comprehension/,2023-04-19 17:35:19 PDT,9,"For an Autist, well at least for myself as an autist, I've had to feel my way through life.

At an appointment with my therapist on Wednesday, he told me (I had to read between the lines of course), something that was life-changing.

I now know what my purpose in this life is.

The problem is, am I brave enough to rise to the challenge?

I've been pushed, kicked and trodden into the proverbial ground since I was about 8 years old (younger if one counts the sibling bullying). I'm going to have to tap into strength that never actually realised that I had, if I'm going to be able to pull my purpose in this life, off.

Having said all this; I just got a call from the vet with a similar name to the one that I was meant to take my cat to for a check-up this morning. Turns out that I visited the wrong vet. Thank goodness the woman was understanding of my neurodivergence and booked another appointment that I'm about to leave for, again.

Am I overwhelmed just for today? Fucking oath.

At least I now understand that it's okay to be overwhelmed with sensory overload and emotion (edit: and that my emotions/senses are nothing to be ashamed of). Sucked in Fparent of mine, you didn't beat me. God wants me alive or I'd have died 6 months ago.

You won't be remembered when you go Fparent. If what I plan on doing works out, you won't be able to go anywhere, without people turning their back on you. 

The chickens are going to come home to roost soon enough; one letter, one word at a time.",
post,Parenting,Normal Sibling Behavior vs Sibling Bullying,https://www.reddit.com/r/Parenting/comments/12rxacg/normal_sibling_behavior_vs_sibling_bullying/,2023-04-19 08:22:04 PDT,1,[removed],
post,AskParents,Sibling bullying,https://www.reddit.com/r/AskParents/comments/12qylc9/sibling_bullying/,2023-04-18 11:06:01 PDT,3,[deleted],
post,Advice,When does sibling rough housing become abuse?,https://www.reddit.com/r/Advice/comments/12qoteh/when_does_sibling_rough_housing_become_abuse/,2023-04-18 07:26:29 PDT,3,"Hi reddit, 41m dad and step dad here to a 7 year old (bio dad) and a 13 year old (step dad) and I'm growing concerned. 

My 13 year old step son recently moved in with his mom and I because things at his dad's became unmanagable. They lost their home, relapsed on iv heroin (the dad) and there was a lot of verbal and emotional abuse in the household with some physical mixed in. 

My wife and I had to step in so we brought him from New Jersey to Arkansas and the child has a lot of prior mental health issues (ADD, ODD, Anxiety and OCD) and he's on some pretty heavy medications. So I'm doing my best to be supportive and help him transition however; he's failing school with only a month left and he's pretty rough with my 7 year old. There's been pinching and smacks to the back of the yard along with generic older sibling ""bullying"" but yesterday crossed a line. 

My 7 year old might have instigated the situation but the 13 year old grabbed his arm at the elbow, yanked violently and twisted and left fingernail indents on the skin. 

Growing up as an early 80s baby I fought with my younger brother (3 year difference) a LOT and I might be having a hard time knowing where that line between rough housing and abuse lies. Could someone maybe offer some suggestions? 

Ive been doing my best to enforce ""keep your hands to yourself"" to both boys but I'm having a hard time getting the point across to my stepson. He ought weighs my 7 year old by 90lbs or so and is twice his height. 

We've got him therapy services set up but nothing seems to get through to him. He apologies when he's caught but goes right back to the same problems and I'm getting worried. Any feedback would be appreciated.",
post,AdviceForTeens,Should I talk to my parents or therapist about what I found?,https://www.reddit.com/r/AdviceForTeens/comments/12gdmg9/should_i_talk_to_my_parents_or_therapist_about/,2023-04-09 01:42:09 PDT,1,"So growing up my parents were aware that we’d most likely struggle with mental health due to genetics. Today I was making a Mother’s Day card for my mom, and wanted to find a picture of us to put on the card. I stumbled over a journal my mom and I used to have where we’d write paragraphs to each other and pass it back and fourth. Now, for some context I never got along with my youngest brother. 

All of my siblings look Caucasian, and I was born with tanner skin. I was bullied my whole childhood by my siblings, I feel mainly due to our differences on appearance, although we were young and I don’t think they knew what racism was. One specific example would be they created a “no browns skin club” that I was excluded from. My whole childhood I was insulted and bullied by mostly my younger brother, and it seemed that whenever I tried to tell my parents this they never were able to get him to stop. He only stopped targeting me a few years ago after he was in highschool, and still to this day we are not able to have a conversation together or be in the same room without awkward silence. 

When I was very suicidal two or three years ago, he even mentioned that he didn’t care if I were to take my own life, which hurt. I feel that I have never done anything to wrong him growing up, but that my sibling bullying me was their way of bonding, and as the youngest he took longer to grow out of it. 

So anyways, I was reading through the journal to find a cute note of me saying something to my mom that would be nice to make a copy of to give her, when I found a letter I wrote to her of how at 9 years old, I told her, “Dear Mommy, I feel very very sad and sometimes I think that I wish that I was dead and I sometimes try to kill myself by putting a bag over my head or running without breathing, and stuff like that.” Then I go onto describe how my brother bullied me. I do feel that by the bulling, it did lower my self esteem tremendously and I feel that it did make me depressed. 

I knew at 10 I was suicidal and had journaled about wanting to die and still being bullied, but finding this younger version of myself writing about it to my mom in messy purple pen hurt. I don’t know if I should ask my parents about why they never asked about it, and even when my mom responded in the journal, she did not bring it up at all. I figure it must have been too hard for her, or either acting on it might’ve made it too “real,” but should I talk to anyone about it? Is it worth it? I feel like my whole life my attempt to communicate to my parents that I was being bullied was ignored, and that led to me feeling like I wasn’t loved as much. 

A few years ago my first relationship was also abusive, and I feel like the way my younger brother treated me played a part in that. Is it worth even talking about?",
post,relationships,Should I (19f) talk to my parents or therapist about what I found?,https://www.reddit.com/r/relationships/comments/12gdfe8/should_i_19f_talk_to_my_parents_or_therapist/,2023-04-09 01:31:13 PDT,1,"So growing up my parents were aware that we’d most likely struggle with mental health due to genetics. Today I was making a Mother’s Day card for my mom, and wanted to find a picture of us to put on the card. I stumbled over a journal my mom and I used to have where we’d write paragraphs to each other and pass it back and fourth. Now, for some context I never got along with my youngest brother. 

All of my siblings look Caucasian, and I was born with tanner skin. I was bullied my whole childhood by my siblings, I feel mainly due to our differences on appearance, although we were young and I don’t think they knew what racism was. One specific example would be they created a “no browns skin club” that I was excluded from. My whole childhood I was insulted and bullied by mostly my younger brother, and it seemed that whenever I tried to tell my parents this they never were able to get him to stop. He only stopped targeting me a few years ago after he was in highschool, and still to this day we are not able to have a conversation together or be in the same room without awkward silence. 

When I was very suicidal two or three years ago, he even mentioned that he didn’t care if I were to take my own life, which hurt. I feel that I have never done anything to wrong him growing up, but that my sibling bullying me was their way of bonding, and as the youngest he took longer to grow out of it. 

So anyways, I was reading through the journal to find a cute note of me saying something to my mom that would be nice to make a copy of to give her, when I found a letter I wrote to her of how at 9 years old, I told her, “Dear Mommy, I feel very very sad and sometimes I think that I wish that I was dead and I sometimes try to kill myself by putting a bad over my head or running without breathing, and stuff like that.” Then I go onto describe how my brother bullied me. I do feel that by the bulling, it did lower my self esteem tremendously and I feel that it did make me depressed. 

I knew at 10 I was suicidal and had journaled about wanting to die and still being bullied, but finding this younger version of myself writing about it to my mom in messy purple pen hurt. I don’t know if I should ask my parents about why they never asked about it, and even when my mom responded in the journal, she did not bring it up at all. I figure it must have been too hard for her, or either acting on it might’ve made it too “real,” but should I talk to anyone about it? Is it worth it? I feel like my whole life my attempt to communicate to my parents that I was being bullied was ignored, and that led to me feeling like I wasn’t loved as much. 

A few years ago my first relationship was also abusive, and I feel like the way my younger brother treated me played a part in that. Is it worth even talking about?

TL;DR found letter about wanting to die when I was 9 years old due to bullying. Parents never asked about it",
post,bullying,Should I speak to my parents about what I found?,https://www.reddit.com/r/bullying/comments/12gd54m/should_i_speak_to_my_parents_about_what_i_found/,2023-04-09 01:15:43 PDT,1,"So growing up my parents were aware that we’d most likely struggle with mental health due to genetics. Today I was making a Mother’s Day card for my mom, and wanted to find a picture of us to put on the card. I stumbled over a journal my mom and I used to have where we’d write paragraphs to each other and pass it back and fourth. Now, for some context I never got along with my youngest brother. 

All of my siblings look Caucasian, and I was born with tanner skin. I was bullied my whole childhood by my siblings, I feel mainly due to our differences on appearance, although we were young and I don’t think they knew what racism was. One specific example would be they created a “no browns skin club” that I was excluded from. My whole childhood I was insulted and bullied by mostly my younger brother, and it seemed that whenever I tried to tell my parents this they never were able to get him to stop. He only stopped targeting me a few years ago after he was in highschool, and still to this day we are not able to have a conversation together or be in the same room without awkward silence. 

When I was very suicidal two or three years ago, he even mentioned that he didn’t care if I were to take my own life, which hurt. I feel that I have never done anything to wrong him growing up, but that my sibling bullying me was their way of bonding, and as the youngest he took longer to grow out of it. 

So anyways, I was reading through the journal to find a cute note of me saying something to my mom that would be nice to make a copy of to give her, when I found a letter I wrote to her of how at 9 years old, I told her, “Dear Mommy, I feel very very sad and sometimes I think that I wish that I was dead and I sometimes try to kill myself by putting a bad over my head or running without breathing, and stuff like that.” Then I go onto describe how my brother bullied me. I do feel that by the bulling, it did lower my self esteem tremendously and I feel that it did make me depressed. 

I knew at 10 I was suicidal and had journaled about wanting to die and still being bullied, but finding this younger version of myself writing about it to my mom in messy purple pen hurt. I don’t know if I should ask my parents about why they never asked about it, and even when my mom responded in the journal, she did not bring it up at all. I figure it must have been too hard for her, or either acting on it might’ve made it too “real,” but should I talk to anyone about it? Is it worth it? I feel like my whole life my attempt to communicate to my parents that I was being bullied was ignored, and that led to me feeling like I wasn’t loved as much. 

A few years ago my first relationship was also abusive, and I feel like the way my younger brother treated me played a part in that. Is it worth even talking about?",
post,SHFiguarts,Sibling bullying,https://www.reddit.com/r/SHFiguarts/comments/12b13w2/sibling_bullying/,2023-04-03 16:00:19 PDT,25,(Coola won’t let him go until he admits who’s cooler),https://www.reddit.com/gallery/12b13w2
post,relationship_advice,My (41m) partner’s (31f) two older sisters are like something out of a bad movie and are trying to turn her against me.,https://www.reddit.com/r/relationship_advice/comments/128h6lj/my_41m_partners_31f_two_older_sisters_are_like/,2023-04-01 02:39:31 PDT,1,"Briefly, her two older sisters are nightmare humans. Deeply unhappy and insecure which has manifested into them trying to bully and control their prettier, younger sister her whole life. And not just typical sibling bullying. These two are like nothing I’ve ever seen. Just black belts in wielding guilt and casual cruelty, and two of the worst people I’ve met. 

We got in a fight that almost ended our relationship when they, upon first meeting me at a big family weekend, decided I was not good enough for her and set to convincing her to leave me and that I was wrong for her based on absolutely nothing other than me opting to get our own Airbnb when we all met up in a destination city rather than shack up with her sisters, their partners, and children in an Airbnb. Sorry I’m an introvert, it wasn’t personal. 

After all of that and the weeks of fighting that came after (more to the story, she was appeasing them when they were attacking me in text and then deleted the texts when I asked if she was defending me….

So then I said, if they don’t support out relationship, and actively try to tear it down, I won’t have them in my lives or around the child we hope to one day have.

She agrees, knows they are terrible and only cause her pain and nearly broke us up and says absolutely she can promise me that - a life free of her sisters. But my gut says she really can’t. They’re her family. When we have a child, when a parent dies…I just feel like at some point she’s going to forget how awful they were/are to her and me and want me to forget about our arrangement that they are not welcome in our home. 

I am wondering if she is lying to herself, and if I am unreasonable to say I can’t live a life where they are constantly making my partner miserable and undoing the work I’ve been doing of trying to help her build up her confidence and feel good about herself. 

Family is important and I hoped they would be part of our lives but now I really don’t know if that will ever be possible without them bringing their shopping carts full of baggage and misery into our life. 

TYIAA",
post,YoungRoyals,Sibling\ Family Theory,https://www.reddit.com/r/YoungRoyals/comments/11ylt9d/sibling_family_theory/,2023-03-22 08:05:17 PDT,4,"I don't get why A. Vincent constantly singles Valter out, and why B. Despite being treated like absolute crap Valter runs his mouth to all the year 3s.

Then I had a theory, could they be brothers or related somehow? I know I've seen a few 'maybe they're lovers' theories, but this makes more sense. Older sibling bullying younger.

What do you think? Plausible?",
post,Roleplaybuddy2,[M4A] Quiet Boy Gets His Revenge On The Bully,https://www.reddit.com/r/Roleplaybuddy2/comments/11ujkis/m4a_quiet_boy_gets_his_revenge_on_the_bully/,2023-03-18 02:39:51 PDT,1,"
Hey, how is everyone?

For this scenario I was hoping it could be long term, with some romance and Slice of life?

(The older sister could also be a femboy if you’d prefer also)

So, your Younger brother, My bully is the typical guy being big and strong loved by everyone that he doesn’t annoy or Bully, and me. The smart quiet kid with no friends making his prime and perfect target

You could be his Older sister or even the femboy brother, and again you could be in charge of him, being older you have the sibling bullying and seeing me treated a certain way you could help me get a one up on him, if it’s a date, inviting me round, going to a party together

All/ any of this could resolve in us getting together, and him not able to do anything because he’s the younger sibling, maybe even getting your parents back as he’s a disappointment with grades/ and or just annoying and they want to help me too

Obviously, if you’d like to change or not add anything to this scenario please let me know and I’m more than happy to hear, like I said I’d love a long term scenario so they could be build up and tension if you’d like!

Characters you could be; Katie Sigmond, Addison Rae, Charli Damelio, Sydney Sweeney, Dua Lipa, Ariana Grande, Brooke Monk, Lea Martinez, Madison Beer, Sommer Ray, Niaomi Swann, Riley Reid, Scarlet Scandal (but you can bring some suggestions I’m more than happy to hear)

^ If you like the scenario but don’t like any of the girls then you can pick one or give suggestions if you like 

Kinks: Shower sex, Passionate Sex, Rough sex (consensual), sweaty sex, Cuddle fucking, Loud sex, sneaky sex, public sex, car sec, flirting, dirty talk, teasing, dry humping, cosplay, foreplay, spit play, hair pulling, spanking, groping, edging, Being Dom, Being Sub and probably a few more I can’t remember 

Limits: Scat, piss, feet, death, vomit, blood, farts, underage, beasts/ animals

When messaging, Use the word “Apple” to show you read everything,

And I’d Appreciate I’d you didn’t just message “Hey” or “Want to rp?” And send me your kinks limits, any suggestions for the rp, and the girl you’d like to play (unless you have your own you want to bring them let me know)

I am 18+ and all participants
and characters must be 18+",
post,CelebDPP,(M4A) Quiet Boy Gets His Revenge On The Bully,https://www.reddit.com/r/CelebDPP/comments/11ujjai/m4a_quiet_boy_gets_his_revenge_on_the_bully/,2023-03-18 02:37:53 PDT,1,"
Hey, how is everyone?

For this scenario I was hoping it could be long term, with some romance and Slice of life?

(The older sister could also be a femboy if you’d prefer also)

So, your Younger brother, My bully is the typical guy being big and strong loved by everyone that he doesn’t annoy or Bully, and me. The smart quiet kid with no friends making his prime and perfect target

You could be his Older sister or even the femboy brother, and again you could be in charge of him, being older you have the sibling bullying and seeing me treated a certain way you could help me get a one up on him, if it’s a date, inviting me round, going to a party together

All/ any of this could resolve in us getting together, and him not able to do anything because he’s the younger sibling, maybe even getting your parents back as he’s a disappointment with grades/ and or just annoying and they want to help me too

Obviously, if you’d like to change or not add anything to this scenario please let me know and I’m more than happy to hear, like I said I’d love a long term scenario so they could be build up and tension if you’d like!

Characters you could be; Katie Sigmond, Addison Rae, Charli Damelio, Sydney Sweeney, Dua Lipa, Ariana Grande, Brooke Monk, Lea Martinez, Madison Beer, Sommer Ray, Niaomi Swann, Riley Reid, Scarlet Scandal (but you can bring some suggestions I’m more than happy to hear)

^ If you like the scenario but don’t like any of the girls then you can pick one or give suggestions if you like 

Kinks: Shower sex, Passionate Sex, Rough sex (consensual), sweaty sex, Cuddle fucking, Loud sex, sneaky sex, public sex, car sec, flirting, dirty talk, teasing, dry humping, cosplay, foreplay, spit play, hair pulling, spanking, groping, edging, Being Dom, Being Sub and probably a few more I can’t remember 

Limits: Scat, piss, feet, death, vomit, blood, farts, underage, beasts/ animals

When messaging, Use the word “Apple” to show you read everything,

And I’d Appreciate I’d you didn’t just message “Hey” or “Want to rp?” And send me your kinks limits, any suggestions for the rp, and the girl you’d like to play (unless you have your own you want to bring them let me know)

I am 18+ and all participants
and characters must be 18+.",
post,raisedbynarcissists,Nparents trying to convince you/other people you're autistic?,https://www.reddit.com/r/raisedbynarcissists/comments/115stls/nparents_trying_to_convince_youother_people_youre/,2023-02-18 13:44:38 PST,7,"Note: i am not trying to be abelist or say that autism is caused by narcissist parents, I'm just talking about parents who have munchausens by proxy.

When you grow up with parents isolating you by acting like they don't have time for their own child, grounding you for dumb things for stupid long amounts of time, not caring enough about setting up playdates enough when you're younger, and not giving a shit about maybe putting you in extracurriculars because they're too lazy to drive/too stingey, and abusing you to the point you're full of anxiety around people/letting sibling bullying happen because SG's don't deserve a decent childhood I guess, you might just become more withdrawn. You learn solitary activities are safer than people at a young age. You end up weird because you don't have enough good social role models. How are you supposed to learn healthy social behaviors from people who treat you like shit?


Instead of being kind and helpful when you make blunders (aren't parents supposed to like... be like that anyway?) it's like they're embarassed you exist imperfectly, because it reflects badly on *yOuR HiGhNeSs*, and do that nasty patronizing ""*wE tHiNk yOu'Re *DiFfErEnT**"" shit, and start telling the people in your life ""*thIs OnE'S wIreD DifFerEnT.*"" ""*mY BabY is so **sPeCiAL.**"" (barfs)


BITCH. 75% OF MY PERSONALITY TRAITS ARE TRAUMA COPING MECHANISMS. PIPE THE FUCK DOWN.

Funny how after I got away from them, my social skills got way better!!! Funny funny funnyyyy!!!!!!!!

My personality used to be more normal imo, but kept getting less and less normal the more I was punished for inane shit like saying no in a situation there's no need to freak out about a child saying no in, using sarcasm, defending myself when being accused of something I didn't do, crying after they literally decide to just start roasting me instead of talking to me like a parent should, etc.

Didn't help that I decided to make this fake sort of persona for myself, because I was girly (I'm a girl) and my dad (who got custody) didn't really seem to like my girliness, so I started trying to act macho as a kid because I thought it would make him like me more (I was like 7-11 years old so this is dumb, but mainly by overeating, because we were praised for how much we ate, and we were in a ""clean your plate"" household with portion sizes that were too big, burping as loudly as I possibly could, making inappropriate jokes, and trying too hard to be ""gamer."") (But I love video games now and I don't plan on stopping lol.) 

I had a mom with munchausens by proxy, apparently she was a 2nd generation welfare cheater (I think she's trying to cheat some welfare money from doing MSBP shit to my little sister currently too 😒)
Then I think my dad doesn't want to admit how negatively his anger issues impacted my life, and instead of coming to terms with the trauma he's caused, he likes to tell himself my trauma coping mechanisms are just me *bEinG SpEciAL* (or are all my mom's fault. He acts like he is incapable of making mistakes sometimes, but his anger was so damaging.)
I really wanted to believe my mom was the only person who perpetuated this shit, but when I recided to view my whole family life objectively, and just call a spade a spade and stop making excuses for people treating me like shit, I think back to all the times my dad has had ZERO PROBLEM making euphamisms about me being *dIfFrlerEnt* in that nasty fucking patronizing way like he's implying I'm autistic, to me, and to other people. It's just so fucking gross. He's not as bad as my mom because she's inconceivably batshit, but if your main parent is one who thinks that almost all problems can be solved by Xtra Agression™️, while your mom is just completely mentally absent and manipulative at the same time... yeah... you might just wind up with shitty mental health and a tendancy to self isolate, and just do things you know you're good at for your dopamine source rather than trying to risk getting it from people interactions, knowing damn well just how wack people can be. 

End rant.",
post,CelebDPP,(M4A) Quiet Boy Gets His Revenge On The Bully,https://www.reddit.com/r/CelebDPP/comments/10yuje3/m4a_quiet_boy_gets_his_revenge_on_the_bully/,2023-02-10 07:18:12 PST,2,"Hey, how is everyone?

For this scenario I was hoping it could be long term, with some romance and Slice of life?

(The older sister could also be a femboy if you’d prefer also)

So, your Younger brother, My bully is the typical guy being big and strong loved by everyone that he doesn’t annoy or Bully, and me. The smart quiet kid with no friends making his prime and perfect target

You could be his Older sister or even the femboy brother, and again you could be in charge of him, being older you have the sibling bullying and seeing me treated a certain way you could help me get a one up on him, if it’s a date, inviting me round, going to a party together

All/ any of this could resolve in us getting together, and him not able to do anything because he’s the younger sibling, maybe even getting your parents back as he’s a disappointment with grades/ and or just annoying and they want to help me too

Obviously, if you’d like to change or not add anything to this scenario please let me know and I’m more than happy to hear, like I said I’d love a long term scenario so they could be build up and tension if you’d like!

Characters you could be; Katie Sigmond, Addison Rae, Charli Damelio, Sydney Sweeney, Dua Lipa, Ariana Grande, Brooke Monk, Lea Martinez, Madison Beer, Sommer Ray, Niaomi Swann, Riley Reid, Scarlet Scandal (but you can bring some suggestions I’m more than happy to hear)

^ If you like the scenario but don’t like any of the girls then you can pick one or give suggestions if you like 

Kinks: Shower sex, Passionate Sex, Rough sex (consensual), sweaty sex, Cuddle fucking, Loud sex, sneaky sex, public sex, car sec, flirting, dirty talk, teasing, dry humping, cosplay, foreplay, spit play, hair pulling, spanking, groping, edging, Being Dom, Being Sub and probably a few more I can’t remember 

Limits: Scat, piss, feet, death, vomit, blood, farts, underage, beasts/ animals

When messaging, Use the word “Apple” to show you read everything,

And I’d Appreciate I’d you didn’t just message “Hey” or “Want to rp?” And send me your kinks limits, any suggestions for the rp, and the girl you’d like to play (unless you have your own you want to bring them let me know)

I am 18+ and all participants
and characters must be 18+",
post,Parenting,Sibling Bullying Research Study,https://www.reddit.com/r/Parenting/comments/10prdfg/sibling_bullying_research_study/,2023-01-30 23:00:57 PST,0,[removed],
post,SiblingRivalryPodcast,Sibling Bullying Research Study,https://www.reddit.com/r/SiblingRivalryPodcast/comments/10kbjy3/sibling_bullying_research_study/,2023-01-24 09:58:02 PST,0,[removed],
post,bullying,Sibling Bullying Research Study,https://www.reddit.com/r/bullying/comments/10kb736/sibling_bullying_research_study/,2023-01-24 09:43:11 PST,6,"[https://www.psychdata.com/s.asp?SID=194771](https://www.psychdata.com/s.asp?SID=194771)

* Adults over the age of 18 years old.
* Parent of two or more children between 10 &amp;18 years old.
* You were bullied by a sibling(s) during your childhood.

[    ](https://preview.redd.it/92tfoe5021ea1.png?width=936&amp;format=png&amp;auto=webp&amp;v=enabled&amp;s=eb806a1d63ee12377290dc0a955272a7814a6e52)

**Purpose of Study**

This study is looking to understand the individual experiences of adult parents who were bullied by a sibling in childhood and also have two or more children of their own between 10 and 18 years old who engage in sibling bullying.

Sharing your experience can contribute to a body of knowledge and create new intervention methods for parents, families, and children suffering from bullying behaviors.

* Participation is voluntary and you may withdraw from the study at any time.
* Confidential interviews will be held virtually via zoom platform.
* Interview length: Between 45-60 minutes",
post,raisedbynarcissists,GC sibling bullying?,https://www.reddit.com/r/raisedbynarcissists/comments/10ecb3z/gc_sibling_bullying/,2023-01-17 05:30:17 PST,16,[deleted],
post,CelebDPP,(M4A) Quiet Boy Gets His Revenge On The Bully,https://www.reddit.com/r/CelebDPP/comments/zztxzw/m4a_quiet_boy_gets_his_revenge_on_the_bully/,2022-12-31 05:18:06 PST,1,"Hey, how is everyone?

For this scenario I was hoping it could be long term, with some romance and Slice of life?

(The older sister could also be a femboy if you’d prefer also)

So, your Younger brother, My bully is the typical guy being big and strong loved by everyone that he doesn’t annoy or Bully, and me. The smart quiet kid with no friends making his prime and perfect target

You could be his Older sister or even the femboy brother, and again you could be in charge of him, being older you have the sibling bullying and seeing me treated a certain way you could help me get a one up on him, if it’s a date, inviting me round, going to a party together

All/ any of this could resolve in us getting together, and him not able to do anything because he’s the younger sibling, maybe even getting your parents back as he’s a disappointment with grades/ and or just annoying and they want to help me too

Obviously, if you’d like to change or not add anything to this scenario please let me know and I’m more than happy to hear, like I said I’d love a long term scenario so they could be build up and tension if you’d like!

Characters you could be; Katie Sigmond, Addison Rae, Charli Damelio, Sydney Sweeney, Dua Lipa, Ariana Grande, Brooke Monk, Lea Martinez, Madison Beer, Sommer Ray, Niaomi Swann, Riley Reid, Scarlet Scandal (but you can bring some suggestions I’m more than happy to hear)

^ If you like the scenario but don’t like any of the girls then you can pick one or give suggestions if you like 

Kinks: Shower sex, Passionate Sex, Rough sex (consensual), sweaty sex, Cuddle fucking, Loud sex, sneaky sex, public sex, car sec, flirting, dirty talk, teasing, dry humping, cosplay, foreplay, spit play, hair pulling, spanking, groping, edging, Being Dom, Being Sub and probably a few more I can’t remember 

Limits: Scat, piss, feet, death, vomit, blood, farts, underage, beasts/ animals

When messaging, Use the word “Apple” to show you read everything,

And I’d Appreciate I’d you didn’t just message “Hey” or “Want to rp?” And send me your kinks limits, any suggestions for the rp, and the girl you’d like to play (unless you have your own you want to bring them let me know)

I am 18+ and all participants
and characters must be 18+",
post,u_Whey-Men,"The Associations between Sibling Victimization, Sibling Bullying, Parental Acceptance–Rejection, and School Bullying",https://www.reddit.com/r/u_Whey-Men/comments/zlcxk3/the_associations_between_sibling_victimization/,2022-12-13 17:04:39 PST,1,,https://www.ncbi.nlm.nih.gov/pmc/articles/PMC9739229/?report=classic
post,relationship_advice,"My parents (late 40s) have been emotionally neglecting me (F, 20s) since I became a teenager. I am older now and experiencing adult sibling bullying. They don't care. My heart is in pieces.",https://www.reddit.com/r/relationship_advice/comments/zh42ns/my_parents_late_40s_have_been_emotionally/,2022-12-09 10:02:55 PST,1,[deleted],
post,offmychest,My parents have been emotionally neglecting me since I became a teenager. I am older now and experiencing adult sibling bullying. They don't care. My heart is in pieces.,https://www.reddit.com/r/offmychest/comments/zh3l81/my_parents_have_been_emotionally_neglecting_me/,2022-12-09 09:44:47 PST,1,[removed],
post,BallbustingStories,Sister's First Ballbusting,https://www.reddit.com/r/BallbustingStories/comments/z5qf9k/sisters_first_ballbusting/,2022-11-26 19:33:01 PST,120,"“Don’t tell me you’ve never done it!”  
“What do you mean?  He’s my brother; that’s gross.”  
“It’s completely natural.  Give it a try, and you’ll see how fun it is.”  
Alex didn’t exactly believe her sorority sisters.  She had never kicked a man where it counted before, and she was reluctant to start with her brother.  But she wanted to seem cool to her two new sorority sisters, Elena and Tess, despite her nerves.  
“Fine, fine, we can play with him.  But you can NOT tell my mom about this.  She’ll freak!”  
“I don’t know what you’re so worried about, Alex.  I bet your mom’s busted plenty of pairs herself!  Besides, you heard her this morning.  Neither of your parents will be back for hours.”  
“But what if he tells on us?”  
“And let it slip that he got beaten up by a bunch of girls?  No way.  He’ll keep his mouth shut, trust me.”  
The three girls headed to Jim’s room.  They found him playing Xbox, door wide open.  He was annoyed they interrupted his gaming session.  
“Fuck off, Alex.  Didn’t you hear mom this morning?  You’re supposed to leave me alone.”  
Elena took control of the conversation.  She knew Alex would need help coaxing her brother into this.  
“You don’t want to play with us?”  
“No, I just want to play by myself.”  
The girls giggled.  Jim’s cheeks turned bright red as he realized what he had said.  
“Come on; I didn’t mean it like that.”  
Tess turned off the tv while Elena crouched in front of Jim.  
“We want to play with you, though.”  
He could tell the girls were serious, and he didn’t see any way out of it.  
“Ugh, fine.  What do you want to play?”  
“Why don’t you just stand up?”  
Jim did as he was told.  Now that he was no longer focusing on his video game and instead was paying full attention to the three co-eds crowding in his room, he realized all three girls were only wearing oversized t-shirts and panties.  All six of their long, silky-smooth legs glistened before him.  He wished he was wearing something other than basketball shorts to hide the erection he knew was coming.  
“Alex told me that you can be a real bully to her sometimes.  Is that true?”  
“I, uh, well … I am her big brother.”  
“That’s no excuse.  Tell me – have you ever been kicked in the testicles before?”  
Jim was dumbfounded, and his cheeks turned an even brighter shade of red.  
“Have I ever what?”  
“You heard me.  Have your dangling, exposed, delicate little family jewels ever been kicked?”  
He had no idea how to respond.  Truthfully, no, he hadn’t ever been kicked down there before.  But Elena’s ominous tone made him suspect that would be changing in a moment.  He glanced at his sister, who was grinning ear to ear.  
“No,” Jim muttered, his voice almost a whisper.  
 “And, Alex, you’ve never kicked balls before either, right?”  
Alex nodded her head that Elena was right.  
“This is going to be so fun!  We Tri-Delts have a long tradition of hitting guys where it counts.  You see, Alex must kick ten different guys in the nads by the end of the year.  And what better guy to start with than her brother?”  
Elena and Tess walked up to Jim on either side as she was talking and took a firm hold of his arms.  Each girl held one arm behind his back while using their ankles to force his legs wide apart.  
“What do you say, Jim?  Are you ready for your younger sister to kick you in the balls?  Ah, who am I kidding?  It doesn’t matter what you think.  Have at it, Alex!”  
Alex semi-reluctantly took her position in front of her brother.  Her sorority sisters were expertly forcing him to present his most delicate reproductive organs for her to kick, but she was nervous.  It felt wrong to take advantage of a man’s evolutionary weakness, especially when that man was her brother.  She slowly lined up her kick but didn’t seem to be in any hurry to unleash it.  Tess could tell she had reservations.  
“Don’t worry, Alex.  Kicking a man in the balls is completely natural.  Why else would they hang outside the body?”  
“I know, I know.  It’s just that he is my brother!  I don’t want to get in trouble.”  
“It’s OK; you won’t get in trouble.  In fact, after this, I bet you can make him do anything you want.  Chores, homework, quieting down, whatever you want.  Once you show him how pathetic he is because of those things, I bet he becomes obedient real quick.”  
Jim didn’t like this conversation one bit.  As the older brother, he had always felt superior to Alex.  He wasn’t a complete bully to her, but things tended to go his way.  If he wanted the couch, he got it.  If he wanted her to stay in her room while he had friends over, it happened.  But he could tell Alex’s new friends were about to change everything.    
Even worse, the way Elena and Tess were holding him, he could feel their breasts rubbing against his arms, and the soft skin of their long legs was rubbing against his.  He could feel his cock start to twitch.    
Before he could get too worried about getting hard in front of his sister and friends from college, she brought her foot back and swung it with moderate intensity into his crotch.  It wasn’t a direct hit, but it was close enough.  There was a dull thud as she made contact, and he groaned as his midsection began to ache.  He instinctively began to reach for his crotch, but the girls were doing a good job holding his arms behind his back.   
“Woo!  Good job, Alex.  That wasn’t bad for your first time.  You can swing a LOT harder, though.  That was just a little love tap; you can see Jim is still standing, no problem.  Elena, do you want to show Alex how it’s done?”  
“With pleasure!”  
Jim didn’t know what Tess was talking about, calling Alex’s kick a “little love tap.”  It felt like he had just been punched in the stomach, and there was now a throbbing ache in his crotch that wasn’t there a few moments ago.  He didn’t have too long to think it over, though.  Elena was lining up her first kick before he knew it.   
“You want to kick with the bridge of your foot.  When done properly, your foot will grind his testicles against his bony pelvis, which causes that excruciating pain we want to create.”    
Elena kicked in slow motion to illustrate what Tess was talking about.    
“It only takes one good kick to the babymakers to drop a man.  What do you say, Jim – do you think you can take more than one kick?”  
Jim was dumbfounded.  Just a few short minutes ago, he was happily playing a video game by himself.  But now, he was emasculated by his sister and her new sorority sisters.  He wanted to fight back, but he knew the situation was hopeless.  
“I … uh …” he stammered.  
Before he could complete his answer, Elena’s foot slammed into his crotch with brutal force.  His poor babymakers crunched against his pelvis exactly as Tess had described.  They flattened to a fraction of their former size in an instant as they absorbed the full force of Elena’s devastating assault.    
The girls tried to hold Jim upright, but it was no use.  He doubled over, as if in slow motion, then crumpled to the floor and curled up in the fetal position.  He wanted to yell, but for some reason, no sounds were coming out of his mouth.  The only noises that escaped were a few garbled mewling sounds as he clutched helplessly between his legs.  If he were capable of rational thought at that moment, he would’ve understood why Tess called Alex’s first kick a “love tap.”  While it had hurt, that was nothing compared to the hellish suffering he was experiencing now.  
Tess and Elena laughed as he writhed on the floor at their feet.  Alex, though, hurriedly brought her hands to her mouth and gasped in shock.  
“You’ve broken him!”  
“No, no, he’s completely fine.  This is what we’ve been telling you!  Men are just huge babies about their precious little testicles.  Once you give them a good whack, men are completely powerless.  Why don’t you try another kick?”  
Tess grabbed Jim by his hair and yanked him back to his feet.  Most of the strength had left his limbs, so keeping him upright was no small task.  She held his arms behind his back while Elena kicked open his legs.    
Even though his balls felt like they were on fire, he could feel Tess’s boobs press into his back.  He knew she was enjoying this because he could feel her nipples poking him through their shirts.  His cock stiffened a little more.  
He didn’t have too long to recover or to enjoy feeling Tess’s rack.  It didn’t take long for the girls to get him exposed for another kick, and his sister quickly resumed kicking position.    
“Remember – use the bridge of your foot.  And don’t be afraid to kick as hard as you can!”  
Alex took a couple of slow, deliberate practice swings to line up her aim.  Then, in an instant, she drew her leg back and careened it into her brother’s aching orbs as hard as possible.  
This time, it was a direct hit.  And this time, he didn’t just scream.  He let out a blood-curdling wail as his mind raced to comprehend the enormity of his destruction.  His hands raced to his midsection, but it was far too late.  His nuts, which had never experienced more than the slightest ache before today, were thoroughly obliterated by his sister.  It felt like she had just branded his balls with a cattle prod.   
He immediately slunk to the floor, alternating between opening and closing his legs as he struggled to find a position that soothed the fiery ache in his nutsack.  But it was no use.  A deep, hellish suffering racked his body, and there was nothing he could do but take it.  
Meanwhile, Elena and Tess laughed again at Jim’s pathetic display.   Alex once again covered her mouth in shock.  But this time, she couldn’t deny it.  She felt power over her brother in a way she had never felt before.  All her life, she had imagined herself as timid and feminine.   But she knew there was no turning back now.  Not after turning her brother into a whimpering mess with one little kick.    
“Well done, Alex!  That’s how you bust a pair.  If you keep that up, you will fit right in with the Tri-Delts.”  
“Wow … that was … kind of awesome.”  
“Fuck yeah, it was!  Men like to act so strong and powerful, but no man can be strong and powerful when they’ve got balls dangling between their legs.”  
“I think I felt one pop against my foot.”  
“I’m sure Jim’s fine.  Aren’t you, Jim?  Ready to take another?”  
Jim didn’t respond.  He couldn’t.  He was far too preoccupied with the waves of pain coursing through his body.  
Tess shot Elena a knowing grin.  
“You know, maybe we should check to ensure they’re OK.  What do you think, Jim?  Should we give them a quick feel to ensure we haven’t broken them already?”  
He just groaned and rolled onto his side.    
“I’ll take that as a yes.”  
Tess rolled him onto his back and sat down on his chest, taking care to secure his arms under her legs.  Meanwhile, Elena pulled down his basketball shorts and underwear, exposing his now fully erect penis and bright red plums.    
The girls stared in shock at Jim’s package, but they stared for different reasons.  Alex couldn’t believe she was seeing her brother’s manhood up close and personal.  Something about it felt very wrong but also very right.  She wasn’t into incest at all, but she was excited about exerting her newfound feminine powers over Jim.  
Elena and Tess, however, were taken aback by the size of Jim’s package.  His cock stood an impressive 7.5 inches directly into the air, with proportional balls to match.  What’s more, there wasn’t a single hair in sight.  They had each kicked their fair share of testicles, but most were attached to members far smaller than Jim’s.  And very rarely were they erect after a few solid kicks.  
“Jim … are you … enjoying this?”  
His voice still hadn’t come back, so he couldn’t respond.  And the 110-pound co-ed sitting on his chest wasn’t making it any easier.  But, the truth was he was enjoying it.  Yes, getting kicked in the balls hurt like a motherfucker.  But it felt strangely natural to submit to Alex and her friends.  In a weird way, the pain felt right to him.  Like it was what he deserved for being a man.  And he enjoyed feeling the girls rub against him as they held him down.  He swore he could feel a small wet spot on his chest where Tess was sitting on him.  
With his shorts removed, Elena pulled his legs together and sat on his knees, immobilizing him.  She took his aching orbs, one in each hand, and began rolling them roughly between her fingers.  Jim grunted, but this was nothing compared to the kicks he had just taken.  
“I don’t see why you’re being such a big baby about this; they feel fine to me.  Maybe a bit red and swollen, but they haven’t cracked or anything.”  
Jim yelped as she suddenly gave a strong pulse of pressure.  
“If anything, I’d say we’re doing you a favor.  Your … other head … seems to be having a good time.”  
“Jim’s a virgin!”  
Alex just blurted it out.  She wasn’t trying to embarrass her brother, but the words left her mouth before she could think better of it.  
“Is he?  Well then.  If Jim plays nice for this next bit, maybe we can change that.”  
With that, Elena clamped down, hard.  Jim let out a low, visceral yell as she flattened his family jewels in her hands.  The horrible ache in his stomach, which had just started to subside the tiniest bit, immediately flared back up and consumed his entire body.  He tried to thrash about, but it was no use.  The two sorority sisters sitting on his legs and chest ensured he couldn’t run and hide.  He had no choice but to lie there and accept the punishment she was dishing out.    
She continued squeezing, completely disregarding his agonized wails.  She began digging her thumbs deeper into his delicate nut meat, sending lightning bolts of searing pain shooting up his spine.  Submitting to these twenty-something bombshells had been strangely enjoyable just a few moments ago; it didn’t feel enjoyable now.  
Finally, after what felt like an eternity to Jim, Elena relinquished her grip.  Jim’s screams subsided and were replaced by hurried gulps of air as he tried in vain to quell the throbbing torment in his nutsack.  
“Why don’t you have a go, Alex?”  
Alex sat beside his crotch and took his swollen plums in her hands, just as Elena had done.  They felt hot and rubbery to her touch.  At first, she was hesitant.  He was her brother and touching him “down there” felt wrong.  It was one thing to kick them with her foot.  It was completely different to hold them in her fingers.  But soon, she felt an overwhelming sense of power and control.  His balls, the ultimate symbol of masculinity, were like putty in her grip.  She quite literally held his manhood in the plant of her hand.  She had the ultimate level of dominance.     
“Make sure to use your thumbs to dig into each testicle.  That drives boys crazy.”  
She did as she was told, clamping down on his battered balls with brutal force.  Jim immediately resumed his tortured screaming.  Given the abuse his pair had just taken, it wouldn’t have taken much more to reduce him to an agonized mess once again.  But his sister was interested in exerting her newfound control over her brother, so she sunk her fingers deep into the heart of testicles.  
Despite the pain, it didn’t take long for the first drop of pre-cum to appear at the tip of Jim’s throbbing erection.  He wasn’t consciously turned on, of course.  If he were capable of conscious thoughts at that moment, they undoubtedly would’ve been devoted to the soul-crushing sensations emanating from between his legs.  But his unconscious mind was turned on by the situation.  His sister was right – he was a virgin.  And yet here he was, with his private parts getting loads of attention from three drop-dead gorgeous college smoke shows.  
After a while, Alex’s fingers grew tired, and she let go.  Jim slunk down, and his breath returned in short, ragged gasps.  
“That was very well done, Alex, great job.”  
“You won’t have trouble getting Jim to do whatever you want now!  Just give his nuts a quick squeeze to remind him who’s boss.”  
Alex laughed.  She knew it was true.  She knew this afternoon would forever change her relationship with her big brother.  He wasn’t going to get away with any more teasing or bullying now that she knew his ultimate weakness.  
“Tess, would you like a go?  Jim’s been a good sport to let us play with his balls like this.  You could give him a few goodbye punches, and then we could let him get back to his video game.”  
Alex frowned.  She had just started to enjoy torturing her brother, and she didn’t want to quit so soon.  Elena quickly picked up on her displeasure.  
“Tess and I will be here all winter break.  We can play with him however much we like!”  
“And don’t worry.  I’ll make these last few punches count!”  
Right on cue, Tess drove her fist square into Jim’s scrotum.  His swollen nuts were trapped against his thighs and had nowhere to run.  Predictably, they erupted in fiery agony as they absorbed her blow’s full force.    
Not that he could do anything about it.  Tess still sat on his chest, and Elena still sat on his legs.  He was powerless to curl up and protect himself, so his throbbing ballsack remained exposed for more destruction.  Destruction Tess was all too eager to deliver.  She unleashed a brutal flurry of punches, working his ballsack like a speed bag.  He could only scream in pain as he lay helplessly on the ground and endured his suffering.  
Soon, Tess finished turning his baby makers into mush, and the girls were about to stand up.  Alex interrupted them before they let Jim curl up into the fetal position and enjoy the burning ache they had imparted on his testicles.  
“Wait!!  There’s one last thing I want to try.”  
“You go, girl!”  
She stood up and positioned her right foot ominously over his ball bag.  While it had started the day pink and modestly sized, it was now noticeably swollen and a deep shade of red.  Through all of it, though, his cock remained rock hard, with a small pool of precum forming on the tip.  Alex noticed.  
“You really do like this, don’t you?”  
Of course, Jim did not respond.  The pain was too great.  But he wouldn’t have responded even if he could’ve.  It was far too humiliating.  He could he admit he got turned on getting kicked in the balls by his little sister?  
“Answer me, Jim.”  
Elena and Tess were taken aback by just how dominating Alex was.  A few short minutes ago, she had been a sweet, nervous little girl who had never kicked a pair of testicles.  Now she was demeaning her brother and going out of her way to put him in pain.  
Jim nodded ever so slightly as he couldn’t yet bring himself to talk.  Alex didn’t seem satisfied.  
“Use your words, Jim.  I already know you like this.”  She prodded his throbbing erection with her toe to prove her point.  “But I want to hear it from you.”  
“I … I …”  
“Come on, Jim.  The longer you take, the worse it’s going to be.”  
That seemed to kick Jim into high gear.  He took a few deep breaths and found the courage to answer his sister.  
“I like what you’re doing to me.”  
“And what are we doing to you?”  
“Beating my balls.”  
“Good.  Then you’re going to love this.”  
In one swift motion, Alex transferred all her weight to her right foot, balancing her entire body weight onto Jim’s aching gonads.    
Jim opened his mouth to scream, but no yell came out for the second time today.  Only a few high-pitched squeaks escaped his throat.  His vision exploded into stars, and he did his best to convulse, but it was no use.  He was trapped under the combined weight of Tess and Elena.  There was nothing he could do except endure the punishment his sister was hell-bent on dishing out and hope that nothing popped under her weight.  
Alex enjoyed feeling her brother’s swollen balls sloshing around beneath her feet.  She felt powerful and in control.  She cruelly twisted her foot and laughed as Jim cried in pain.  This was payback for years and years of sibling bullying.  She wanted to ensure her feet sent a message he would remember for decades.  
Soon, Alex was not content with simply standing on his delicate reproductive organs.  She began stomping in place to impart the maximum amount of destruction on his battered sexual organs.  Each stomp plunged him further into depths of unimaginable suffering.  He could hardly even feel his individual testicles anymore.  All he could feel was one excruciating ball of agony trapped between his legs.  
Satisfied that his babymakers were utterly wrecked, she stepped off his midsection and helped Elena stand up.  They were mesmerized by the pure, unadulterated feminine destruction they had just witnessed.  
“That was …” Tess’s voice trailed off.  She didn’t know how to describe what she had just seen.  
“Super hot.”  Elena finished her sentence with a laugh.    
“Sorry, girls.  I might’ve gotten a little carried away.”  
“Don’t apologize!  That was awesome.  You’re going to fit right in with the Tri-Delts.  I just hope you haven’t ruined him already.  I was looking forward to sitting on him later if you know what I mean.”  
“Ew, gross!  That’s my brother.”    
The girls walked away, leaving Jim to curl up into a ball on the floor and enjoy the aftereffects of their abuse.  Their voices trailed off as they headed back to Alex’s room.  
“I’ve had this great idea involving a toilet seat I’ve always wanted to try.  I’d stick a pair of testicles under the seat and then sit ….”",
post,AnimalsBeingJerks,sibling bullying....but then makeup,https://www.reddit.com/r/AnimalsBeingJerks/comments/ytgrrf/sibling_bullyingbut_then_makeup/,2022-11-12 11:58:17 PST,1,,https://v.redd.it/5n28eddnskz91
post,CPTSD,I don’t know when I’ll be ready to stop isolating and that scares me,https://www.reddit.com/r/CPTSD/comments/yhf01c/i_dont_know_when_ill_be_ready_to_stop_isolating/,2022-10-30 07:00:13 PDT,22,"I think my brain has kept the score of a tiring and tough past few years of countless moves, financial instability, a lifetime of hurtful and lost friendships, a childhood of parental emotional neglect and sibling bullying, the ending of an abusive relationship this year, and the death of my best friend (my dog) 4 months ago. Isolation has become my coping mechanism. 

I don’t want to interact with anyone in which I cannot control or predict the situation. I need to know a start and end time, they need to be someone who has predictable moods, they need to not be vague with communication/passive aggressive or suggest spontaneous plan changes while I’m there. I’ve sifted through all my friends and found one “safe” friend who meets all those rules. I go on little walks with her every couple weeks and have cut everyone else off. Well, I will also hang out with my roommate (watch TV and go on walks) as she is predictable and “safe” but I am not counting that becuase it feels unhealthy if that is my only friend. She is really social and I think she looks at me with concern and pity like she doesn’t understand why I’m isolating. 

I used to have a desire to make new friends since I’m new to my area still. I scroll through social apps, dating apps, meet-ups, events, and I have zero desire right now. I have desire to go to copious amounts of therapy and address my flashbacks. I have desire to go to work and make money. I have desire to lay in bed with my heating pad and drink tea. I enjoy going on hikes by myself. I’ve joined a virtual support group for PTSD so at least I see other faces but I don’t share verbally yet. The positive thing is I’m not drinking excessively or other physical self-sabatoge things. I’m just done with people. 

Basically I don’t know when this isolation will end, maybe this is just a healing season. I guess it’s just typical Cptsd distrust in humans plus my brain kind of broke from grief and stress this year. I just worry I will remain a hermit crab forever. Has anyone else felt like this or is anyone stuck in isolation long-term?",
post,NoStupidQuestions,Should I give up on trying to give my brother the benefit of the doubt?,https://www.reddit.com/r/NoStupidQuestions/comments/yfv5lr/should_i_give_up_on_trying_to_give_my_brother_the/,2022-10-28 10:34:25 PDT,1,"I am the youngest sibling and my only brother has always been the star in the family. Not in the sense that he is a “good child”, but more so his needs matter the most. His emotional needs, physical, monetary, etc. . He has always bullied me in a way when we’re kids, but not the normal older sibling bullying based on love, but just based on pure annoyance. He doesn’t ever talk to me and I have to always reach out to him first. I love my brother and at a point I was proud of and liked my brother, but after years of forgiving and giving the benefit of the doubt I’m just tired. He always places his friends, toxic significant others (they are always bad for each other), and fun over me just trying to keep a bond for the future. I’m not asking him to always give me attention, that would be unfair. But after years of basically ignoring me at least answer the phone or ask to get coffee or a meal. We live in the same house and I see my neighbors more than I see him (no one ever sees their neighbors). He also is always lying to me and everyone around him, but people think he is this great guy. My brother sucks and I hate always feeling like I can give him a smallest amount of trust just him to break it or make me feel like crap. It is what it is I guess. I only thought about this because after years of keeping my guard up, I let it down a few days ago and was reminded why I give him the nonchalant emotionless version of me once again, so I’ll wait a few more years I guess. Maybe he will stop letting me down, or should I just let it go?",
post,Parenting,Older sibling bullying younger,https://www.reddit.com/r/Parenting/comments/y11j72/older_sibling_bullying_younger/,2022-10-10 23:20:43 PDT,0,[removed],
post,AutoNewspaper,[Entertainment] - Dear Abby: Sibling bullying likely will worsen after I come out | Chicago Sun-Times,https://www.reddit.com/r/AutoNewspaper/comments/xd4sb7/entertainment_dear_abby_sibling_bullying_likely/,2022-09-13 04:17:35 PDT,1,,https://chicago.suntimes.com/2022/9/13/23349928/dear-abby-sibling-bullying-likely-will-worsen-after-i-come-out
post,CHICAGOSUNauto,[Entertainment] - Dear Abby: Sibling bullying likely will worsen after I come out,https://www.reddit.com/r/CHICAGOSUNauto/comments/xd4if8/entertainment_dear_abby_sibling_bullying_likely/,2022-09-13 04:02:21 PDT,1,,https://chicago.suntimes.com/2022/9/13/23349928/dear-abby-sibling-bullying-likely-will-worsen-after-i-come-out
post,FireEmblemShipping,Trust is a Delicate Thing,https://www.reddit.com/r/FireEmblemShipping/comments/x6yq3u/trust_is_a_delicate_thing/,2022-09-05 19:35:45 PDT,1,"Read [here](https://ift.tt/hmAnJCP)
   
   
by [SaraJaye](/users/SaraJaye/pseuds/SaraJaye)

""You've been out of it since the battle, you know,"" she says. ""Everyone's worried, and I know it's something to do with that Shahid guy."" He tenses.

Claude reflects in the aftermath of victory. Hilda finds him.

Words: 1099, Chapters: 1/1, Language: English

  - Fandoms: [Fire Emblem Musou: Fuukasetsugetsu | Fire Emblem Warriors: Three Hopes](https://archiveofourown.org/tags/Fire%20Emblem%20Musou:%20Fuukasetsugetsu%20%7C%20Fire%20Emblem%20Warriors:%20Three%20Hopes/works)
  - Rating: [Teen And Up Audiences](https://archiveofourown.org/tags/Teen%20And%20Up%20Audiences/works)
  - Warnings: [No Archive Warnings Apply](https://archiveofourown.org/tags/No%20Archive%20Warnings%20Apply/works)
  - Categories: [F/M](https://archiveofourown.org/tags/F*s*M/works)
  - Characters: [Claude von Riegan](https://archiveofourown.org/tags/Claude%20von%20Riegan/works), [Hilda Valentine Goneril](https://archiveofourown.org/tags/Hilda%20Valentine%20Goneril/works)
  - Relationships: [Hilda Valentine Goneril/Claude von Riegan](https://archiveofourown.org/tags/Hilda%20Valentine%20Goneril*s*Claude%20von%20Riegan/works)
  - Additional Tags: [Golden Wildfire | Golden Deer Route (Fire Emblem Warriors: Three Hopes)](https://archiveofourown.org/tags/Golden%20Wildfire%20%7C%20Golden%20Deer%20Route%20(Fire%20Emblem%20Warriors:%20Three%20Hopes)/works), [Fire Emblem Warriors: Three Hopes Spoilers](https://archiveofourown.org/tags/Fire%20Emblem%20Warriors:%20Three%20Hopes%20Spoilers/works), [Fratricide](https://archiveofourown.org/tags/Fratricide/works), [Angst and Hurt/Comfort](https://archiveofourown.org/tags/Angst%20and%20Hurt*s*Comfort/works), [Hugs](https://archiveofourown.org/tags/Hugs/works), [implied canon-typical racism](https://archiveofourown.org/tags/implied%20canon-typical%20racism/works), [Vulnerable Claude von Riegan](https://archiveofourown.org/tags/Vulnerable%20Claude%20von%20Riegan/works), [Sibling Bullying](https://archiveofourown.org/tags/Sibling%20Bullying/works), [Claude's backstory](https://archiveofourown.org/tags/Claude's%20backstory/works), [post-What Makes a King](https://archiveofourown.org/tags/post-What%20Makes%20a%20King/works)

   
   
 Read [here](https://ift.tt/hmAnJCP)
   
 Bot created via [IFTTT](https://ifttt.com/?ref=da&amp;site=reddit)",
post,autism,Is my sister being ableist or is this normal sibling bullying,https://www.reddit.com/r/autism/comments/x5o5yy/is_my_sister_being_ableist_or_is_this_normal/,2022-09-04 07:22:21 PDT,9,"My younger sister constantly mocks my interests, my behaviors, my speech patterns, and my facial expressions. It really isn’t helping in my effort to unmask when the things that feel like my authentic self are constantly being made fun of. I know it’s common for siblings to ruthlessly bully each other, but seriously?",
post,Parenting,Need help with younger sibling bullying older siblings,https://www.reddit.com/r/Parenting/comments/wx35xr/need_help_with_younger_sibling_bullying_older/,2022-08-24 20:18:30 PDT,3,"I don’t know what to do. My 4 year old son constantly bugs and hits his older 6 year old sister. Iv tried talking to him about it and trying time outs and everything people have suggested but it hasn’t made a difference. My daughter is getting very upset and has told me multiple times that she wishes she didn’t have a brother. It breaks my heart because she is very loving to him and all he does it hurt her feeling and hurt her physically. He doesn’t full on hit her but he’ll push her chest or just to bug her start touching her face and she asks him to stop and he doesn’t. Which makes her get angry and storm off. 

I am going to see our doctor about it to see if it’s something else that maybe going on with him. But in the mean time has anyone experienced this? And any tips? I just want my daughter to feel loved by her little brother but at this moment I know she feels like her brother hates her.",
post,unpopularopinion,Sibling bullying is real but most think it's funny,https://www.reddit.com/r/unpopularopinion/comments/vz9dyu/sibling_bullying_is_real_but_most_think_its_funny/,2022-07-14 16:17:05 PDT,1,[removed],
post,BestofRedditorUpdates,Clueless OOP thinks sex ed lessons are abusive,https://www.reddit.com/r/BestofRedditorUpdates/comments/v7vgbg/clueless_oop_thinks_sex_ed_lessons_are_abusive/,2022-06-08 10:46:38 PDT,2258," The original post was deleted on r/legaladvice but I was able to recover the body of the text from r/bestoflegaladvice. User is u/ForcedWatch. I am not the OP.

Mood warning: &gt;!positive!&lt;

[ORIGINAL](https://www.reddit.com/r/bestoflegaladvice/comments/77n0j5/it_was_sex_ed_so_porn_in_disguise_still_legal/)

Title: Girlfriend's older brother forced her to sit down and watch certain videos which are against her religious beliefs. Is this domestic abuse?

Original Post:

&gt;Yesterday her brother forced her to sit down and watch a series of youtube videos. She is 15 years old and he is 20 years old. She was not allowed a choice and was not allowed to leave despite her multiple attempts of trying. He then asked her questions about the videos to make sure she has watched and paid attention and she was only allowed to leave when she got the answers right. The videos were offensive and it was a traumatizing experience.  
He is the golden child of her parents and they will not say anything. I believe this was emotional abuse and maybe forcing her to watch videos is physical abuse? I would like to know what happens if I report this to police or CPS.  
We are in the state of Florida.

Question from a commenter:

&gt;Define forcing her. If she *literally* could not leave the room under fear of physical harm, if he threatened to harm her, or if he did harm her, she should call the police. 

OOP's response:

&gt; More like big sibling bullying. Something like ""You're gonna sit your butt down and watch this and can't say no."" She did it because she knew her parents would ground her for not listening to him. 

Here's this gem from OOP here:

&gt; It was sex ed. So porn in disguise. Still legal? 

&amp;#x200B;

[UPDATE](https://www.reddit.com/r/legaladvice/comments/78z54j/girlfriends_older_brother_forced_her_to_sit_down/)

 

Ok so my last post [here](https://www.reddit.com/r/legaladvice/comments/77mv24/girlfriends_older_brother_forced_her_to_sit_down) was downvoted and then locked. I asked if my girlfriend's big brother can force her to watch videos against her religious beliefs.

Trust me I believed you guys when you said that he can and it's a family matter, so I didn't call the cops or CPS. But I tried to talk to her parents to see what they think of the whole thing. I knew my parents wouldn't like it if someone showed me videos that we find very questionable and then quizzed me on them.

So I went and saw them and told them everything. They didn't like it at all. I mean, they didn't like it that I was talking to them. They told me that I have no right questioning what their son and daughter do and I should know my place. I don't know, I'm her boyfriend and I think I should have the right to be concerned about her wellbeing. They didn't agree.

A couple of days later my girlfriend came to me angrily that I shouldn't have gone to her parents. She says I tried to talk shit about her brother to her parents. But I only told the truth. I don't know why she's still loyal to him, he forced him to watch those videos. She should take my side but she took his side. I tried to press her on it and asked how can she not take my side, I'm her man and her boyfriend. She broke up with me.

I'm very hurt right now. Maybe I messed up. I was just trying to look out for her. Maybe I should have listened to all of you who told me to drop it. I don't know. Maybe we were not compatible. I don't think codependency is a good thing.

Anyway, thank you for your advice. It was the right one and I didn't listen and lost my girlfriend as a result.

&amp;#x200B;

Reminder: I AM NOT THE OP.",
post,Adulting,Adult sibling bullying,https://www.reddit.com/r/Adulting/comments/uz5iew/adult_sibling_bullying/,2022-05-27 12:14:06 PDT,1,[removed],
post,CPTSD,"Has anyone else experienced emotionally, and (maybe serious) physical abuse from a much older sibling, and never really realized it wasn't normal until they were grown up? TW: ABUSE, specific triggers listed on top of post in capital letters!",https://www.reddit.com/r/CPTSD/comments/uiynb0/has_anyone_else_experienced_emotionally_and_maybe/,2022-05-05 07:26:31 PDT,2,"!!!!!!TRIGGERWARNING: PHYSICAL ABUSE, FEAR OF LIFE, EMOTIONAL ABUSE, FEELING OF HELPLESSNESS, BERAVED OF FREEDOM. !!!!!!! 

\- Does NOT contain description of sexual abuse in main post. Comments not guaranteed.

&amp;#x200B;

&amp;#x200B;

&amp;#x200B;

&amp;#x200B;

I feel like a want to start with just a vent for background info. I've recently began seing a therapist and talking about my childhood. I have searched a lot and I have yet to find people who understand me, or are like me?  I see some people bravely speaking of bullying and abuse between siblings but not many with age gaps, or between genders, as that family dynamic is less usual ofcourse. 

**Disclaimer:** Please also contribute if you don't have a large age gap, and experienced these things too, all similar stories are welcome to me,  also If you were the older sibling (I do not judge, and I think it is brave to speak about being on the other side, and contribute to the complex situation that is sibling bullying/abuse!) Sibling abuse can also happen between younger sibling towards older siblings, and emotional and verbal abuse is just as bad as physical abuse, and should not be compared. I do not intend to make anyone feel otherwise by specifying my situation and asking for similar individuals, or feel like I'm discarding their opinion, as I don't think any story is comparable as it is complex and everyone has different struggles. **Im just being like, hey, are there more people very similar to me, and how are you doing today?** *(Im just trying to be really clear so no-one feels excluded, because I don't think they should, and I only have good intentions, and Im a very anxious person, so I'm really afraid someone will misunderstand my intent, much love)*

 **Im  a girl with two brothers 9 and 7 years older than me.** My parents love me, but  had their issues, they now pay for my therapy and we have good relationship now that I appreciate very much. My parents have never laid a hand on me for info, they love me very much, and regret how things turned out without them knowing, and also take responsibility for their shortcomings, we have an open dialog and they want me to do what is best for me, of course they would like our family to heal together, but are giving me the time and space to decide for myself. I forgive them for the things that transpired, and Im also trying to forgive my brothers, and move on. However:

**My brothers however, often laid a hand on me. I can remember incidents where either one or both did things that scared me to death, such as.**

*  Locking me in dark rooms, or the freezer room(rarely and very brief moments), for short periods of time. Usually turning the light of in the bathroom when I ran in there when they were after me, because it had a lock. And the switch was on the outside. And then having to either stay in the pitch black room or come out. I was PETRIFIED of the dark, and often chose to go out to what was waiting me.
* Holding me by my feet over the staircase or the balcony (1-4 m down depending on where on the balcony) ( One time I peed myself)
* Holding me down, or sitting on top of me, poking my head at 1 spot for a prolonged sequence, or like drooling over me, having it nearly hit my face.
* Sitting on me or pinning me down for a prolonged period, and me not being able to move.
* Sitting on me and tickling me till I lost control of bodily functions. 
* Smothering my face with a pillow or covers
* Holding me under water in a pool once, don't know if it was an accident or not, I was seven. Thought I would die tho
* Oldest brother and I had a fight when I was 3,5 and he was 13,5, and I ended up having a cast on my arm for two weeks. Hospital didn't do anything, or like report anything to anyone.
* Emotional abuse, and telling my friends how disgusting and gross I was when they came over, mostly jokingly, but I often felt embarrassed. 
* Scaring me with fake guns( like the BB guns, and making me believe they were real), or scare me with other objects I found scary
* Leaving me out of things, only doing things together, and being angry when I tried to participate.
* When they had to pick me up from somewhere in their car, they would speed and pretend to crash og take their hands of the wheel as to scare. 

This happened a lot for as long as I remember till I was like 12 ish maybe. Im 22 now.

And all this mainly happened when my parents were busy for a moment, or at work etc, or just like didn't pay attention for a little bit. Sometimes in front of them, and sometimes my parents blatantly failed at doing anything, or didn't think it was serious. However in front of my parents they would most often:

\- Provoke me. From when I was like 3yo, they would push my buttons, and then when I had angry meltdowns my parents would get extremely mad at me. This continued til I was like 13-14. I was labeled as a difficult and aggressive child, the temperamental one, the dramaqueen. I was never violent against my brothers as far as I remember, except for like small incidents were I said sorry, and we made up, the NORMAL stuff, and accidents. Like accidentally scratching them with a nail during a fight, or once I threw something at my brothers head that hurt a lot, and that I apologized for. 

I have good relationship with my middle brother today, but not the eldest. I get physically unwell in his presence. The smell, the way he talks, it makes me feel icky or sick to my stomach. I have a lot of problems now, that I work on with my therapist, that I learned actually is like trauma, and I never thought these were that serious things, and that everyone did it to their younger siblings.  I just feel like I thought this was normal sibling rivalry, and I was a DRAMAQUEEN when I got scared and angry all through the years. Im sitting here reevaluating my life.  **Are there anyone else like me???** I feel like all my friends with much older siblings had brothers who picked them up for the movies, or like bought them things? I can't relate. 

**I'm just trying to find some likeminded individuals. How are you doing today, what is your story?**",
post,AskReddit,Why is sibling bullying so much more tolerated than other bullying?,https://www.reddit.com/r/AskReddit/comments/ubrmzy/why_is_sibling_bullying_so_much_more_tolerated/,2022-04-25 11:18:10 PDT,1,[removed],
post,PiercingAdvice,piercing advice for a dummy like me,https://www.reddit.com/r/PiercingAdvice/comments/txcbz0/piercing_advice_for_a_dummy_like_me/,2022-04-05 20:01:09 PDT,1,"I'm not too sure how to use reddit but my boyfriend told me to come here for advice since he absolutely haaaates piercings...

I have a nose stud, pretty common, but the week after I got it I started getting a little bump on it, I left it alone and kept cleaning it with my Saline solution. It got worse and by worse I mean leaking blood and puss. 

I was obviously like.. well yup this is infected, so I asked someone who has a piercing, my lovely sister. Who has almost pierced her entire body.
After enduring the sibling bullying she admitted that she used to pick at hers until they went away and they did. Even when they got a puss bubble built up on it. 
She then followed up with ""If that doesn't work.. use teatree oil"" 

I followed her advice and picked and picked all the time, until this one time a really big puss bubble that almost overlapped the piercing popped up, since I had class I had no choice but to grab a razor and slice it open. But my mom saw me draining it and said that she's getting me some teatree oil.

After I got it I mixed it with the warm, steril, saline solution and washed throughly for about two weeks. 
But as of now I still have that annoying bump on me. And now it won't grow nor shrink, it's just a hard crusty lump on my nose.
It gets a little inflamed in the shower but then crusts up again after it dries...

Can anyone help me get rid of this bump for good without my sister's trauma solution?",
post,mylittlepony,Some cute sibling bullying :3,https://www.reddit.com/r/mylittlepony/comments/twe16t/some_cute_sibling_bullying_3/,2022-04-04 14:45:42 PDT,170,,https://derpicdn.net/img/view/2022/4/4/2838955__safe_artist-colon-leadhooves_pipp+petals_zipp+storm_pegasus_pony_g5_adorapipp_adorazipp_chat_commissioner-colon-navelcolt_cute_flapping+wings_hape_hear.png
post,confessions,i hate my sister and her child,https://www.reddit.com/r/confessions/comments/tnfii4/i_hate_my_sister_and_her_child/,2022-03-24 23:07:42 PDT,5,"my sister is a horrible person. she bullied me as a kid, i’m not talking about just sibling bullying, she made my life hell. 

she would hit me hard for no reason, tell me our pets/parents died just so she could watch me cry. in middle school she found out i like girls and she told everyone. we come from a religious family. 

nobody except my parents and other sister spoke to me for months after that. she outcasted me from my whole family, i still to this day don’t talk to most of them. 

we got into an argument once because she wanted me to do her chores for her while she went out with a friend. i said no, she called me lazy, then tackled me to the ground and banged my head against the kitchen tile. while she was doing it she told me to kill myself, nobody would miss me, i was worthless, etc. i was 10 at the time. 

another time we argued she hit me. i had enough and hit her back. i beat the absolute shit out of her while our mother was in the next room listening. unknown to me my sister was pregnant at the time. 

she told people that i told her to kill herself. she made so many people hate me. she lied and told them i knew she was pregnant, that’s why i hit her. she told them that i said i hope she had another miscarriage. she’d had one earlier in the year. 

my mom had my back, though. she told everyone the truth, they apologized to me but i can’t help but to hate them too for the things they said to me. my sister got no repercussions for this, people even excused her actions. pregnancy hormones, they said. 

when she gave birth to her child i didn’t visit in the hospital as i did with my other sister. i’ve never even held that kid. 

i love my other niece, my other sister was always kind to me. we’re very close. i’m even her favorite aunt. it makes me happy. 

i’m always asked why i never hold the child, never talk to her, never buy her things as i do with my niece. i always make excuses.

“i just don’t like babies. my niece is older now, that’s why i’m closer with her.”

to be fair, i do hate babies, but i hate this one in particular because of who her mother is. 

i know it’s not fair to the kid, it’s not right. but i can’t help it. i hate her so much. if i never saw either of them again i’d sleep soundly for the rest of my life. 

i’m never having kids of my own, don’t
want em. so i should treasure my sisters children. that’s what everyone says. 

i do treasure my niece. i just really fucking hate that other child.",
post,Parenting,How to deal with adult family bullies,https://www.reddit.com/r/Parenting/comments/s2wv6c/how_to_deal_with_adult_family_bullies/,2022-01-13 02:57:24 PST,0,"A little bit after Covid began on March 2020 my family has been dealing with our adult sibling bullying. The bullying is directed at us, the adults, but it also affects the children. Some examples are like leaving their children at my house when I explicitly told them that I was not comfortable having a playdate because I felt too much stress to also deal with company at my house. I was struggling and adjusting to this new pandemic reality while parenting my kids. They personally came to my house and dropped off their kids at my house which I welcomed, of course. After about an hour I wrote to them to please pick them up because I was exhausted. Then the verbal abuse began, that I dont love their kids. I must be full of hate. All I do is complain and on and on. Anyways, they came and picked them up 4 hours later after a huge fight. From then on its been a battlefield. Every boundary that I try to implement is pushed with verbal abuse. And there is no reconciliation in sight because everyone is tugging the rope to their side. It has escalated into birthday parties in which they invite my kids friends but not my kids. I dont mind that part, but I do feel like it is pitiful to do such things. More because it involves children.  So, how do I deal with an grownup family bully?",
post,AskParents,What are the best ways to combat sibling bullying?,https://www.reddit.com/r/AskParents/comments/s2i1vy/what_are_the_best_ways_to_combat_sibling_bullying/,2022-01-12 13:53:16 PST,6,"Two professors of family studies and professional psychology [found](https://www.scholastic.com/parents/family-life/parent-child/strategies-to-stop-sibling-bullying.html) sibling bullying to be not only widespread but strongly associated with serious trauma, including long-term depression, anxiety, and anger.

My brother (29) used to bully and abuse me (24) for most of my life. It got aggressive when he was in middle school, ugly when he was in high school, and absolutely vicious when he was in college. During the summer, he apologized, but he doesn't fully understand the problems with what he did. My scars aren't fully healed and he continued to psychologically abuse our parents. Meanwhile, my late aunt spent the last decades of her life abusing my mother and left her with grueling emotional burdens.

When I have kids, I don't want to let them follow the same path. Parents of Reddit, what are the best ways to combat sibling bullying?

Experience and science are both welcome.",
post,death,"dealing with siblings, dad just died hours ago and sibling bullying",https://www.reddit.com/r/death/comments/rzz167/dealing_with_siblings_dad_just_died_hours_ago_and/,2022-01-09 11:15:19 PST,18,"My dad has been going downhill for quite some time and just passed away this morning around 5:00 a.m. . I have two older siblings and we've been in the midst of getting his house in order as we were well aware he probably wasn't coming out of the facility that he was in.
Fast forward to today we all get a call that my dad passed away at 5:00 a.m. and my one sibling is already over his house cleaning everything out and wanting to go to the facility to pick up the rest of his stuff. 
Maybe this is how my sibling deals with it but I for one am not ready to do that. I tried to make it clear that it can wait a few days and we'll have people to help. She was not okay with that and also said she will not be taking bereavement until she needs it (isn't that now?). She has a tendency to blow up on people so I'm trying to handle it as gently as I can because she's also going through a hard time but she's making this a thousand times worse by stressing everyone out with ""when can we move the stuff out I'm moving stuff to Goodwill today, well I'll just go over and get the small things, when can we do this, messages that we've gotten today"". I did tell her myself and husband can help on Tuesday morning but that was not soon enough for her.
I don't think it's about money as he was able to move his stuff over to us prior to all this and prior to 5 years ago. I just kind of feel like she's losing it and I'm a little worried about her.",
post,BPDFamily,When There Is No Getting Away: The Grief of Sibling Bullying,https://www.reddit.com/r/BPDFamily/comments/rdiqwm/when_there_is_no_getting_away_the_grief_of/,2021-12-10 13:10:38 PST,28,"If someone wrote a book about me, it would be about how much I’ve done to love and support my BPD sister while she thinks I’m being vengeful and spiteful to her on some days. 
This black and white thinking when she splits has me so tired and frustrated. The screaming, aggression, and vindictiveness is relentless during these episodes. Her anger triumphs all. It seems as if she’s delusional, paranoid, and stuck. And after several degrading, belittling texts against me—she wants me to approach and talk to her calmly…what?
Supposedly I don’t allow her to process her anger, or be angry. Her anger towards me is abusive. I got hit the other day for standing up for myself. I am so tired, why can’t her good days with me last?",
post,relationship_advice,Should I tell my(22F) dad (59M) how big of a POS he’s been my entire life?,https://www.reddit.com/r/relationship_advice/comments/qrwgv3/should_i_tell_my22f_dad_59m_how_big_of_a_pos_hes/,2021-11-11 14:14:23 PST,0,"TLDR; I want to tell my dad how much of a POS he is and how he’s traumatized me over the years, but i’m terrified. 

So my (22F) dad (59M) has been a manipulative, emotionally abusive asshole my entire life. 

Background: (buckle up bc this is a lot)
My parents were married for 20+ years with 4 children when my dad had an affair. When confronted about the affair by my mom (who found out through a neighbor), he lied about it straight to her face. She proceeded to hire a PI to follow him and get photo evidence of them together (which honestly made me respect my mom so much more. she does not play and i would do the exact same) and told him it was her and our family, or the other woman. He chose the other woman, and my parents got a divorce when I was at the ripe age of 7. I pretty much lost all respect for him right then and there. 

For 11 years after that I had to endure my dad dating countless women - he would introduce me and my siblings to these women, have them around every time we went to visitation with him, we would get attached, then I would never see or hear from them again after the inevitable breakups. This MAJORLY fucked with my head and my idea of how relationships worked. I was led to believe that these women were disposable, so who was to say I wasn’t disposable too? My dad sure treated these women, and me, like we were. I grew up with zero self worth, which then led to me choosing very very toxic, manipulative men when I first started dating. (don’t worry i have a good, healthy one now!!) 

Note: This heavily effected my sister (31F) as well, WAY worse than it did to me. A short while after the divorce she got pregnant at 17 with a POS baby daddy, and has proceeded to have 3 more babies since with different BD’s that emotionally, and occasionally physically abuse(d) her. I say I have zero self worth, and if that’s the case she must have negative. She has no respect for herself at all and thinks she’s worth nothing. I really lucked out being 9 years younger so I could watch her mistakes and not make the same ones… she didn’t have that luxury as she is the oldest. She lived with my poor mom during the first 2 babies, and my mom had to physically/emotionally/financially take care of them, AND her own 4 kids, while making $14 an hour + child support that was not nearly enough to pay for our mortgage, utilities, school stuff, activities, food, etc. I wasn’t even allowed to play sports in high school bc my mom couldn’t afford it, and my dad refused to buy it for me, even secondhand. His reason being “that’s what the child support is for”. We got donations from our church food bank every week to keep us going, while my dad was living the single bachelor life, loaded making 6 digits every year. 

My brothers (25M, 28M) also used to bully me to shreds up until I was about 16 for no reason - not your typical sibling bullying, they were fucking brutal on purpose- and when we were with my dad he would either chime in and bully me too, or if I reacted to the bullying at all (by crying, telling them to stop, try to get my dad to get them to stop, trying to hit them, etc) I was the one who was blamed, screamed at, and sent to my room. If I didn’t want to be in my room the entire time we were with my dad, I had to endure the bullying and do absolutely nothing.

My dad did get remarried. Twice. Then divorced again. Twice. One of them didn’t even make it past the honeymoon. 

Now about 5 years ago, he started having a thing specifically for young Chinese women. He would meet these women on some dating app, talk to them for a few weeks/months, then fly them to the US to go on trips or stay with us (yeah, a sugar daddy i guess. funny he could spend thousands on them but couldn’t buy his daughter shin guards and cleats to play soccer). Can I mention that none of them spoke English and my dad doesn’t speak Chinese, so they had to use a translator app for all communication? He did this with who knows how many women, and had one staying with him when COVID hit. Everyone is in lockdown, flights restricted, she obviously could not go back to China anytime soon - she was literally stuck. They end up getting ENGAGED. 3rd times the charm, right? I mean 4th… I’ve lost count at this point. 

Flash forward a year and he’s bought a huge brand new house for her, flew her mom and her 5 year old son in to live there and provide for them, and has all but forgotten his real family. The last time I spoke with him on the phone, which was 6-7 months ago, he was telling me how excited he is to retire and take this woman’s son to baseball games, on fun trips, to spend time and be a “real father” to him. 

Imagine hearing your dad say that after emotionally neglecting and abusing you your entire life. It shattered my heart, I told him I had to go and just broke all the way down. NOW you want to be a real father? To this kid you just met, when your 22 year old daughter is literally on the phone and has never had a “real father” her whole life? When she’s tried and tried to connect with you and make you care?

After that phone call with him I decided I was done speaking with him. I couldn’t handle it emotionally any longer, I needed to cut him out of my life. I am very close with my mom so I told her, and her response was that I shouldn’t. She wants me to do what my other siblings do - pretend, so that he is still there as a money resource if I need it and so he doesn’t take me out of his will since he’s loaded as fuck. She also said that one day he’ll be gone and I won’t be able to speak to him anymore, and i’ll wish I would’ve tried to have a relationship with him.

I don’t agree with her. I honestly couldn’t give less of a fuck about him as he abandoned us, and made my entire childhood hell. I also do not need his money. I take care of myself. The one thing is, I want to tell him exactly how I feel and how I’ve felt over these years, but at the same time i’m so scared. I’ve held back SO much because he does indeed scare the shit out of me- the only time I even gave him a glimpse of how I feel was after my 3 OD attempts within 2 months that were directly related to him being a POS (Won’t go into detail on this post - too much). I barely got to say anything before he started crying and telling me he was going to be a better dad. 5 years later, he hasn’t changed and he never will. 

My question is: Do you think I should try to talk to him and tell him how big of a piece of shit he is, so maybe there’s a chance he’ll realize and try to change? Or should I just move on and forget about him?

i’m sorry that was super long and all over the place, this is just the tip of the iceberg. There is literally SO much more I wanted to include but again, it would’ve been a whole book. Thank you to everyone who read all of this.",
post,vancouver,I am a college student volunteering at an after-school care program. Should I report a 14 year old for telling me about sibling bullying?,https://www.reddit.com/r/vancouver/comments/qejo0e/i_am_a_college_student_volunteering_at_an/,2021-10-23 20:06:25 PDT,1,[removed],
post,BetterHealth,"Sibling bullying linked to poor mental health years later, study finds",https://www.reddit.com/r/BetterHealth/comments/q61a5u/sibling_bullying_linked_to_poor_mental_health/,2021-10-11 10:42:21 PDT,3,,https://www.wboy.com/news/health/sibling-bullying-linked-to-poor-mental-health-years-later-study-finds/
post,self,"Chronic Pain from Childhood Trauma, it’s been 13 years of pain. Seems like my life is not cut out for healing.",https://www.reddit.com/r/self/comments/q50rsi/chronic_pain_from_childhood_trauma_its_been_13/,2021-10-09 21:06:15 PDT,7,"I’m 25, youngest sibling of 2 brothers. Growing up I went through trauma. Parental Abuse and Neglect, Sibling Bullying, Stranger Physical Assault, Internet jump-scare, and I never had a place to heal or express the emotions these things caused. So up until now I always picked the “outcast” role in the house. I’ve over identified with being sick or sad or hurt to try to get attention since I was otherwise neglected. It’s really kicked me in the ass since now it seems to have snowballed into a daily life of pain and suffering. Every day I deal with overwhelming dizziness, headaches, chest pains, and worse of all: derealization (brain fog). I haven’t been the same since I was 13 and I got physically assaulted for my phone. That’s when my brain fog started and never went away til this day. I understand that the “role” is likely not the cause for the chronic issues as much as the trauma is, but I do believe it is why I continue to suffer for as long as I have, and not found the courage to push through the discomfort to overcome trauma. Because to let go of this role is to let go of my identity that has got me the validation I wanted that I felt I never got prior. I can’t cook, I can’t take walks, I can’t exercise, I can’t work, I can’t be there for my 5 year old child (or even find the will to), I can’t be independent, my mother (who’s always been an over-parenting mother) still takes care of me everyday (cooks my every meal, takes me to my doctors appointments, drives me around, buys my groceries, etc.) because the physical and psychological suffering I go through is so overwhelming, it seems impossible to push through, let alone long enough to see improvement, especially in the same house where I dealt with most of this trauma (same house through my entire life) , and where my parents still argue and yell and plant a very depressing energy in the home every single day. I have no friends, and no way to see any better energy other than to go online (I don’t have the consistent energy or mental peace to attend public things that are positive) and watch mindfulness content and read books about meditation and healing.. but it doesn’t seem like enough when i get off of the content and come back to a house where It’s just me, my overparenting mother, and my dad who creates a very tense and awkward environment at home. I can’t remember the last time my house felt like a home. It doesn’t feel home. No where feels home. Im always foggy headed and my body always just wants to lay down because if I sit up for too long I get dizzy, fatigued, and pained. What the heck do I do? I feel like I’ve heard every answer and nothing ever seems to help. I just lay in bed all day and occasionally just sit outside for 10 minutes and then come back in. I’m depressed, and unmotivated due to all the failing I’ve experienced through these 13 years.

Ive been listening to Eckhart Tolle lately and I’m loving it, and I’ve been attending talk therapy for 4 years, and I’m starting EMDR Therapy next month. That is my last hope for real change.. since it feels like I’ve tried everything else. I don’t know what to ask for here because it feels like I’ve heard it all.

I left a whole lot out, because there’s so much to say, but these are kind of the essential pieces to my story.",
post,ScienceBasedParenting,"Sibling bullying associated with poor mental health outcomes years later, new study finds",https://www.reddit.com/r/ScienceBasedParenting/comments/q1a4d1/sibling_bullying_associated_with_poor_mental/,2021-10-04 10:21:13 PDT,18,,https://www.york.ac.uk/news-and-events/news/2021/research/sibling-bullying-poor-mental-health/
post,IndustrialPharmacy,Sibling Bullying Carries Long-Term Mental Health Costs,https://www.reddit.com/r/IndustrialPharmacy/comments/pz9dhc/sibling_bullying_carries_longterm_mental_health/,2021-10-01 07:38:43 PDT,1,,https://www.drugs.com/news/sibling-bullying-carries-long-term-mental-health-costs-100739.html?utm_source=ddc&amp;utm_medium=rss&amp;utm_campaign=Sibling+Bullying+Carries+Long+Term+Mental+Health+Costs
post,science,"Sibling bullying associated with poor mental health outcomes years later. Scientists found sibling bullying in early adolescence, irrespective of whether the individual was a victim, perpetrator, or both, has a long-term effect on both positive and negative mental health in late adolescence.",https://www.reddit.com/r/science/comments/pyh7o5/sibling_bullying_associated_with_poor_mental/,2021-09-30 03:44:21 PDT,210,,https://www.eurekalert.org/news-releases/929741
post,raisedbynarcissists,"Parents mock me for trying to better myself, but I also never seem to be enough",https://www.reddit.com/r/raisedbynarcissists/comments/pjytor/parents_mock_me_for_trying_to_better_myself_but_i/,2021-09-07 16:37:49 PDT,8,"Hi everyone, I’m not even sure this is the right sub for this, but it seems appropriate enough and I’m feeling the need to vent. 

My parents have long long made me feel like I’m not good enough. But when I try to be better they mock me for it. As for the making me feel not good enough, it’s the little common things mostly, screaming at me for having a glass in my bedroom when everything else is fine, being indifferent about straight A report cards or high scores on tests that I killed myself studying to get, being mad at me for sleeping in a bit on the weekend, not having a job at 16. But also bigger things, my elder brother (like 10 years older), struggles a lot with mental illnesses which I won’t disclose, and refuses to take his medication. Which I don’t entirely blame him for, and I empathise with him. But there was one instance where he fully attacked me, and I don’t mean sibling bullying I mean a violent rage, he is much bigger and stronger than me and was seriously strangling me. But I still fought back and managed to get him away from me, injuring his arm in the process. My parents came home and shouted at me,punished me, grounded for weeks. Telling me it’s my fault for aggravating him in the first place.

 I also can’t remember the last time they sincerely said they were proud or showed it it any way. When I got my GCSEs back (age 16 national examinations in UK) and I got  almost straight 9s and 8s, which is almost perfect score, my mum smiled, said ""Well done, I’m so proud"" which made me feel like wow, she does care. She posted it on Facebook to brag to her neighbour friends, and I felt very seen. Then she basically forgot I existed the rest of the day and it left her mind. Really feels like she only wants me to one up the neighbours kids. Anyway this particular instance was a year ago, and is the only time I can really remember her expressing pride for me to any big degree. Any straight A report cards I get now only result in a pat on the back and get thrown away. But god forbid I get a C, then she throws a fit.

But despite all this, any attempt to Improve myself is met with ridicule. I got a part time retail job a few months ago and my dad laughed at me saying I’ll never hack it in the real world, and I don’t know what hard work is. I was looking into applying for medicine at university, and my mum continually makes jokes about how I think I’m better than them, that I’m too good for the council estate now. I entertained the idea about going to Oxford, Cambridge or a London university, and they both started speaking to me in posh tones saying similar things, calling me names, saying that I have no roots, I’m not one of them. It may not sound like much but it really gets to me. I’ve also been trying to work on my health recently and have been quite successful, but you should’ve heard the roars of laughter when I signed up to the gym. They even laugh at me for eating more fruit and veg now, calling me a rabbit. It sounds ridiculous even typing, this isn’t all in my head right?

Part of me wants to get as far away as possible for uni, but I also think I’d miss them, for all their faults they still have their moments, my mum desperately wants me to stay at home for uni (dad couldn’t care less). But I just don’t think I could deal with that for another 5 years, and I know I’d never fully be treated as an adult no matter what I do.

It feels like I can never be good enough, but as soon as I work hard at anything they feel like they need to knock me down. It’s hard to keep,motivation for anything. Don’t want to complain too much, so many people have it worse, with actually abusive parents, I guess I’m just looking for some validation that this is not all in my head?",
post,raisedbynarcissists,Everything just came rushing back. Brother + Parents,https://www.reddit.com/r/raisedbynarcissists/comments/ph1x46/everything_just_came_rushing_back_brother_parents/,2021-09-03 02:42:27 PDT,3,"I grew up in a toxic household, my parents are narcissists and so is my brother. My brother bullied me throughout my whole childhood physically and emotionally, i remember nothing good about him from my childhood and you might think its just normal sibling bullying but it really had a profound impact on my mental health. Over the past few years, our relationship has become better and more of a normal sibling relationship and he’s actually nice to me, we always joke around and he always jump scares me and my mom for fun (ALWAYS). 

I decided to do it to him and he did not like it, i guess he was humiliated? but i didn’t do it in public is was just family around, suddenly he picked me up and tossed me to the side but not harshly or in an abusive way but that action just brought me back to all the times he bullied me as a child and me being on the floor and him standing being domineering as well as my parents not caring and letting it slide.

I broke down, started crying and ran to my room and had a panic attack. I know its something small and somewhat harmless, but that action and the whole situation really triggered me. Maybe I’m overreacting but i just wanted to share this on a safe platform.",
post,Parenting,I walked in on my Two year old son physically standing on my 14month old. Wtf??,https://www.reddit.com/r/Parenting/comments/p5nxa5/i_walked_in_on_my_two_year_old_son_physically/,2021-08-16 13:05:06 PDT,5,"The title pretty much says it all. He was supposed to go down for a nap when I hear aggressive crying from my 14 month old daughter. I walk in to see what the heck is going on and my 2 year old son had gotten inside of her crib and was standing on her back. I quickly got him off of her and got her out of that situation; but now all I can think of is wtf was that?? How do I prevent him from doing something like that. Does anyone have any similar situations as far as sibling bullying? I don’t know what to make of this.

Edit: Thank you everyone for commenting, maybe I overreacted. I was just so worried because he’s never done anything like that before, but now I understand that it comes along with being a toddler. Thank you so much, I feel a lot less anxious and a little more confident when a situation happens like this happens again.",
post,dirtypenpals,[A4A] Step-Sibling Bullying,https://www.reddit.com/r/dirtypenpals/comments/p32seh/a4a_stepsibling_bullying/,2021-08-12 09:00:14 PDT,1,[removed],
post,raisedbynarcissists,"Tired of ""youngest child"" stereotypes. They always ignore the bullying and abuse youngest children sometimes go through.",https://www.reddit.com/r/raisedbynarcissists/comments/owj791/tired_of_youngest_child_stereotypes_they_always/,2021-08-02 10:20:39 PDT,13,"Some tw of abuse by my brother, the spoiled brat... and being forced to work at a young age. 
Everyone enables my brother. 

I'm really sick of being stereotyped as the ""devil child"" or ""lazy"" because I'm the youngest of 3. I don't know if I'm the only one, i basically had to parent egg donor and my brother... I had to have 3 jobs at 13, working under the table, because egg donor was too lazy. 
And yet somehow I'm still a horrible person, immature, lazy, and a devil even though I had to pay bills at 13. ""Oh the older children had it harder"" bullshit... 

My brother threw me and broke my hand when i was 7 (it's one of my few childhood memories) because there were coyotes outside and i dared to laugh when he picked me up. He threw me, i got a nosebleed and a broken hand, and within the next week? My brother had a brand new computer. What did i get? A broken hand. No apology. My brother never got punished. 

Another time i was giving the dog a treat, which he's twisted what i was doing... He said i was going to ""hurt"" the dog. 
It was literally a fucking dog treat.
And he picked me up, slammed me down on the ground and wouldn't let me get up. My sister had to pull a knife to get him off of me, my parents did nothing. That time fucking gave me trauma, I'm 17 and still get nightmares about it. How he threatened to kill me after doing that. He never got in trouble. Parents heard his threat. My sister had to once again play mom and get him off me. 

Many, many times he's hurt me, sometimes serious injuries, and gotten something within the next week. And somehow i asked for this. Somehow I'm playing the victim. Somehow he didn't hurt me according to them. ""it's just normal sibling bullying"". Bull. Shit. I can see how fighting/roughhousing would be normal if we were closer in age but he was in his teens when i was 5. 
May not seem too much but it was.
The shit he did can't be forgotten or forgiven.",
post,modsbeingdicks,I was banned in r/bullying,https://www.reddit.com/r/modsbeingdicks/comments/nrqefw/i_was_banned_in_rbullying/,2021-06-03 15:55:55 PDT,3,"Title. I broke a new rule which said ""sibling bullying is not considered bullying"" which is very false. It's new because I've written several posts about this and was never bothered about it. The Moderator commented ""This post is not appropriate for our sub"", and I was immediately banned without warning. I messaged the moderator, a 50 year oldish dude, ""Hello, I believe I was unfairly banned, could I speak to a moderator?"" and was temporarily muted for 3 days. Why do moderators think they are so powerful?",
post,CPTSD,Sibling Bullying and Abuse: The Hidden Epidemic,https://www.reddit.com/r/CPTSD/comments/mxs6ak/sibling_bullying_and_abuse_the_hidden_epidemic/,2021-04-24 13:24:58 PDT,3,[deleted],https://www.google.com/amp/s/www.psychologytoday.com/ca/blog/toxic-relationships/202002/sibling-bullying-and-abuse-the-hidden-epidemic%3famp
post,JUSTNOFAMILY,Hesitant on introducing my partner to parents.,https://www.reddit.com/r/JUSTNOFAMILY/comments/m0fzkc/hesitant_on_introducing_my_partner_to_parents/,2021-03-08 05:45:55 PST,19,"When restrictions allow my partner and I will be meeting our respective parents for the first time. We would have done so at least 6 months ago but couldn't because of covid. 

Anyway during this time I've had a falling out with a sibling who has bpd - they were irrational and ended up stealing a gift from me. My mother having known they had stolen it continued to enable them shrugging it off saying it would be too petty, still visiting them going into their home knowing full well we are under covid restrictions and can only have one support bubble (who we are regularly in contact with and has at least one high risk family member). I've slowly but surely lost respect for her but the last straw was when she asked me out of the blue if I was talking to my sibling now. 

I told her 'no, why would I - they stole from me, they have not apologised so therefore is not remorseful or thinks that what they did was fine'.

My mothers response to that was 'but she's your sister, if I'm gone and she doesn't have you she will have no one' - I'm still laughing from that today, partly because a couple of years ago when I was recovering from surgery no one but my mother and friends looked out for me! My sibling who lived a 10 minute walk away did not visit me but managed to get a 30 minute cab drive to tend to a family member (that we will call family X) who had a similar procedure and full house looking out for them and partly because she really thinks I'm going to be an enabling emotional support mule for that ticking time bomb. 

My response to that was 'well she has family X to look out for her doesn't she?!' Mum responded 'they're not really there for her though, you know that'.

Ever since I've not had to have her in my life I feel less anxious its like a weight has been lifted, sort of like how you drop toxic people never to be heard from again. Until recently she has been 'dropping round' more frequently, I had a go last time because um covid? 

My partner is supposed to be meeting my mum at the end of the month (socially distanced) but although I want him to because of the principle of it all I kinda don't think she deserves to meet him. As soon as I leave this household I'll likely not stay in contact with her much, if at all because she clearly sees me as a crutch for her ""fragile"" child. Even as kids the support bubble family would have to mediate with mother and said sibling bullying me it feels as though that dynamic has never truly left.

We've been planning this meeting for weeks.    
I haven't told my partner everything, I don't know how without it sounding awkward, I also wanted to wait until after he met mother. But what do you think?",
post,CPTSD,Did anyone else get punished as a child for reacting to sibling bullying?,https://www.reddit.com/r/CPTSD/comments/lb44wf/did_anyone_else_get_punished_as_a_child_for/,2021-02-02 11:29:27 PST,78,"As a child, my older brother would frequently tease, bully, and wrestle/pinch/tickle me against my will. I was a sensitive kid and these incidents would often leave me crying and going to my mom to report what he’d done. Then, almost without fail, *I* would be the one to get in trouble for “disturbing the peace”. She’d lecture me in my distress for how annoying and “hysterical” I was. Brother would get a proverbial slap on the wrist or nothing at all.

I think this is a huge reason why self advocacy *terrifies* me to this day. It’s my biggest struggle. Anyone else?",
post,FurryKikPals,[F4M or DM][ serious][kik or telegram][22][ bullied by my brothers],https://www.reddit.com/r/FurryKikPals/comments/l9j52s/f4m_or_dm_seriouskik_or_telegram22_bullied_by_my/,2021-01-31 10:59:08 PST,1,"""Come on billy dont fuck my ass im gonna be late"" i whined as one of my older brothers pulled out of the my tight cunt which he had just creampied and pressed his cock into my ass. it was hard being the youngest and the only girl, I always got teased by all my brothers, the usual stuff getting in the shower with me and using me in there, cumming on my food, tying me up and taking turns, you know the usual sibling bullying. Thats just my life even after graduating highschool. 

Hey there im looking for a pretty simple scene thst revolves around incest and rough free use. Guys who bring interesting ideas to add to the scene or who are willing to play multiple brothers get priority 

[heres the ref i plan on playing ](https://imgur.com/a/cwev0E2)

My main kinks are bondage, rough sex, leather, degradation, anal, pet play, gangbangs, tattoos, piercings and stuff like that 

My limits are gore, vore, impreg and bathroom stuff.

I am 18+ and all participants and characters must be 18+

I hope to hear from you soon at alexpayne1115 on kik or telegram",
post,raisedbynarcissists,Do they just not see that I'm upset and grey rocking them? They continuously push me away but still want me to be a happy family member. How does that work?,https://www.reddit.com/r/raisedbynarcissists/comments/kwzbsh/do_they_just_not_see_that_im_upset_and_grey/,2021-01-13 21:33:11 PST,5,"I've always been the scapegoat. I'm realizing it now and grey rock my parents. I live with them for financial reasons, lost my job to covid, love-bombing, and medical problems.

I'm the middle child  and they CLEARLY favor my siblings for everything. I even confronted my parents about this numerous times and they just make excuses to the point that I cry and exhaust myself. They just don't care. I can literally be crying and their faces are 😐 emotionless; don't even give me a hug. From everything I've read here, it sounds like narcissists throw tantrums and call you names. My parents don't but they just show neglect in their actions.

* Parents have NEVER defended me from sibling bullying. They still disrespect me but my parents don't care. I'm NC with sister because she accused my husband of pushing her and wants him to apologize. Ummm NO. Parents don't care, but what if the roles were reversed? My parents would be on my ass to apologize to her, like ALWAYS. My dad tried this time but my husband stood up for me.
* Siblings and parents don't care that I have a neurological disorder (thanks to the stress they give me). 
* Mom kicked my husband and I out by ""pretending to sell the house"". Dad enabled her. A year later, we moved back in the same house because dad cried and ""I can't live without my kids"".
* Repeatedly take ""family"" decisions without including us. I thought we're family. When I get mad, mom would say ""ok next time we'll include you"" and repeat.
* Pretending to be happy for us and wanting to go with us to our next car test-drive. Then cancel last minute because ""COVID is widespread"". Then mom and dad go out next day.
* Mom telling me she wants two get me a gift, but end up only getting it for sister. I confronted her and ""you said you didn't want it"", ""I was gonna go get it"". First, if I said I don't want it, why would you go get it? Second, you're lying. You'd think she would try and fix her actions now that I confronted her, but still NO GIFT. She continues to walk around like nothing happened. 
* My husband was overseas in March so he had to come back with an emergency flight due to covid. My dad was helping me book flights. I was going to get my credit card but dad said he'll pay. I thought he finally did something nice for his son-in-law. After the transaction went through, he told me to pay him back later. I was mad but didn't say anything because I needed my husband back first. Who knows what he would've done if I argued back? Trust me, he's done things to prevent our marriage.  
 Anyway, months go by and dad didn't bring it up. Husband and I both thought maybe he finally decided to be nice or maybe he forgot. Yesterday, he asked again. And then, proceeds to pat my head. Does he really think he's being loving and caring after treating me like this? I don't mind paying it back (I already did) but why is it that my siblings NEVER have to pay anything back even when they use the money for useless shit or just eating out everyday? 

Can't they see I'm grey rocking them and I have no interest? I don't even talk to them. I come out of my room, get my food, and go back. If they talk, I just say ""hmm"" and don't laugh if they laugh. They still try to initiate conversations or greetings. I don't get it. Do they really NOT see that the reason I'm upset is because they treat me different? And then they get all upset if I try to go no contact.  They push me away then still want me to be happy?",
post,therapy,Why do I feel so personally responsible when bad things happen to other people?,https://www.reddit.com/r/therapy/comments/kprlrp/why_do_i_feel_so_personally_responsible_when_bad/,2021-01-03 11:54:30 PST,7,"I don’t know what’s wrong with me. I just get so emotionally affected by things happening to other people, or people expressing their emotions in front of me. 

For example, my mum just broke up with her long-term partner. She messaged me about it, and I instantly felt sick to my stomach and like I just wanted to cry. I don’t know if I’m just worried about my mum’s mental state, but I feel like I can’t do anything to help and I feel utterly useless and somehow responsible. 

Another example - a close friend recently got admitted to a mental health hospital. My boyfriend and I have been giving her so much support over the last 6 months, she’s stayed at our house for weeks at a time. When she went to hospital most recently, we said we were worried about her coming straight here because we aren’t qualified to deal with someone in the midst of a mental health crisis and also because of Covid. I feel responsible for her getting sectioned. She hasn’t spoken to me since and I feel sick with anxiety. I utterly believe it is my fault that this has happened. 

There are other things too. If my boyfriend gets angry at his video game, I feel sick. I have to leave the room. I can’t handle arguments or confrontation, I feel like I have to run away to get away from it. If I suggest something and someone doesn’t have a good time, I feel awful for suggesting the thing, like an awful person. 

I just feel unable to cope with bad things happening to others if there’s some way it could be attributed to me. Writing all of this down now, it just feels incredibly self-centred. 

I just want to know if this sounds familiar to anyone and how I could work on it. I have a diagnosis of anxiety which is managed with Sertraline. I used to have terrible health anxiety which is pretty much under control now. I had a reasonably normal childhood despite some pretty bad sibling bullying, and I’ve not had any particularly bad traumas or experiences. Please help.",
post,ASDparenting,Need Help with Respecting Boundaries / Sibling Rivalry,https://www.reddit.com/r/ASDparenting/comments/kbs3cd/need_help_with_respecting_boundaries_sibling/,2020-12-12 08:38:10 PST,1,"Hi. 

I’m struggling with my step-son and discipline surrounding sibling bullying, name calling, not respecting “stop” or “no”.

I’m still new to alot of this, really trying to understand where to draw the line between straight discipline and not letting things fall too far under the “needs” and curtain of “it’s harder for him”.

I am in the thought camp of really regardless of his differences to neuro typical children, certain things are just not acceptable and could make for trouble once in teenage years.

9yr boy. Academically keeping up with peers. High levels of communication, slight stutter but will hold a full conversation if interested.

However, his name calling to his siblings (idiot, stupid) to name a few acceptable for the internet, his lack of respect to siblings saying “no” when a game turns physical or stuck in the car.

My views are this is no different to any other child and needs discipline - especially surrounding respect for “no” or “stop” consent when doing something that’s gone too far. 

This in turn then causes issues for the bullied siblings learning that their voice is not respected / consent is ignored. Not something we want a pre-pubescent girl (sibling) going into teen years believing is “OK”

Help. I don’t know where to start and get shut down when I try talk to his mum about the behaviour",
post,cats,Bigger kitten bullying his smaller brother,https://www.reddit.com/r/cats/comments/jz9cu8/bigger_kitten_bullying_his_smaller_brother/,2020-11-22 18:51:04 PST,2,"Hi everyone,

TL:DR at the bottom

I've been a cat owner before, but this is the first time I've adopted a bonded pair of kittens. At the shelter, they were inseparable, both playing, sleeping, and grooming each other while I was there. Now that they're home, the larger one (Jake) is being a pretty rough bully to his smaller brother (Elwood). They are litter mates.

Everything I've read about them sorting it out doesn't seem to be happening. Jake will incessantly stalk, jump on, pin, and bite Elwood, the the point that Elwood is yowling pretty loudly. The problem is that  doesn't make Jake stop. He keeps biting, pinning, or otherwise wrestling until I intervene, or Elwood stops struggling. It's really hard to witness, thinking that little Elwood is getting hurt.

The thing that's confusing, is there are lots of other times when they're laying in the same bed, grooming each other, or playing nicely.

The other problem is that I also have 2 dogs (both of which are very cat friendly), so the cats are currently confined to my bedroom while I slowly acclimate them to the dogs. I feel like being in the same room 24/7 is partly to blame for this tension, but I don't really have the room to separate them while also keeping the dogs away.

They have a large, multi-tiered cat tree, two food bowls, and lots of toys. They are temporarily sharing a litter box, but that doesn't seem to be a trigger. They will have multiple boxes once they can have full run of the house.

Am I reading too much into this, or is there something I need to do to intervene? As it is, I can help while I'm there, but I can't be around 24 hours a day. I can't help but feel like Elwood is just a punching bag, and it makes me sad to think that he's scared or otherwise unhappy.

Please help =(

TL;DR- Bigger sibling bullying his brother, doesn't stop when the smaller one yells. Other times they're fine, but when they wrestle, it's always very 1 sided. Im worried that it will advance to real aggression or actual fighting.

 Kitten Tax...

http://imgur.com/gallery/jXfthew",
post,CatAdvice,Male kitten bullying his smaller brother,https://www.reddit.com/r/CatAdvice/comments/jz8afh/male_kitten_bullying_his_smaller_brother/,2020-11-22 17:43:04 PST,7,"Hi everyone,

TL:DR at the bottom

I've been a cat owner before, but this is the first time I've adopted a bonded pair of kittens. At the shelter, they were inseparable, both playing, sleeping, and grooming each other while I was there. Now that they're home, the larger one (Jake) is being a pretty rough bully to his smaller brother (Elwood). 

Everything I've read about them sorting it out doesn't seem to be happening. Jake will incessantly stalk, jump on, pin, and bite Elwood, the the point that Elwood is yowling pretty loudly. The problem is that  doesn't make Jake stop. He keeps biting, pinning, or otherwise wrestling until I intervene, or Elwood stops struggling. It's really hard to witness, thinking that little Elwood is getting hurt.

The thing that's confusing, is there are lots of other times when they're laying in the same bed, grooming each other, or playing nicely.

The other problem is that I also have 2 dogs (both of which are very cat friendly), so the cats are currently confined to my bedroom while I slowly acclimate them to the dogs. I feel like being in the same room 24/7 is partly to blame for this tension, but I don't really have the room to separate them while also keeping the dogs away.

They have a large, multi-tiered cat tree, two food bowls, and lots of toys. They are temporarily sharing a litter box, but that doesn't seem to be a trigger. They will have multiple boxes once they can have full run of the house.

Am I reading too much into this, or is there something I need to do to intervene? As it is, I can help while I'm there, but I can't be around 24 hours a day. I can't help but feel like Elwood is just a punching bag, and it makes me sad to think that he's scared or otherwise unhappy.

Please help =(

TL;DR- Bigger sibling bullying his brother, doesn't stop when the smaller one yells. Other times they're fine, but when they wrestle, it's always very 1 sided. Im worried that it will advance to real aggression or actual fighting.

Edit: Kitten Tax...

http://imgur.com/gallery/jXfthew",
post,FurryKikPals,[F4M or DM][serious][kik or telegram][23][Bullied by my brothers],https://www.reddit.com/r/FurryKikPals/comments/jy2pct/f4m_or_dmseriouskik_or_telegram23bullied_by_my/,2020-11-20 18:17:23 PST,0,"""Come on billy dont fuck my ass im gonna be late"" i whined as one of my older brothers pulled out of the my tight cunt which he had just creampied and pressed his cock into my ass. it was hard being the youngest and the only girl, I always got teased by all my brothers, the usual stuff getting in the shower with me and using me in there, cumming on my food, tying me up and taking turns, you know the usual sibling bullying. Thats just my life even after graduating highschool. 

Hey there im looking for a pretty simple scene thst revolves around incest and rough free use. Guys who bring interesting ideas to add to the scene or who are willing to play multiple brothers get priority 

[heres the ref i plan on playing ](https://imgur.com/a/cwev0E2)

My main kinks are bondage, rough sex, leather, degradation, anal, pet play, gangbangs, tattoos, piercings and stuff like that 

My limits are gore, vore, impreg and bathroom stuff.

I am 18+ and all participants and characters must be 18+

I hope to hear from you soon at alexpayne1115 on kik or telegram",
post,offmychest,Sibling bullying and abuse is real,https://www.reddit.com/r/offmychest/comments/jwazz2/sibling_bullying_and_abuse_is_real/,2020-11-17 22:48:00 PST,5,"I never truly realized that my siblings hitting me and verbally ripping me apart was a form of bullying and abuse. This topic is and has been very taboo, especially in my life, that I never even considered it a possibility. I always assumed that siblings were just mean sometimes and fighting was normal. However, when explaining the way my siblings would hit me and treat me with such malice growing up, my friends all told me they never experienced that. Sure, they wrestled sometimes with their siblings and called them names like “dumb” or “idiot” or “annoying”. But my siblings were much, much worse. 

I think the worst part is that my parents allowed it and dealt punishments in the same abusive ways my siblings treated me. I’m not sure if it has to do with them thinking it was okay since my parents did it or my parents feeding off of my siblings enjoyment and wanting to feel as superior. Even today, as an adult in college, I rarely speak to my parents or siblings because they still speak to me in a way that causes me mental anguish. I can’t bring myself to just stop talking to them all together but I know that that’s the only way to fix this problem, especially because they gaslight me whenever I bring up the way I feel I’m being treated.",
post,CatAdvice,Sibling Bullying,https://www.reddit.com/r/CatAdvice/comments/jcnpd6/sibling_bullying/,2020-10-16 19:59:22 PDT,3,"We have two cats from the same litter that are about 6 1/2 months old and we're having a problem with the female cat bullying her brother. The male got very sick a few months ago and it's stunted his growth. The female weighs about twice as much; he's doing much better now but he can't hold his own against her.

She bullys him out of food, their beds, the scratching post, etc.  He's become so skittish he doesn't even like to be pet unless he's being held because he's so afraid of her attacking him. 

I've tried to give him a ""safe space"" on my desk where she's not allowed and we started feeding them separately but I'm not sure what else to do. 

Any advice?",
post,teenagers,Need help locating some nostalgia,https://www.reddit.com/r/teenagers/comments/j95v2f/need_help_locating_some_nostalgia/,2020-10-11 07:00:05 PDT,2," There was a series of simple 2D Minecraft animations from the early 2010s I watched as a kid, with stuff taking place both in the real and in-game world. The only details I can remember are an older sibling bullying his younger sibling and a creeper with a slightly more 'realistic' face and a creepy personality. Jokes about bacon and maple syrup may or may not have been involved, I can't remember. I figured I would just put it here as a shot in the dark.",
post,HelpMeFind,Seeing if someone can help me find an old series I watched,https://www.reddit.com/r/HelpMeFind/comments/j95rdz/seeing_if_someone_can_help_me_find_an_old_series/,2020-10-11 06:53:22 PDT,1,"It was a series of simple 2D Minecraft animations from the early 2010s, with stuff taking place both in the real and in-game world. The only details I can remember are an older sibling bullying his younger sibling and a creeper with a slightly more 'realistic' face and a creepy personality. Jokes about bacon and maple syrup may or may not have been involved, I can't remember. I figured I would just put it here as a shot in the dark.",
post,raisedbynarcissists,Sibling bullying,https://www.reddit.com/r/raisedbynarcissists/comments/ijcf5p/sibling_bullying/,2020-08-30 06:08:40 PDT,84,"No, this isn't ""normal sibling rivalry."" Torturing someone emotionally isn't love.  It's shameful.  It destroys you.  Sibling bullying takes things to a whole different level.  I don't think either type is good.  Siblings who relentlessly criticize you because your beliefs and opinions don't match theirs, who laugh at you when you cry, who feel the need to poke at your physical/mental flaws, who downgrades you and gives you demeaning labels like slave, and make you feel like you can't share anything with them about your life (toxic environment) are assholes.  Truly.",
post,borderlands3,Borderlands 3's Writing is Bad and Harmed Both the Game Itself and the Series as a Whole Going Forward.,https://www.reddit.com/r/borderlands3/comments/ihjsf7/borderlands_3s_writing_is_bad_and_harmed_both_the/,2020-08-27 05:04:55 PDT,5,"TL;DR: Borderlands 3 was given to inexperienced writers who had barely worked on the series before. Gearbox needs to hire writers who understand and love the series if things are to improve.

I think it is generally accepted amongst the Borderlands community that whilst Borderlands 3 is the best in the series with regards to gameplay, the writing was poor the say the least. I've been playing through the main campaign again recently and it only served to highlight this issue to me, so I felt the need to make this post explaining where I felt the writing went wrong, how it could have been better and hopefully how it might improve in the future.

Where it Went Wrong

Sirens:The writers of the game seemed to constantly write themselves into corners, and in their attempts to get out only made things worse. Nowhere is this more clear than in how badly this game treated Sirens. Sirens have always been an important part of Borderlands lore and their connection to the vaults means they play very important roles to the stories of the games. Making BL3's story focus around sirens wasn't an inherently bad idea, but I think it illustrates how the writers unnessecarily wrote themselves into corners which led to making boneheaded decisions that ruined the lore and harms the series going forward. The main issue in my opinion is ""Tannis is now a siren."" This is, in my opinion, the worst sin commited in the game. It brings up so many unanswered questions. Do you always choose your successor? When do you choose? Does this mean there's an afterlife where dead sirens make their decision? Why on Earth would Angel choose Tannis, they never even spoke? It also ruins future stories that could involve sirens. For example: Lilith can't be dead. Otherwise why wouldn't she have granted her powers to one of the Crimson Raiders? It also limits design for future playable characters and villains. There are only 6 sirens and since siren powers continue on after the siren dies, that means that now there are only 6 possible powers, where before there could have been infinite. I believe that the decision to make Tannis a Siren was an out the writers used after writing themselves into a corner. They needed someone to charge the vault keys and they had already made Lilith lose her powers and killed Maya. Why had they killed Maya? Well they had said that Ava would become a siren and Troy needed a way to pull Elpis. They created more problems trying to solve problems they had already created.

Speaking of Sirens, lets talk about the Calypsos. Contrary to what seems to be the most common opinion, I actually really like the Calypsos as villains. They're cocky and arrogant but their youth and fame makes them feel different to the likes of Jack. But again, they highlight some really baffling writing decisions. The entire game sets up Troy betraying Tyreen. From the beginning you are told that Tyreen is the real star, the one with all the power everyone loves. Troy has to leech off her both literally and in terms of power and stardom. Then, Troy kills Maya. He no longer needs Tyreen. He is powerful and has a chip on his shoulder. You can see the power going to his head. He sees his ability to create the anointed as superior to Tyreen's powers. They start bickering more and more. By the time you confront him, he has gone mad with power, abusing his followers and draining Tyreen to fuel his abilities. It was all going great. And then he just...dies. You kill him. That's that. No betrayal. No satisfying character arc. It was a baffling decision. The only reason I can think to not have the betrayal take place was that Tyreen had been advertised as the primary protagonist. Or maybe they just wanted a female villain. Neither are good reasons to not have the betrayal take place.

Not Understanding Character Complexities: The writers boiled down many of the characters from previous games into simple, 1-note versions of themselves. The effect this had differs from character to character and varies from turning previously well liked characters into catchphrase-spewing annoyances to completely misunderstanding who characters are supposed to be. I think 3 characters in particular illustrate this point. Vaughn, Claptrap and Aurelia. Vaughn was a great character in Tales from the Borderlands. He started as a meek, scared Hyperion employee and ended up a badass, albeit still jovial fighter who could not only survive Pandora, but thrive. In BL3 he is a BRO WHO LOVES BANDIT LIIIIIIIIIIIIIIIIIIIIIIIIFE AND BLOOD FUEDS BRO. He's a dumbass who just shouts his catchphrases over and over. Claptrap is supposed to be a relatively well-meaning but stupid and hapless robot who makes things worse through incompetence but overall has a decent heart. In BL3 he is a malicious arsehole, fucking people over left and right and only caring about himself. In TPS Aurelia was not a good person. She was a rich bitch who killed for fun and cared little for anyone else. But she wasn't evil. She hated Jack for what he did, and her actions towards her brother never went beyond sibling bullying. But then BL3 rolls around and suddenly she's 100% evil, willingly submits to the Calypsos because that's what evil people do and shoots her brother without a moment's thought.

I believe that the reason for all these problems is that none of the writers had worked on the series before BL3. The characters all read like they were given poor summaries of who everyone was and then asked to write them and little care was given to established lore or where decisions would lead the series in the future.

How it Could Have Been Better:

This segment is mostly pointless. What's done is done. I'm generally against retcons in stories but still, I'd feel remiss if I didn't at least try to illustrate ways in which the story could be better.

First of all, Tannis doesn't become a siren. Sirens passing on their powers is a godawful idea imo, for reasons I have illustrated above and Tannis' powers are not needed in the story beyond charging vault keys. So who charges the vault keys? Maya. Maya shouldn't die. And Lilith shouldn't lose her powers when she does. I think Lilith losing her powers was a good moment and establishes the twins as a threat so I would definitely keep it in though. I would have Lilith retain her powers until Promethea, then Lilith takes the place of Maya in the cutscene where Maya previously died. Except instead of Troy killing Maya, instead Troy just drains Lilith. The only use Troy makes of his powers is making annointed, kidnapping Tannis and phaselocking Elpis. Making annointed wasn't something Maya could do anyway so as long as Troy steals someone's powers, that's unaffected. Kidnapping Tannis could just be done by phasewalking in, grabbing her and phasewalking out and the laser that pulls down Elpis could just have been some ancient Eridian device designed to open the Great Vault.

Next I would have Troy betray Tyreen following the boss fight against him. It had been setup perfectly for that moment. You beat him, he lays there defeated/dying and chooses to kill Tyreen to save himself. The rest of the game can proceed with Troy in Tyreen's place.

Fixing specific character issues could take up an entire post of its own so I won't go character by character. It is a symptom of over-arching issues with the writers that I'll cover in the next section.

How to Improve in the Future

Long story short, Gearbox needs new/better writers. I did some research into the writers of the game and none of them had worked on a Borderlands game before production of BL3 began. It is clear that they don't understand the lore and characters of the series and beyond that their own story decisions are questionable at best. I don't work in the games industry I don't know how the process of getting better writers would work, but Gearbox needs to do something. I will say that they did a great job with the DLCs of BL3, which were mostly self contained stories with new characters. Maybe Gearbox should hire a loremaster to advise the writers on what does/ doesn't make sense within the Borderlands universe.",
post,Borderlands,Borderlands 3's Writing is Bad and Harmed Both the Game Itself and the Series as a Whole Going Forward.,https://www.reddit.com/r/Borderlands/comments/ihjl9v/borderlands_3s_writing_is_bad_and_harmed_both_the/,2020-08-27 04:51:03 PDT,25,"TL;DR: Borderlands 3 was given to inexperienced writers who had barely worked on the series before. Gearbox needs to hire writers who understand and love the series if things are to improve. 

I think it is generally accepted amongst the Borderlands community that whilst Borderlands 3 is the best in the series with regards to gameplay, the writing was poor the say the least. I've been playing through the main campaign again recently and it only served to highlight this issue to me, so I felt the need to make this post explaining where I felt the writing went wrong, how it could have been better and hopefully how it might improve in the future.

**Where it Went Wrong**

**Sirens:**The writers of the game seemed to constantly write themselves into corners, and in their attempts to get out only made things worse. Nowhere is this more clear than in how badly this game treated Sirens. Sirens have always been an important part of Borderlands lore and their connection to the vaults means they play very important roles to the stories of the games. Making BL3's story focus around sirens wasn't an inherently bad idea, but I think it illustrates how the writers unnessecarily wrote themselves into corners which led to making boneheaded decisions that ruined the lore and harms the series going forward. The main issue in my opinion is ""Tannis is now a siren."" This is, in my opinion, the worst sin commited in the game. It brings up so many unanswered questions. Do you always choose your successor? When do you choose? Does this mean there's an afterlife where dead sirens make their decision? Why on Earth would Angel choose Tannis, they never even spoke? It also ruins future stories that could involve sirens. For example: Lilith can't be dead. Otherwise why wouldn't she have granted her powers to one of the Crimson Raiders? It also limits design for future playable characters and villains. There are only 6 sirens and since siren powers continue on after the siren dies, that means that now there are only 6 possible powers, where before there could have been infinite. I believe that the decision to make Tannis a Siren was an out the writers used after writing themselves into a corner. They needed someone to charge the vault keys and they had already made Lilith lose her powers and killed Maya. Why had they killed Maya? Well they had said that Ava would become a siren and Troy needed a way to pull Elpis. They created more problems trying to solve problems they had already created.

Speaking of Sirens, lets talk about the Calypsos. Contrary to what seems to be the most common opinion, I actually really like the Calypsos as villains. They're cocky and arrogant but their youth and fame makes them feel different to the likes of Jack. But again, they highlight some really baffling writing decisions. The entire game sets up Troy betraying Tyreen. From the beginning you are told that Tyreen is the real star, the one with all the power everyone loves. Troy has to leech off her both literally and in terms of power and stardom. Then, Troy kills Maya. He no longer needs Tyreen. He is powerful and has a chip on his shoulder. You can see the power going to his head. He sees his ability to create the anointed as superior to Tyreen's powers. They start bickering more and more. By the time you confront him, he has gone mad with power, abusing his followers and draining Tyreen to fuel his abilities. It was all going great. And then he just...dies. You kill him. That's that. No betrayal. No satisfying character arc. It was a baffling decision. The only reason I can think to not have the betrayal take place was that Tyreen had been advertised as the primary protagonist. Or maybe they just wanted a female villain. Neither are good reasons to not have the betrayal take place.

**Not Understanding Character Complexities:** The writers boiled down many of the characters from previous games into simple, 1-note versions of themselves. The effect this had differs from character to character and varies from turning previously well liked characters into catchphrase-spewing annoyances to completely misunderstanding who characters are supposed to be. I think 3 characters in particular illustrate this point. Vaughn, Claptrap and Aurelia. Vaughn was a great character in Tales from the Borderlands. He started as a meek, scared Hyperion employee and ended up a badass, albeit still jovial fighter who could not only survive Pandora, but thrive. In BL3 he is a BRO WHO LOVES BANDIT LIIIIIIIIIIIIIIIIIIIIIIIIFE AND BLOOD FUEDS BRO. He's a dumbass who just shouts his catchphrases over and over. Claptrap is supposed to be a relatively well-meaning but stupid and hapless robot who makes things worse through incompetence but overall has a decent heart. In BL3 he is a malicious arsehole, fucking people over left and right and only caring about himself. In TPS Aurelia was not a good person. She was a rich bitch who killed for fun and cared little for anyone else. But she wasn't evil. She hated Jack for what he did, and her actions towards her brother never went beyond sibling bullying. But then BL3 rolls around and suddenly she's 100% evil, willingly submits to the Calypsos because that's what evil people do and shoots her brother without a moment's thought.


I believe that the reason for all these problems is that none of the writers had worked on the series before BL3. The characters all read like they were given poor summaries of who everyone was and then asked to write them and little care was given to established lore or where decisions would lead the series in the future.


**How it Could Have Been Better:** 

This segment is mostly pointless. What's done is done. I'm generally against retcons in stories but still, I'd feel remiss if I didn't at least try to illustrate ways in which the story could be better. 

First of all, Tannis doesn't become a siren. Sirens passing on their powers is a godawful idea imo, for reasons I have illustrated above and Tannis' powers are not needed in the story beyond charging vault keys. So who charges the vault keys? Maya. Maya shouldn't die. And Lilith shouldn't lose her powers when she does. I think Lilith losing her powers was a good moment and establishes the twins as a threat so I would definitely keep it in though. I would have Lilith retain her powers until Promethea, then Lilith takes the place of Maya in the cutscene where Maya previously died. Except instead of Troy killing Maya, instead Troy just drains Lilith. The only use Troy makes of his powers is making annointed, kidnapping Tannis and phaselocking Elpis. Making annointed wasn't something Maya could do anyway so as long as Troy steals someone's powers, that's unaffected. Kidnapping Tannis could just be done by phasewalking in, grabbing her and phasewalking out and the laser that pulls down Elpis could just have been some ancient Eridian device designed to open the Great Vault.

Next I would have Troy betray Tyreen following the boss fight against him. It had been setup perfectly for that moment. You beat him, he lays there defeated/dying and chooses to kill Tyreen to save himself. The rest of the game can proceed with Troy in Tyreen's place.

Fixing specific character issues could take up an entire post of its own so I won't go character by character. It is a symptom of over-arching issues with the writers that I'll cover in the next section.


**How to Improve in the Future**

Long story short, Gearbox needs new/better writers. I did some research into the writers of the game and none of them had worked on a Borderlands game before production of BL3 began. It is clear that they don't understand the lore and characters of the series and beyond that their own story decisions are questionable at best. I don't work in the games industry I don't know how the process of getting better writers would work, but Gearbox needs to do something. I will say that they did a great job with the DLCs of BL3, which were mostly self contained stories with new characters. Maybe Gearbox should hire a loremaster to advise the writers on what does/ doesn't make sense within the Borderlands universe.",
post,bullying,Older Sibling Bullying,https://www.reddit.com/r/bullying/comments/ifkw1c/older_sibling_bullying/,2020-08-24 01:04:42 PDT,12,"Normally I would never post a personal rant on a public platform but this is the exception. Here is the story:

It’s 3 AM, I’m minding my business and not provoking my brother whatsoever, and I share a room with my older brother; for anonymous sake let’s call him Tom. For no reason other than maybe he is disturbed I’m still awake, he slams a heavy plate on top of laptop for no reason. Keep in mind this plate is very heavy, and large so just imagine throwing it aggressively on top of a laptop. The impact was very audible. Immediately, I call my Mom for help as Tom is known to be a liar and will try to hide any evidence as to what he did. Seeing this in a rage, he grabs the plate from the table where I placed it when I removed it from the laptop, and smashes it on the floor. My dog very scared is running to escape with glass all over the floor. Being calm, I keep calling my mom until she comes, and she arrives. I tell my Mom what has happened and she cleans up the mess which Tom created. I tell her “he threw a plate aggressively on top of my laptop, Tom tries to say “no I didn’t, I placed it very gently as how would it land on top of my laptop?” Trying to worm himself out of the situation. I tell my mom what actually happened and she just leaves and says to call her if this occurs again. She does not want to police coming so that is out of the question. My laptop is not broken, but it could clearly be damaged from the heavy impact, so my question to the readers is what should I do if he does this again? This is clearly destruction of property, in normal circumstances I would let the police handle this but how do I deal with a pathological liar? What if he does this again?",
post,relationship_advice,Just found some stuff out about my partner and I’m concerned. Help?,https://www.reddit.com/r/relationship_advice/comments/hrauo1/just_found_some_stuff_out_about_my_partner_and_im/,2020-07-14 14:51:18 PDT,2,"I(20f) just found out that my boyfriend(22) used to bully people and used sex workers and apparently was a total asshole in the past. This has totally blindsided me. He’s not that kind of person, not that I know of. I’m not gonna lie when I say that I’m very concerned. I’ve always been on the receiving end of bullying and to found out I’m dating someone who has done the bullying? I’m very very conflicted right now. I love him a lot and know he’s changed but I’m also very uncomfortable with being intimate with them ever because of the sex worker thing. It’s also just super concerning that he bullied people when he was younger. I’m not sure what to do or say. Help!

EDIT: Just found out it was his brother he bullied mainly. As someone who went through the whole sibling bullying thing my entire childhood, I’m not sure I can move past it. We will probably take a break while I mull things over.",
post,HomeschoolRecovery,Can we talk about sibling bullying?,https://www.reddit.com/r/HomeschoolRecovery/comments/hdv2aq/can_we_talk_about_sibling_bullying/,2020-06-22 09:03:24 PDT,62,[deleted],
post,bullying,"How to deal with ""Sibling Bullying""",https://www.reddit.com/r/bullying/comments/h9rzah/how_to_deal_with_sibling_bullying/,2020-06-15 16:54:33 PDT,6,"I'm dealing with a very toxic situation and because of Covid, I don't have anywhere else to go. So short story is, if I leave my room or leave it unlocked, I get attacked by my sibling for absolutely no reason, and because he's autistic my parents do nothing. They justify it, or say ""he's crazy"", and basically resorting to the police is impossible because it's their word against mine and they lie or twist the story so I am the bully. So, basically my only freedom is just leaving the house but that's dumb since I'll just be homeless.",
post,toddlers,Sibling bullying - what to do?,https://www.reddit.com/r/toddlers/comments/gz6u2e/sibling_bullying_what_to_do/,2020-06-08 13:06:25 PDT,1,"We have a 2.5 yo boy and 1 yo girl.  They're both young, and we expect some degree of squabbling.  They both have the annoying tendency to find something completely uninteresting until the other is playing with it, and then it's suddenly the only thing that will satisfy them.  So there's been a lot of tug-of-war with angry squealing from both.  And now and then, DS thinks it's amusing to randomly mess with his sister, such as by pushing her over or biting her finger.

But today has been a whole other level, and I'm trying to resist the urge to throw him in solitary confinement (after I build one).  Every opportunity, he just torments her.  It started with insisting every last block was his, when we repeatedly told him to spare her two, which would keep her occupied and out of his hair, but he kept trying to reclaim them.  There was the usual pushing over, but much more frequently.  While I was busy making lunch, he got her kind of down and cornered, with the boppy between them, and every time she tried to get up he'd shove the boppy in her face to keep her down.  He's been darting in to snatch her toys and scratch her hands.

What do I do?  We've tried talking to him about what he's doing that's not ok.  That it hurts his sister and makes her sad.  We've told him to just stay away from her.

I'm worried that babying her and punishing him, or giving her precedence in toys for the day, etc. will just breed resentment of her and make things worse.

Please help!  :(",
post,bullying,Sibling bullying needs to be addressed and stopped,https://www.reddit.com/r/bullying/comments/gr7k4l/sibling_bullying_needs_to_be_addressed_and_stopped/,2020-05-26 15:51:25 PDT,1,[deleted],
post,unpopularopinion,People shouldn’t downplay someone’s PTSD. No matter how “small” it may sound.,https://www.reddit.com/r/unpopularopinion/comments/gmhk8t/people_shouldnt_downplay_someones_ptsd_no_matter/,2020-05-18 21:20:52 PDT,681,"I have PTSD. Some would say it’s a “bad” version of it. I was gang raped when I was 14. When I tell people I have it, they always ask why. Now I know, people want to know to help mostly, but it is still very rude to ask. If I want to tell you I will. But anyways, I was sitting with some friends and a new person of the group started looking very upset. I pulled them aside and asked what was wrong. Apparently they said that my friends pressured them into telling them why they had PTSD. They also said that they laughed about it. I was very mad and confused because they were very supportive of me when I told them why I had it. Then the new friend told me why. Her brother would constantly belittle and bully her when they were younger. Which resulted in extremely low self esteem and PTSD. Apparently my friends thought that an older sibling bullying you is normal and you “shouldn’t” have PTSD because of that. It made me so mad I spent an hour yelling at them and telling them to leave my house. I no longer have those friends, but I’m glad I still have a new one. Telling someone that the reason they have PTSD isn’t “bad” enough is such ignorance.



Edit: My friend was medically diagnosed after being put into the foster system. Why? She was beat up (not the first time) by her adult brother. Her parents always blamed her for it. CPS got involved and now she is with a nice foster family. I only used the words bully and belittle, because I felt it wasn’t my place to say anything otherwise. But I think I proved my point with all of the comments.",
post,Advice,How can I stop crying over this?,https://www.reddit.com/r/Advice/comments/gb67jw/how_can_i_stop_crying_over_this/,2020-04-30 15:49:26 PDT,2,"For at least an entire decade of my life my older brother has called me a name multiple times a day. He also calls me bad, stupid and dumb at least once a day. I have asked him to stop numerous times but he never does.

I think his behaviour is very childish and would not be expected from somebody who is in their twenties. 

When I was younger, I brought up the name calling multiple times however my parents never took the situation seriously. My dad would just tell me to stop making a stinky face when I cried.  Perhaps they believe that I am weak because of my sensitivity.

My family laughed at me after they found a note I had written which said that I had cried five times because of the name calling. (Please cut me some slack here, I think I was 8 at the time.)

It hurts to be sensitive. If I were able to throw away any of my characteristics, the one I would choose is this one. 

Nowadays my brother does not call me this name as much but he has implemented cues that bring memories of this name calling. Usually I can push the negative thoughts that come with these triggers aside but yesterday it was more difficult to cope.

I have one memory which brings tears to my eyes everytime I recall it. I think I was 14 at the time.

I told my brother and mother that I wanted to kill myself. I went to the kitchen and grabbed a knife. My mom didn't say anything but my brother dared me to do it. It hurt a lot to think that the people biologically related to me would not even care if I continued to exist or not. It still hurts when I think about it.

""Do it. I dare you,"" he said as I held the knife in my hands.

I asked my mother why she thought that inaction was the best action to make. She told me that there was no point in talking to me if I had already decided to end my life.

This makes me sad because at that point in my life I just wanted  somebody to empathize with me and not brush aside my concerns.

Now, how did I reach such a low negative state of mind?

I like to think of myself as a strong person but perhaps I am actually weak. If I had been stronger, I wouldn't have cried when my father hit me for being shy and not outspoken. I wouldn't have cried that one time when my brother decided to test my pain tolerance and wouldn't stop when I told him to. I would have taken every hit like a champ. Crying because of a sibling bullying you is ridiculous. I've been told that I should be mature enough to not let this bother me. 

That day when I held the knife over my stomach while kneeling, the only reason I didn't follow through was because I was a coward and it is a sin to take your life.

You would think that after over a decade of being called a name, the name would lose it's effect over you.

Unfortunately, this is not my case. Nowadays, rather than suicide I think of cutting myself. I know this is nothing to be proud of and I have never actually put these thoughts into action but I do fantasize about the nice release it would bring. Pain is a good distraction.

I need other distractions because I don't want to be sad over this anymore. It's pathetic and crying won't change anything.

Sorry for the wall of text. Thanks for reading if you have.",
post,SuicideWatch,"The people who condemn suicide and think life is all rainbows have never felt real pain and fear, reject and blame those who have",https://www.reddit.com/r/SuicideWatch/comments/g9vfc7/the_people_who_condemn_suicide_and_think_life_is/,2020-04-28 13:55:36 PDT,3,"I have a traumatic history. My family are narcisstic crazy and I'm their scapegoat. I have been victim of child abuse, sexual abuse, sibling bullying, peer bullying, domestic violence, stalking, near death experiences, all of my relationships have been abusive and all have eventually threatened to kill me. I've just gotten used to how fucked life is. I would have to write volumes and volumes to explain my story. My dad was a career criminal who was being harrassed by corrupt cops and later ""tortured to death"" (or so I've been told) murdered when I was a teen but it wasn't even investigated properly I think because the people they needed to talk to were part of criminal underworld and ""unreliable"" witnesses if they would even talk at all. It was written off as ""natural causes"" which is just such insult on top of injury. I lost all my family (not that they were ever there for me anyway they literally spread insane rumours about me they don't even know me well enough to know the first real detail about me honestly) became a drug dealer as a teen before that I was top of my class, was into horses at a competitive level, loved harry potter no matter how much I got teased for it and always been a natural optimist, naturally intoverted/independent and naturally resilient as a child even though everything has been so fucked. I have PTSD now and suicidal intrusive thoughts on the daily I think it's tied into my ocd. I understand moral dissassociation and stopped illegal activity now don't judge lol It's so funny watching people do the whole ""life is to be lived"" and ""you only live once make the most of it"" and they realize in that moment that they are preaching to the quoir and they actually have no fucking clue what they're really saying. It's just repetition of the same phrases over and over all my life. I have excelled at everything I try (which has been a lot) but I am so disgusted by the reality of life and humanity telling me I am making things miserable for myself when in reality I'm doing more work than the people telling me I should just enjoy life like them lol. Anyone who knows enough about me/my family and what I've been through has this realization as they try preach the ""lifes great you're just being a miserable loser"" that I'm actually the one trying to pacify their fucking fragile ""rainbows and unicorns"" feelings by just agreeing and even finishing their sentences for them. I have every right to end my life as I am self made. No one gave me a thing. I made it all by myself and I can burn it tf down again. It's the strangest feeling watching people distance and avoid you not from your actions but bc they realize some of what you've been through and start treating you like bomb about to go off and avoid you altogether. There's no way I could've hung on and made it this far if I wasn't trying. I think it's privellage they're speaking from that they could very well just sit on their ass and be immature victimhood miserable about nothing and not die bc they have never experienced being at risk/cycles of abuse/poverty. Not all of us have that privellage lol Whatever happens those silver spoons are just going to act like anything that goes wrong in my life is my own doing without ever considering where I came from and how long and how hard I had to fight to make it this far. It's crazy I see people my age with nothing to show for their life but they have so much bs ""textbook"" knowledge/repetitive stale phrases about life and no thinking brain, life experience or empathy to back it up. Fucking sick of everyone and life too ¯\_(ツ)_/¯",
post,siblingsfromhell,I Hate my sisters,https://www.reddit.com/r/siblingsfromhell/comments/g3168d/i_hate_my_sisters/,2020-04-17 05:36:40 PDT,3,"This will be long so sorry 😐 

Background information: I am the youngest of five kids. I have a brother and three sisters 
I am the youngest child with a 10 year age gap between me and the oldest child and a 3 year age gab between the child closest to my age 

It all started when I was about 7 or 8 
My sisters and I always played with toys together but then they started to get older and stopped playing with toys. When I was 9 I stopped playing with toys as my sisters would make fun of me for it because I would have to play alone.When the second oldest sister turned 13 she started calling me names all the time without reason. For example I would be walking in the hall and as I pass her she would call me a freak, When I walked into the kitchen she would tell me nobody in the family loves me and they all wished I was never born. She would do this on the daily and being 9 I did take it to heart.My parents eventually found out so they gave out to her and took all of my sisters electronics and mine so that we would get a long. Instead of trying to get a long my sister blamed me for this and was even meaner to me. She continued this behavior and when I was 11 she would do it all the time so one night I tried kill myself because of how miserable she made me feel.I also had to share a room with her and she started breaking/stealing my possessions. One night she threw a cup my friend gave me for my birthday against the wall and it smashed into pieces. My parents made me swap rooms then so I shared a room with the eldest sister. 

Sharing a room with her wasn’t so bad ( I’ll call her mia so this doesn’t get confusing) mia and me sort of got a long. When I was 12 she use to get very mad at me. When me and Mia would fight she would invite my other two sisters into the room and they would all sit on Mia’s bed and make fun of me. (My sisters would’ve all been between the ages of 15-18 at this time) It was very hard for me as a child growing up with the three of them teaming up against me. My parent would get involved and make them stop but that just made them worse.

That same year I became anorexic so the year really wasn’t going good for me. Now when I am 13 I have already slit my wrists because of my siblings. I have had to go to the school counselor about it and she told me how it is sibling bullying. A few weeks ago me and Mia got in a fight. She got mad at me over nothing and started to cry and scream so she moved out of the room and now shared room with a different sister.

I am still 13 and I no longer talk to any of my sisters. I hate Mia as I find her so dramatic and she’s a bitch but although I’m the youngest and very petite I am stronger then her so when we fight I usually win.I hate the second older sister ( I’ll call her lucy, she’s the one that I tried kill myself because of) i don’t know why but I am absolutely terrified of Lucy. There’s something about me that scares me she makes me feel powerless.i guess childhood trauma ?. I didn’t really mention my other sister the one who’s closest in age to me. (I’ll call her Sarah) sarah Hates me most of the time she doesn’t really do much to me but she has told me to kill myself and she does talk about me behind my back a lot. I am still in the same school as sarah and one day my friends came over to me and told me how they were in the girls bathroom and Sarah was talking about me to all her friends. This was quite embarrassing. I have side effects from the sibling bullying like identity issues,random headaches and stomachaches.

I’m only 13 and my sisters being the ages (16-20) if anyone has any advice for me please reply",
post,family,SIBLING BULLYING!! What do I do? Just try harder to avoid any communication?!,https://www.reddit.com/r/family/comments/g1cfgl/sibling_bullying_what_do_i_do_just_try_harder_to/,2020-04-14 12:45:26 PDT,1,"For the millionth time this year my lil bro says to me about the cousin I was talking about“HE GOT A HIGH SCORE IN HIS GSC (Highschool senior exam thing) AND HES going to Uni UNLIKE YOU. You have no future!” I don’t know why but over and over again all he says to me is “you have no future” I get a lost for words and say nothing, ignore it and be the bigger person like I’ve done all my school life (well mostly because of my anxiety). All I could say was that everyone has different pathways and just wanted silence from then on. And my lil bro goes “you don’t even have a pathway. You’re lost and have no pathway!” And this is how he talks to me when no one else is around or listening. For one my mother says nothing. And my dad is always upstairs sleeping not caring about anything. And it’s been going on for a while now. I honestly don’t know how he got like this. First year out of high school I dropped out of a business Tafe course (in my country this is like a community college) my parent enrolled me in. Then ended up having a medication relapse and finding out I was depressed and suicidal. now I’m studying makeup. With me I’ve always been less of an academic person and like creating things, and dream of singing and acting. I want to take an apprentice in hairdressing as backup, and persue a course in music as well.... at community college. Get it for free because of my anxiety Updated 8 hours ago: No matter how much I try to not speak to the lil bro or ignore it. It ends up happening. And IDK if it’s my period but having it repeated over and over can kind of hurt. The lil bro Grew up to become a introverted nerd that thinks he knows more than everyone else in the fam. He’s in ten twelve grade this year. I try to ignore it but at times it can actually get hurtful, like now. And try more to avoid communicating with em. Who knows maybe next year will be different.
Updated 8 hours ago: I’m pretty sure the tone is in a direct I want to hurt your feelings to feel good about myself tone Every single day is “you have no future” or constant use of the word “dumb” Idk what to say and just ignore it. But sometimes it actually hurts?! What do I do. Try harder not to speak to him em until his a lot older?!

I know I’m older and should just stand up for myself. But honestly I never know what to say, and honestly it’s gone on long enough. A part of my wants to smack the lil monster in the face but he would probably do it back and throw a tantrum",
post,Anxiety,SIBLING BULLYING!! What do I do? Just try harder to avoid any communication?!,https://www.reddit.com/r/Anxiety/comments/g1ccq9/sibling_bullying_what_do_i_do_just_try_harder_to/,2020-04-14 12:41:28 PDT,1,"For the millionth time this year my lil bro says to 
me about the cousin I was talking about“HE GOT A HIGH SCORE IN HIS GSC (Highschool senior exam thing)  AND HES going to Uni UNLIKE YOU.  You have no future!”  I don’t know why but over and over again all he says to me is “you have no future” 
I get a lost for words and say nothing, ignore it and be the bigger person like I’ve done all my school life (well mostly because of my anxiety). All I could say was that everyone has different pathways and just wanted silence from then on. And my lil bro goes “you don’t even have a pathway. You’re lost and have no pathway!”    And this is how he talks to me when no one else is around or listening.  For one my mother says nothing.  And my dad is always upstairs sleeping not caring about anything.   And it’s been going on for a while now. I honestly don’t know how he got like this.    First year out of high school I dropped out of a business Tafe course (in my country this is like a community college) my parent enrolled me in. Then ended up having a medication relapse and finding out I was depressed and suicidal.  now I’m studying makeup.  With me I’ve always been less of an academic person and like creating things, and dream of singing and acting. 
I want to take an apprentice in hairdressing as backup, and persue a course in music as well.... at community college. Get it for free because of my anxiety 
Updated 8 hours ago:
No matter how much I try to not speak to the lil bro or ignore it. It ends up happening. And IDK if it’s my period but having it repeated over and over can kind of hurt. 
 The lil bro Grew up to become a introverted nerd that thinks he knows more than everyone else in the fam. He’s in ten twelve grade this year. I try to ignore it but at times it can actually get hurtful, like now. And try more to avoid communicating with em. Who knows maybe next year will be different.  
Updated 8 hours ago:
I’m pretty sure the tone is in a direct I want to hurt your feelings to feel good about myself tone
Every single day is “you have no future” or constant use of the word “dumb”
Idk what to say and just ignore it. But sometimes it actually hurts?! What do I do. Try harder not to speak to him em until his a lot older?! 

I know I’m older and should just stand up for myself. But honestly I never know what to say, and honestly it’s gone on long enough. A part of my wants to smack the lil monster in the face but he would probably do it back and throw a tantrum",
post,unpopularopinion,Just like bottling things and holding grudges is unhealthy. It is also unhealthy to have forgiveness all the time. Some people aren't worthy of forgiveness. Sometimes it is good to remember why you harbour a grudge.,https://www.reddit.com/r/unpopularopinion/comments/g1b5s0/just_like_bottling_things_and_holding_grudges_is/,2020-04-14 11:39:01 PDT,93,"My brother was a horrible person and vicious childhood bully to me. It went beyond sibling bullying and to a sick level. Looking back I feel disgusted just thinking about some of things he done. He was so cruel and evil and jealous of me. He's still never apologised and still treats me like dirt to this day. My parents blame me and condemn my actions of not wanting to be around him. But the reality is, he was a evil prick to me and isn't sorry. So why should I forgive or 'move on'. I hate his fucking guts and rightly so. Just because he's related to me doesn't mean shit.",
post,Codependency,Sibling Bullying and Abuse: A Hidden Epidemic,https://www.reddit.com/r/Codependency/comments/f0u6qw/sibling_bullying_and_abuse_a_hidden_epidemic/,2020-02-08 08:55:39 PST,7,,https://www.whatiscodependency.com/sibling-bullying-abuse-teasing/
post,bullying,How do you deal with your sibling bullying and taunting you every day?,https://www.reddit.com/r/bullying/comments/exwann/how_do_you_deal_with_your_sibling_bullying_and/,2020-02-02 14:13:30 PST,3,[removed],
post,relationships,"My (21F) year old sister (21F) is mean and aggressive, what is the correct way to respond to sibling bullying?",https://www.reddit.com/r/relationships/comments/em84c2/my_21f_year_old_sister_21f_is_mean_and_aggressive/,2020-01-09 02:59:55 PST,1,[removed],
post,Codependency,Sibling Bullying and Abuse: A Hidden Epidemic,https://www.reddit.com/r/Codependency/comments/ek08ke/sibling_bullying_and_abuse_a_hidden_epidemic/,2020-01-04 10:21:59 PST,4,,https://www.whatiscodependency.com/sibling-bullying-abuse-teasing/
post,siblingsfromhell,Doing research on sibling abuse for class,https://www.reddit.com/r/siblingsfromhell/comments/duiewp/doing_research_on_sibling_abuse_for_class/,2019-11-10 14:16:36 PST,8,"Hi all! I've been doing research on the effects of long-term sibling bullying and how to distinguish from annoying siblings and abusive behavior. If you have the time, please share with me your answers to the following questions.

Did you perceive that your parents preferred either yourself or another sibling as a child?

Do you have a sibling who you think bullies you more than normal? Describe.

How does this affect your daily life?

Please include your age, age of your sibling, and gender of each (if you wish).",
post,psychology,Studies show that people who were bullied by siblings were 3 times more likely to develop psychotic disorders (e.g. schizophrenia). This could be anyone involved in sibling bullying (victim or bully). Researchers say that parents and teachers should learn about the consequences of this bullying.,https://www.reddit.com/r/psychology/comments/drtp5f/studies_show_that_people_who_were_bullied_by/,2019-11-04 19:48:52 PST,38,,https://www.sciencedaily.com/releases/2018/02/180212085427.htm
post,AskReddit,Sibling bullying,https://www.reddit.com/r/AskReddit/comments/dq64yr/sibling_bullying/,2019-11-01 08:55:44 PDT,1,[removed],
post,depression,"Woke up this morning SO dysphoric, this is my life.",https://www.reddit.com/r/depression/comments/dnegjb/woke_up_this_morning_so_dysphoric_this_is_my_life/,2019-10-26 07:19:44 PDT,3,"I'm only 22, and have had the worst bullying make me run away from myself for over half my life. Lost so much quality of life.
I graduated a year late due to the droning disassociation and mental illness. It destroyed me.

What really depresses me now waking up this morning is the only two people in my life right now and my reflection.

My brother is an abusive POS. How tf does Sibling bullying even exist?!?! It's been three years since I graduated and all he does is call me dumb, stupid and misuses austistic and special needs to describe me. Almost all day. Everyday.Makes arogant noises. Does abrupt wake-up calls with sound or violence. Hits me, makes fun of me. Tells me I'm doing nothing right. He gets a kick out of it.He has made fun of my face, so my reflection puts a pit in my stomach this far against the wall. I have begged him to stop for 3 years to no luck.

My mom is  always sour in the mornings. It's Saturday, so she isn't working. Always angry early and obsessing over the houses flaws instead of a day where we can just have fun.

Life.",
post,bullying,Sibling Bullying:Salt in the Wound,https://www.reddit.com/r/bullying/comments/dm1fqw/sibling_bullyingsalt_in_the_wound/,2019-10-23 09:06:34 PDT,3,"Sibling bullying is salt in the wound. A highly overlooked area where the energy and trauma can get transfered to and ultimately magnified. Here's my story and how brothers &amp; sisters need to be band-aids to their family not salt!
I was bullied from 1-4th grade light, didn't it bother me that much.
5-7th was horrible and by the end I was in decline.
8-9th ruined my life.  Put my grades and passions and their beloved focus in a coma and shipped it down the lake. At this age you got infinity ahead of you!
10th it cooled down.
11th grade? Everything built up and I got detained over math and MY FAVORITE SUBJECT. You know you are so much pain when you go that low!
After high school college was like bullies: they didn't want me. A parasite called mental illness possesed me into graduating a year late with a GPA of 1.0. It literally said I was the last student(X out of X).
It gets worse. After I graduated my brother would come home calling me dumb, stupid, and my apologies, autistic and retarded for almost the whole day. It had been around three years since I graduated and he still does it. You ask him stop and he dosen't. I have never been pyshically bullied until him! All he does is pick the stab denying recovery.
Brothers and Sisters need to be a band-aid not salt. This area of bullying needs more awareness.",
post,SluttyConfessions,I [19f] had a summer fling with my half brother.,https://www.reddit.com/r/SluttyConfessions/comments/dltv65/i_19f_had_a_summer_fling_with_my_half_brother/,2019-10-22 21:04:26 PDT,812,"Let me start by saying I'm positive that most incest ""confessions"" on Reddit (at least those supposed to be erotic) are fake. They all start with some cliché situation, cheesy dialogue that the author somehow remembers word for word, and only seem written for the entertainment of others.

Maybe it's more obvious to me, but I'm sure you know what I'm talking about.

So, let me at least promise you that I'm not getting off as I write this, concocting some half-assed story to get your attention. I'm writing this because I've never told anyone, and I just need to put the words out there.

With that said, I guess I should start with the basics.

I'm almost 20 years old, and my brother is three years older than I am.

I'll try to sum up our relationship from the beginning: we were kind of typical siblings when we were younger. Being a girl, I couldn't relate to him all that much... we had different friends, were interested in different things, and only really hung out together when we did things as a family.

He also tried to assert himself as the older one sometimes, and while he’s admitted to me that he feels bad about it now, he was always kind of mean to me when we were growing up. Not overly mean, but the typical sort of sibling bullying and rivalry you'd expect, I suppose.

Our relationship started to change around the time I turned eighteen. 

Up until then I had always thought of him as nothing more than a guy who just so happened to be my brother. I never really tried to bond with him before, or even see the similarities between us.

But then I started college and I started to come out of my shell, getting my own identity, dressing a certain way, hanging out with certain people, and I realized that he was actually pretty…cool.

Now, when I say ""cool"" I don't mean popular or trendy. If anything, he was kind of nerdy with a small group of similar friends (like me). It's not like I immediately just took an interest in him, but we gradually started talking more and wasting time together.

For instance, if he was reading in his room (we both opted to live at home and commute to school), I would maybe bring a book of my own in or my Gameboy and we'd sit around shooting the shit. Or when I was on the computer or my phone, he’d sometimes sit on my bed and talk to me. It wasn't like a desperate need to talk or for attention; we were just realizing that we actually enjoyed each other's company beyond just being siblings.

Within a year or so, we were close.

He was inviting me to hang out with his friends quite regularly, and I was comfortable telling him the sort of things I would usually only tell my best girlfriends, or sometimes not even them.

At the same time, I was starting to see that he was becoming a really handsome man right before my eyes. I won't go into too much detail because this is usually where these kinds of stories start sounding fake, but I'll just say that he started to develop exactly the kind of masculine features I tend to gravitate towards in a man.

It was because of this that I was actually kind of glad his friends were a tight knit group of mostly unpopular kids, because I thought he was attractive and funny enough to get *a lot* more female attention if he wanted to, and for whatever reason the idea of that made me feel physically ill.

Anyway, all this amounted to me wanting to continue spending time with him, and as taboo as it is to admit… I even found myself wishing he weren't my brother, because he was exactly the sort of guy I'd want to go out with.

Fast forward to this past summer.

We're on our annual family vacation, on our way to our main vacationing spot. It was a two-day trip, so the first night required a stay in a small hotel that was on the way. Before we got there, my dad had said that he booked two adjoining rooms, but each room only had one king bed.

He said the hotel could probably bring in one of those rolling, unfolding beds for us, but I told him it was okay. (Side-note: I almost *always* sleep better on hard surfaces. Even when I was little, I often preferred to sleep on the floors of hotels, as the beds were too soft and I couldn't sleep. I assumed I would just do the same thing this time, even if there were another bed available.)

When it was time to stay at the hotel that night, I was dragging a pillow and blanket onto the floor for myself when my brother laughed at me and told me I should just sleep on the bed. I told him I'd probably hate it anyway, and it was fine for him to have it to himself. But he insisted that I might as well try it, since it was more than big enough for two people, and I could always go to the floor if I didn't like it. I agreed that it was worth a shot, and just like that I found myself sleeping next to him in bed.

Now, this in and of itself was not weird or problematic.

We weren't even touching, and he falls asleep a lot quicker than I do. However, much later that night, I awoke to find myself cuddled up against him, my mouth at his neck. It took me a moment to realize what had happened, since I'd obviously been asleep, but I was horrified at the idea that I'd been unconsciously kissing him.

I was praying I was wrong, and for one long minute I just stayed there, frozen, hoping he’d roll over or something. Then, almost like a dream, I felt him nuzzle up against me and whisper...

""More.""

I couldn't tell if he was asleep or if he was consciously talking to me, so I responded, ""What?""

He paused, then spoke a little louder and more clearly, as if proving he was awake. ""Keep kissing my neck. It feels good.""

If anything more was said that night, I don't remember it. But I distinctly remember doing as he asked, kissing along his neck for a long time. I sucked at it a little, kissed up to his cheek and back down, doing the only thing he’d given me permission to do. 

And all the while, he lay there, sometimes snuggling my body and grabbing my hand, holding it. I didn't know if he wanted anything else, but he was clearly awake and as happy as I was…evident by the raging boner that was pressing into me.

After maybe 10 minutes (it felt like much longer, but I'm trying to be objective), he caught my lips with his in a soft kiss. I couldn't believe what was happening, but there was no way I was going to ignore it. My heart was pounding so hard I was sure he could feel it. I kissed him back slowly. I had only kissed one guy before him (my excuse is that I was shy and grew up Mormon 🤷🏻‍♀‍), so I didn't even know if I was doing it well, but I held him in the kiss, trying my best to make him happy.

Neither of us broke it, and it gradually developed into one long make-out session.

We were both inexperienced, but I knew we had almost perfect chemistry; it was like we knew what each other wanted without having to say anything.

I won’t go into any further detail about that night or all the nights that followed that vacation, but I want to make one thing clear here:

Not *every* incest confession online is BS.",
post,relationship_advice,Opinions on sibling bullying needed.,https://www.reddit.com/r/relationship_advice/comments/dl1d8b/opinions_on_sibling_bullying_needed/,2019-10-21 07:30:14 PDT,1,"I’m an only child so don’t really get the whole sibling thing. If I do something wrong my mum tells me so, bad behaviour of any form has never been acceptable. 

Recently my boyfriend 25 has been bullied and excluded from his 30 year old brothers wedding.  We asked for me to attend the ceremony and not the reception/lunch because of health issues, something that everyone is very mindful of with the brothers now wife. We can’t let the cutlery touch the plate, we can’t talk about food because it triggers her, we cook to her needs only to be told she’s going to get McDonald’s, we bought her a gift and she threw it to the cat. All of this behaviour is always talked about but they don’t ever address it with the brother or his wife because they are scared of losing them. His mum and younger brother were shocked we were uninvited over such a simple and usual request. They called it what it was, exclusion and bullying. However no one said anything to the brother and his wife about the bullying??? 

Am I in the wrong for thinking that not calling it out this behaviour is almost as bad as the bullying? Everyone claims they don’t want to pick sides, but not saying anything to the bully in my eyes, is taking the bullies side.",
post,psychology,"Children bullied by friends and siblings are more likely to think about suicide in their early 20s - ""Education of parents and mental health professionals is needed to reduce sibling bullying, as in turn it could reduce peer bullying and lead to a decrease in issues later on in life""",https://www.reddit.com/r/psychology/comments/dfhfet/children_bullied_by_friends_and_siblings_are_more/,2019-10-09 06:59:08 PDT,1239,,https://www.eurekalert.org/pub_releases/2019-10/uow-cbb100919.php
post,CPTSD,"'I am still petrified of her,' sibling bullying and its lasting effects | CBC Radio",https://www.reddit.com/r/CPTSD/comments/da1gl3/i_am_still_petrified_of_her_sibling_bullying_and/,2019-09-27 07:47:27 PDT,9,,https://www.cbc.ca/radio/thecurrent/the-current-for-may-31-2016-1.3608620/i-am-still-petrified-of-her-sibling-bullying-and-its-lasting-effects-1.3608628?fbclid=IwAR3qJwpn9KJtjiItPFnP5YcJnRIjGMhM7IvIlAyIDXf7LOr2PrZeR82vwjc
post,teenagers,did anyone else get scared when watching movies that have sibling bullying in it,https://www.reddit.com/r/teenagers/comments/cjofvw/did_anyone_else_get_scared_when_watching_movies/,2019-07-30 00:42:41 PDT,1,[deleted],
post,relationships,My (24F) father (56M) regrets his actions when I was a child but is not committed to solve the problem,https://www.reddit.com/r/relationships/comments/cjexe5/my_24f_father_56m_regrets_his_actions_when_i_was/,2019-07-29 11:05:08 PDT,2,"Hi all,

&amp;#x200B;

Throwaway account to keep my personal life separate.

&amp;#x200B;

My relationship with my father when I lived at home was always very icy. Since a very young age I witnessed and was involved in explosive arguments when he came home from work, when things were slightly out of place (you didn't wash up a plate straight away or forgot to do something), or when you involved him in jokes (no self-confidence). These arguments included horrible verbal abuse on his end, and leaving me and my mother crying, or him walking off when we were on holiday. He very much expected me, a child, to have the intelligence of an adult and struggled to understand my pov. I constantly had to walk on eggshells when he came home from work.

&amp;#x200B;

There was a point in my childhood where my mother asked If I would like to get an apartment with her, as to get away from his emotional nature. Sometimes arguments would go for days and led me to really resent him in my teens and count down the days until I moved out for university. Since I moved out our relationship has very much improved but he does not express himself to me at all, never communicates properly and is always distant. I have understood that our past has happened and forgave him for his actions, but it does still hurt knowing I had such a bad relationship with him, and  do wonder what it is like to have a stable father.

&amp;#x200B;

We recently lost 3 people in our lives, his 2 brothers and his mother to suicide all in the space of 2 months last year leading him to feel very alone, and he spoke to my mother about wanting to talk to me about his regret for his actions when i was younger, but I truly believe he needs individual therapy and family therapy, but he just cannot open up to people at all. Im not sure what to do, when we have this chat, to get him to try and do this because I believe it will make him much happier and open as a person.

&amp;#x200B;

Myself and my mother believe he has unresolved trauma for when he grew up in extreme poverty, losing his dad very young to Alzheimers, sibling bullying and beatings from his mother. We also think he may have OCD, but he will not get help which I think is the old 'British stiff upper lip' in denial of his behaviour. I also think he hates his work and may be depressed.

&amp;#x200B;

(I will note, however, we are based in the UK where therapy is hard to get, a good therapist hard to find, and private is expensive. The NHS does not take mental health very well at all.)

&amp;#x200B;

What is the best way to approach this conversation when it happens reddit? I really want him to get the help he needs which I believe he knows he needs but is in denial about it.

&amp;#x200B;

TL;DR Father was always shouting when I was a child and hurled verbal abuse, deeply regrets it but will not seek therapy, he wants to sit down and 'talk about it' but I think we need to go to therapy - how can I approach this?",
post,Advice,sibling bullying?,https://www.reddit.com/r/Advice/comments/cfpnec/sibling_bullying/,2019-07-20 12:16:47 PDT,2,"My best friend, M, has had problems with her brother for her whole life. Her brother, O, is now 17, while M is 14. O was diagnosed with severe anger issues at a young age, and later was diagnosed with depression and autism. While he does take meds, his anger mixed with his lack of empathy and argumentative personality makes it hard for M and her family to be around him. Plus, O is right-wing and homophobic, while M is lesbian (which O found out last year, did not take it well), and O is very tall and strong compared to M. O has threatened both M and her parents multiple times and bullies M constantly. When they were younger, O physically bullied M a lot, but M’s dad put a stop to that and now it’s mostly verbal and psychological abuse. M has severe anxiety and O is very violent, for example punching walls and throwing items at and near M. Their dad and O have loud, scary fights almost every day, and M is scared that these fights will eventually lead to O snapping and hurting or killing her or her family. Her parents say his bark is worse than his bite, and that he would never do anything like that. When he is not angry, O seems like a very polite and sweet guy, so you would never know. She is really afraid of him, and says she will never truly be free of him and thinks that once she moves out he will somehow be able to track her down again. I don’t know how to comfort her, please help. We live in Illinois, idk if that affects any laws or anything.",
post,Advice,Low Self-Esteem due to Toxic Sister,https://www.reddit.com/r/Advice/comments/cbr23v/low_selfesteem_due_to_toxic_sister/,2019-07-10 21:07:09 PDT,1,"
So...yeah, the title says it all. My older sister has pretty much bullied me my entire life, and not normal sibling bullying. One of the many examples is of her telling me that I was the reason for wanting her to run away, it was ages ago, but that was just one of the many many incidents. It’s like she’s only happy if I’m miserable. I know it’s also because of her own insecurities, but I’ve been trying to rebuild myself. I just honestly think I’m not worthy of anything and everyone secretly hates me and I should just give up. I only have to spend one more year with her before she goes to college, but I’m not sure if I can handle it. My low self esteem has taken some major tolls on my social life and I want to build it back up, build myself back up. And yes I’ve talked to my parents a lot about my situation with her and at this point it feels like they don’t even care. My plan is to just survive at home and try to live my best life outside of my family. So just any advice on how to gain some confidence and rise above my situation would mean the world to me. Thank you for listening.",
post,Advice,Sibling bullying..,https://www.reddit.com/r/Advice/comments/c9zgzq/sibling_bullying/,2019-07-06 15:19:33 PDT,5,"Hey, I hope this post doesn't make me seem like a miserable idiot posting about something pointless, Anyways here I go.

For about 4 years of my life my sister(twin, I am 5 minutes older) Has been constantly picking on me.. before I get into that I'll talk a bit about myself.

I'm kinda chubby and i take intrest in science, I also wear glasses and I'm stronger than I look but I'd never hit anyone except for self defense, I'm imbetween the age of 10 and 14 so I'm not very old.

So my sister is messy haired, constantly bullies me and takes intrest in art.

Everyday  I have to endure her calling me a Fatass  and calling me a nerd and my parent's dont do anything about it because it seems like they cant, I have a tiny video of her harassing me but i dont think it would matter at all. I've tried to make a truce with her and after just 2 days she decided it shouldn't happen and went back to what she was. Everytime I get near her I feel like I'm not a part of her life.. like she doesn't see me as a brother and she would be better off if I was dead.. if I never existed she wouldn't care.. I wont go into any more detail because it pains me to waste your time with her harrasment towards me.

So here I am.. asking for advice from you guys. Please find a way to get her to stop..(Additional Information: If you try to talk to her she ethier wont understand or wont listen, Parent's wouldn't work. I wouldn't hiit her and I always forgive her but she just go's back to herself.. today she told me to kms btw but I hear that alot online and IRL. Its like every attempt at trying to get her to understand is useless.)

Any questions you have I'll gladly answer.",
post,mentalhealth,"Coming to terms with illness, I just can't move on.",https://www.reddit.com/r/mentalhealth/comments/c7onj5/coming_to_terms_with_illness_i_just_cant_move_on/,2019-06-30 22:32:02 PDT,0,"Sorry if this rambles on a bit, but I feel like I need to overview my life's story a bit to express how I really feel about all of this. I'm 31 years old, and I have Asperger Syndrome, Tourrete Syndrome, and depression, and possibly other things as well. In truth, I've only ever been diagnosed with Tourretes which was when I was like 6 or 7. But I know after many many hours of reflection that I have depression, and I can recall a lot of symptoms dating back at least as far as Grade 5, this among other concerning issues. Aspergers is just a given, I'm a textbook definition of an Aspie. Right now I'm at the point where I've known I'm not well for some years now, and now that I've only recently been able to finally admit it to myself. I'm going to be seeking help soon I think.

&amp;#x200B;

I feel like I'm moving forward in a way, but the more I think about it, the more I tend to think back to when I was younger. When I do, I feel nothing but anger and resentment on so many different levels. I feel like to move forward I have to accept blame for what I've become and make the steps to fix it myself. But when I think back, I can think of so many times as a youth where warning signs were missed and adults failed to act on it, time and time again, year after year.

&amp;#x200B;

The Tourrete Syndrome got caught early, a teacher noticed my little tics and recommended my parents take me for examination. I went to the Children's Hospital in Vancouver and everything, and it was made official. I feel like this was bad for me in the long run; because there were other issues that weren't evident just yet at that age. Because of the lack of understanding about autistic spectrum disorders, the adults in my life were using Tourretes as a blanket explanation for all of my quirks all the way from the day of diagnosis through high school.

&amp;#x200B;

I was a very good student initially, I was a straight A student until Grade 6, though my study habits were already declining by the end of Grade 5. The following two years is where things started going seriously wrong for me. My teacher for those two years was a horrible man, a flat out child abuser, and the things he did to me I cannot forgive. I don't know why, but he judged me, he decided that I was a special needs student and was to be treated as such. At the beginning of each year he would let the class choose their own seats, and then made minor adjustments like separating disruptive friends and such, except for me, he took me and put me in the corner by his desk with the two legitimate special needs students. If it were just because he wanted to keep on eye on me because of my organizational issues, that would have been fine, but he spoke to me slowly like I was stupid.

&amp;#x200B;

Near the end of Grade 6 we had the end of year photo for the yearbook, I made a funny crosseyed face for it. He was furious when he found out, he pulled me out of class for the afternoon and told me parents were going to be angry over the ruined yearbook and all sorts of BS like how I was going to be liable for the costs, just made me feel like absolute garbage for nothing. I know from my friends that when he returned to class he ousted me as having Tourretes, a fact previously unknown to any of my classmates. I was falsely represented as being incapable of controlling myself and being mentally handicapped. Grade 7 wasn't any better, I started giving up, I started believing it myself. I was at rock bottom at the end of the year when my teacher lied to me that I was going to be assigned a special needs aide to follow me around the next year when I started high school. There was no truth behind it, those words were only ever meant to hurt me and break me, for no good reason at all.

&amp;#x200B;

At home, there was another huge issue that was being ignored around the same time. My older Sister was starting to bully me as well. I don't remember much of it, she wasn't being very nice, that's for certain. What I do remember was near the end of Grade 7, she told me I was a loser and that I'm going to fail at everything in life. This was around the same time that my teacher lied about the special needs aide. My Sister was always the perfect one who could do no wrong, and my parents just pretended she wasn't a complete bitch half the time. The bullying just kept ramping up through grade 8, my self esteem was lower than ever and my grades had plummeted because I just wouldn't do the work. 

&amp;#x200B;

During grade 9 I started developing anger issues, I was just so beaten down it was the only way I felt I could deal with her bullying was to just explode and lash back out at her. And my fuse with her kept getting shorter and shorter, I once got in trouble because I shoved her in front of Mom for a particularly hurtful insult. I feel ashamed of my outbursts now, but I know my anger was completely justified. When I look back at it, it was always the same friggin thing. She takes shots at me in front of our parents, they ignore it, I fire back and then get warned by my parents to stop picking fights she keeps on taking shots and repeating the cycle until I explode. It's not like typical sibling bullying either, it was like the moment I have anything to say about anything, she would jump on it and belittle me. It was like I had no right to an opinion, no right to defend myself, and no right to speak, what other way could I have been heard if I didn't start screaming at everybody?

&amp;#x200B;

After grade 9, life started getting better for me in  a way, my Sister graduated high school apart from Summers I didn't have to deal with her anymore. But by then, my school life was in shambles. I barely passed Grade 9, my only saving grace was my high test scores offsetting my lack of homework completion. Up to this point I was just that smart that I could get away with this. But now it was just too much, I wasn't doing most the homework, therefore I didn't understand the content and couldn't do the tests. I just wasn't trying, and one of the biggest issues in my life started becoming very apparent. I can watch my grades plummet, I know if I don't act on it, I will fail the course and have to repeat, but I still don't do anything and let it happen. That's what I have always done since, I am very comfortable watching my situation deteriorate, and even when I know the consequences for inaction, I still won't act and let it happen.

&amp;#x200B;

It just frustrates me, because the school should have addressed this. They knew I wasn't stupid, there's no reason this should be happening to a normal student, there's no reason any one of the countless teachers observing me shouldn't have realized something wasn't right. By grade 11 I started becoming an alcoholic, by grade 12 I was drinking everyday before class and sometimes even during class. I was spiraling out of control rapidly by this point. Once during class I ran outside and started puking in the field, passed out for a moment and came to when the vice principal spotted me and hailed me. I got to my feet and said I don't feel good and walked off, and that was that, no repercussions whatsoever, everybody just let that happen. Nobody cared. I ended up dropping out in Spring because I had 100% given up and stopped even showing up to class half the time.

&amp;#x200B;

I ended up enrolling in some program designed for good kids who screwed up, got my high school diploma there, but barely. It was a lot of the same, I wasn't doing  most of the work and just squeaking by with test scores. After graduating in 2007 I just lazed around playing World of Warcraft full time for 2 years.  I quit the game when I was 21, and have been slowly picking up the pieces of my life and rebuilding. I eventually redid all of my high school academics through correspondence and got As in everything which really helped my self-esteem. I also discovered through my job at Tim Hortons that despite my Aspergers, I am remarkably talented at working with the public and received more awards from head office for customer service excellence than anyone before. Eventually I rose to become manager, and from there attracted the attention of senior management of the CRA who frequented my location, they recruited me and life is starting to go much better for me now.

&amp;#x200B;

So yeah, I feel confident in my future, but it's my past I just can't let go of. I had a rough youth, there were just so many people who failed me on so many different levels. I could have had a normal life if somebody could have just stepped in and said this isn't right and that I needed help, but nobody did. I may be seeking help now, but it's too late all the same. My mind is permanently warped, things were left to stew for too long, and I will forever be held accountable for the inaction of others.",
post,unpopularopinion,"Sibling fights are normal, sibling bullying isn’t.",https://www.reddit.com/r/unpopularopinion/comments/blrpkm/sibling_fights_are_normal_sibling_bullying_isnt/,2019-05-07 07:59:24 PDT,46,"When you have siblings, you’re going to fight. It’s a given. No matter how big the house or car, someone is going to do something that sparks a fight. What isn’t normal is siblings severely bullying each other. If a sibling plans out a scenario to get you into trouble, that’s not normal. If a sibling beats the crap out of you on the reg, that’s not normal. If a sibling steals your things, that’s not normal. If siblings threaten you and do thing specifically to incite fear, that’s not normal. It shouldn’t be brushed off as “oh, they’re just kids.” I’ve heard that so many times and it’s the biggest crock of shit. I’ve been on both sides of sibling bullying and it almost ruined my relation with my siblings. It’s a serious problem that many adults and even kids themselves attribute to childish behavior.",
post,SampleSize,[Repost] [Academic] The effect of sibling bullying on mental health (anyone with at least one sibling),https://www.reddit.com/r/SampleSize/comments/b98lhg/repost_academic_the_effect_of_sibling_bullying_on/,2019-04-03 22:12:45 PDT,3,,https://nevadasc.co1.qualtrics.com/jfe/form/SV_bOR4Mq5VVXpSwsZ
post,SampleSize,[Repost] [Academic] Sibling Bullying (everyone with at least one sibling),https://www.reddit.com/r/SampleSize/comments/b8fry4/repost_academic_sibling_bullying_everyone_with_at/,2019-04-02 00:05:25 PDT,5,,https://nevadasc.co1.qualtrics.com/jfe/form/SV_bOR4Mq5VVXpSwsZ
post,SampleSize,[Academic] Sibling Bullying (anyone with at least one sibling),https://www.reddit.com/r/SampleSize/comments/b7jsv3/academic_sibling_bullying_anyone_with_at_least/,2019-03-30 21:14:34 PDT,5,,https://nevadasc.co1.qualtrics.com/jfe/form/SV_bOR4Mq5VVXpSwsZ
post,CPTSD,Anybody have trauma from sibling abuse?,https://www.reddit.com/r/CPTSD/comments/aut9hn/anybody_have_trauma_from_sibling_abuse/,2019-02-25 17:33:25 PST,13,"I have been NC with my parents for 6 months, which has helped illuminate a lot of feelings and experiences. I grew up in a very dysfunctional, abusive childhood and am starting to realize how my siblings hurt me, not just my awful parents. In a way, sibling bullying damaged me in a more insidious way. I didn’t trust my peers, I shared bedrooms with my siblings  and never felt safe. I still don’t feel safe in my own home (that I built). They aided my parents in marginalizing me — and still do.

I have read a lot in the last couple days about sibling abuse and why it happens. A lot of what I read states that sibling abuse is far more likely to occur if kids are close in age, if the family is large — and if the parents are abusive.  Whatever the risk factors are, my family seems to have all of them.

I am giving up on the hope of having a meaningful relationship with my siblings. Our real relationship is based on divisions, comparisons, and psychologically using the other sibling as a human shield when my father raged.

Here to grieve and commiserate. ",
post,Advice,Anger Management and Sibling Bullying?,https://www.reddit.com/r/Advice/comments/ari577/anger_management_and_sibling_bullying/,2019-02-16 22:50:40 PST,1,[removed],
post,psychology,"A child with more than one brother or sister is more likely to be the victim of sibling bullying than those with only one sibling, and firstborn children and older brothers tend to be the perpetrators. Competition for limited resources within family may lead to fight for dominance",https://www.reddit.com/r/psychology/comments/aqm5s5/a_child_with_more_than_one_brother_or_sister_is/,2019-02-14 09:25:37 PST,5,,https://www.apa.org/news/press/releases/2019/02/multiple-siblings-bullying
post,science,"A child with more than one brother or sister is more likely to be the victim of sibling bullying than those with only one sibling, and firstborn children and older brothers tend to be the perpetrators. Competition for limited resources within family may lead to fight for dominance",https://www.reddit.com/r/science/comments/aqm43n/a_child_with_more_than_one_brother_or_sister_is/,2019-02-14 09:21:40 PST,25,,https://www.apa.org/news/press/releases/2019/02/multiple-siblings-bullying
post,rant,What is up with parents ignoring sibling bullying?,https://www.reddit.com/r/rant/comments/aoaq6l/what_is_up_with_parents_ignoring_sibling_bullying/,2019-02-07 16:29:44 PST,21,"I saw a story similar to mine on the front page today, except it was a South Asian boy being bullied by his older sister and his parents looking the other way, while I am a white American girl who was bullied by my older brother while my parents looked away. 

Growing up, I had a brother three years older than me. He was a complete bully. He would hit me all the time, usually when my parents weren’t around, but he sometimes would sort of lightly hit me even when they were around and after a while my mom would just ignore it or punish us both even when my extremely nervous, rule-abiding, desperate-to-please child self was sobbing and he was grinning. 

He would humiliate me any chance he could, pick on my worst insecurities. He read my diary out loud to his friends- a very sad journal, written in the fifth grade when I was at a new school and had no friends and his bullying was at its peak, about feeling so isolated in the world- one thing my mom finally got mad at him for. He didn’t get grounded or anything, she just kind of yelled at him (she was not light handed with punishments either. She wasn’t really physically abusive- she did spank us, but honestly the pain was next to nothing- but she grounded us constantly, quite evenly too. She took my brother’s driver’s license away for a year for smoking pot, she wouldn’t let me have friends over for a month when I walked “too far” down the street once). He still emailed my crush passages that I wrote, and laughed the entire time. I sobbed and sobbed and sobbed.

My brother would say the cruelest things to me and when I retaliated in any way, I would get in more trouble than he. She told me to “just ignore it”, because it was just easier.

For the longest time I thought she straight up hated me (I talk about my mom mostly because while my dad was similar he was always working and not really around often). 

Then I thought maybe it was a gender thing, like people only punish their daughters or something.

But I have read so many accounts of sibling bullying and I see the same story over and over. It’s usually the older sibling but not always. One sibling picks on a more sensitive one and the parents just get tired of intervening and so they just don’t. Gender irrelevant, culture irrelevant (I’m a white American, but I’ve read stories from other groups who often think it has something to do with their cultural background but it seems ubiquitous among us all). A lot of parents are good and proactive about this, but it’s shocking how frequent it seems parents pass this off as “sibling rivalry”. 

I have almost killed myself several times from my brothers’ abuse. I was bullied in school like most kids but it didn’t even affect me, didn’t even register in comparison to the torture my brother put me through. My parents’ enabling sent me the message that nobody would ever be there for me. That I was a waste of space.

I was brought up Christian (atheist by the age of 14) and I remember sobbing to my brother, begging him to help me understand why I deserved such hatred, what about me was so evil. I genuinely believed I had to be part devil or something because I tried so hard for someone to feel I was worthy of love but apparently I just fundamentally was blind to how awful I was. The look of satisfaction dripping from his smirk is something I will never forget. 

Strangely, my parents were otherwise good parents! My mom read to me every day, attentively listened to me talk about every detail of my day and told me I was good and honest with my friends and always should be when I told her about middle school drama, made crafts with me, signed me up for a million extracurriculars taking into consideration my interests, took an active part in my education, made a family sit-down meal every night, yet let me be a kid and fostered a social life outside of my family, I had many friends and did well in school as a result.

But she just....turned a completely blind eye to my brothers behavior. He would steal my food and mock me relentlessly when all I wanted was for him to like me. He would literally push me off the computer when I was trying to do my homework so he could play games.

Everyone passed it off as “normal childhood things”. He literally said he wished I was dead all of the time. He’s also very intelligent, especially socially (I’m much more naive/awkward than he), so he was great at manipulating the kids at school and our extended family to turn against me. I developed an extreme sleep disorder and OCD because of him. I think I have quite a thick skin and I literally think of suicide any time I’m near him- he’s the same, his tactics are just more subtle these days.

I just can’t believe how COMMON this experience is! I know most families aren’t quite like this, but a significant minority of them are. I can’t believe my parents reacted this way!! They are otherwise such reasonable, loving people! How do people just act like this is okay? I’ve read so many stories of older sisters and brothers- and a few younger sisters and brothers (my boyfriend’s family was the same, except it was his younger brother bullying him. His younger brother is just a year younger than him and actually has always been bigger, and he’s just got a sadistic personality whereas my boyfriend is quite empathetic and sensitive). I just don’t understand what is wrong with humanity that people who otherwise aren’t negligent or abusive enable this shit, dismissing it as “sibling rivalry”",
post,SiblingAbuseHelp,"Sibling Bullying study - Emma O’Friel M.Psych.Sc, UCD (.pdf)",https://www.reddit.com/r/SiblingAbuseHelp/comments/ahks64/sibling_bullying_study_emma_ofriel_mpsychsc_ucd/,2019-01-19 01:47:44 PST,3,,https://antibullyingcentre.ie/wp-content/uploads/2018/02/Sibling-Bullying-Report-2017.pdf
post,u_Ame8Rica,Sibling Bullying - A pilot study among university students,https://www.reddit.com/r/u_Ame8Rica/comments/ahkr48/sibling_bullying_a_pilot_study_among_university/,2019-01-19 01:42:18 PST,1,,https://www.irishtimes.com/life-and-style/health-family/sibling-bullying-humiliated-and-scorned-by-a-family-member-this-is-not-just-sibling-rivalry-1.3327426
post,raisedbynarcissists,Is anyone else disturbed by the acceptance of sibling bullying in our culture?,https://www.reddit.com/r/raisedbynarcissists/comments/ahdq3d/is_anyone_else_disturbed_by_the_acceptance_of/,2019-01-18 10:58:08 PST,24,"I watched a buzzfeed video about “things only siblings will understand”, and it was mostly just about how they call each other names and banter back and forth, etc. okay, whatever. 

But holy shit, the comments! One person said that their sibling hit them in the nose so hard that they had a nosebleed and the school was going to call CPS because they thought one of the parents had done it. But after the sibling insisted that “no, our mom didn’t do it, I did!” The school decided not to call CPS. And this person thought their story was hilarious. 

And I’m just like.. ??? What the fuck is so funny about that?? The school let the sibling down and the parents did, too, if they allow that sort of behavior at home. But people act like this is normal and okay because “they don’t get alone now, but they’ll be friends when they get older!” As if children inflicting pain and suffering on another child because they’re related is *totally* fine. 

Edited to add that my GC brother did this sort of thing all the time and it was allowed by my nmom, which is why I posted this here",
post,Parenting,Sibling Bullying,https://www.reddit.com/r/Parenting/comments/a0nmvu/sibling_bullying/,2018-11-26 13:16:27 PST,39,"So kids fight. Sometimes they fight a lot. I have 2 teen boys that are very close in age. I swear, they have been fighting since #2 was out of the womb. 

I'm a single mom with 3 kids. I grew up in a dysfunctional mess, so read every parenting book I can get my hands on. It's sometimes hard to know what healthy is if it hasn't been role-modeled to you. 

I was always told that kids need to work out their own fights. Don't referee all of their battles. I tried to do this, but in my gut..knew that my youngest had no chance. He is more mild mannered and would get 100% creamed physiologically by his older brother. 

A year ago, I realized that my youngest always seemed very depressed. He was constantly picked-on my his brother. This caused severe anxiety for him. 

With great reluctance, my ex and I decided to have one son stay with him during the week, and one stay with me. They are together on the weekends. I was SO nervous about this change but didn't know what else to do. 

Just want to say that this last year has been fantastic! My younger guy has had more space to establish better boundaries and get in his own groove. My older guy just has a very type-A dominate personality. He is learning to soften some of his words and be kind to his brother.

Just wanted to encourage other parents in your parenting. Sometimes trying a plan that seems kinda unorthodox can be a good thing. It has brought us peace in our home again. Parenting is so hard...just wanted to throw this out there, as I'm so relieved! Good luck out there! 

",
post,GenderCritical,A sad story from R/Relationships about a trans-identified sibling bullying another sibling in a dysfunctional home - but sensible responses in the comments.,https://www.reddit.com/r/GenderCritical/comments/9ed9ra/a_sad_story_from_rrelationships_about_a/,2018-09-09 07:18:58 PDT,1,,https://www.reddit.com/r/relationships/comments/9ecjv8/newly_transitioning_sister_19mtf_and_youngest/
post,offmychest,I've never been comfortable living in the house I grew up in.,https://www.reddit.com/r/offmychest/comments/9cwh05/ive_never_been_comfortable_living_in_the_house_i/,2018-09-04 08:08:52 PDT,1,"I went through a lot in this house: sibling bullying, child incest sexual abuse by older brother and an older cousin, and sexual assault by my sister's husband  in the house I grew up in. I'm 22 now and sadly still live here, do does my brother, due to not having a job yet and can't seem to get one, and I have little to no money in my savings account. My mom used to read my diary back in junior high and she saw something in there that back then I couldn't answer. She asked me ""why do you hate living at home?"" I didn't have an answer then because consciously I didn't know why I wasn't happy but my subconscious mind knew why. It wasn't until years later I knew why I hated living here. I wasn't comfortable and it didn't feel like home. (I found out beginning of  this year, by accident, that my dad watches incest porn and now I'm noticing he stares at me a lot more than he should. I even got accused of molesting one of my female cousins when I was 10. Her mom wouldn't believe I didn't do it until my cousin confessed she lied about it.) My super religious family didn't do shit about all of this  which is why I believe I resent my family in some way. I've been to counseling and therapy for what happen and thankfully it helped me a lot. But now I want nothing more than to get out of here and away from my religious family since I'm now Agnostic.

TD;LR: I've never been comfortable living in the house I grew up in due to sibling bullying,incest child sexual abuse by older brother and an older cousin, and sexual assault by my sister's husband and it all happened in the house I grew up in.",
post,Essays,How to choose an argumentative essay topic?,https://www.reddit.com/r/Essays/comments/9bayb8/how_to_choose_an_argumentative_essay_topic/,2018-08-29 09:44:38 PDT,3," 

Having the freedom to choose a topic is what every student wants. At some point, you just want to write something you really want to discuss. When the time comes many students feel nervous and aren’t sure what topic to go for. Don’t worry; it’s perfectly okay to be nervous.

In order to choose an argumentative essay topic on your own, try to follow these tips:

* **Hot topic** – the easiest way to choose an argumentative essay topic is to take a look at news websites and other web portals. There’s always one (or more) hot topic you can discuss
* **Passion** – each individual is passionate about something. Take a few moments to think about your passions, write them down, and decide which one you’ll discuss in an argumentative essay
* **Don’t play it safe** – a common mistake that many students repeat is playing it safe all the time. Once you sharpen the essay writing skills feel free to dip your toes outside the comfort zone. For example, you can discuss topics that seem controversial, not just those that everyone else writes about
* **Make it specific** – choosing an area of interest e.g. abortion is one thing, but your topic shouldn’t be that vague. Abortion is a broad term with plenty of things to discuss. If you don’t make the topic precise, the entire writing process will get frustrating. For example, you can choose to write about the future of abortion among young adults under Trump administration
* **Debatable** – the whole point of the argumentative essay is to take a stand and defend your argument. That means the topic should be debatable, not a generally accepted fact
* **Related to the class/lecture** – yet another easy way to choose a topic is to write about a subject that is related to your class or lecture. That way you can demonstrate your knowledge of the subject and let your professor (or teacher) know you’re passionate about it

 

## Good argumentative essay topics

* Abortion should be illegal because it’s murder
* Abortion should be legal: women have the right to do with their body what they want
* Anti-smoking campaigns are ineffective
* Are law enforcement cameras a violation of public privacy
* Are online product reviews trustworthy
* Can hybrid cars save our planet
* Democrats would have won the US election if Hillary Clinton weren’t their candidate
* Did Shakespeare plagiarize his most popular works
* Do men and women need equal pay if males work more days on average than female workers
* Has diplomatic immunity been abused
* Is China ahead economy and technology-wise compared to the US
* Is it time to change Miranda laws
* Is privacy more important than national security
* Should electoral process in the US change
* Should medical treatments be free for all
* Sibling bullying leads to psychotic disorders

## Interesting argumentative essay topics

* At what age should children be allowed to own a smartphone
* Helicopter parenting harms the kids
* Does media invent scandals to frighten the public
* Should TV shows and movies be more diverse
* Lack of bias in the media associated with fake news
* Are teens too exposed to sex-related content on TV
* What we can learn from video games
* Do immigrants need more rights
* Can a woman and a man be just friends
* Should Dreamers be allowed to stay in the US
* The wall on border with Mexico won’t fix anything
* Should the UK return ancient artifacts to Egypt
* Are drug tests at work violation of privacy
* Cloning of both humans and animals is unethical
* Should prostitution be legal

 

## Argumentative essay topics by level:

### Topics for middle school

* American football is boring with its stop-and-play game style
* Can video games improve our cognitive skills?
* Cheating means a student is resourceful
* Do children really need a healthy diet?
* Do students need a cash reward for good grades
* Do violent video games promote violence in reality?
* Does TV have any educational value
* Electronic vs. paper books: will the latter be extinct in a few years?
* Graffiti: art or vandalism?
* Is cheating during exams wrong?
* Is having too much money a bad thing?
* Is there anything we can learn from reality TV shows
* Should cigarette smoking be banned?
* When is the right time for children to start making their own decisions?
* Why media should boycott Kardashians

### Topics for high school

* Are athletes overpaid?
* Are we too exposed to commercials
* Atheism: is it still a kind of religion?
* Both religion and politics try to control people
* Do students really need homework
* Does karma exist
* Does sex education really help teenagers
* Have we become “technological zombies”
* Is it necessary to build a career before getting married
* Is pregnancy at 20 too early
* Is social media stealing childhoods
* Should athletes be educated?
* The role of education in modern world
* The role of music in development of personality
* Why lottery is a hazard game

### College argumentative essay topics

* American educational system is deeply flawed
* Could Donald Trump-approved websites be fake news
* Divorce has positive sides too
* Do benefits of marijuana overrule the risks
* Do schools hand out too many A’s
* Is death penalty justified
* News media is too biased
* People should read more books
* Representation of women in video games needs to change
* Schools are giving students too many standardized tests
* Should academic success be the primary factor to consider in college admission
* Should parents be held accountable if a minor commits crime
* Voting is not important
* When does freedom of speech turn into hate speech
* When is it justifiable to take military force against other nation

## Funny argumentative essay topics

* Firstborn children are smarter than their younger siblings
* How to annoy your parents
* How to know if a politician is telling the truth
* How to pretend you are working
* How to tell a “white lie” and get away with it
* Organic foods are not healthier than regular items
* Stereotypes are good for us
* What if that royalty from Nigeria that shows up in email inbox is real
* What would happen if cats ruled the world
* Where do all mismatched socks go
* Why advertising works
* Why I should have been the only child
* Why standardized tests are the best
* Why the clothes really do make the man
* Why you, actually, love spam email

## Easy argumentative essay topics

* Are we alone in this universe
* Breastfeeding in restaurants should be banned
* Can smartphones and tablets act as educational tools
* Do paranormal activities exist
* Do women and women have equal rights in 2018
* Does modern culture destroy our lives
* Does modern technology provoke psychological disorders
* How should schools treat those who misbehave
* Is it easier to be a boy than a girl
* Is it good for students to have too much homework
* Is it good to expose your life on social media
* Is it okay for 16-year-old girls to behave like they are 26
* Monotheistic religions are almost identical
* Online bullying leads to depression
* Rise of social media deepens negative body image crisis",
post,PKA,Historian Request: Taylor's Story About Florida Sibling Bullying,https://www.reddit.com/r/PKA/comments/9amftk/historian_request_taylors_story_about_florida/,2018-08-26 22:45:47 PDT,8,"Trying to find Taylor's story about his vacation in Florida(?) with his girlfriend. He saw two siblings ""fighting"", except really it was one sibling dominating the other. The older, stronger sibling was shoving handfuls of sand into the other siblings mouth. I'm pretty sure it was in a 390+ episode but I can't find it. 

Thanks!",
post,JUSTNOMIL,Mrs Tweedy and the 4 year old Bully,https://www.reddit.com/r/JUSTNOMIL/comments/96i6xs/mrs_tweedy_and_the_4_year_old_bully/,2018-08-11 10:19:35 PDT,163,"I had a visit to Mrs Tweedy's farm yesterday, with DD. It should have been avoided, but the weather was against us and we needed somewhere to shelter for 30mins.

Some relevant background: I was a painfully shy, nerdy child. I had a vocabulary of just 9 words until I went to school. My GCBro is 2 years younger, the complete and utter opposite personality. Teachers at school were genuinely surprised we were related. We used to joke - I got the brains, he got the brawn.

Back to yesterday - so I was at the farmhouse, prepping to leave with DD when my Gran says what a happy child DD is (she is - cute smiles for everyone!). I agree, saying how she's got everything she needs - warm, fed, entertainment. When Mrs Tweedy pipes in with ""well she doesnt have an older sibling bullying her"". 

Record scratch. WTF face?

Eh?

Mrs Tweedy then launches into how GCBro was a whiney child and how I broke my GCBro's collar bone when he was 2 years old on a swing. 

Hang on a sec...

So if he was 2yo, then I was 4yo. She's currently blaming 4yo me for him breaking his collarbone on a swing. Also implying I was a bully. Which from all accounts seems unlikely.

I shook my head, mentioned how GCBro deliberately put a 6inch nail through the side of my knee when we were teenagers, grabbed DD and left. (GCBro is another story, one for JNFamily).

I've checked facts with Mrs Tweedy's sister, who says I was nothing of a bully and that Mrs Tweedy is losing her marbles. 

So, if your little one falls off a swing folks, be sure to look round and see which little child you can blame it on!",
post,emotionalabuse,Allowing sibling bullying,https://www.reddit.com/r/emotionalabuse/comments/8t4vbl/allowing_sibling_bullying/,2018-06-22 14:12:45 PDT,3,"My mom’s side is just an entire family of bullies. My adult aunts and uncles still bully each other, and their own children, and their own nieces/nephews in astoundingly childish ways, like degrading each other over Facebook.

Growing up, I had a brother three years my senior (I’m female) who would steal my food, kick and hit me, corner me, humiliate me like nobody else. This was, if anything, encouraged. I was blamed and my mom began to see me as a “victim” and that made her develop extreme contempt for me. 

I was blamed for all of his actions. He would hit me, and I’d be grounded for “provoking” him.

At first, I thought it was simple sexism- my mom’s bully family is, unsurprisingly, quite prejudiced in about every way possible, sexist, racist, etc.- but I have a cousin in that same family who has the exact same dynamic with her little brother. She treats him JUST like my brother has always treated me. She is considered a superstar badass in our family, while he is considered an insufferable wimp, just like I am.

This is, to some degree or another, the pattern with every nuclear family within that extended family. The older, bigger sibling bullies and terrorizes the younger ones, and the younger ones are forever stigmatized and despised while the bullies are celebrated.

This is beyond “teasing”. I ended up with so little nutrition growing up due to my brother stealing it that I have extremely short stature and an asymmetrical body now. I was quite cute and normally sized as a child, but my development was disrupted profoundly.

I have recently found a metric called “Social Dominance Orientation”. Basically, some people just naturally are fond of hierarchies and tend to align themselves with abusers and the “dominant”. They are extremely anti egalitarianism and empathy. I think that’s why my family seems to so obsessively stick to prejudices like racism and sexism and classism, along with encouraging dog eat dog bigger-attack-the-weaker behavior.",
post,CasualUK,Saturday night stuffed crust,https://www.reddit.com/r/CasualUK/comments/8rl7ob/saturday_night_stuffed_crust/,2018-06-16 11:20:58 PDT,33,"For dinner this evening, my sister and I are going to attempt to finish a Tesco 's Takeaway Cheese Meltdown with stuffed crust. This monster is apparently meant for 4 people, and neither of us are big eaters. I thought it would be an interesting thing to try, so here we are. 

In what might possibly be the most mundane thing I've ever done while bored of an evening, I will be updating this post so you can all keep track of our progress. Fun for all the family, and that. Let's make it an interactive event too, why not. Ask us anything about our experience and we'll do our best to satisfy your misplaced curiosity. 

Pizza will be ready in 3 minutes...

An unexpected hurdle: the damn thing barely fits on the board, so slicing it is proving a considerable pain in the arse. If this is how the evening is starting, my hopes are not exactly high.

The first slice (1/5): decidedly good-ish pizza, but nothing spectacular. I'm feeling like I might make it to the end, sis isn't feeling so confident, but otherwise it's so far so good.

The second slice (2/5): Sister started her second slice without touching the crust of the first - says she ""doesn't want to fill up on crust"". I can see I'll need to step up my tactical game if I'm to make it out the other side of pizza purgatory. No complaints from the stomach yet.

The third slice (3/5): The packaging assures me that I've already had over 62% of my daily recommended saturates. My companion is beginning to slow down a bit. This is a concerning development, so I think a little bribery/light sibling bullying may be in order. I have adopted the crusts last strategy - as good as they are, we have more pressing matters to deal with. Namely, more pizza than we can shake a stick at. Beginning to feel the effects of the food...

Fourth slice (4/7): Disaster has struck! My pizza partner has thrown in the towel, and no amount of Mario Kart promises can make her continue. I shall have to endure the rest of this task alone. Please send emotional support to anybody but me. I am starting to fear for my arteries, but I usually eat much more healthy meals and so I shall not be swayed from the righteous path I walk. Surface level cheese is approaching room temperature faster than I would have liked.

Fifth slice (5/7): I have completed my original 5 slice goal. A few stray tears roll down my face, but I'm hard-pressed to say whether from relief or dread of another two slices. Mediocre cheesy treat has turned into tasteless rubber, the colour has begun to drain away from my world. Onwards, to death or glory...

Sixth slice (6/7): Death is, in fact, preferable to glory. I cannot do it, I cannot go on. I am defeated. Holy calories, Barman, that was a big old pizza indeed. I'm sorry for any disappointment I have caused; please ensure any emotionally fragile loved ones are seated when you break the bad news. 

Pizza - 1

Bored redditor - 0",
post,science,"Psychotic disorders more likely after sibling bullying. Kids involved in sibling bullying—as victim or perpetrator—are up to three times more likely to develop psychotic disorders such as schizophrenia in early adulthood, according to a new study.",https://www.reddit.com/r/science/comments/88gyof/psychotic_disorders_more_likely_after_sibling/,2018-03-30 23:39:29 PDT,3,[deleted],https://www.futurity.org/sibling-bullying-psychotic-disorders-risk-1677322/
post,u_momoandme,Sibling Bullying During Childhood Can Increase Risk Of Psychotic Disorders,https://www.reddit.com/r/u_momoandme/comments/80fsvz/sibling_bullying_during_childhood_can_increase/,2018-02-26 11:43:43 PST,1,,http://www.medicaldaily.com/sibling-bullying-during-childhood-can-increase-risk-psychotic-disorders-422715
post,science,Sibling bullying leads to a three times higher chance of psychotic disorders,https://www.reddit.com/r/science/comments/7ylk0i/sibling_bullying_leads_to_a_three_times_higher/,2018-02-19 01:37:59 PST,1,[deleted],https://www.unipaper.co.uk/article/sibling-bullying-leads-to-a-three-times-higher-chance-of-psychotic
post,Health,Sibling bullying could have mental health effects,https://www.reddit.com/r/Health/comments/7y7jpd/sibling_bullying_could_have_mental_health_effects/,2018-02-17 08:20:26 PST,3,,https://www.upi.com/Health_News/2018/02/16/Sibling-bullying-could-have-mental-health-effects/7431518823541/?utm_source=fp&amp;utm_campaign=ls&amp;utm_medium=5
post,IndustrialPharmacy,Sibling Bullying Could Have Mental Health Effects,https://www.reddit.com/r/IndustrialPharmacy/comments/7y2kcl/sibling_bullying_could_have_mental_health_effects/,2018-02-16 14:41:14 PST,2,,https://www.drugs.com/news/sibling-bullying-could-have-mental-health-68737.html?utm_source=ddc&amp;utm_medium=rss&amp;utm_campaign=Sibling+Bullying+Could+Have+Mental+Health+Effects
post,science,Sibling bullying makes psychotic disorders three times more likely,https://www.reddit.com/r/science/comments/7x311c/sibling_bullying_makes_psychotic_disorders_three/,2018-02-12 10:54:43 PST,362,[deleted],https://warwick.ac.uk/newsandevents/pressreleases/sibling_bullying_makes/
post,mentalhealth,Sibling Bullying Makes Psychiatric Disorders 3 Times More Likely,https://www.reddit.com/r/mentalhealth/comments/7x2190/sibling_bullying_makes_psychiatric_disorders_3/,2018-02-12 08:46:35 PST,44,,http://neurosciencenews.com/sibling-bullying-psychiatry-8476/?utm_source=feedburner&amp;utm_medium=feed&amp;utm_campaign=Feed%3A+neuroscience-rss-feeds-neuroscience-news+%28Neuroscience+News+Updates%29
post,newsbotbot,Sibling bullying makes psychotic disorders three times more likely,https://www.reddit.com/r/newsbotbot/comments/7x1uo0/sibling_bullying_makes_psychotic_disorders_three/,2018-02-12 08:22:19 PST,1,,https://www.eurekalert.org/pub_releases/2018-02/uow-sbm021218.php
post,AutoNewspaper,[Science] - Sibling bullying makes psychotic disorders three times more likely | ScienceDaily,https://www.reddit.com/r/AutoNewspaper/comments/7x1e3o/science_sibling_bullying_makes_psychotic/,2018-02-12 07:17:36 PST,1,,https://www.sciencedaily.com/releases/2018/02/180212085427.htm
post,SDauto,[Science] - Sibling bullying makes psychotic disorders three times more likely,https://www.reddit.com/r/SDauto/comments/7x18x1/science_sibling_bullying_makes_psychotic/,2018-02-12 06:57:07 PST,1,,https://www.sciencedaily.com/releases/2018/02/180212085427.htm
post,Parenting,Young sibling ‘bullying’,https://www.reddit.com/r/Parenting/comments/7ti9cd/young_sibling_bullying/,2018-01-27 20:54:23 PST,0,[deleted],
post,JUSTNOMIL,MIL pretends to be SIL to convince me DH is cheating,https://www.reddit.com/r/JUSTNOMIL/comments/7rspv7/mil_pretends_to_be_sil_to_convince_me_dh_is/,2018-01-20 12:04:14 PST,580,"First thing first i would like to say english is not my first language. I can speak and write mostly fine but i am still learning grammar so hopefully nothing sounds odd with lack of grammar here. I am not great at telling stories to so sorry! Sorry about length to!

I have read this place a lot since i have always hated my MIL as she hates the fact her white son married a black woman but i have never had anything happen to the point i could post here until now...
(Side fake account as my FIL knows my reddit)

Now just to say in advance to the story as much as i hate to praise the woman my MIL is a amazing voice actor. She is a house wife but sometimes she will do a job as a stand in voice actor for when people need to take leave for sickness or pregnancy or something similar. If she truly wanted to she honestly could make a living as a voice actor but anyway moving on.

I have been married with my husband for about 2 almost 3 years now and as time goes on MIL gets more and more bitter towards me but im sadly use to it by now. Around when it was Christmas i was at their house for the holiday much to the displeasure of the parents i didnt want to come but we were announcing we have decided to start planning for a baby so i had to. All his siblings were happy for us but we also had the normal passive aggressive comments you could expect (Its to early! How do you know she will be a good mom? Are you sure you wont regret this?!) His parents are typical ""Christmas HAS to be a happy time"" so luckily a huge blowout didnt happen.

While we arent close i have a rather good relationship with my SIL as she comes over often as her and DH are close and while i was at their family house for christmas she showed me her ball jointed dolls which i found beautiful and decided i actually want buy one myself so we swapped numbers and shes been teaching me more about them. When we swapped numbers she told me to never call her as she hates talking on the phone. SIL has a bit of a speech disability when i hear her talking to DH she stutters a bit and gets annoyed by it so this was not a surprise to me. 

Earlier today though i was called by her which i found surprising but didnt think much of it at first as she was having trouble explaining something to be in text a while ago so i thought she was going to try with speaking words. She asked me if DH was nearby and no he was out shopping so then i thought that she was trying to contact him but that was not the idea of the call at all it was actually to tell me that DH was cheating on me... not a call you want to get. Of course i was skeptical but i decide to listen to why she believed that to be happening.

She explained to me that DH was being very secretive. DH hiding things is nothing new to me as he comes from a very big family we are talking 6 siblings type of big family! Because of this he has a habit to hide small things because of sibling bullying. As a example a few months ago he was buying things in secret and turns out it was colored paper as he wanted to try origami but was worried i would make fun of him as he would of have a lot of teasing from his siblings. 

She explained that he was hiding his phone when texting if someone walked by and would always be grinning at it and how she saw him meeting up with a woman secretly and that he always had different perfume on his clothes and that i probably noticed by now and was in denial about it. DH does come home often with different perfume on his clothes but that is normal as he has 2 jobs and one is a hairdresser so sometimes perfume rubs off on his sleeves from womens necks so i did not believe this cheating nonesense!
 
When i said that i did not believe this and would discuss this with DH as to why she would think this she started to get rather aggressive with me. She began to insult me calling me various ways of stupid, moron, dummy and so on and saying how i was only together with DH because he is rather wealthy and was a gold digger and if another richer guy came along i would go to them. SIL can be rude at times but never purposely rude so hearing the sudden change in tone shocked me! When when she said about a gold digger is clicked in my mind that this was most likely not SIL... MIL did bring up often how she was happy that her son was so successful and rich as a business man and how it makes sense a black woman would go to a rich man... I said earlier that DH has 2 jobs right? Hair dressing is his favourite and does not like being a business man but MIL forced him to go down that route due to money yet im the gold digger...
As she was insulting me she started using very big complicated words and i said earlier SIL has a speech disability so the words would be impossible for her to say...  I had no proof that this wasnt SIL so i didnt say my true thoughts but i told her that i believe my DH not to cheat on me and how there was no reason to believe her and was going to hang up BUT HERE IS THE GOOD PART

While this was phone call was going on my DH came back from shopping and by amazing chance SIL was behind him! He had run into her while shopping and said he would treat her if she helped him carry the shopping back home! Now it was very obvious that SIL was not on the phone! SIL was talking to DH as she came in how MIL got her sweets but she ate to many and did not want the rest and was asking him if i liked strawberry stuff. I just simply told MIL that DH had returned and SIL was with him and thanked her for raising such a nice daughter for helping with shopping and offering sweets and hang up. I wish I could of thought of a mean comment to make but my own mother always said that the best way to make someone angry is to make a kind comment in return and i did get to hear the voice crack before hanging up!

I told DH about this and he has been very quiet for the rest of the day because of this as he is a quiet angry person but his SIL said that while she wont say anything to her MIL about it but she will put a fake spider in her bath during her loved bath time 
This is rather tame compared to some things i have seen here but i still cant believe that a mother would pretend to be her daughter to cause a problem between her son and his wife 

tldr: MIL who can copy voices well called me pretending to be SIL to say my DH is cheating despite having no proof only for my SIL to come through the door of my house to proof it wasn't them
Edit as I forgot to add tldr...",
post,TooAfraidToAsk,When does sibling bullying cross the line into abusive behavior?,https://www.reddit.com/r/TooAfraidToAsk/comments/7og0e7/when_does_sibling_bullying_cross_the_line_into/,2018-01-05 17:22:08 PST,16,"to preface: my brother and I are close and never fought, this aint about me.

Certain acquaintances talking to me or just casual chats on the internet between strangers sometimes come off as odd to me, mainly because my younger brother is one of my best friends. (hes only 3yrs younger)

I'll admit everyone grows up in different conditions, but constant taunting, actively harming each other, and unprovoked hostility is accepted among siblings?? even emotional manipulation seems prevalent in media representation of siblings, such as an older brother forbidding his sister from dating or talking to boys, or an older sister loudly proclaiming something along the lines of ""nobody hurts my sister except me!""

I dont know, maybe my brother and i just have more compatible personalities compared to most, or maybe im exaggerating the stories in my head, id love to hear from someone who was picked on by a sibling or did the bully themselves on whether or not it could be considered abusive and detremental to health, or if im the weird one for respecting my brother.",
post,relationships,I [21F] can't make my little sister [11F] stop touching me.,https://www.reddit.com/r/relationships/comments/7nawnn/i_21f_cant_make_my_little_sister_11f_stop/,2017-12-31 12:50:07 PST,3,"Okay, this may seem ridiculous, but I really have a problem with this. I generally don't like to be touched by people. I don't mind handshakes or a quick hug, but I hate long or constant touching. My sister on the other hand has no issue with it. 

As she was growing up I would pick her up or she would touch me here and there with no problem from my side, but lately (I'm talking months, might be even a year) her touching me has got to the point of harassing. I genuinely feel like beeing bullied by this tiny wisp of a girl. She's just touching me all the time I'm around her: always hanging on me or poking me ot trying to make me move, etc. I tell her to stop touching me every time, sometimes calmly, sometimes irritatedly. I always tell her that I don't like touching. She never takes me seriously and I strongly suspect that she's actually often amused by my discomfort. She behaves like this only with me, she's not so insistent on touching other people. She knows I can't really do anything about this as I'm not her parent and have no real power over her. Our mother knows I don't like touching and has told my sister to stop doing this many times, but she doesn't really listen to her either. 

Yesterday we were watching TV and she wanted me to switch places with her on the couch for some reason. I said no. Then she started poking and nudging me to the point that I flipped out for the first time and screamed from the top of my lungs at her to stop. She did stop and looked very surprised by my reaction, moved away from me on the couch a bit and stopped looking at me for some time. That was the very first time she actually listened to me, but now I feel bad about the way I managed to do it. 
Today everything is the same as before though.

I feel kind of helpless, because I obviously can't scream at her every time. That's no solution. I've gotten to the point that I feel like forcibly throwing her away from me when she approaches. I will never actually do that though.
I am supposed to be the mature adult here, but I have no idea what to do, I don't want to hurt her. I feel like this situation would be very different if we were the same age, the same size, if we were more equal to put it simply. But we're not. 
I'd say I'm not actually being taken seriously by our family because it's more likely to be the other way around - the older sibling bullying the younger one. Or so it is stereotyped. All I want is to be left alone by my sister.

I'd really appreciate any comments that could help me in my situation. Is there something I can do to make her listen to me and stop or at least touch me less?

TL;DR - My little sister keeps touching me even though she knows I hate it. Parents know and do nothing. How can I stop her?",
post,u_SarahSwensonLMHC,When There Is No Getting Away: The Grief of Sibling Bullying,https://www.reddit.com/r/u_SarahSwensonLMHC/comments/7kvg3k/when_there_is_no_getting_away_the_grief_of/,2017-12-19 11:09:36 PST,1,,https://www.goodtherapy.org/blog/when-there-is-no-getting-away-grief-of-sibling-bullying-1219175
post,CPTSD,"Reflecting on sibling bullying, specifically boys on girls and the dynamic carrying on throughout your life",https://www.reddit.com/r/CPTSD/comments/7k9jmh/reflecting_on_sibling_bullying_specifically_boys/,2017-12-16 13:07:39 PST,3,[deleted],
post,rape,My [21 F] Older Brother [24 M] is sexually inappropriate with me and I need to get away from him. Advice?,https://www.reddit.com/r/rape/comments/7c5vgc/my_21_f_older_brother_24_m_is_sexually/,2017-11-10 18:36:16 PST,6,"There's a lot of history here, but I'll try to explain everything as in depth as possible. I'll just call my brother Joseph for this explanation.


Joseph and I have never had a close relationship. He was my personal tormentor for my entire childhood. Anger issues and physical abuse galore with him. My parents were both extremely religious, devout Christians. My mother was the primary breadwinner of the family because of a disability that caused my father to be unemployed early on in their marriage. She would be often absent during the day due to her labor-intensive job and my father was often neglectful, more concerned with studying the Bible/being a pastor and uninterested in entertaining a couple of brats, so we were left on our own a majority of the time, which led to things being worse then they should have been.


Events went beyond simple sibling bullying. He would punch me until I had bruises, sit on me for hours on end until I soiled myself, destroy any toy or electronic device I owned, steal my food, he even kicked me so hard I flew into a wall once. He would rarely get reprimanded for his behavior unless he was doing something my parents considered ""sinful"". Even when Joseph was reprimanded, my mother would be too tired to take it seriously, and my father would either be completely unconcerned or annoyed and angry enough to beat him with a belt for couple of minutes, never enough to even get near breaking the skin (not condoning just clarifying).


Regardless of any punishment he received, his behavior would not change. He's just gotten worse with age. He started punching holes in the walls (32 holes last time I counted) and throwing furniture once he got old enough. When I would describe the bullying to my parents, they would just turn it around to being my fault. ""You know that's his personality, why would even say anything?"", "" You should have known better, that's just the way he is"", ""He's just trying to get a rise out of you, don't respond"" etc. I eventually got so depressed, that I recall wishing to die very often. I was taught to take his abuse in silence and without resistance in order to keep the peace.


Joseph has always been a bit of a sexual deviant. The first instance of him doing things to me happened when I was a toddler apparently. I obviously can't remember these things because I was 1-3 at the time, but I know they happened because he has said that he has done these things. Joseph has told me a few times that he licked my vulva and drank my urine when I was a child. First time he told me that, I must have been 11, and he reiterated it a couple more times when I was 13, then 16 and he hasn't mentioned it since.


When he told me about that, it was completely out of nowhere and off-topic. It didn't seem like he said it to get it off his chest or anything, but just in a matter-of-fact (for-some-reason-I-want-you-to-know-this) way that I didn't know how to respond to. Of course I felt violated and disgusted (I still do to be honest), but at the time, I explained away his actions as him not being cognitively aware enough at 4-7 which would have been the ages he did that to me. I had been taught to have no reaction to his behavior, so when he told me I just walked away or changed the subject.


I can recall a few times when I was around 7/8 and he was 10/11, he would sneak into my bed, flash me and try to get me to touch his penis. I recall being very hesitant and uncomfortable, but he was stronger than me and would force my hand down his pants. He would also pull down my pants and try to touch me, but I would keep slapping him away until my mother called us for dinner. I didn't understand what was happening at the time so I never said anything, but I always felt really guilty and tainted afterward. Like I did something wrong even though no one explicitly told me so.


He started to get more forward with it when my breasts started growing at nine. That's when the constant groping started. Joseph would try to initiate physical fights so he could grab my breasts during it. Now, when he would restrain me by sitting on me, he would grope me then too and I had no way out until he got bored and moved on. He often try to slip up my training bra as well. This continued and escalated for the next few years. Around 12 years old is when he started to grope my behind as well and he would get more and more brazen about it. I recall him doing so multiple times in front of my mother. I would look at her, pleading with my eyes for her to say something, but she wouldn't until she saw it happen for the 5th time and even then she only told him to go do a chore outside. When I asked her about it later that day, she said she wanted to ""keep the peace"".


As I got older, I became more socially withdrawn and isolated from my family. I had repressed a lot of these events and the memories of them came back when I was about 14/15. I felt so dirty and unclean then that I was actively suicidal, but I never had the guts to slit my wrists. I've never been that depressed again, but it was certainly a horrible time for me.


A year later, Joseph (just graduated after a tumultuous school career/18 years old at this point) gets arrested for public exposure and sexual harassment. Apparently he was publicly jacking off in front of some jogging woman and she called the cops. He got put away in jail for 2 months. My mother forced me to come with her to the jail to visit him every day of those months. This screw-up of his caused a debt that launched our family into financial insecurity (of which we are still trying to rectify). Mother defends him to this very day and says that he was just a young boy and it was a stupid mistake, etc.


Fast-forward to me being 17 years old. I was trying to feel connected to my family again. I still felt disgusted by being around Joseph, but my mother had been pushing me to get out of my room and talk to the family again. She didn't approve of me wanting to hangout with only her without Joseph there. I immediately regretted it as I realized that Joseph still insists on being inappropriate. I would try to watch movies and play video games with him, but he would always covertly masturbate in front of me. I wouldn't see anything but he would put a couch pillow over his lap and obviously be moving his hand in a jacking motion underneath it. He would also lay on his stomach and try and act like he wasn't slowly humping the couch right in front of me. I'd call him out on doing this and he would just play dumb and say I was imagining things. Joseph started to bring up the sexual abuse of the past in a spiteful way. He'd call me ""damaged goods"" in arguments and laugh in my face when I'd get visibly dejected. So, I withdrew from the family again.


The last time I tried to hang out with him was when Star Wars: The Force Awakens came out. I thought - like an absolute idiot - that for once we could have a normal brother-sister thing, but what does he do as soon as we sit down in the theater? He tries to start up a conversation with me about masturbation and insinuates whipping his penis out right in the theater. Of course, when I told him he was being gross and that I didn't want to talk about things like that, he starts gas-lighting again. Says I'm delusional and that he didn't say anything.


Since then, I've been a complete and utter recluse. I haven't been able to get a job or continue my college classes because of conflicts with my schedule and my mother's schedule (we only have one car and my major doesn't have many online options). I don't talk to him or my mother anymore. She's finally caught onto the fact that he's a pervert now since he talks to himself endlessly throughout the day with no filter. She's afraid that he may sexual molest/rape me while she's gone, yet refuses to throw him out (I haven't told her the details of what happened as a kid, but she would tell me to get over it despite the concern she's showing now. I also don't want to cause her anymore stress since she's still working overtime to pay off those lawyer bills and psychiatrist fees).


I don't go out into the kitchen to make food unless he's in his room or an area of the house where I can't see him (which is very rare since he's always at home now since no one wants to hire a sex offender. He also dominates the living room and dining room which are connected to the kitchen, so I may have a 30-minute window to cook food daily). They both say I'm cold-hearted and wicked for cutting them off, but I just can't fake tolerance anymore to ""keep the peace"". I stopped going to church with them a few years ago and have become increasingly disillusioned with Christianity. For years now, I've been a prisoner in my room. I eat all meals in here and always have the door locked. Thank goodness I have a bathroom. The only thing that has kept me sane over the years is reading and keeping my mind constantly occupied by casually studying world history, world religion, and language.


I see no way out of my situation right now. I really don't know how to fix my life and I feel stuck. There's only so much abuse I can take. The isolation has been working for now, but I can feel my sanity splintering whenever I actually stop and look at how hopeless my situation is. He's even started masturbating in the living room right next to my room wall and moaning loudly, so I'll hear. There's no escape from his depravity it seems and I'm so tired of this. Does anyone have any advice?


tl;dr: My brother Joseph is an angry, abusive, raging pervert and has done inappropriate things around me constantly for years. I've had to isolate myself from my family to keep sane, but I'm running out of patience for my situation and see no way out of it. Any Advice?",
post,offmychest,just wanted to share something with someone other than my therapist for once. Finally getting closure after a beautiful cultivating 8 year relationship,https://www.reddit.com/r/offmychest/comments/72v6ln/just_wanted_to_share_something_with_someone_other/,2017-09-27 13:44:04 PDT,3,"*If this breaks the Subreddit rules then I Apologize in advance*

As the title states; after 8 long years, I (22m) can finally press play after having my life paused for longer than I can imagine. I can finally stop putting myself last.  So after this final conversation with this person who I'm not sure how to describe. This person (20f) who I though was gonna be my wife, best friend and my life long partner in this weird life. For those who might say I'm still too young or even think I don't know what Love is then I hope to god you're right. All the beautiful emotions I felt during this crazy roller coaster ride, I hope there is something out there that will make me feel pass the zenith of happiness, live through the trough of life that still yet to come, and to once again enjoy the ambiance of that perfect feeling that's indescribable when you see the one love of your life experience joy at its rawest form.

For those who don't have time, TLDR: Finally moving on from someone that I was with for more than 1/2 my life and doing this without a single shred of hatred for her, and being able to genuinely wish nothing but the best for her. 



Though I don't think what I went through is anything groundbreaking outside of my own life. I just want someone else to know, I just want to be acknowledged, for someone else out there to know that I exist, that this happened and more importantly, for those of my generation and going through the some similarities to know; the world is much larger than you think, even if you feel like no one cares, understands or will ever feel there will always be someone. The planet will keep turning, the world around you will keep moving and time will go on. So don't be left behind and don't waste time. Time is the only thing that you're born wealthy of and this wealth will only decrease as life goes on. So don't spend it on anything that's less than meaningful. 

I can write a series of books with the my time with her, I don't think its anything different from High School Romances or even matter enough for people to dedicate their time to. So I think Reddit more of an appropriate platform.


So it was 7th grade when we first met, I was one of the ""cool kids"". An empty shell, fake confident and well liked. She was in her ""Scene"" phase. Even though we were just kids I always felt sort of warmth from her. We were bound to clash cause of our social circles but instead we just clicked. 
We got together. Even if we judged by our young and ignorant peers it didn't matter and once they saw that I wrote my initials on her hand with a sharpie they knew it was serious. (This was a trend at my school, so not sure if anyone else can relate. Equivalent to a Wedding Ring during those days). We were hooked from a young age, she was my Lemonade on a hot summer day, the peanut butter to my Oreos, the Ryzen 7 1800x to my GTX 1080Ti. People saw it as a young kid crush, to me I knew from then on that this was the person I wanted to marry. 

She came from a broken home. A household of all girls, a father that was a drunk, and a mother that had her eldest child a little too early in her life and tried to live the teenage years she though she deserved through her daughters and both of her parents being immigrants from Mexico and maintaining all the old school cultural standard that often clashed with the lifestyle of an American teenager didn't exactly create the ideal environment for one to grow in. She was often mistreated by her sisters and her own mom who would do things that makes me regret not calling CPS up to this day. Mistreatment, daily arguments and negativity was a known routine to her yet after all this, in her soul she had passion, nothing like I've seen. Tenacity and fierceness in her armory and enough courage to dye her hair neon green for a concert that was coming to town despite knowing that she would probably be disowned. Right off the bat. She knew compassion and understood concepts of sympathy and emotions that people of our age still haven't learned today. 

My family immigrated from a small country in South East Asia. Refugees . That's what my mother and 2 older brothers were. We received Asylum in this amazing United States of America after my grand parents (Who lived here in the US) begged, pleaded and payed most of their retirement funds to USCIS to get us here for which I am eternally grateful. My father was a high ranking politician, and my mother was honestly just the side girl that had 3 of his kids. We had to get out due to the assassination request sent out by my father for us since having a side family isn't exactly ethical and makes him look bad. We came to this country with nothing but the clothes on our backs, enough dollars to last us a few meals and the freedom that this country fought for happily provided us. 

It was my 3rd year here in this country when I had that faithful encounter with her, at the time my Mom was working 70+ hours a week to stay right under the poverty line. My oldest brother wasting his life on drugs and girls in High school, and my other brother who spent much of our childhood bullying me since I was the genius. (and I don't mean sibling bullying, I meant as in sending me to the hospital in 5th grade, but that's a story for another time). A house hold of isolation is pretty much what I would define it, family time was non-existent. 

She was my first Support System, as I was hers. This was the reason we ""loved"" each other, or puppy love is what it was referred as. We always just thought to ourselves ""Only if they knew"" . As months pass by, just being with her made my robotic emotions exist. She made me feel that I am a person, I have a soul, and that in this Universe I mattered. Even if its not to anyone else. I mattered to her which felt was all I needed. Though I can't return the gift of emotions to her I gave what I could which was knowledge. Meaningless compared to what I learned from her, but when it came to school and financial status I made sure she would come up on top. Her and I made almost $300 each every weekend as Middle school kids from selling candy, snacks, homework answers, fake hall passes. I drilled into her the happiness of a job well done. The importance of valuing your time, mixing in your passion to your work ethic to pull off miracles, and giving her the tools to be able to be financially successful all while she was worrying about learning how to use pads or tampons and me worrying about the horrendous body order I've started to develop. 

but as all cliche stories do, we were split apart by faith. My mother wanted to move closer to her job so she wouldn't have to take multiple buses to get to work which means I had to leave my current school, my sanctuary. Where my lover waited for me every morning to give me her Chocolate milk since every student only gets one. To make matters worse her parents also found out about me from one of her cousins. She was forbidden to speak to me or even mention my name. We spent the last month we had together in anguish. Anxious to be apart, it felt like the weeks flew by.  We exchanged ""Myspace"" accounts, emails, home phone numbers, and even AIM accounts to make sure we had some sort of communication line open. In secret to each other, we coincidentally spent the whole day before trying to figure out gifts for each other, I managed to take the bus to the mall after work to get her an iPod shuffle then Finally the my last day before my departure comes, Friday. 

My Mom didn't let me go to school. Being her only reliable child, she wanted me to stay home and help her pack everything to make the move over the weekend easier. I tried every method in the book to convince her to let me go, even for just the morning. Just as how I am, once my mom makes up her mind not even the will of God can change her mind. So there I was packing, feeling torn. I never did get to see her again after that or even say goodbye. Worst part was I never figured out where she lived. I've never felt so empty. My first heart break. 

Years pass by, I am now a Junior in High school. Still one of the ""Cool kids"" but now just add ""Numb"" and ""Druggy"" to the description. At first it started just drinking at the apartment with my eldest brother and his friends and it led to me smoking weed with the ""friends"" I had at the time. 
Cocain, 
Meth, 
then finally heroine.
I was stuck. numb and addicted as long as I had my drugs I didn't have a single fuck to give to the world. During this time I was already working for a the largest Cable company in the state doing sales. Full commission, from after work I would go door to door selling cable. Being the manipulative person that I was, this job was a piece of cake for me. Also the fear of not having enough for an 8th of coke for the next day was more then enough to convince me and force me to be the best at my job. 

At 17, I was taking home $80k a year. I was paying for 1/2 of my moms bills. Bought her and I brand new cars and spent countless hours high as fuck in my room when I'm not working. I thought to myself if this is how life would be then I'll hold on for a few years until my moms financially stable and maybe just end it. 

She's been through a lot so she deserved everything I can provide. My mom had to watch my eldest brother beat the living shit out of her ex boyfriend because he slapped her in front of us. (Fun fact: He won Golden Gloves in our City). She had to leave work and get penalized to go pick up my other brother from the hospital for ditching school and getting alcohol poisoning and me. She had to pick me up from Juvi for shop lifting. I guess you could say we weren't the best kids. Yet not once did she complain. Not a single time, she scolded us, grounded us, and use her mom skills to throw her sandals at us from the other room. (I'm talking boomerang effect and everything. )  Not a single strand of anger towards us, instead she would beat herself up thinking she wasn't a good enough mom. Though I didn't care then, now it kills me every time I think about it especially since now that she's dying. I was determined to get her everything she wanted. 

It was one day after school, I stopped from one of my sales routes to take my lunch break. While I was leaning on my car, smoking a cigarette and just strolling on Facebook I saw her name. it brought everything back. Every single memory of her that I decided to bury to numb the pain. She was right there. The person that kept my sanity, the one that once gave me a level of emotion I still can't describe. I pressed the add button subconsciously, like my inner mind was trying to tell me something. It was a weird sensation watching my thumb move on its own. Still, no going back. Not even 10 minutes pass and I she approved. Being the creep that I was, I spent the next few mins looking through her pictures, videos, statuses. I almost forgot that I haven't made the daily quota yet. 

I never worked so hard and so fast to end my day, once I hit the minimum quota I left. I sat in my car for what felt like hours just contemplating on messaging her. ""Will she remember me?"" ""Was she still the same?"" ""How is she?"" ""Did she decide on Pad or Tampons?"" I had all these questions burning in my head but as most 17 year olds, overthinking was the death of me. 

What if she didn't remember me? Looking back, what if the time we spent together was only precious to me. Do I really wanna shatter that lone beautiful memory I have left. One after another all these thoughts came rushing in at the same time, only making me more distressed. That's when once again, my life took on color once more.

She messaged me, I dreaded on opening it.




*I'm typing this on my phone at a doctors appointment and I Just got called. I'm not even sure if anyone is reading this but I'll finish this once I'm out. (I'm horrible at story telling and grammar anyways)",
post,bullying,Younger Sibling bullying and why it needs to be talked about more,https://www.reddit.com/r/bullying/comments/6vfxgv/younger_sibling_bullying_and_why_it_needs_to_be/,2017-08-22 19:14:06 PDT,1,[deleted],
post,intrusivethoughts,I deserve to be abused; I'd be more of a person if I was,https://www.reddit.com/r/intrusivethoughts/comments/6c0wiy/i_deserve_to_be_abused_id_be_more_of_a_person_if/,2017-05-18 19:23:12 PDT,4,"A sick part of me envies people who were bullied or abused - I can't hear about people's anecdotes of mistreatment without feeling a gnawing ""I deserve that"" type of guilt. From sibling bullying to institutionalized torture, obviously I don't want it, but I do at the same time. Like if I had comparable experiences, I wouldn't have to feel guilty or ashamed. 

I've had other intrusive thoughts of violence against myself in the past: it used to be that I couldn't hear a newsstory about someone being raped or kidnapped, or, again, abused or whatever without walking around is a terrified daze for the rest of the day, imaging experiencing the same thing myself.  I either outgrew it or desensitized myself with a lot of lurid reading, but it still creeps up on me. ",
post,blunderyears,"The only child syndrome was strong, I really would have benefitted from some sibling bullying.",https://www.reddit.com/r/blunderyears/comments/6aqrm9/the_only_child_syndrome_was_strong_i_really_would/,2017-05-12 04:38:59 PDT,249,,http://imgur.com/a/46j50
post,Teachers,Older sibling bullying his younger brother,https://www.reddit.com/r/Teachers/comments/5gwo95/older_sibling_bullying_his_younger_brother/,2016-12-06 16:30:37 PST,2,"I'm an only child from the suburbs so I have no idea if this is normal.

It's an inner city school, and these two particular kids come from a pretty standard inner city family (low income, single mom, share a room, etc). The older brother is in 8th grade and is a little odd and has an IEP, the younger brother 7th grade and very normal. They always hang around each other and seem to get along fine MOST of the time.

However, there's a lot of physical contact and today it was pretty alarming. It started earlier in the year with playful shoving in the schoolyard, and I took no note. This escalated a few weeks ago when I saw them in a slapping match outside at recess. Nobody was making a fuss over it so I figured ""sibling stuff"". Soon after that, before school (they're the earliest ones there) I saw the older brother pinning up the younger brother against the fence and the younger brother trying to escape. I was across the schoolyard and just kept walking. Once again, everyone gets beat on by their older brother once in a while, right? Just boys being boys, I'm not getting into their family business (so I convinced myself)

Today, however, I went to the bathroom and a 7th grade class was going crazy waiting outside another teacher's room. I lined them up and the younger brother was on the ground with his mouth bleeding. I asked what happened and they said it was his older brother, so I told the younger brother to get up and go to the nurse. I told his teacher about it and he said he'd talk to them, but it ended there.

I'm wondering if this is something I should be taking more seriously. I never have them in the same room together, so all of this is me witnessing stuff happening outside of the classroom. As an only child, I don't know what falls under the ""abnormal"" realm with sibling dynamics, also weighing in the low income, single mother, inner city factors makes me want to believe this is normal.

Any input?
",
post,relationship_advice,[14/m] I Need Some Advice on if I Should Cut My Sister [13/f] Out As Soon As Possible.,https://www.reddit.com/r/relationship_advice/comments/5bqoyt/14m_i_need_some_advice_on_if_i_should_cut_my/,2016-11-07 18:39:52 PST,7,"My sister has done some very damaging, abusive, and straight up sociopathic things to me in my life, but before I make any decision, I'd like to ask for a larger groups consensus. I'll be separating what she has done by Pre/Post Mother's Passing.

**Pre-Mother's Passing**

- Harassed me for being more open about my feelings than others.

- Would bully me for secrets to spread among school (eventually had to make up false ones because she'd never stop until I told her one.)

- Ruin most friendships I make by inserting herself forcefully.

*""Typical younger sibling bullying"" everyone called it.*

**Post-Mother's Passing**

- Spent almost 2 years sleeping in my room(I slept in a twin-sized bed for years, so she'd eventually end up shoving me off), using my newly frayed emotions from the recent family loss to bully me to tears, take my darkest secrets, and use them to blackmail me for years to come.

I approached her about this, and she simply claims responsibility, saying,*""It was fun. I should do it again if you're gonna keep bothering me like this.""*

- Blames her depression (that seems to be mostly social pressure and lack of effective therapy) on me.

- Constantly hits me and ruined my ability to trust anyone, but calls me the abusive one. (I flinch whenever my Dad reaches for something above him, brings out a hanger, or just tries to offer me a high five.)

- Most Recent - Shared a very private secret around her school, causing my Girlfriend to consider suicide. I had to talk her down and help her. When I told my sister about this, she said:

**""I don't fucking care! I'm happy she feels like that! She's an attention whore and an idiot.""**

I don't know guys. I really don't want to cut her out because she's family, but I just can't take it anymore. I've been planning to cut her out as soon as I can, which would be some time after college.

Four more years of this might actually drive me to do something very regrettable. She's already almost made me hurt myself through very painful ways, like swallowing plastic shards of mechanical pencils dry, slitting my wrists in class in front of all my friends and just let them watch as I die, and more.

Any advice, friends?

Edit: I noticed right away someone downvoted this post...

Maybe this was a mistake...

Edit 2: I'm receiving wonderful advice, and I'd love to put as much of it into effect as soon as possible, but one thing I need to say is that I'm often neglected in the family by my dad as well. Going to him about all this is like asking a drill sergeant to understand why you're fat: it won't do shit. My only hope is our therapist. 

But again, thank you all.",
post,Social_Psychology,The Long-Term Effects of Adult Sibling Bullying https://t.co/zNhmcBNB46 #mhsm #mentalhealth https://t.co/IQZNq29UbW,https://www.reddit.com/r/Social_Psychology/comments/4vhgik/the_longterm_effects_of_adult_sibling_bullying/,2016-07-31 08:13:12 PDT,1,[removed],
post,AskReddit,[Serious] How can I stop sibling bullying?,https://www.reddit.com/r/AskReddit/comments/3wtz5m/serious_how_can_i_stop_sibling_bullying/,2015-12-14 12:48:22 PST,1,[removed],
post,Parenting,Does anyone here have experience with handling sibling bullying?,https://www.reddit.com/r/Parenting/comments/3vqe0x/does_anyone_here_have_experience_with_handling/,2015-12-06 17:31:01 PST,4,"I have two boys, an almost 4 year old and a 1.5 year old. My two kids are almost polar opposites. My oldest is the sweet one, quiet and calm, enjoys sharing and plays well with others, etc. My youngest on the other hand is extremely rowdy, loud and I hate to say it but he's a bully. The bullying isn't something recent but seems to just be part of his natural tendencies (I'm sure this is probably hard to believe considering he isn't even 2 yet). And it doesn't stop with his older brother. I have heard many stories of him picking on other children at church in the childcare area. Things like walking over to random kids to take their toys from them and then throw them to the other side of the room just so that can't play with them, etc... 

That being said, while I see my kiddo picking on others as an issue, at this point in time I am mostly concerned with how to handle/alleviate it between my two boys and the effect it might have on my oldest should it continue. The oldest does not know how to stand up for himself and I am very concerned that when he becomes school age, he will more readily fall into the role of the victim, should he become bullied by other kids at school.

Anyway, I have tried to handle the issue with smacking/spanking the youngest, verbally reprimanding him, trying to get the oldest the hit back (the oldest doesn't normally), keeping the kids separated when the youngest is feeling ornery (rarely works b/c the oldest like to play with little one). I'm sure all this probably makes me sound like a terrible parent but I really have no clue on how to go about handling this issue, not just in regards to the little one having a tendency to pick on others but also my oldest having a hard time standing up for himself. I'm going crazy thinking about all the ways my boys are going to become maladjusted adults from this issue! I would really appreciate any advice from anyone who has effectively handled this with their own kids or maybe have seen others handle it. Thank you!",
post,AntiHeroRP,Reintroduction: Skybreaker - Valkyrie,https://www.reddit.com/r/AntiHeroRP/comments/3tiv5e/reintroduction_skybreaker_valkyrie/,2015-11-19 19:36:46 PST,2,"**Full Name** - Elliot ""Elle"" Montgomery

**Codename** - Skybreaker

**Age** - 21

**Physical Description**

* As a [human](http://i.imgur.com/0EONP7I.jpg), Elliot is around 5'6"" tall and skinny.  She has long, straight platinum-blonde hair and grey eyes.  Her face is thin but her features are full and sharp.  Pale, but healthy complexion.  She has a tattoo of the [knot of the slain](http://symboldictionary.net/wp-content/uploads/2012/12/valknut3.jpg) on the back of her lower neck, and an [algiz rune](https://upload.wikimedia.org/wikipedia/commons/thumb/d/df/Runic_letter_algiz.svg/160px-Runic_letter_algiz.svg.png) tattooed on the inside of her left wrist.
* As a [Valkyrie](http://i.imgur.com/qoo9bHu.jpg), Skybreaker gains about a foot in height, putting her at 6'6"".  Her armor and spear materialize when she transforms.  Her body goes from being skinny and relatively nonmuscular, to a powerful frame built to strike hard.  Her hair turns to a matted gray, and her eyes shift a deep black.  Two large, black-feathered wings grow from her back as well.

**Personality** - Mercurial, impulsive.  A straight up villainous bitch who isn't afraid to go after and take what she wants, or what she believes is hers.  She has a ""fight first, ask questions later"" kind of attitude, and will not hesitate to f\*ck you right up if you wrong her.  Or if she thinks you're going to wrong her.  Or if she gets paid to.  Or for pretty much any other reason.  She only really cares about herself, and doesn't really consider the consequences of her actions.  She can be downright vindictive at times, *especially* if provoked.  Basically, a complete 180 degree flip of her personality compared to when she was in the Trials.

**Backstory**

Cliff Notes(TM) Version-

* Born in London
* Two sisters were evil to her her whole life (physical torture, ridicule, doing bad things and pinning it on her, think typical sibling bullying except multiplied exponentially), and her parents weren't any better.
* Moved to Iceland after graduating high school because of her crappy family.
* Had a bit of a rough time in Reykjavik until she was taken in by a middle-aged couple.
* Started studying archaeology at University of Iceland
* Abducted while at archaeology field school excavating an ancient Viking burial site
* Went through the trials with the original group.
* Helped defeat Alchemist by defeating her Air form.
* Went back to London after helping rebuild the Phantom Shadow.
* Has finally returned after being gone for the better part of a year.

**Equipment**

* Weapon -  A wicked looking [spear](http://i.imgur.com/FrGLH3t.jpg), inscribed with various Norse runes.  The blade cuts through metal like hot butter.  She can summon the spear even when not a Valkyrie, but isn't nearly as good with it.
* Armor (pictured above) - Her new armor is a bit more revealing, but it retains the same protective qualities that her old armor did, even in places not covered by the armor.

**Special Skills:** Elliot the human is able to apply her limited archaeological knowledge in a forensic capacity to assist with investigation, problem solving, etc.  Elliot the Valkyrie is a deadly close-range combatant, a true shieldmaiden with several lifetimes worth of experience.

**Power - Valkyrie Physiology**

Sky is able to transform into a Valkyrie, giving the following benefits when transformed:

* Enhanced Strength - strong enough to toss around cars like they're nothing.
* Enhanced Reflexes - agile enough to react to most things that travel slower than sound.
* Winged Flight - Her max flight speed is 120 mph, but she can only sustain that for 30 minutes at a time.  She can sustain 60mph flight for 2-ishhours, and can hover/float/fly at running speeds or less for several hours.
* Spear Master - When she transforms, her skill with her spear rivals that of a true master. 

Additionally, she gains the following even when not transformed:

* Decelerated aging - Sky will live about twice as long as the average human, unless she is killed, falls fatally ill, or otherwise.
* Death sense - Sky can sense how close to death someone is, sense if death is coming in a particular area, or see who has died in a specific location.
* Deathtouch - Injuries and wounds inflicted by Skybreaker take four times longer to heal than they normally would (even for people with healing powers).  Touching people siphons off their energy and accelerates her own healing.  When she touches people with this ability, they slow down and become weaker, with the effect increasing the longer she keeps contact.  If she lets go (either willingly or by force), the effect ends.

**Drawbacks** - 

* She can only transform for a certain amount of time each day, and it takes a large amount of energy to maintain her form.  Once she is out of energy, she will revert back to her human form.  Through sheer force of will, she can keep the transformation going, but this is incredibly risky and most likely cause a massive amount of strain to her human body (muscle tears, etc).  Typically after extended use of her form she needs to eat and rest to get some energy back before transforming again.
* Injuries sustained in her Valkyrie form carry over to her human form.
* The act of transforming is incredibly painful.
* Her wings make it hard to be agile while not flying.


----

**Stat Chart**

Attribute | Base Stat | Peak Limit | Rationale/Non-numeric details
---|---|----|----
Primary Strength | 2 | 8 | Valkyrie form
Secondary Strength | 0 | 0 | N/A
Speed | 2 | 6 | Flight speed.  Run speed is a 3.
Reflexes | 3 | 7 | Valkyrie form.
Intelligence | 3 | 3 | Half-finished archaeology degree.
Willpower | 5 | 5 | Going through the trials has bolstered her ability to deal with stressful situations
Constitution | 3 | 7 | Valkyrie form.
Durability | 3 | 8 | Armor and physiology of Valkyrie form.
Healing | 2 | 6 | Only heals fast when using Deathtouch.
Melee Skill | 4 | 5 | Spear master
Ranged Skill | 3 | 5 | Spear throwing
Influence | 2 | 5 | Skybreaker in Valkyrie form has the requisite skill and strength to fight many opponents at once.
Power Sustainability |   |   | Maintaining her Valkyrie form is fairly exhaustive and requires a cooldown period after each transformation.  She can only stay in the form for a maximum of 6 hours (limit governed by her Constitution score when in Valkyrie form), at which point she's either forced out of the form or starts suffering physical damage to her body.  Cooldown wise, for times 3 hours and below the cooldown is 1 to 1 (1 minute in Valkyrie form = 1 minute cooldown).  Between 4 and 6 hours, the cooldown is 1 to 2 (4 hours in Valkyrie form = 8 hours cooldown).  if she pushes past the 6 hours, the cooldown is 1 to 3.
Danger | 3 | 8 |
Non Lethal Damage | 2 | 2 | Sky doesn't really ""do"" non-lethal.  Not anymore, at least.
Special/Other |  |  | 
Total | 37 | 75 | 

---

Skybreaker, true to her name, leaves a massive hole in the clouds as she plummets through them, diving with great speed towards the deck of the Phantom Shadow.  Her wings stay tucked against her until the last possible moment, at which point they spread out wide, slowing her descent enough to touch down safely on the ship.  Dusting off the front of her armor, she looks around with a disappointed frown.

""This place still looks like shit,"" she mumbles to herself as she walks towards the entrance to head below deck.

---

OOC: So... Skybreaker's back, but I retconned a buncha stuff.  Basically, she traveled back home to London after they escaped from the base, and nobody's really seen her until now.  If you've interacted with her after the escape... pretend it didn't happen.  If you interacted with her BEFORE the escape, well... she's a bit different now.",
post,depression,Can we talk about sibling bullying?,https://www.reddit.com/r/depression/comments/3l9aqn/can_we_talk_about_sibling_bullying/,2015-09-16 20:20:29 PDT,0,[deleted],
post,rant,Fuck This World. Good things are happening to me and I don't Deserve it,https://www.reddit.com/r/rant/comments/3gsude/fuck_this_world_good_things_are_happening_to_me/,2015-08-12 19:24:11 PDT,2,"I grew up a bully and an asshole. But not at school, at school I was mainly quiet and reserved. But at home I was a bully to my younger sibling (1 year and 6 months younger). 

I was the biggest nightmare in my brother's life. I would call him fat, ugly, pathetic, cow, elephant, loser, etc etc. every single time he uttered a word. Every time I heard him talk I verbally abused him. And about once every 2 or 3 days I would hit him. Not just a regular hit, but punching and slapping and cursing. And he would just take it with barely any resistance. I would make any excuse to hit him. I don't really know why. But it was fucking crazy. I was such an asshole. I always felt justified and in the right whenever I hit him. I can't believe I was such an asshole.

And it wasn't just regular sibling bullying. It was real horrible fucking bullying. Cold, bitter, mean. My brother is turning 20 in October and he is obviously fucked up due to me. He rarely had friends and always stayed home, so all he had was me being an asshole to him at home and playing video games to forget his misery. He now stutters when he talks, not confident. He doesn't like to go out. He is just fucked up. I fucked him up.

He's a computer engineering student and I'm starting pharmacy school next week. He deserves everything he's working for. But I don't. Everything I wanted in life so far has happened. Everything I planned happened like I wanted it to. And during this whole time I was a big asshole and piece of shit. Not only to my younger brother, but I've also been an ungrateful jerk to my older brother and an asshole to the younger ones too. And an asshole to my mother. Heck, I'm still an asshole to my mother.

And yet, here I am starting pharmacy school and a research position in the lab of a neuroscientist next week. I have everything I ever wanted in life right now. But I don't fucking deserve any of it. I wish I can suffer so I can feel like I am paying for everything that I did when I was young. Why must I be so privileged? 

I really don't want anything I have anymore. I wish all of this pain and guilt can go away for once, I can't stand doing shit without consequence and being a piece of shit without anything happening to me. I really wish I can just vanish and make this world a better place by leaving it.",
post,AskReddit,[Serious] Is sibling bullying acceptable?,https://www.reddit.com/r/AskReddit/comments/2qur6n/serious_is_sibling_bullying_acceptable/,2014-12-30 13:40:08 PST,3,"I accepted for years that my brother was just being a boy and I was oversensitive whenever I complained about it. That's what my parents told me, anyway. Now I've started to wonder. They told me he was just like that with me, but I witnessed him bullying others (at 33 years old). Was I oversensitive? Is it normal for big brothers to threaten their younger siblings with physical violence? He never actual hit me, at least not in the face as he threatened. But I was scared for many years. I was told it was normal for siblings. Is that true?  ",
post,rationalisthmus,The Shocking Effect of ‘Hidden’ Sibling Bullying on Adult Depression,https://www.reddit.com/r/rationalisthmus/comments/2j4kwi/the_shocking_effect_of_hidden_sibling_bullying_on/,2014-10-13 09:24:11 PDT,1,,http://www.spring.org.uk/?p=28287
post,MyLittleSupportGroup,I am thinking of killing myself.,https://www.reddit.com/r/MyLittleSupportGroup/comments/2hpibl/i_am_thinking_of_killing_myself/,2014-09-28 09:47:19 PDT,16,"I have lived a lonley but happy life for about 19 years now, I've never been bullied, always been *Ahem* attractive, and even had a few girlfriends. Why am I here? Well, It's hard to say.. I was always hated, by my family. Most recentley I'd been a fused of stealing from my younger cousin. Pretty nonsensical stuff, but what really got me, was how much my Own local family, more specifically my sisters. They made sure that every day, they told me how Ugly, Dumb, Stupid I was. How I'd never not be a piece of shit, and worthless. Then, they would open up, only to one another. Only one another. They excluded me through sibling bullying. They made me Into a monster. How dare I lay a hand on her when they can kick me as much as they want. I don't beleive in harming women. MLP Has taught be to be Kind. I don't see Gender, I see people. Bad people. I was always the odd man out. I don't know of I wanna live on this planet anymore. I don't know if I explained this right. I might just be confusing.",
post,Health,Sibling bullying ‘linked with later mental health disorders’: Being bullied by a sibling is a potential risk factor for depression and self-harm in early adulthood,https://www.reddit.com/r/Health/comments/2gy87a/sibling_bullying_linked_with_later_mental_health/,2014-09-20 06:50:00 PDT,25,,http://www.ox.ac.uk/news/2014-09-09-sibling-bullying-%E2%80%98linked-later-mental-health-disorders%E2%80%99
post,psychology,Sibling bullying ‘linked with later mental health disorders’: Being bullied by a sibling is a potential risk factor for depression and self-harm in early adulthood,https://www.reddit.com/r/psychology/comments/2gy86z/sibling_bullying_linked_with_later_mental_health/,2014-09-20 06:49:55 PDT,243,,http://www.ox.ac.uk/news/2014-09-09-sibling-bullying-%E2%80%98linked-later-mental-health-disorders%E2%80%99
post,science,Sibling bullying ‘linked with later mental health disorders’: Being bullied by a sibling is a potential risk factor for depression and self-harm in early adulthood,https://www.reddit.com/r/science/comments/2gy86u/sibling_bullying_linked_with_later_mental_health/,2014-09-20 06:49:50 PDT,91,,http://www.ox.ac.uk/news/2014-09-09-sibling-bullying-%E2%80%98linked-later-mental-health-disorders%E2%80%99
post,NoShitSherlock,Sibling bullying increases depression risk (x-post /r/science),https://www.reddit.com/r/NoShitSherlock/comments/2fvzq1/sibling_bullying_increases_depression_risk_xpost/,2014-09-09 00:35:17 PDT,1,,http://www.bbc.com/news/health-29082701
post,betternews,Sibling bullying ups depression risk,https://www.reddit.com/r/betternews/comments/2fsnci/sibling_bullying_ups_depression_risk/,2014-09-08 03:03:03 PDT,1,,http://www.bbc.co.uk/news/health-29082701#sa-ns_mchannel=rss&amp;ns_source=PublicRSS20-sa
post,ukeducation,Sibling bullying ups depression risk,https://www.reddit.com/r/ukeducation/comments/2fskgz/sibling_bullying_ups_depression_risk/,2014-09-08 02:05:57 PDT,1,,http://www.bbc.co.uk/news/health-29082701#sa-ns_mchannel=rss&amp;ns_source=PublicRSS20-sa
post,UnitedKingdomx,Sibling bullying ups depression risk,https://www.reddit.com/r/UnitedKingdomx/comments/2fs2j4/sibling_bullying_ups_depression_risk/,2014-09-07 21:07:40 PDT,1,,http://www.bbc.co.uk/news/health-29082701#sa-ns_mchannel=rss&amp;ns_source=PublicRSS20-sa
post,amiugly,"20m always had low self esteem, am curious for honest feedback.",https://www.reddit.com/r/amiugly/comments/2bcspr/20m_always_had_low_self_esteem_am_curious_for/,2014-07-21 18:58:00 PDT,7,"I used to always think I was really ugly due to teasing, sibling bullying, etc. I guess I'd like to know how accurate that thought was; any advice on how to look better is also greatly appreciated. Sorry in advance for poor photo quality. Thanks!
http://imgur.com/a/vWK0A

Edit: thanks so much for all the feedback! I'll take all of your suggestions seriously and maybe check back in a year or so with some added muscle :)",
post,survivorsofabuse,Sibling Bullying/Abuse,https://www.reddit.com/r/survivorsofabuse/comments/26855h/sibling_bullyingabuse/,2014-05-22 10:31:34 PDT,1,"I'm using a throwaway because I do not want my reddit name attached to this. I feel shame and guilt talking about it, but it seems to be becoming redundant to those close to me.

My sister abused me physically and emotionally for 30 years. I now think she even tried to kill me. When I was three-seven, she pushed me down a flight of stairs, put a bean bag over a barbie house and pushed me into it, locked me in an ottoman for what seemed like an eternity.

Throughout my life prior to puberty she has broken my bones (my arm, three fingers, and twice my nose), had her friends beat me up for telling my mom she was smoking, stolen my bike, and would beat me up for getting student of the month awards in elementary school. My grades started to drop because I did not want to be beaten. I told my parents a few times, but that just made things worse. Eventually I just stopped talking about it all together. 

One time her and her boyfriend were going to camp for the weekend. Mom made her take me and my cousin, it was a small cabin up in the mountains. All weekend, Cousin and I heard Sister pornfucking Boyfirend, with interludes of getting stoned out on the porch. Cousin told Aunt and Mom what happened, and I got beat by boyfriend and Sister for it. 

After I hit Junior High, she spread rumors that I was gay, cross dressed, and was a narc. She would then make fun of me for not having a girl friend, stinking, and I was a loser for not standing up for myself and having no friends. One time her new boyfriend held me down and put deodorant on me. I broke out in blisters under my armpits and was mocked because i was ""so dirty even deodorant cant help you"".

Over time, she apologized for how she treated me and started to help me become an adult. She helped me find my first place when I got a full time job, and would just be an all around friend. Of course, I would help her financially, I had no real bills and all my extra money just went towards comic books for myself. Of course I would help buy groceries for her and her kids, god knows her husband doesn't make enough. Of course I would pay her bills. I got evicted from my house anyway. I don't know where my money went, I guess I am a loser for not being able to pay my bills and rent. I should have been more careful with my money. I am a loser for having to move back in with mom and dad, you're right, sister. 

I did not even realize I was feeding some sort of psychopathic narcissist's ego until I lost my job. I was going to move into Sister's old house and take up the mortgage payments, but that got axed when my income dried up. 

Sister lost her shit. She called me every name in the book, lied to my grandmother to such an extent that Grandma disowned me a year before she died. I still don't know what she said, but Grandma told me I wasn't welcome in her home anymore. She disowned my mom and dad for giving me and my family a place to live while I finished school and looked for work. She told my mother that I am using her (mom) and am ""worse than a nigger at work and a schister with money"". 

My wife has been so helpful in me recognizing what had happened, she is a survivor of abuse as well. Wife is able to predict what sister will say or do with such uncanny certainty that it boggles my mind. Wife predicted that Sister is on drugs (Meth and that generic weed shit), is spreading lies to feel better about herself, and even showed me that I gave Sister power by reacting to her negativity. I ignore the bitch now. It was my wife that helped me recognize everything I have done in my life, to focus on the positive aspects, how influential I am to our children, and that if anyone is a freeloader, it's Sister. Wife pointed out how much she relied on me to live, yet I got nothing in return but scorn when I did not bend to Sister's will. She said anyone who truly loved their sibling would not scorn them for financial woes and actions outside their control. She also pointed out that 

Mom tries to keep a rapport with her, but Sister isn't having it. Mom needs permission to drive an hour away to see her grandchildren, and sister won't give it to her unless I am out of mom and dads life. In the mean time, she is now all over facebook spreading lies about my parents and my family unit. 

It should be noted that my parents tried to intervene a few times, but it was met with disaster. First time, Sister claimed abuse to the school counselor. Second time, she ran away and came home a week later strung out on meth. Third time, we moved out of state and Sister resorted to pills. 

Now, I am a loser for not doing drugs (never have and don't want to), being unemployed (I intern now), having no place to live (I personally hand built extensions to my parents home and keep it from decay), and take handouts (I was a janitor prior to interning). 

I hate that cunt.

TL;DR: A rant that probably belongs elsewhere. ",
post,AbuseInterrupted,"""...children who experienced sibling aggression reported similar mental health distress as the ones who were bullied by children outside their families"" - Sibling bullying effects kids physically and psychologically",https://www.reddit.com/r/AbuseInterrupted/comments/23rk4v/children_who_experienced_sibling_aggression/,2014-04-23 06:23:37 PDT,2,,http://www.secureteen.com/bullies/sibling-aggression-bullying-in-the-family/
post,AskReddit,When does typical sibling bullying cross the border into emotional abuse?,https://www.reddit.com/r/AskReddit/comments/23ajnf/when_does_typical_sibling_bullying_cross_the/,2014-04-17 12:06:39 PDT,2,,
post,NarcissisticAbuse,I'm Not Sure if I Belong Here...,https://www.reddit.com/r/NarcissisticAbuse/comments/214a4m/im_not_sure_if_i_belong_here/,2014-03-22 18:48:22 PDT,8,"Okay, I lurk a lot over at /r/raisedbynarcissists and a lot of what they say hits home but not from a parents. They were pretty great really. It's my older sister. 

When we were growing up she really didn't care about me. This manifest itself in my earliest memory (age 4?) with her throwing dirt in my eyes on purpose. This led to a seed from a local weed getting BEHIND my eye and causing extreme pain. I'm lucky I'm not partially blind. She would also do things like force me to pretend to be her puppy, putting the dog collar/leash on me and hit me when I didn't do what she wanted me to do. As we got older it got worse. I have sever claustrophobia because she tied me into a sleeping bag when I was about 7 and refused to let me out. I remember screaming to be let out and crying. I had nightmares for years about that one.

In out teens it was harder. She turned to mental abuse instead. She never said anything kind to me. It was always ""you have a zit there lol"" or ""you're shorts are too tight. It makes you look like a whore"" or my favorite ""You're such a mean person! All you do is say mean things to people."" This is also when her anxiety set in. She would lay awake at night not just crying, but wailing. At the time I thought she just had anxiety issues (it was usually her freaking out about some imagined future event), but now I think it may have been more about attention. 

In her late teens she switched to ignoring me. The only time that she acknowledged my presence was when I dared to grab the remote first. Then she would bully me into giving it to her and leaving so that she could have sole custody of the TV. I spent much of my teen years in my room reading or outside away from her. Even in out teens she would ""accidentally"" hurt me physically and then make fun of me for being a ""baby."" ""Oh! That didn't hurt. You're being so over dramatic.""

I don't know if this classifies as N behavior or if this is just normal older sibling bullying. I don't think my parents every saw how hurt I was as a child. I don't think anyone recognizes this behavior. Am I the over sensitive one here?",
post,Foodforthought,"""My parents did nothing"" - Stories of sibling bullying",https://www.reddit.com/r/Foodforthought/comments/1qj4mp/my_parents_did_nothing_stories_of_sibling_bullying/,2013-11-13 04:12:24 PST,1,,http://www.bbc.co.uk/news/magazine-24867267
post,bullying,My Experience with Sibling Bullying,https://www.reddit.com/r/bullying/comments/1q8r9b/my_experience_with_sibling_bullying/,2013-11-09 04:58:23 PST,3,"So, the Jonathan Martin story is receiving a lot of media coverage and this brought up a lot of old emotional scars that I still carry from my own personal experience with bullying. Many people say that they think Martin is over reacting to the situation but as a person who has had to struggle with bullying, I know that the stories that one is able to speak out about, verbalize or admit to are just the tip of the iceberg. There is a lot that remains unsaid but the wounds still sting and linger. 

I was bullied by my older sister for many years and it has left long lasting bruises. The problem with sibling bullying is that it’s not something you can get away from. There is no escape on weekends or summer holidays. SHE is always there. My bullying started when I was around eight years old, when my family moved to the US for 4 years. We started to attend elementary school in the States and that’s when the problem really started. 

For a little more background about me, I am originally from a very poor country in the Indian Subcontinent and my entire family moved to the US when I was a child as my father was posted there for work. During our time in the American school system, both I and my sister were victims of bullying, having come from a poor household and because we looked different form the rest of our class mates. I think the bullying by my sister started because of the problems she was having with the bullies at her school. She may have started bullying me to take back some of the control in her own life. This was a very dark period in my life as I was bullied pretty much 24 hours a day thanks to my bully at school and of course my sister at home. 

I don’t know what it is about the American school system but the children are just monsters. Whenever there is a school shooting in the US, I am not even surprised anymore because I know what sort of pain has been manifested in the walls of those institutions. Everything else about the schools including curriculum, the quality of teachers, facilities etc. is top notch but I don’t understand how children so young can harbor so much pain and hostility especially when you have so much more to be grateful for than the rest of the world. 

My sister’s bullying really damaged my self esteem and it took a really long time to heal. My parents tell me that before we moved to the US, I was always the life of the party, always eager to approach others and make new friends. After the bullying started, I became very withdrawn and introverted and I remain so today almost 20 years later. 

When I was around 12 years old, we finally moved back to our home country and things really improved once I was admitted to a local school. We did not have the culture of bullying in the schools here and the process of healing had begun. However, when I would go back home, SHE would still be there and she was as evil and hurtful as ever. Things continued to worsen. I tried my best to be a good sibling, never getting in her way and always making sure that I did nothing to make her angry but the verbal and emotional abuse still continued. Finally, at the age of 14, I realized that the only way to protect myself and preserve my own sanity was to cut all ties with her so I stopped talking to her, ignoring her completely like she didn’t exist even though we were living in the same house and would continue to live in the same house for the next 10 years. I think this was the best decision I have ever made as things really did get better for me. 

Not talking to someone you have to live with makes the logistics of day to day living difficult but it was what I needed to do to take care of myself and take back the power in the relationship and it really did feel so much better. I am now 27 years old and my sister is 30 and we are still not on speaking terms. She is the same type of person she was then, selfish and abusive to the point where it cost her her own marriage. I am so grateful that she no longer has the power to hurt me because I know that if I had let it continue for all these years, I would have turned out to be a completely different person.

Now, I am really happy with my life and feel deeply privileged in every way. I know that she still carries her pain body with her. For years I resented my parents for not taking action to stop the abuse but I see now that they were victims as well and continue to be so. I had the option of shutting her out but because they are good parents and feel a duty to all of their children, they could not do the same. 

I am grateful for having had this experience because it has helped me better empathize with the people I encounter in my life and I wish her the best and hope that one day she too may start to heal. ",
post,psychology,Sibling bullying: What’s the big deal?,https://www.reddit.com/r/psychology/comments/1n17wv/sibling_bullying_whats_the_big_deal/,2013-09-24 08:20:45 PDT,19,,http://media-relations.www.clemson.edu/5117/sibling-bullying-whats-the-big-deal/
post,videos,Sibling Bullying,https://www.reddit.com/r/videos/comments/1jusss/sibling_bullying/,2013-08-06 19:07:55 PDT,1,,http://www.spyparent.net/blog/uncategorized/smack-cam-face-of-sibling-bullying/
post,Parenting,When Sibling Rivalry Becomes Sibling Bullying,https://www.reddit.com/r/Parenting/comments/1ihyw3/when_sibling_rivalry_becomes_sibling_bullying/,2013-07-17 10:38:22 PDT,1,Where do you guys think the line is? http://www.yourtango.com/experts/mary-jo-rapini/when-sibling-rivalry-becomes-sibling-bullying,
post,EatingDisorderHope,Connection between sibling bullying and mental health,https://www.reddit.com/r/EatingDisorderHope/comments/1i4xhe/connection_between_sibling_bullying_and_mental/,2013-07-11 22:45:07 PDT,1,,http://www.eatingdisorderhope.com/blog/sibling-bullying
post,funny,Sibling Bullying As Bad As Peer Bullying,https://www.reddit.com/r/funny/comments/1htvkc/sibling_bullying_as_bad_as_peer_bullying/,2013-07-07 16:38:38 PDT,0,,"http://www.theonion.com/articles/sibling-bullying-just-as-bad-as-peer-bullying,33033/"
post,todayilearned,Article on Effects of Sibling Bullying,https://www.reddit.com/r/todayilearned/comments/1gxvpq/article_on_effects_of_sibling_bullying/,2013-06-23 18:25:11 PDT,0,,http://abcnews.go.com/blogs/health/2013/06/17/bullying-among-siblings-not-as-harmless-as-we-think/
post,podcast,"TURN THE RADIO OFF Kyle checks in after his emergency surgery, why are health nuts so unhealthy? Mike gets a Groupon that upsets him. Sibling bullying, a childhood right of passage since the beginning of time. 10 things not to do when hitting on a woman and are mass bee deaths a sign of Armageddon?",https://www.reddit.com/r/podcast/comments/1gx9co/turn_the_radio_off_kyle_checks_in_after_his/,2013-06-23 12:41:35 PDT,0,,http://pfba.tumblr.com/post/53670422791
post,PodcastAlliance,"TURN THE RADIO OFF Kyle checks in after his emergency surgery, why are health nuts so unhealthy? Mike gets a Groupon that upsets him. Sibling bullying, a childhood right of passage since the beginning of time. 10 things not to do when hitting on a woman and are mass bee deaths a sign of Armageddon?",https://www.reddit.com/r/PodcastAlliance/comments/1gx89e/turn_the_radio_off_kyle_checks_in_after_his/,2013-06-23 12:25:49 PDT,0,,http://pfba.tumblr.com/post/53670422791
post,podcasting,"TURN THE RADIO OFF Kyle checks in after his emergency surgery, why are health nuts so unhealthy? Mike gets a Groupon that upsets him. Sibling bullying, a childhood right of passage since the beginning of time. 10 things not to do when hitting on a woman and are mass bee deaths a sign of Armageddon?",https://www.reddit.com/r/podcasting/comments/1gx6tf/turn_the_radio_off_kyle_checks_in_after_his/,2013-06-23 12:03:52 PDT,0,,http://pfba.tumblr.com/post/53670422791
post,podcasts,"TURN THE RADIO OFF Kyle checks in after his emergency surgery, why are health nuts so unhealthy? Mike gets a Groupon that upsets him. Sibling bullying, a childhood right of passage since the beginning of time. 10 things not to do when hitting on a woman and are mass bee deaths a sign of Armageddon?",https://www.reddit.com/r/podcasts/comments/1gx6sh/turn_the_radio_off_kyle_checks_in_after_his/,2013-06-23 12:03:27 PDT,1,,http://pfba.tumblr.com/post/53670422791
post,science,Sibling Bullying Causes Mental Health Problems In Children,https://www.reddit.com/r/science/comments/1gjq92/sibling_bullying_causes_mental_health_problems_in/,2013-06-17 15:53:12 PDT,7,,http://www.inquisitr.com/790937/sibling-bullying-causes-mental-heath-problems-in-children#xHpWQAwG4WQfMPr8.16
post,offmychest,My sister is a disgusting human being and I'm considering avoiding her like the plague from now on despite my family's wishes.,https://www.reddit.com/r/offmychest/comments/1d54tk/my_sister_is_a_disgusting_human_being_and_im/,2013-04-26 00:49:02 PDT,9,"Even though my sister and I grew up together, we are 2 very different people and it goes beyond just basic sibling rivalry.

When I was younger, she bullied me heavily but as I grew up I just passed it off as basic sibling bullying and it's no big deal - when we're both adults and mature we can probably get over it and get along. But NOPE.

She is incredibly racist and tries to pass it on to our little cousin, a little girl still in elementary school. For example, she'd tell her ""Don't hang out with any Mexicans! They're dirty and smelly. Don't talk to any black guys either they'll just try to touch you and do bad things to you."" Thank goodness our little cousin looks up to me way more so when I told her to not listen to any of the nonsense, she picked it up.

If you're racist, whatever. But once you start trying to convert an INNOCENT 6 YEAR OLD LITTLE GIRL to your BIGOTED ways is when I have a problem. The rest of my family just say ""Forget it, Eva (cousin) listened to you so that's the important thing"". But that's not okay to me! Regardless of whether or not the outcome turned out fine the fact that the intention was still there infuriates me.

On top of that, she's homophobic, goes on and on about Obama being a Muslim, and basically the stereotype of a Bible-thumping discriminatory person. I tried to get over this by finding other common ground, but whenever she opens her mouth it's all she talks about.

Blacks and Mexicans are lazy and disgusting, Muslims should be nuked, etc.

The rest of my family are immigrant Chinese who don't speak English so they don't have a clear idea what's going on. I've had completely enough of associating with my sister yet my family are all telling me about how family is so important and that even if I disagree with her, respect our shared blood.

I'm DONE.

For anyone who is curious, she is 24 and I am 20.",
post,AskReddit,How and what can I do about sibling bullying? ,https://www.reddit.com/r/AskReddit/comments/19jm60/how_and_what_can_i_do_about_sibling_bullying/,2013-03-02 14:30:46 PST,0,"Be 19. Total Beta. Brother(s) been bullying me for years. Feels bad man. 
[Here's](http://www.ncbi.nlm.nih.gov/pubmed/22909908) [some] (http://www.ncbi.nlm.nih.gov/pubmed/21121475) [literature](http://www.ncbi.nlm.nih.gov/pubmed/19069564) [on the subject.](http://www.ncbi.nlm.nih.gov/pubmed/20132419)",
post,aww,Classic case of big sibling bullying,https://www.reddit.com/r/aww/comments/zoxw1/classic_case_of_big_sibling_bullying/,2012-09-10 21:11:56 PDT,3,,http://gifs.gifbin.com/112009/1257765644_monkeys.gif
post,circlebroke,"Older sibling-on-younger sibling bullying gets to the front page of /r/funny. People defend it because apparently, ""that's how older brothers are supposed to act.""",https://www.reddit.com/r/circlebroke/comments/z5m4v/older_siblingonyounger_sibling_bullying_gets_to/,2012-08-31 14:16:52 PDT,3,"http://www.reddit.com/r/funny/comments/z52zw/my_little_brothers_teacher_was_a_little_concerned/

Look at the second picture. The kid was 10 years old when this happened (the OP mentioned this in one of his comments) and OP was in his late teens/early 20's. Acting like that to someone who's almost a decade younger than them is unacceptable, no matter what the circumstances are.

I don't want the ""Lazy Submission"" demerit, so I'm going to point out a few comments.

&gt; Science_the_mouse 1368 points 3 hours ago (1788|420)


&gt;on the one hand it's hilarious...on the other.. well... your brother wishes he didn't have an older brother.
&gt;&gt; i_am_andy 595 points 2 hours ago (998|409)

&gt;&gt;This is the ultimate sign that you have done well as an older brother.

And now here's an ""as a ____ , I support this and am a representative of everyone that's a ____""

&gt; Veo_s 9 points 2 hours ago (25|15)

&gt; As a youngest brother, I would like to defend the OP's actions.

Oh, and here's the inevitable ""OMG Y IS THAT KID USING FACEBOOK HE'S SO YOUNG"" bullshit.

&gt; sp104 1067 points 3 hours ago (1301|257)

&gt; Why does he have a facebook? He looks eight or nine.

And [here's the jerk that resulted.](http://www.reddit.com/r/funny/comments/z52zw/my_little_brothers_teacher_was_a_little_concerned/c61juqs)

Luckily, there are a few voices of reason near the top.

&gt; dannymca 573 points 2 hours ago (665|95)

&gt;Wow, if your little brother could change any single thing in his life, it would be kicking you out of it. Not a million bucks, not a super model girlfriend...just get my shitty older brother out of my life.

&gt;&gt; i_memine [+1] 262 points 2 hours ago (337|76)

&gt;&gt;Yeah, there seems to be a lot of congratulations for a big brother's job well done here. I don't know why I'm at all surprised, but I think OP is just a giant douche nozzle.

But I saw this a bit late, so they probably weren't there when this link was gaining traction.

Oh, and here's a request for /r/ladyboners pics!

&gt; RoxerSoxer 329 points 3 hours ago (489|157)

&gt; I'm a straight dude but I'll say this since the ladies have obviously not seen this post yet. Get yourself over to r/ladyboners and enjoy the comment drool.

And here's the OP saying how he also put OralGel in his brother's toothpaste.

&gt; HankyPankyMilk [S] 245 points 3 hours ago (419|175)

&gt; I'm surprised he forgot to mention that I put OralGel in his toothpaste, the next morning he went to school with a numb mouth.


So TIL that bullying is wrong unless an older brother does it. Then, it's just harmless fun.",
post,AskReddit,"Not a day goes by where I don't wish I treated my younger brother better as we grew up. Reddit, who else feels this way about a sibling or experienced bullying growing up?",https://www.reddit.com/r/AskReddit/comments/t2wie/not_a_day_goes_by_where_i_dont_wish_i_treated_my/,2012-05-01 23:02:55 PDT,2,"I recently shared some information in an [article](http://www.reddit.com/r/AskReddit/comments/t0ynr/throwaway_time_whats_your_secret_that_could/) about keeping secrets and I let everyone know about how I used to bully my brother and how I felt about it. A lot of people responded and shared similar stories and evidently I wasn't alone. It was very comforting and I feel this needs to reach more people.
Reddit, how do you feel about the way you've been a role model for a younger sibling? Also for those younger siblings, how do you feel towards your older sibling now?

**tl;dr: I feel like a shitty brother, how has sibling bullying affected you?**",
post,AskReddit,How has personal sibling bullying effected you?,https://www.reddit.com/r/AskReddit/comments/kz3u6/how_has_personal_sibling_bullying_effected_you/,2011-10-02 22:57:52 PDT,2,,
