type,subreddit,title,url,datetime_pst,score,body,media_url
post,Suicidalideations,What use is there for me?,https://www.reddit.com/r/Suicidalideations/comments/1kbocwf/what_use_is_there_for_me/,2025-04-30 11:57:03 PDT,1,"I have always been suicidal to some degree for a long time. Several attempts, lists of medications, bouts in the hospital for treatment and of course a therapist. Over a decade later and here I am feeling like that was all for nothing. To give a little backstory I am a full time caregiver of a dying mom and a mom of 1 teenager and a wife with 2 big dogs and 4 cats and a rabbit. I am the mom of 1 to be clear. I am tired like all the time and I think they forget I am a human being. I don't know if that's how it always is with moms but I think we almost forget they are a person you know or at least we don't realize the emotional needs of our parents until it's to late really. I have a sister who the other day tore me down for nearly 2 hours to my mother knowing I was in the house in the room. I am not sure but I am almost positive that me hearing was the intention for my passive aggressive sister. She is not a mom and she has a life that isn't being a caregiver full time and sometimes I am envious of her freedom but we can't all have that luxury. I can't say that me and my sister have had a bad relationship as far as I knew until the other day. I thought my sister was amazing till the other day. I was so proud of her accomplishments and I would talk about her a lot. I loved that one of us didn't need to take care of everyone and got out you know. I didn't get that chance I took care of my nana till she passed and now our mom. I love that she is doing something for her. But she said I wasn't doing enough and I don't know how to handle this. I wanted to die and still kinda do. I do t have a plan but I am certainly is the thinking of ways stage. But I don't do it in concern that nobody would be around to take on all my responsibilities. What does this mean if I want to die but can't because everyone would be up craps creek if I did?",
post,passiveaggressive,Passive aggressive sister,https://www.reddit.com/r/passiveaggressive/comments/1k8zzby/passive_aggressive_sister/,2025-04-27 02:25:40 PDT,1,"I have a sister who I hate the most in this world. She is the most passive aggressive creature I have ever seen. Lets call her KJ. I am at my wit's end. She has been doing this for last 8 years. At first when we had complains or problems it took an hour long arguement, a calm try from us to solve the matter. But it seems that she just wants to fight. One day she picked an arguement with my sibling and when she just said sorry, KJ was appaulled. She was like fight with me why are you apologising I want more arguement more blame game for an hour. 
So this happened with every other person in the family. She fought, cut ties, stopped speaking to everyone and started her petty passive aggressive games.
 I really want to confrony her but this confrontation always ruins the atmosphare at home, my piece of mind, my focus on work, and she begins her spree of petty revenges. She has absolutely no respect for anyone. My mother or anyone. I mean if you does not like anything just say it why do ypu have to stoop low below the level of humanity. Andit takes seconds for her to plan an extremely, below humanity level, petty revenge. 
And she can go to any low to just take a revenge. For example she wash her hands with soap on dishes that are in sink, put water in my mothers' shoe to make it wet, threw plates with food and salad in the sink just to take a revenge from us. Has snatched a living room all for herself and no one can sit or enter that room. No guests are allowed and she does not meet or greet any guest or friend at our home. Have stolen money from my mother's bag. Makes noise to disturb others in sleep by pretending she is searching something in the closet. Never let anyone enter or even turn the light off or on in her room to anyone or it is a never-ending struggle of turning light on or off till doomsday. She even once turned the light off when I was having dinner in the room. My bad is that I have to share it with her. She checks our belongings when we are not around, while keeps even her snavks locked in the closet. 
Confronting her means that it will be an hour long lecture about how everyone is evil, cruel and bad except her. And how on that time, of that date, of that month, of that year one of us had said or done something  an hour long session of insults, blaming, heart-wrenching remarks. We all have stopped talking to her for our own peace of mind. But this is it for me. I am frustrated I am done with it. I want her to have a taste of her own medicine. I wish someone coulf show her her place. 
When people say talk it out, be patient, therapies. It does not work in all cases. And she is not even a teenager she is 33 year old. 
",
post,visualnovels,Non-toxic sisters,https://www.reddit.com/r/visualnovels/comments/1k401cz/nontoxic_sisters/,2025-04-20 16:56:38 PDT,4,"Hello everyone, hoping you are all well. First of all, thank you for the suggestions you shared with me in the last post. I appreciate your knowledge. And now I'm going to talk a little about this genre since it seems to be non-existent. Both Konami from Saku Saku Love Blooms and Amane from Chronoclock are the only non-toxic sisters who seriously love their brother without fighting. Apparently, it is very normalized to put violent sisters who only humiliate the protagonist in visual novels. Konami and Amane are the only ones I've seen that are not like that, so I was hoping for more opinions, at least if it's not possible through visual novels, at least in manga. Honestly, it's a shame. I like this genre, but without violent sisters. I don't know what you think but I certainly don't like those types of sisters who only dedicate themselves to being violent and want to justify their actions on the one hand kakenuke seishun sparking although the protagonist and ritsu are not blood brothers it has been a breath of fresh air at least ritsu I have felt in what I have read that she is not the typical toxic and aggressive sister she truly loves her brother and does not mistreat him but rather respects him a lot. hoping to find more stories like this even if they are not blood brothers at least they respect each other and love each other without fighting and none of that.",
post,RATS,Aggressive sister towards sister,https://www.reddit.com/r/RATS/comments/1jjwf2q/aggressive_sister_towards_sister/,2025-03-25 15:31:52 PDT,1,"Hi everyone, me and my partner can't really help with what has been going on with our two rats recently. 

They were together since beginning, for the first few weeks they were not aggressive towards another, but it has changed after time. At the beginning we thought it is a fight for dominance, but it still continued more or less depending on the day. 

Lately one of our rats started to be aggressive (?) towards another... to the point where loud squeaks, from victim, do not help - and yes those fighter can get nasty (no blood drawn). 
We know that attacked rat can be a drama queen, but those attacks can be constant. 

Attack - loud noise to separate them - no later than 2 min, another attack 

Clearly, victim doesn't like it (she is more lonely wolf type of rat), loud squeaks, running away, kicking, sometimes fighting back. 

We have no idea what to do, and we really don't want to be passive about it, please help we don't know from where to start...

PFA ",https://i.redd.it/fgw7brn5xwqe1.jpeg
post,LoveIsBlindNetflix,The fam jam,https://www.reddit.com/r/LoveIsBlindNetflix/comments/1ivs3fc/the_fam_jam/,2025-02-22 12:22:28 PST,1,"I died laughing. This is a ghost posting. 

What a funny family Monica has (outside the weirdly aggressive sister). I really hope Joey is as good a guy as he seems to be thus far but I still have Trevor PTSD.
",
post,inlaws,boyfriends aggressive sister won’t leave our house ,https://www.reddit.com/r/inlaws/comments/1hxh2ht/boyfriends_aggressive_sister_wont_leave_our_house/,2025-01-09 08:45:27 PST,66,"My boyfriend 20, (i’ll call him J) has a sister 31 (i’ll call her P) She’s just come over for christmas to spend time with us and other family members, every morning since she’s been here she has been talking about me to my boyfriend behind my back in the morning while i was still asleep and J never wanted to tell me because it will cause tension and create problems but one morning she wouldn’t stop yapping on about me, she thinks i’m lazy because i accidentally left bread crumbs on the kitchen counter, bear in mind she’s a guest in our house. 

(backstory)
Every night since she’s been here, i’ve been cooking her dinner and doing her laundry and she does the dishes.  

One morning she wouldn’t stop going on and on about how i’m lazy and my boyfriend had finally had enough of her slating me and told her to get out of our house and she became quiet and didn’t say anything and me and J just kept to ourselves after he told me what’s been happening. Later that night we came downstairs to cook and P came into the kitchen and i looked at her and she called me a lazy b!tch and J started an argument with her saying not to speak to me like that, she then started threatening to smash my head in and i just went upstairs in disbelief that she would say that to me even though i haven’t said anything to her that would make her behave this way. 

Yesterday i went to my parents for a night and left J and P together, they won’t talk to each other but tonight im going back home and she’s still there. J went out and she shouted at him saying you better not bring that b!tch back here, even though it’s my house. My boyfriend won’t let me call the police on her and have her removed and she won’t leave herself, i have no idea on what to do, it feels like im always walking on eggshells and i don’t want to leave my bedroom. 
What should i do?

Update:
I’ve gone back to my parents for the month, SIL is leaving in february and my boyfriend is going to turn off the water when he goes to work so she can’t shower or anything, unfortunately we can’t turn the electricity off as we have a fish tank, he’s going to keep all the food in a separate fridge she can’t access so she’ll either go hungry or she’ll have to go out and buy her own food as we were buying it for her before, other family members are trying to talk some sense into her and make her move out and go to her dads but she just says she doesn’t want to. Thankfully family members that are involved aren’t happy with her whatsoever karma will come bite her back in the face. It’s the least stressful situation we can think of without having the police involved, after she’s gone we’re never letting her back into our lives. ",
post,AmItheAsshole,AITA for telling my sisters I wouldn't go on a trip with them again?,https://www.reddit.com/r/AmItheAsshole/comments/1hw4oms/aita_for_telling_my_sisters_i_wouldnt_go_on_a/,2025-01-07 14:58:48 PST,1,"I (32F) and my two sisters (29F and 27F) just came back from a 2 week trip! Everything went well for most of the trip, but ultimately I told them I wouldn't do this with them again:

One of them has absolutely no agency. She didn't want to plan anything or put her foot down, she was fine being led around and leaving everything up to us. It ended up frustrating me because she would get upset when places we went to didn't meet her expectations. I think she wanted to ""experience"" more and sightsee less, but as she literally didn't help plan anything or vote for anything it was very hard for me to sympathize.

My other sister is extremely aggressive, and doesn't handle unexpected obstacles well. Anytime we missed a train, waited in line, didn't know exactly where we were going, she would flip out. She's also manic, and after 20K steps a day would be upset with us if we wanted to stay at the hotel after 10PM. Then in the morning she would be extremely cranky and short.

We were in a foreign country so not all of my picks for restaurants/ hotels were ""top tier"". Most of the trip I was leading us around using Google maps/ and suggesting food places that I had seen online. Sometimes I didn't read reviews carefully enough or read instructions online. What bothers me is: one of my sisters didn't help plan at all and the other one agreed to everything on the itinerary, yet they both got mad at ME when things weren't amazing.

(For example, we all agreed on the hotels but for one hotel when we arrived it was much dirtier and smellier than it seemed in the pictures/ reviews.)

It might have been my own insecurities, but it felt like they didn't want to do any of the things we agreed to, and the attitudes (especially of my aggressive sister) were starting to effect my own mood.

For the last days of the trip I did my own thing. I told them what I was doing and allowed them to tag along if they were interested, but really we split off to me and them. I was much happier with this, and grateful for the alone time. If that was it I would have moved on and everything would be okay.

The biggest issue was on our way home. Our flight was delayed by a day, and this set my aggressive sister off. I'm normally very calm, but admittedly I played off of her stress during the situation and I became agitated. I didn't want to speak to either of them and during the travel home I was just ruminating on all of the ways they made the trip less enjoyable for me. I travel a lot, and I've traveled with small groups before, but this trip made me realize just how easily my one sister can act up, and also made me realize how easily someone acting up can effect my own mood.

I love my family but I told them that I would need a long time before I'm willing to do a trip with them again. I feel bad, but it felt like anytime we weren't having fun it was my responsibility and made them think less of me. I also didn't like how my sister's energy affected me, if that makes sense.",
post,Limitlessrp,(M4ForFB) horny and aggressive sister tricks brother,https://www.reddit.com/r/Limitlessrp/comments/1hjr2vj/m4forfb_horny_and_aggressive_sister_tricks_brother/,2024-12-21 20:22:01 PST,1,Ever since you secretly seen me having sex with my girlfriend you have had a hunger for me. Many kinks and very open-minded to kinks you may want to explore. ,
post,raisedbynarcissists,SIL passive aggressive comments,https://www.reddit.com/r/raisedbynarcissists/comments/1hcrrap/sil_passive_aggressive_comments/,2024-12-12 10:30:33 PST,1,"Dealing with a passive aggressive sister in-law is a lot. When you add in a toxic narcissistic family it makes it so much worse. My brother finally got his first girlfriend at about age 40 and married her shortly after. His wife is “sweet” and everyone in my family loves her but something about her just rubs me the wrong way. She started calling my parents mom and dad right away which was weird bc it feels like she just met them. Maybe it’s a cultural thing but it’s weird how she’ll say “yeah mom did this today or dad did that yesterday” to me it’s just weird. They’ve been my parents my whole life and someone who just met them starts talking about them as “mom and dad” to my face. 

For context: my brother goes back and forth between GC and SG, I always am a SG in some form, when my brother isn’t doing well he becomes more of the SG and me less. My sister is always the GC no matter what. My brother couldn’t ever hold down a job, basically lived off of my parents. He finally gets a girlfriend for the first time, gets married and starts a business and now he’s full blown into GC status, with his wife as the ultimate GC of course. I am happy for my brother and glad he’s doing well but sometimes deep down I roll my eyes at all the gloating my parents do towards him and his wife. 

If I’m coming in town to visit my parents or see her while I’m there, shell say “thanks so much for visiting dad, it made him so happy.” Or she’ll thank me for sending a picture to my dad of my kids. I never sent them to her and it wasn’t a group chat with her in it. It just feels really weird and that there’s some underlying manipulation or her trying to assert some kind of dominance or something. I don’t know but I just have a bad feeling about her and everyone adores her. I sense a condescending tone towards her, she even does this with my sister too. I feel like she’s trying to be the #1 favorite daughter and my parents just eat it right up. 

It’s crazy how when you have those toxic sibling dynamics of GC, SG Narcissistic parents etc, when a sibling marries it’s like their spouse just slips right into the dynamic without missing a beat. 

Am I overthinking this? I feel that her “Thanks for visiting Dad” comments are inappropriate and are passive aggressive. Or am I just salty?",
post,TwoHotTakes,AITA - for not wanted my mum to mention anything about me and my life to my sister. ,https://www.reddit.com/r/TwoHotTakes/comments/1h4wasn/aita_for_not_wanted_my_mum_to_mention_anything/,2024-12-02 06:34:21 PST,1,"Hello everyone this has been weighing on me for a year now. 
So this a story about two sisters that tried to get along…. 
I have an older sister close to age and we have always had a rooky relationship. 
Long story but I try to make it short and I truly need advice. 
Me and my sister is close to age and use to play when growing up and then the arguments started and it is not small argument. I admit that I was the younger aggressive sister and I have been to counseling a lot about my temper and I can truly say that I am so much better. But comes to teenage years and my sister got worse, it was like we switch. 
People viewed us as she was the nice one and I was the chaotic one. But growing up that was all people saw beacuse she never showed her true self. One and of with fighting through the years and grows to beating and trashing my room as teenagers. Talking to friends about it and no one ever believed me beacuse they know my sister and thought she was an angel. She is super nice but to me she is truly mean. Growing up so close age means everything is a competition and she always one but for me I looked up to her and wanted to be like her and do the same things but she saw me as competitive. This is something I never understood because I was never competing with her. 
It is though because it’s been lots of incidents and let’s just talk about the big ones. 
She would trash my room when she got angry and I’m not an angel my self and I provoke her and said lots of mean stuff back. 
We could never go out with friends to bars and clubs because it would always be arguing and one incident was worse then the others and she actually beat me up and push me against the wall and then left and I was left alone crying and people around would be: “should we call the police” but I stumble away crying and I admit very drunk saying: “ no that’s my sister” 

We didn’t talk for months after that. 

We have been one and off in contact and beacuse we are not close and because we live in different cities we don’t see each other that often. 
I have a lifestyle of traveling around and living a few months here and a few months there and doing some odd jobs, she has also done that but thinks I should grow up. 
She lives in a small coty with her husband and have a 1 year kid. 
But I like my life and love exploring culture and languages and making new friends. 
So to the big incident that has come to no contact for over a year and I’m not sure it would ever go back. 

It was Christmas and I just got back to my home country from living 6 months in another country and I when I get back I stay with my mum. 
My sister invited us to stay a couple days at her place for Christmas in a small town around 6 hours from where me and mum was. 
I just got back and was excited to see her and her new baby so I agreed. 
We traveled there and the first days where okay but lots of backhanded compliments from here all the time ( I am used to this from her) but I am now standing up from my self. 
She made me cry everyday and we had arguments a lot and we actually had a deep conversation the day before Christmas (after a fight) she admitted that she didn’t know me and didn’t wanted to know me actually. That statement hurt but I accepted that because we are not close. 

But after Christmas I was as going to another country straight from my sister house to celebrate new years and then to another country for a couple of month I traveled with a big suitcase and was staying on a mattress in her baby’s room. (The baby do not sleep their yet) 
I admit I had my suite case open and all of my clothes were all messy but I was going to leave the next day so I was going to pack. 
I was sitting in the living room and working on my final exams for my studies. (I study distance so I can travel) 
My sisters husband who is super nice and actually stops us (her) for fighting a lot was working and my sister and mum was getting ready to go for a walk and I was gonna stay to finish my essay’s. 
She then asked me when they were ready to leave if I can clean up the room beacuse she was having a hard time getting her baby’s clothes out of the closet because of my suitcase. 
I answered, sure let me just finish this maybe 30 minutes and the. I will shower and then when I got dressed I will clean up. 
She was not pleased with that answer and started to argue with me to do it know. 
And I say I will do it in 45 minutes after this. 
We started arguing more and more and then she ran up stairs and started  to through my clothes atiund and down the stairs. 
She was yelling out of my house. 
And I’m being honest I yelled back a lot of hurt stuff and said give me 10 minutes to pack my stuff. 
She was not happy with that and started to through more of clothes down the stairs and then she tried to grab my computer out of my hands and she got it and was going to smash it to the floor but I quickly got it back and put it away she then pushed me against the closet and my should got hurt and then punched and kick me and then ran out of the room and downstairs saying: “ I’m gonna call the police“ 
I was crying so much and then took my suit case and some of my clothes that was left and packed them and went downstairs to pack the other stuff. 
She was in the kitchen talking to the police. 
Shegave me the phone, here it’s for you. 
The police asked me for my social security numbers. Still crying I answered you don’t need that I am leaving her house and gave the phone back to my Syster. 
She had began to open to front door 
And through my clothes and school books out in the snow. (It was -20 degrees and a lot of snow) 
I dragged my suite case out of here house and was trying to push my stuff in the bag but it didn’t fit. She yelled that I was one her property and I dragged the suite to the curb side. 
I was sitting the in the snow with all my clothes and books all around the snow and crying. 
My mum was with the baby and was trying to calm my syster down. 
After a couple of minutes the police rolled in and I was surrounded by 4 police officers.   
I got scared and started to have a panic attack and two of them went and talked to my sister. 
I was left alone with two of them and their where asking me questions and I couldn’t answer beacuse I was crying but they helped me bring all my clothes and books from the snow and helped me pack my suitecase. 
Then they ask me where do you live: I did not know anybody in this town and they offered to drive me to a hotel. 
The police drove me to the hotel helped me check in and everything. They were really nice and wished me good luck. 
The funny thing is I could have showed them my bruises and I could get my sister in a lot of trouble, but I didn’t. 
I was so sad I could not sleep and I saw that my sister blocked me on everything and my mum did send me money for the hotel bit nothing else. I was alone and scared and lucky I have great friends that I could talk to that have experienced before my sisters and me fighting. 
I went to my trip with a guy I was seeing and he’s friends and I was hurting and I drank to much and was staying in another country with him later. ( he is now my boyfriend)  
I didn’t talk to my mum for over a month because I was so sad. 
Then I called here and said I wanted to know what my sister said when the police took me away and this is the only time I will here about her: my mum told me that my sister called the police beacuse she was scared of me. ( she was the one that hit me) I never did. 
It hurt my heart to think that maybe she got scared that I would do anything to her baby. 
I would never. 
My mum also told me that she said that I was never aloud to see her baby and my mum joked and said when the baby is 18 then you are not in control. 
I have since this never talked or seen my sister and I have told my mum to never mention my name or what I’m doing or where I am to my sister. 
AITA for not wanted my sister to know what I’m doing and could this relationship ever been solved? 
I am hurting deeply and living in an another country with my now boyfriend and the only contact with any family is my mum and my grandma. 
AITA? 

",
post,AskReddit,"How Do I Handle a Controlling, Aggressive Sister Living in My Mom’s House?",https://www.reddit.com/r/AskReddit/comments/1goj66s/how_do_i_handle_a_controlling_aggressive_sister/,2024-11-10 19:46:07 PST,1,[removed],
post,Advice,Aggressive sister with depression ,https://www.reddit.com/r/Advice/comments/1g86tj0/aggressive_sister_with_depression/,2024-10-20 12:27:50 PDT,1,[deleted],
post,AITAH,WIBTA if I blasted my passive aggressive sister and abusive mother for their actions on social media.,https://www.reddit.com/r/AITAH/comments/1fqqxt5/wibta_if_i_blasted_my_passive_aggressive_sister/,2024-09-27 08:50:41 PDT,3,"This is a long post - strap in.

I 31F have an extensive history of abuse. My father was a physically abusive cop who held me at gun point with his service weapon when I was 10 (amongst other things) and my mother’s way of dealing with it was narcissistic and verbal abuse. 

From the time I was 8 onward, my mother repeatedly reminded me that *I* was the cause of my father’s physical abuse - that if I did not exist, *she* would never have been beaten. (We were beaten too.) 

We ran away shortly after my father held his gun to my head at 10, and since then, it’s been nonstop with her. By the time I was 14, she became a co-pastor and remarried to a pastor.

She spent our teen years refusing to buy us clothing or hygiene products. She would get angry if we asked for something as simple as toothpaste. She accused me of being pregnant at 14 when I, dealing with anorexia, missed a period. (I was homeschooled and she didn’t let me have friends or dates.) 

She regularly called me an “evil mean bitch” like my father and my sister a “fat retard” all throughout our childhood. 

She became hyper-religious and attempted to *sell me* as a child bride when I was 17. And when that didn’t pan out, she let a 40-something year old man groom me and ask for nudes - this man was a part of their religious congregation. He was giving them big bucks, so even though I spoke with her about it, she told me to laugh it off as “he was just friendly.”

When I approached her about my college aspirations at 17 - I wanted to go to school for neuroscience, she told me I was “too stupid and immature” for medical school, and even if I ran away, she would not feed me if I was starving.

There’s so much more, but I think you get the picture now. 

My sister and I were close in a trauma bond way. I raised her. From the time I was 3, I was changing her diapers and feeding her because my parents didn’t want to parent. *I* made sure she ate. *I* made sure she was bathed. *I* made sure her homework was complete. ME. I was my sister’s mother. 

But my sister, as traumatized as she was, doesn’t remember much of it. She suffered dissociative fugue. Unfortunately, because of that, my sister doesn’t remember much of how I stood by her and raised her. As she aged, she became the preferred child. To the degree that my late grandmother noticed it and would get into regular fights with my mother about how she neglected to care for me. 

As an adult, my parents have bought her two cars, rented a house for her, paid her bills, bought her groceries, perform regular maintenance on her house, and paid for her entire wedding reception. I have also helped her by taking her in my home rent free so she could focus on her clinicals. 

And now she has taken to side with my narcissistic mother and post passive aggressive BS on social media, about how she is the outcast and her family doesn’t love her and won’t help her, how independent she is, and how she doesn’t know her eldest sibling because I had the *audacity* to move away from an abusive environment and heal. 

My mother has taken to openly demonizing me on social media. Claiming that my departure from Christian beliefs is an attack by Satan on her, that I’m wayward and evil, and that nothing I have openly said about her is true, because I’m an evil pagan trying to attack her faith. And people believe her.

Quite frankly, I’m tired of their shit. I am *fucking tired* of being demonized -literally- for their abuse and immaturity. I am so close to openly blasting them on social media. But WIBTA? 

ETA: my sister also very much demonizes me on social media, as she is a devout Christian and thinks I’m an evil person for leaving Christianity. To the degree that she almost refuses to associate with me because her husband, even more of a holy roller than my parents, think I’m going to possess or curse her or something.",
post,relationships_advice,Is this a normal reaction?,https://www.reddit.com/r/relationships_advice/comments/1fplefn/is_this_a_normal_reaction/,2024-09-25 18:59:11 PDT,1,"The girl I’m dating was hungry this morning I offered her a plate of the food I made the night prior for dinner she declined and said maybe later. Fast forward to this afternoon when she dropped me off from the movies I went directly to the bathroom for some time to have heard a knock on the door it was her she asks why im not answer the phone apparently she called 9 times back to back and left 4 messages as she waiting in the car for a response for abt 10 minutes before knocking. I ask what’s wrong she says she wants the plate of food. I give it to her but then tell her how that response / reaction left me unsettled because it was extreme. She then said she hates when I make her feel “like this” and said it’s weird for me to feel that was an uncalled for and off response. 

Am I the weird one?

Back up information: my estranged aggressive sister was sleeping on the couch and I was trying to get her to understand that the reaction i received was more fit for an emergency not a plate of food. ",
post,BeautyEmpties,Summer 2024 empties before they hit the ♻️ bin,https://www.reddit.com/r/BeautyEmpties/comments/1fi85qi/summer_2024_empties_before_they_hit_the_bin/,2024-09-16 08:54:42 PDT,1,"From top left to bottom right: (edit: whooo

1. TheraBreath Oral Rinse - Dazzling Mint: great stuff, not my favorite flavor but a great brand
2. Saltair Skin Brightening Serum Body Wash - Exotic Pulp: meh, I like the smell a lot but won’t repurchase, not a big fan of this brand, I fell for the TikTok hype
3. Dove Body Wash - Deep Moisture: fine, I purchased because one of my fave perfume influencers, Iklas, said the smell is great but she is in Quebec and I think the formula is different because I didn’t find it to be anything special.
4. Alpen Milk Bath - Coconut: a fine grocery store bubble bath, will likely repurchase out of convenience, gets the job done at around $5 for 34 fl. Oz
5. Method AP Cleaner - Pink Grapefruit: included because it’s a lovely smell, will repurchase 
6. Miss Mouth’s Messy Eater Stain Treater: this was a gift from my passive-aggressive sister in law, she swears by it but I wasn’t blown away
7. Premier Value nail polish remover: nothing works better than the cheap stuff IMO
8. Acure Resurfacing Glycolic &amp; Unicorn Root cleanser sample: I liked it, did a fine job but likely won’t purchase 
9. Advanced Clinicals Micro-Peel Cleanser: glycolic acid is great for underarms as well, this is a good cheapie, would repurchase 
10. Purito Centella Green Level Calming Toner: love this one, very soothing and a bit thick, I’m prone to redness and so will repurchase
11. Hempz Herbal Body Moisturizer - Sweet Pineapple &amp; Honey Melon: great scent, perfect for summer
12. Heimish Hydrogel Eye Patch - Bulgarian Rose Water: works as intended but nothing special
13. Honu Boost B12 Blend - the small dissolving tablets are a pleasant way to take in B vitamins if you need them
14. Dickinson’s Witch Hazel Cleansing Cloths - too rough and harsh for me, won’t repurchase 
15. K Beauty Aloe Vera cleansing cloths - these were the antidote to the Dickinson’s cloths - very soft and soothing
 16. Weleda Skinfood oil-to-milk cleanser: hate the metal package although I appreciate the eye toward sustainability, the tube cracked quickly and the product leaked out, won’t repurchase for this reason
17. Hers Rx skin custom skin cream with Tret: need more, actually works. I am 38 and had a stubborn acne spot that it cleared up as well as resurfacing wrinkles, 9/10 simply because the packaging is annoying
18. Kiehl’s Retinol Micro-Dose Serum: been working through this for years (not used on the same day as the Hers Rx) I never noticed much of a difference using this but Inwas never super consistent with it 
19. Estee Lauder Advanced Night Repair: meh, save your money
20. Pyunkang Kul nutrition cream: nice texture, would repurchase 
21. Benton Guava 70 SkinToner Face Mask Pads: I liked them but accidentally bought the refill and so had to rubber band them shut and couldn’t wait to use them up
22. Boy Smells mini candle - Hinoki Fantôme: it was fine but I have others I like more
23. Mochiglow scented candle - White Rabbit: love the creamy soft smell, already repurchased another! ",https://i.redd.it/vzbrp3o117pd1.jpeg
post,BeautyEmpties,Summer 2024 Empties before the recycling bin,https://www.reddit.com/r/BeautyEmpties/comments/1fi820m/summer_2024_empties_before_the_recycling_bin/,2024-09-16 08:50:31 PDT,1,"From top left to bottom right:

1. TheraBreath Oral Rinse - Dazzling Mint: great stuff, not my favorite flavor but a great brand
2. Saltair Skin Brightening Serum Body Wash - Exotic Pulp: meh, I like the smell a lot but won’t repurchase, not a big fan of this brand, I fell for the TikTok hype
3. Dove Body Wash - Deep Moisture: fine, I purchased because one of my fave perfume influencers, Iklas, said the smell is great but she is in Quebec and I think the formula is different because I didn’t find it to be anything special.
4. Alpen Milk Bath - Coconut: a fine grocery store bubble bath, will likely repurchase out of convenience, gets the job done at around $5 for 34 fl. Oz
5. Method AP Cleaner - Pink Grapefruit: included because it’s a lovely smell, will repurchase 
6. Miss Mouth’s Messy Eater Stain Treater: this was a gift from my passive-aggressive sister in law, she swears by it but I wasn’t blown away
7. Premier Value nail polish remover: nothing works better than the cheap stuff IMO
8. Acure Resurfacing Glycolic &amp; Unicorn Root cleanser sample: I liked it, did a fine job but likely won’t purchase 
9. Advanced Clinicals Micro-Peel Cleanser: glycolic acid is great for underarms as well, this is a good cheapie, would repurchase 
10. Purito Centella Green Level Calming Toner: love this one, very soothing and a bit thick, I’m prone to redness and so will repurchase
11. Hempz Herbal Body Moisturizer - Sweet Pineapple &amp; Honey Melon: great scent, perfect for summer
12. Heimish Hydrogel Eye Patch - Bulgarian Rose Water: works as intended but nothing special
13. Honu Boost B12 Blend - the small dissolving tablets are a pleasant way to take in B vitamins if you need them
14. Dickinson’s Witch Hazel Cleansing Cloths - too rough and harsh for me, won’t repurchase 
15. K Beauty Aloe Vera cleansing cloths - these were the antidote to the Dickinson’s cloths - very soft and soothing
 16. Weleda Skinfood oil-to-milk cleanser: hate the metal package although I appreciate the eye toward sustainability, the tube cracked quickly and the product leaked out, won’t repurchase for this reason
17. Hers Rx skin custom skin cream with Tret: need more, actually works. I am 38 and had a stubborn acne spot that it cleared up as well as resurfacing wrinkles, 9/10 simply because the packaging is annoying
18. Kiehl’s Retinol Micro-Dose Serum: been working through this for years (not used on the same day as the Hers Rx) I never noticed much of a difference using this but Inwas never super consistent with it 
19. Estee Lauder Advanced Night Repair: meh, save your money
20. Pyunkang Kul nutrition cream: nice texture, would repurchase 
21. Benton Guava 70 SkinToner Face Mask Pads: I liked them but accidentally bought the refill and so had to rubber band them shut and couldn’t wait to use them up
22. Boy Smells mini candle - Hinoki Fantôme: it was fine but I have others I like more
23. Mochiglow scented candle - White Rabbit: love the creamy soft smell, already repurchased another! ",
post,offmychest,Need advice - Feeling helpless with my verbally aggressive teen sister. ,https://www.reddit.com/r/offmychest/comments/1fh83nc/need_advice_feeling_helpless_with_my_verbally/,2024-09-15 01:48:15 PDT,1,"**I (22F) am feeling helpless on how to effectively communicate with my verbally aggressive sister (16F).** 

***To give context:***   
We (me, younger brother, youngest sister) just recently migrated from Southeast Asia to Canada to join our mom and stepdad. My sister was only around 11 years old when my mom left to work overseas in order to support us. Our biological father, unknowingly to us children, left us for his work and his new family. He has not financially supported us in over a decade. My mom did not want to pursue him over child support so she just decided to work from being the main caregiver of 6 children, including my younger cousins. 

We lived with our grandparents (mom's parents) our whole lives until just recently. My grandfather is an alcoholic retired policeman. My grandmother is a verbally abusive (maybe undiagnosed mentally ill) money-greedy smoker. We grew up in a household where screaming is the first thing to greet us in the morning or  sleep off to at night. My grandparents' daily routine is to fight with each other-- threats, money issues, prehistoric  problems, etc. 

It was not a very good environment to grow up in, but we had no choice. They grew up in poverty, and us grandchildren, are very privileged enough to have a roof above our head in a pretty good neighborhood. 

***Current issue:***  
My sister tends to blow up from the tiniest of things. For her, being told off/correcting her behavior = you're already angry/ganging up at her. She often gets told off for not helping around the house with chores or just simply cleaning after herself. She then gets verbally aggressive and sometimes have screaming tantrums.   
  
When you tell or ask her something, she doesn't respond the first time, nor the second time--- the third time or nth time you repeat, she'll respond in an annoyed tone. She doesn't acknowledge that she heard or understands, as to why sometimes she's being asked repeatedly, while she's just on her phone.

It isn't that big of a deal the first few times, *teenagers being teenagers going through puberty*, but it happens almost every single time, where the frustration just piles up and you blow up. I think when she gets triggered, I get triggered too, it's like she's pushing all of the buttons for your emotional rage.  

She's taking massive offense when you're just simply trying to correct her, and she gets really mean and defensive, almost taking everything to heart. She is only nice to me when she needs help or something from me.   
  
We tried our best to just not trigger her, just trying to be patient as much as possible and tolerate her mean behaviour. However, trying to talk with her is a only never-ending back and forth-- always ending up in screaming and along the lines of ""*did that hurt your ego, because I was right?*"" from her even though she was in the fault.    
  
*For her, she's always the right one, her feelings must always be valid... but never mine, never my mom's frustrations.* 

I admit, it is sometimes my fault for saying hurtful things, but I too am human, dealing with my own unresolved personal trauma and problems. I try my very best however, to not let it affect others. The frustration in trying to be patient, trying to talk to her calmly, trying to present the situation as neutral as possible... it just piles up and I just go \*boom\* uncontrollably.   
  
Almost as if that is the reaction she wants from you, as if she wants you to blow up to her and for her to use it against you.  
  
Sometimes her words hurts too much, and her respect for me as her older sister and my mom is almost non-existent. She always emphasizes that respect must be earned, and yes I agree with that. She wants to be respected, but she does not respect others herself. I'm not sure if it should work that way. 

She expressed that no one is listening to her side, but she also is the one who just talks and never listens, either to me or my mom's side, as to why we grow frustrated with her actions. When someone is trying to mediate an argument with her, she feels like they're taking sides/ganging up on her. She wants to be understood but never tries to see herself in our mom's position, with the way she talks back, with her mean looks, tone, and behavior. 

My sister also got diagnosed with a physical heart condition just last year. I am not sure if it is her condition that is making her the way that she is or it is just the biproduct of growing up in a very stressful and toxic environment.  I observed that when she was medicated with her first medication, her aggressive behaviour lessened than before but still existed. I am not sure if there is a correlation but her heart medication treats anxiety symptoms as well as high blood pressure.   
  
Our mom is trying her best to understand and accommodate her wants and needs but as I said, she really likes to push all of your buttons. So when my mom gets really frustrated, she gets angry for real. She is scary when she is angry, the typical asian-parent lines, saying that she doesn't care anymore (but knowing her deep down that she worries and cares).   
  
My sister feels like she's the only one getting told off all the time. Mom scolds me and my brother too, but my sister just doesn't see it most of the time. I feel like my sister is lucky, my has mom never physically disciplined her. Me on the other hand, probably received almost all the asian-parent punishment you could think of back then. My mom is also not the typical strict asian parent, she lets you go out as long as you properly inform her of your whereabouts. She also supports us in our hobbies, she tries her best in financially providing our wants. She never miss to provide our needs to the point where I feel like she is selfless. She provided us the things that she was deprived of when she was a child.   
  
I understand that teenagers go through *that* usual phase, as I did. I used to be angry too, but seeing it from my younger sister scared me. She gets really aggressive, screams till her eyes wide almost popping out. 

It also scares me that she's nearing adulthood and the possibility of her current behaviour affecting herself badly in various aspects in the future. I think I notice signs of her being suicidal and possibly self-harm. My fear becoming true, an experience I wished to keep my siblings and cousins away from might be too late now. I am not sure in general but in our country, it is such a taboo to seek mental health services. It is already financially burdening to seek physical health services, what more in seeking help for ""invisible"" sickness.   


**I want to** ***help*** **my sister but I do not know where to start.**  I want to communicate with her properly, resolve our issues, for her to see herself in my position. I want her to be better for her own well-being. I want our family to be better. To stop the generational trauma we all experienced living in that household. 

I've started to look into possible options, her school offers counselling but I am not sure if it could be trust-worthy. I've also looked into family counselling but I am not sure if they would be willing to participate. There's also the cost for those that we could not afford, as us siblings are still currently dependent on our mom. If only I have the financial means to fund for my family's therapy, but I am scared that what if it might be too late by then. ",
post,self,Finally cut off relationship w alcoholic aggressive sister. Does it ever feel better?,https://www.reddit.com/r/self/comments/1e8fw4p/finally_cut_off_relationship_w_alcoholic/,2024-07-20 23:24:09 PDT,1,"I’m mid-40s. Shes in her 50s. She’s been alcoholic abusive towards me for years.

She regularly asks us all for money.
Today I said no.

Got bombarded with vile aggressive messages. Awful. Really bad. The pattern is textbook addict. It’s been like this for 10 years now. 

Not allowed to talk about it. Not allowed to help. Can’t do anything. Relationship is only on her terms. I’ve had enough.

Today I did something I’ve never done.
I replied with a basic goodbye and informed her that we won’t speak again for many years. 

Then blocked her and removed myself for all group family chats.
She’s probably reeling at the other side. 
It’s shit for the rest of the family. But they know the history and understand. 

The gravity of this is that I did it knowing that if something bad happens to her in future now, I won’t be there. I’ll miss it. And I’ve needed to reconcile that in my heart before cutting ties. That’s how bad it is and seriously I’m taking it.

Question - to those who have experienced similar - How do you deal with the frustration and heartache? Does it get better with time?
Do they ever realise what they’ve done to drive you to this level?

",
post,relationships,Help me handle passive aggressive sister in law ,https://www.reddit.com/r/relationships/comments/1dm5r68/help_me_handle_passive_aggressive_sister_in_law/,2024-06-22 14:14:32 PDT,1,[removed],
post,Shunbun,"Red Bliss, the most aggressive sister of Tato 💖",https://www.reddit.com/r/Shunbun/comments/1diss11/red_bliss_the_most_aggressive_sister_of_tato/,2024-06-18 08:00:22 PDT,1,,https://i.redd.it/4qdd3ykahc7d1.png
post,Advice,I need advice on how to handle this situation with an aggressive sister.,https://www.reddit.com/r/Advice/comments/1dhj2wd/i_need_advice_on_how_to_handle_this_situation/,2024-06-16 15:28:12 PDT,1,"
I have a ( I believe) 27 year old sister who’s been doing way too much lately. 
She’s caused havoc around the house for a while now and my parents have no clue on what to do and refuse to discipline her, part of me thinks that they’re scared themselves of her. 
To get to know more about the situation, she’s been having it out for me for almost a year now. 
We use to be close and she would take me out and such.. like we would be super duper close. 
But she’s built such a strong resentment towards me for no reason at all. She claims it’s because I’m lazy and toxic and have no job but I quite literally just mind my own business and keep to myself even when she’s showing her behavior. 
There are so many situations I could share and I’d never stop sharing but to keep things short 
She’s threatened to call authorities on me before because I was reacting to her aggression and continued to call me crazy, she also locked me out of the house and I had to get in through my window, that night I spent the night at a friends house because I seriously was having a panic attack and couldn’t breathe. 
There was also another instance where she tried hitting my puppy with the door on purpose just because she doesn’t like my puppy and doesn’t support my decision in getting one yet everyone else in the house does. 
I’m scared things could escalate. 
She also has a daughter who she tells to not get out of her room until she comes back home 
Her daughter doesn’t want to eat anything out of fear that she could get in trouble from her mom. 
She has such hate in her heart I just don’t know what to do anymore. 
I feel like giving up. 
She works at Disneyland and I wanted to call her Job to report her behavior at home but I doubt they’d do anything. 
I’m tired of hearing from her that I’m useless and lazy. 
I try my best everywhere to find a job… 
I never hear back from anyone and I even go in person handing out my resume ",
post,family,How to deal with my aggressive sister??!,https://www.reddit.com/r/family/comments/1d8a1y4/how_to_deal_with_my_aggressive_sister/,2024-06-04 15:24:34 PDT,1,"The story is simple, my parents divorced and my father's side always had favourites, and that was me. We grew up me and Mt sister living with our mother and we saw our father too. But my mother tried to help my sister to believe that she's not the least favourite. 
Me and her were raised to love each other but whenever we went to visit my father, our grandma would always favour me. I always caused a little trouble to seem less infront of them my sister is more elegant and sweet, and I'm more hard-core and tomboyish. But still my grandma saw me as a princess and my sister was cinderella. 

Now that we're older, 20 and 18, we're fine, my grandma repented and changed a lot but my sister is starting to just change. In middle school she always fought with my mother and always said that I was the favourite so I got to do whatever I wanted (which isn't true, my mother was harsher on me as the first child,normal) so she kind of started to let things slide for my sister. And little by little she started acting bitchy all the time about everything. And if ever I open my mouth to defend myself she would lash out on me. When I would speak to my mother she would say I understand that she hurts you with her words ( or sometimes she throws things around) but she also never got to feel fully loved ( Even though every other family member loved her so much, it was only my grandma with her favouritism). My mother would also say that I should stop treating her as if I'm her mother whenever she does something wrong (I admit in middle school I used to tell her off about things just like I saw my mother do, but that was because if I'm the oldest and in charge I wanted to do like my mother did not out of hate or anything, I truly love my sister. 

Basically whenever something happens like today for example she fought with me in the car while I was driving,  I was calm because my mother told me not to react when she's angry and aggressive,  but incould have hit someone because she was hitting me. When I talked with my mother she said we were both at fault. How?? I just never seem to react the way I should. I tried to fight or scream, didn't work, now I'm calm and that doesn't work either. How do I deal with this??",
post,WeightGainRP,[F4A] fattening your big sister,https://www.reddit.com/r/WeightGainRP/comments/1cpi8lz/f4a_fattening_your_big_sister/,2024-05-11 07:04:42 PDT,1,"Want to roleplay w/o graphic sex? (Besides sneaking into my room and snooping through my clothes to remind yourself what I'm no longer wearing, and semi sexual stuff like that) Want to express the fun of feederism in a purely mischievous way like through pranks, teasing, and gleefully watching someone gain weight reluctantly?

You're my lovable and annoying little brother, 18 years old and I'm you're 21 year old big sister moving back from college during the summer. All our life iv been a stereotypical dommineering big sister who took the TV remote from you and teased you for being younger but this summer something is different. Instead of coming home the preppy, too cool for school, leader type I usually am, well, over the past couple years, because my metabolism fell off a cliff and the college lifestyle is getting to me, Iv gained some serious weight - and it's totally changed our dynamic.

My tiny thin hips are gone replaced with a wide pair of jean busting saddlebags. My flat-toned stomach is gone and instead I have a disproportionately large Jello-like belly that sticks out over my low rise jeans. My once cute and perky boobs have ballooned into wobbly F cups that spill out of tank tops and stretch logos on my shirts until they're unrecognizable. 

 I'm a much more docile, less aggressive sister due to me suddenly going through a weight gain that's left me self-conscious and tumbling down the social ladder. 

This is the perfect opportunity for you to get to wreak havoc all my life and have a little fun payback at my expense. No longer The tall and thin girl who could wear whatever she wants and tease you for being too young to go out while I go out on the town. Now you're young and muscular and popular while I'm sitting at home on Friday night in a big t-shirt eating ice cream out of the carton. 

We're home together for the summer and you can't help but laugh. Every time you see me depressingly look in the mirror and try to adjust my outfit so it doesn't show off the 40 lb that have been added to me you can't help but make a snarky comment and think of how you can trick into eating more against my better judgement. Even though most people generally are being nice to me or at least talking behind my back, you're the one person who I really can't be safe around because, well, you see me all day long and you know who I am and how I grew up. ""Leave some for me. You know there's not an ice cream shortage right?"" You say as you pass by the living room. That burns me alive and all I can say is ""there's more in the fridge."" A lame comeback. 

What will you do? You get such a kick out of seeing my new awkward weight as well as the fact that suddenly I'm battling food, feeling guilty when I stop by Burger King for a big unnecessary feast that I try to hide at the bottom of the trash can. Which of course you call out. I'm starting to get bigger legs and arms then you. In fact, I probably couldn't fit into your clothes anymore or steal from your closet. 

Our family is so proud of you who's going to go to college for an engineering degree on a full ride while I'm languishing as a communications major with no internships. Instead im moping around the house in denial of the serious power transfer going on before us. 

Let's have fun. You can do all of the mischievous things you've ever wanted to related to feederism like put appetite stimulants and weight gain powder in my food, replace clothes in my closet with bigger sizes so I don't realize how big I am, and tweak the scale so it says I'm really lighter than I am. I'll do my best to try to blend in during the summer and act like my new life doesn't bother me but we both know the truth. I'm fat now and you're gonna have the summer of your life! 

PS also down for little sisters!",
post,KikRoleplay,[F4A Playing F] - Lesbian Noncon Ideas,https://www.reddit.com/r/KikRoleplay/comments/1cd9fnk/f4a_playing_f_lesbian_noncon_ideas/,2024-04-25 18:57:29 PDT,1,"I am 18+ and all participants and characters must be 18+.

I'm looking to do a lesbian noncon scene. I'd like it to be fairly rough. An assault on my senses. I'd like there to be some brief setup. I can play dominant or submissive, so please say which side you'll be playing. Here are some ideas:

- Sisters - Many options. The aggressive sister could see the other's bush peeking around her bikini. She could catch her coming out of the shower. She could just be a bully who's going too far.

- Team Captain + New Player - The captain of the local rec soccer league and decides to put the new player through the wringer as initiation.

- Mall Security + Shoplifter - Security catches a shoplifter and decides to punish her instead of calling the cops.

My full kinks are below, but I prefer to play with a full bush, and optionally armpit hair as well if you'd like. If you're not down with this, then we're not a good fit as partners.

I do not enjoy begging or being told what I enjoy. If I tell you (in character) that I don't like something, don't call me a liar. Also, do not try to make me cum. I will be in control of that, and you should only focus on your own character's pleasure. There should not be any romance. I'm only interested in the physical and psychological aspects.

Please be able to write long messages. I can't work with short responses.

Kinks: slapping, choking, hair pulling, name calling, dirty talk, pubic/armpit hair, squirting, both of us being able to cum multiple times in the same scene, humping, incest, noncon, deepthroating toys, anal, queefs, body writing, humiliation, embarrassment, unique positions, orgasm control, being called ""mommy"" or calling someone ""mommy"", big clits

Limits: cheating, impregnation, severe violence (punching, kicking, cutting), toilet play (piss, scat, vomit), gagging, animals, lactation, unrealistically large breasts, gangbangs

My Kik is hrnyRPgirl",
post,DirtyKIKRoleplay,[F4A Playing F] - Lesbian Noncon Ideas,https://www.reddit.com/r/DirtyKIKRoleplay/comments/1cd8ik6/f4a_playing_f_lesbian_noncon_ideas/,2024-04-25 18:13:38 PDT,1,"I am 18+ and all participants and characters must be 18+.

I'm looking to do a lesbian noncon scene. I'd like it to be fairly rough. An assault on my senses. I'd like there to be some brief setup. I can play dominant or submissive, so please say which side you'll be playing. Here are some ideas:

- Sisters - Many options. The aggressive sister could see the other's bush peeking around her bikini. She could catch her coming out of the shower. She could just be a bully who's going too far.

- Team Captain + New Player - The captain of the local rec soccer league and decides to put the new player through the wringer as initiation.

- Mall Security + Shoplifter - Security catches a shoplifter and decides to punish her instead of calling the cops.

My full kinks are below, but I prefer to play with a full bush, and optionally armpit hair as well if you'd like. If you're not down with this, then we're not a good fit as partners.

I do not enjoy begging or being told what I enjoy. If I tell you (in character) that I don't like something, don't call me a liar. Also, do not try to make me cum. I will be in control of that, and you should only focus on your own character's pleasure. There should not be any romance. I'm only interested in the physical and psychological aspects.

Please be able to write long messages. I can't work with short responses.

Kinks: slapping, choking, hair pulling, name calling, dirty talk, pubic/armpit hair, squirting, both of us being able to cum multiple times in the same scene, humping, incest, noncon, deepthroating toys, anal, queefs, body writing, humiliation, embarrassment, unique positions, orgasm control, being called ""mommy"" or calling someone ""mommy"", big clits

Limits: cheating, impregnation, severe violence (punching, kicking, cutting), toilet play (piss, scat, vomit), gagging, animals, lactation, unrealistically large breasts, gangbangs

My Kik is hrnyRPgirl",
post,Advice,Need advice on how to survive through having passive aggressive sister,https://www.reddit.com/r/Advice/comments/1bxbvhs/need_advice_on_how_to_survive_through_having/,2024-04-06 06:42:13 PDT,1,"Hey (m19), I have a sister who’s (24f) and she’s the most bottled up person I’ve ever known. She hates herself quite a lot because of the excess weight she gained, and she assumes I hate her for it because I have been on the opposite end of the spectrum and have had to get help for being underweight.  She gives herself the martyr treatment all the time and does things for others that they didn’t want done, and expects things back constantly and she has been writing things that she resents about each person in our family of 7. When I was 14/15 I was quite mentally ill and she resents me for the things I done during that time, and most of all, she resented me for trying to be a better person afterwards and after I’d apologised many times and it’s been 4 years now and I feel a certain sense of walking on egg shells around her. We have really good days when we get along but there’s mornings like this morning where she goes dead silent on me and changes her tone throughout the day, and it scares me and makes me hate myself. My other older sister (22f) has been at this siblings of her self-hatred too, and she buys her things so that she can extend her list of things she can hold against her. I’m under no illusion that I’m a great person, but I don’t feel that anyone deserves this kind of treatment. It’s even to the point where I’ll stay with my grandma sometimes and the day after I stay, I come back to her being territorial and passive aggressive again, as if she thinks I hate her or the family but in reality she holds so much disdain towards everything around her and that’s something I’ve not wanted to surround myself with. Is there anything I can do to make her be less mean to me or for her not to switch moods so easily with me. Because I think she hates me a lot and it makes living very difficult because she’s basically at the top of the pecking order in terms of power in the house and influence over family decisions, behind my dad. I’m just kind of anxious and it’s eating at me very day.   ",
post,abusiverelationships,My handicapped dad doesn't want my sister to become his guardian but she wants to. It's our only way to protect him from our violent mom. What should I do?,https://www.reddit.com/r/abusiverelationships/comments/1btzwyy/my_handicapped_dad_doesnt_want_my_sister_to/,2024-04-02 07:19:02 PDT,1,"My sister needs my written consent to become his guardian because he's cognitively impaired post-stroke and violent mom pushes him around. But my aggressive sister seems unaware that she violates him occasionally too sometimes by tickling him, touching him after he has asked her to stop to the point he chases and wants to hit her.

Despite my sister saying she'll sign support me becoming his guardian because guardianship is the only way we can protect him, she keeps conflicting with me. He said he wants to live with me (while my mom gets medical treatment but her doctor said she probably won't change) and keeps saying he doesn't want my sister to be his caregiver. I'm willing to let him live with me and/or become his guardian but high conflict mom and sister keep harassing me about trying to take charge of my dad so I don't want that. If dad lived with sister, she'd get a caregiver's salary + place to live while she studies the LSAT + doesn't work (and probably more inheritance) and she wants to handle his estate.

I've wanted to leave this situation for many months but keep staying to protect my dad. Sometimes my sister and mom take good care of him despite her occasional violations of him. She said his protests don't matter because his wishes frequently change (aphasia). Should I sign him over to my sister and leave this situation like advised? My other less-involved sister described it as picking the lesser of two evils and he could live with her some time but she follows violent mom's wishes (unsafe for dad).

If we don't pursue guardianship, he'll probably live with me some time while my mom moves his assets overseas under her cognitively-impaired control and pressures him to live with her or put him in a care home which he also doesn't want.",
post,Advice,My handicapped dad doesn't want my sister to become his guardian but she wants to. It's our only way to protect him from our violent mom. What should I do?,https://www.reddit.com/r/Advice/comments/1btzled/my_handicapped_dad_doesnt_want_my_sister_to/,2024-04-02 07:05:22 PDT,1,"My sister needs my written consent to become his guardian because he's cognitively impaired post-stroke and violent mom pushes him around. But my aggressive sister seems unaware that she violates him occasionally too sometimes by tickling him, touching him after he has asked her to stop to the point he chases and wants to hit her.

Despite my sister saying she'll sign support me becoming his guardian because guardianship is the only way we can protect him, she keeps conflicting with me. He said he wants to live with me (while my mom gets medical treatment but her doctor said she probably won't change) and keeps saying he doesn't want my sister to be his caregiver. I'm willing to let him live with me and/or become his guardian but high conflict mom and sister keep harassing me about trying to take charge of my dad so I don't want that. If dad lived with sister, she'd get a caregiver's salary + place to live while she studies the LSAT + doesn't work and she wants to handle his estate.

I've wanted to leave this situation for many months but keep staying to protect my dad. Sometimes my sister and mom take good care of him despite her occasional violations of him. She said his protests don't matter because his wishes frequently change (aphasia). Should I sign him over to my sister and leave this situation like advised? My other less-involved sister described it as picking the lesser of two evils and he could live with her some time but she follows violent mom's wishes (unsafe for dad).

If we don't pursue guardianship, he'll probably live with me some time while my mom moves his assets overseas under her cognitively-impaired control and pressures him to live with her or put him in a care home which he also doesn't want.",
post,FniaVRChat,Anyone wanna do a fnia family with me. I wanna frenni and bonfie be my moms chiku is my sister who gets along with me fexa is my aggressive sister,https://www.reddit.com/r/FniaVRChat/comments/1br1ftn/anyone_wanna_do_a_fnia_family_with_me_i_wanna/,2024-03-29 15:29:41 PDT,1,"Take a breath and think it over, being on here is a complete waste of time. Only fans models will never fuck you. Don't you want to give yourself a real chance? If you sincerely want to change that loop, you may [sign up here](https://hildaisstrong.github.io/goldentire/dFfteLfKubKFWAZ) to find another that would share the burden with you..          .         .            .    .",
post,DirtyKIKRoleplay,[F4A Playing F/Futa] - Rough Sapphic Sex,https://www.reddit.com/r/DirtyKIKRoleplay/comments/1bmoysy/f4a_playing_ffuta_rough_sapphic_sex/,2024-03-24 09:35:36 PDT,1,"I am 18+ and all participants and characters must be 18+.

I'm looking to do a lesbian noncon scene. I'd like it to be fairly rough. An assault on my senses. I'd like there to be some brief setup. I can play dominant or submissive, so please say which side you'll be playing. Here are some ideas:

- Sisters - Many options. The aggressive sister could see the other's bush peeking around her bikini. She could catch her coming out of the shower. She could just be a bully who's going too far.

- Team Captain + New Player - The captain of the local rec soccer league and decides to put the new player through the wringer as initiation.

- Mall Security + Shoplifter - Security catches a shoplifter and decides to punish her instead of calling the cops.

My full kinks are below, but I prefer to play with a full bush, and optionally armpit hair as well if you'd like. If you're not down with this, then we're not a good fit as partners.

I do not enjoy begging or being told what I enjoy. If I tell you (in character) that I don't like something, don't call me a liar. Also, do not try to make me cum. I will be in control of that, and you should only focus on your own character's pleasure. There should not be any romance. I'm only interested in the physical aspect as well as the psychological awkwardness.

Please be able to write long messages. I can't work with short responses.

Kinks: slapping, choking, hair pulling, name calling, dirty talk, pubic/armpit hair, squirting, both of us being able to cum multiple times in the same scene, humping, incest, noncon, deepthroating, anal, queefs, body writing, humiliation, embarrassment, unique positions, orgasm control

Limits: cheating, impregnation, severe violence (punching, kicking, cutting), toilet play (piss, scat, vomit), gagging, animals, lactation, unrealistically large breasts, gangbangs

My Kik is hrnyRPgirl",
post,KikRoleplay,[F4A Playing F/Futa] - Rough Sapphic Sex,https://www.reddit.com/r/KikRoleplay/comments/1bmoyqh/f4a_playing_ffuta_rough_sapphic_sex/,2024-03-24 09:35:31 PDT,1,"I am 18+ and all participants and characters must be 18+.

I'm looking to do a lesbian noncon scene. I'd like it to be fairly rough. An assault on my senses. I'd like there to be some brief setup. I'd prefer to be submissive but can play dominant, so please say which side you'll be playing. Here are some ideas:

- Sisters - Many options. The aggressive sister could see the other's bush peeking around her bikini. She could catch her coming out of the shower. She could just be a bully who's going too far.

- Team Captain + New Player - The captain of the local rec soccer league and decides to put the new player through the wringer as initiation.

- Mall Security + Shoplifter - Security catches a shoplifter and decides to punish her instead of calling the cops.

My full kinks are below, but I prefer to play with a full bush, and optionally armpit hair as well if you'd like. If you're not down with this, then we're not a good fit as partners.

I do not enjoy begging or being told what I enjoy. If I tell you (in character) that I don't like something, don't call me a liar. Also, do not try to make me cum. I will be in control of that, and you should only focus on your own character's pleasure. There should not be any romance. I'm only interested in the physical aspect as well as the psychological awkwardness.

Please be able to write long messages. I can't work with short responses.

Kinks: slapping, choking, hair pulling, name calling, dirty talk, pubic/armpit hair, squirting, both of us being able to cum multiple times in the same scene, humping, incest, noncon, deepthroating, anal, queefs, body writing, humiliation, embarrassment, unique positions, orgasm control

Limits: cheating, impregnation, severe violence (punching, kicking, cutting), toilet play (piss, scat, vomit), gagging, animals, lactation, unrealistically large breasts/cocks, gangbangs

My Kik is hrnyRPgirl",
post,FniaVRChat,Anyone wanna do a fnia family with me. I wanna frenni and bonfie be my moms chiku is my sister who gets along with me fexa is my aggressive sister ,https://www.reddit.com/r/FniaVRChat/comments/1bm3csj/anyone_wanna_do_a_fnia_family_with_me_i_wanna/,2024-03-23 14:23:20 PDT,1,,
post,KikRoleplay,[F4A Playing F] - Lesbian Noncon Ideas,https://www.reddit.com/r/KikRoleplay/comments/1bddnkp/f4a_playing_f_lesbian_noncon_ideas/,2024-03-12 17:33:20 PDT,1,"I am 18+ and all participants and characters must be 18+.

I'm looking to do a lesbian noncon scene. I'd like it to be fairly rough. An assault on my senses. I'd like there to be some brief setup. I can play dominant or submissive, so please say which side you'll be playing. Here are some ideas:

- Sisters - Many options. The aggressive sister could see the other's bush peeking around her bikini. She could catch her coming out of the shower. She could just be a bully who's going too far.

- Team Captain + New Player - The captain of the local rec soccer league and decides to put the new player through the wringer as initiation.

- Mall Security + Shoplifter - Security catches a shoplifter and decides to punish her instead of calling the cops.

My full kinks are below, but I prefer to play with a full bush, and optionally armpit hair as well if you'd like. If you're not down with this, then we're not a good fit as partners.

I do not enjoy begging or being told what I enjoy. If I tell you (in character) that I don't like something, don't call me a liar. Also, do not try to make me cum. I will be in control of that, and you should only focus on your own character's pleasure. There should not be any romance. I'm only interested in the physical aspect as well as the psychological awkwardness.

Please be able to write long messages. I can't work with short responses.

Kinks: slapping, choking, hair pulling, name calling, dirty talk, pubic/armpit hair, squirting, both of us being able to cum multiple times in the same scene, humping, incest, noncon, deepthroating, anal, queefs, body writing, humiliation, embarrassment, unique positions, orgasm control

Limits: cheating, impregnation, severe violence (punching, kicking, cutting), toilet play (piss, scat, vomit), gagging, animals, lactation, unrealistically large breasts, gangbangs

My Kik is hrnyRPgirl",
post,DirtyKIKRoleplay,[F4A Playing F] - Lesbian Noncon Ideas,https://www.reddit.com/r/DirtyKIKRoleplay/comments/1bddnen/f4a_playing_f_lesbian_noncon_ideas/,2024-03-12 17:33:07 PDT,1,"I am 18+ and all participants and characters must be 18+.

I'm looking to do a lesbian noncon scene. I'd like it to be fairly rough. An assault on my senses. I'd like there to be some brief setup. I can play dominant or submissive, so please say which side you'll be playing. Here are some ideas:

- Sisters - Many options. The aggressive sister could see the other's bush peeking around her bikini. She could catch her coming out of the shower. She could just be a bully who's going too far.

- Team Captain + New Player - The captain of the local rec soccer league and decides to put the new player through the wringer as initiation.

- Mall Security + Shoplifter - Security catches a shoplifter and decides to punish her instead of calling the cops.

My full kinks are below, but I prefer to play with a full bush, and optionally armpit hair as well if you'd like. If you're not down with this, then we're not a good fit as partners.

I do not enjoy begging or being told what I enjoy. If I tell you (in character) that I don't like something, don't call me a liar. Also, do not try to make me cum. I will be in control of that, and you should only focus on your own character's pleasure. There should not be any romance. I'm only interested in the physical aspect as well as the psychological awkwardness.

Please be able to write long messages. I can't work with short responses.

Kinks: slapping, choking, hair pulling, name calling, dirty talk, pubic/armpit hair, squirting, both of us being able to cum multiple times in the same scene, humping, incest, noncon, deepthroating, anal, queefs, body writing, humiliation, embarrassment, unique positions, orgasm control

Limits: cheating, impregnation, severe violence (punching, kicking, cutting), toilet play (piss, scat, vomit), gagging, animals, lactation, unrealistically large breasts, gangbangs

My Kik is hrnyRPgirl",
post,KikRoleplay,[F4A Playing F] - Hairy Lesbian Noncon,https://www.reddit.com/r/KikRoleplay/comments/1bd4epb/f4a_playing_f_hairy_lesbian_noncon/,2024-03-12 11:22:09 PDT,1,"I am 18+ and all participants and characters must be 18+.

I'm looking to do a lesbian noncon scene. I'd like it to be fairly rough. An assault on my senses. I'd like there to be some brief setup. I can play dominant or submissive, so please say which side you'll be playing. Here are some ideas:

- Sisters - Many options. The aggressive sister could see the other's bush peeking around her bikini. She could catch her coming out of the shower. She could just be a bully who's going too far.

- Team Captain + New Player - The captain of the local rec soccer league and decides to put the new player through the wringer as initiation.

- Mall Security + Shoplifter - Security catches a shoplifter and decides to punish her instead of calling the cops.

My full kinks are below, but I prefer to play with a full bush, and optionally armpit hair as well if you'd like. If you're not down with this, then we're not a good fit as partners.

I do not enjoy begging or being told what I enjoy. If I tell you (in character) that I don't like something, don't call me a liar. Also, do not try to make me cum. I will be in control of that, and you should only focus on your own character's pleasure. There should not be any romance. I'm only interested in the physical aspect as well as the psychological awkwardness.

Please be able to write long messages. I can't work with short responses.

Kinks: slapping, choking, hair pulling, name calling, dirty talk, pubic/armpit hair, squirting, both of us being able to cum multiple times in the same scene, humping, incest, noncon, deepthroating, anal, queefs, body writing, humiliation, embarrassment, unique positions, orgasm control

Limits: cheating, impregnation, severe violence (punching, kicking, cutting), toilet play (piss, scat, vomit), gagging, animals, lactation, unrealistically large breasts, gangbangs

My Kik is hrnyRPgirl",
post,DirtyKIKRoleplay,[F4A Playing F] - Hairy Lesbian Noncon,https://www.reddit.com/r/DirtyKIKRoleplay/comments/1bd4eh5/f4a_playing_f_hairy_lesbian_noncon/,2024-03-12 11:21:54 PDT,1,"I am 18+ and all participants and characters must be 18+.

I'm looking to do a lesbian noncon scene. I'd like it to be fairly rough. An assault on my senses. I'd like there to be some brief setup. I can play dominant or submissive, so please say which side you'll be playing. Here are some ideas:

- Sisters - Many options. The aggressive sister could see the other's bush peeking around her bikini. She could catch her coming out of the shower. She could just be a bully who's going too far.

- Team Captain + New Player - The captain of the local rec soccer league and decides to put the new player through the wringer as initiation.

- Mall Security + Shoplifter - Security catches a shoplifter and decides to punish her instead of calling the cops.

My full kinks are below, but I prefer to play with a full bush, and optionally armpit hair as well if you'd like. If you're not down with this, then we're not a good fit as partners.

I do not enjoy begging or being told what I enjoy. If I tell you (in character) that I don't like something, don't call me a liar. Also, do not try to make me cum. I will be in control of that, and you should only focus on your own character's pleasure. There should not be any romance. I'm only interested in the physical aspect as well as the psychological awkwardness.

Please be able to write long messages. I can't work with short responses.

Kinks: slapping, choking, hair pulling, name calling, dirty talk, pubic/armpit hair, squirting, both of us being able to cum multiple times in the same scene, humping, incest, noncon, deepthroating, anal, queefs, body writing, humiliation, embarrassment, unique positions, orgasm control

Limits: cheating, impregnation, severe violence (punching, kicking, cutting), toilet play (piss, scat, vomit), gagging, animals, lactation, unrealistically large breasts, gangbangs

My Kik is hrnyRPgirl",
post,Advice,Dealing with passive aggressive sister ,https://www.reddit.com/r/Advice/comments/1bd48q6/dealing_with_passive_aggressive_sister/,2024-03-12 11:15:36 PDT,1,[deleted],
post,whatsthatbook,"Sisters who are constantly fighting, then murder!",https://www.reddit.com/r/whatsthatbook/comments/1awy8z9/sisters_who_are_constantly_fighting_then_murder/,2024-02-21 21:12:01 PST,1,"So I read this book a very very long time ago and I cannot for the life of me figure out what it was. Here is the general premise: 

It’s around halloween, I’m pretty sure its about these two sisters and they CANNOT get along. I vividly remember a scene where they are carving pumpkins and the narrator (and more aggressive sister) squeezes a knife and it cuts her. Then later they have a big halloween party and the one sister gets stabbed by someone in a gorilla costume, the same one the other sister was wearing. But it wasn’t her. BIG TWIST it was this guy, I don’t remember his relevance.

If you could help me in any way I would really appreciate it!! 🫶🏼",
post,RATS,Female rat aggression,https://www.reddit.com/r/RATS/comments/1ahjpg2/female_rat_aggression/,2024-02-02 17:06:14 PST,1,"I have 4 rats, all of them turn 1 years old may-april. My two first girls comes from a bad breeder that fed them with tweezers and didn't socialize them at all, they are my first rats and I feel like I have taken water over my head with them, my rats are 2 pairs of biological sisters from different breeders. Not long ago one of my first rat that has bitten me severaly before started to bite on my youngest rat. I seperated them so bio sisters are with each other to make sure no one is alone. I have had them for over 6 months and there is little to none progress on my aggressive rat, I have spent hours doing research on how to help her become more social and less scared, she runs away anytime I get close and when I clean the cage or pet one of the other rats, she comes flying after my hand to bite me. I have never in my life felt so lost on what to do with an pet, nothing works and it always comes back to the only solution being behavioral euthanization. She has been aggressive pretty much since day one, I got her at 10 weeks, her sister doesn't bite hard and is a real foodie, she thinks everything is food and will taste you, but she stops if I just move my finger, I am making progress with her but with her aggressive sister, I feel lost... At this point I just need help on what choice to do :/",
post,Advice,My sister is literally becoming a low life,https://www.reddit.com/r/Advice/comments/1aeeneu/my_sister_is_literally_becoming_a_low_life/,2024-01-29 19:25:11 PST,1,"so my (f21) sister (f19/20) has always been the more aggressive sister like when she was younger  she would get in fights at school and steal things from stores. But she was still fairly good at home helping with chores and such. as she’s gotten older it’s gotten worse. in recent years , she now vapes, she smokes weed, She drives high, she used to drink heavily, She still hasn’t gotten her GED and She has no job other than being a DoorDash driver. It’s like she has no common sense. She’ll go to sketchy parts of town to buy weed or hook up with guys and she doesn’t even see the problem with that for her safety. My mom has kicked her out two times before but after a few months she’ll come back because I don’t want her on the streets or  at some guys house. 

Today she had her self, and her car searched by cops because her car smells like weed. If she didn’t clean her car out yesterday she could possibly be in jail. My mom told her that she can no longer drive with weed in her car and she just laughs it off. I then stepped in but she just yells I’m not her mother.  my mom can’t be too stern with her or else she’ll go to some guys house to live . Her car is in her name and we can’t take her phone as we rather her have it for safety. how do you punish someone like this or what are you supposed to do so she doesn’t end up a low life??? She won’t go to therapy either or respond to more gentle approaches. 

She has honestly put me and my mom through hell with all the other things she done that would make this post a book long. My older sister has even disowned her for 2 years now bc of this behavior. I’ve done bad things too (smoke, vape, skip school) but never to the extent she does it. I’m at least careful to make sure I’m safe. My mom has even had to call the police MULTIPLE times bc she wouldn’t answer her phone and her location was off (she would be at her toxic boyfriend house doing good knows what). Idk I just really need any advice or tips me or my mother could do. Thank you!",
post,TikTokCringe,Shreks Aggressive Sister going on a Rampage,https://www.reddit.com/r/TikTokCringe/comments/1ad2egk/shreks_aggressive_sister_going_on_a_rampage/,2024-01-28 05:14:03 PST,1,,https://v.redd.it/lq0g6gxwk6fc1
post,Shrek,Shreks Aggressive Sister going on a Rampage (Rare unseen sighting &amp; footage 2001) ,https://www.reddit.com/r/Shrek/comments/1acrwh1/shreks_aggressive_sister_going_on_a_rampage_rare/,2024-01-27 18:27:28 PST,3,,https://v.redd.it/fi2hi05kd3fc1
post,BugFables,What I hope for in the sequel,https://www.reddit.com/r/BugFables/comments/19fe3xg/what_i_hope_for_in_the_sequel/,2024-01-25 09:04:41 PST,1,"Possible New party members to join:

A female Blue Ant mercenary (A wingless species of wasps)

A pair Leafbug twins, an Archer (female) and a spearman (male)

Zasp and Mothiva, after Mothiva gets an additional serving of humble pie with a side order of Berry Juice.

Possible New antagonists:
Fire Ants wanting to add all of Bugaria into their new empire with Elizant having another more aggressive sister seeking an alternative to the sapling.

Dead Landers start to emerge from hiding to start causing raids led by an intelligent leader (Think Huns/Mongol/Gothic/Barbarian Horde)

Cordyceps infestation which results in a zombie apocalypse scenario.

New locations:

Underwater city ruled by Diving Beetles

Leafbug Village becoming more modernised and adapting a more peaceful coexistence.

A Scavenger tribe that wanders from Kingdom to Kingdom selling goods by salvaging items from battlefields or foraging.",
post,dirtypenpals,[M4f] My sister my teacher,https://www.reddit.com/r/dirtypenpals/comments/19d1zoo/m4f_my_sister_my_teacher/,2024-01-22 10:06:44 PST,2,"Today i have the idea of wanting to play as a virgin. For one reason or another, we can discuss which option appeals to you the most, i havw somehow made it into my 20's and i am clueless, absolutely and completely clueless. I've seen how other guys somehow just click, and somehow know how to talk to girls, be with girls, and i just dont have it. 

So that will bring us to today(in game), my birthday, and my request. Teach me how to get, and keep, a gf. This will likely be a very slow burn story, unless you want to play a very aggressive sister. At first she may just try offering books, videos, maybe have a friend come over and watch my character completely fail at kissing to the point your friend nopes out of the favor you asked for. Then, finally,  she resolves her self to the hands on approach. 

I've done this story a few different times, one of the funnest was actually with a lesbian sister (and her gf) who helped teach him. That one did obviously lead to threesome stuff and may not be for every person. But having a lesbian guide pussy eating was a fun twist.",
post,IncestRPnsfw,"My sister, my teacher (m4f)",https://www.reddit.com/r/IncestRPnsfw/comments/19d1y7x/my_sister_my_teacher_m4f/,2024-01-22 10:05:07 PST,1,"Hello, first post in this group because i just found it, but I've been in dpp for years so i am looking forward to rp'ing here. 

Today i have the idea of wanting to play as a virgin. For one reason or another, we can discuss which option appeals to you the most, i havw somehow made it into my 20's and i am clueless, absolutely and completely clueless. I've seen how other guys somehow just click, and somehow know how to talk to girls, be with girls, and i just dont have it. 

So that will bring us to today(in game), my birthday, and my request. Teach me how to get, and keep, a gf. This will likely be a very slow burn story, unless you want to play a very aggressive sister. At first she may just try offering books, videos, maybe have a friend come over and watch my character completely fail at kissing to the point your friend nopes out of the favor you asked for. Then, finally,  she resolves her self to the hands on approach. 

I've done this story a few different times, one of the funnest was actually with a lesbian sister (and her gf) who helped teach him. That one did obviously lead to threesome stuff and may not be for every person. But having a lesbian guide pussy eating was a fun twist.",
post,fidgettoys,Fidget Toys for Aggressive Sister,https://www.reddit.com/r/fidgettoys/comments/18px3wc/fidget_toys_for_aggressive_sister/,2023-12-24 07:16:20 PST,1,"Hello, I wanted to ask this community for some help. My sister is 14 and is relapsing with her anoxia. She had a big episode when she was 10, but now again. Right now, when she gets mad or when ED (short for Eating disorder) comes she will break a lot of things. Examples being her bed frame. She will also sometimes attack people. I was thinking of maybe trying to find a way to channel the aggression into a fidget toy. Anyone know one that is super hard to break, but also can’t be used effectively as a weapon? (Also yes we are getting her some help and everything so please no comments questioning that process)",
post,AmItheAsshole,AITA for switching rooms in the middle of a vacation with passive aggressive sister?,https://www.reddit.com/r/AmItheAsshole/comments/18j6t0w/aita_for_switching_rooms_in_the_middle_of_a/,2023-12-15 10:31:27 PST,1,"I’m in the middle of a week long vacation with my older step sister and her husband. Idk why I thought it was a good idea at the time but here I am.  Pretty 








Since the moment I met them at the airport they have been bickering between themselves, taking digs and stabs at each other. It’s stressful to be around. The last few days she’s been making passive aggressive/judgemental comments towards me unprovoked. She’s been having issues with her husband lately and is taking it out on me.

I haven’t done anything to justify her treatment towards me. It’s stressing me out and I just want to enjoy my vacation.  I have 5 nights left.

After I called her out on her rude comments towards me last night she basically shut down and ignores me when I ask a question and generally seems to try to avoid me.  It’s tough because we have a small room we’re staying at and things are pretty cramped.

I’ve been thinking of getting my own room on the other side of the island.

WIBTAH if i go ahead and book this room to get away from her and salvage the last leg of this vacay?",
post,relationships,How do I(f28)cope with my bfs(m28) sisters intense politics/personality (f35) this Christmas? (She’s whack),https://www.reddit.com/r/relationships/comments/18iubr3/how_do_if28cope_with_my_bfsm28_sisters_intense/,2023-12-14 23:06:14 PST,1,"TA account because irl on main. We’ve been together for 3 years, and I have only met my bfs sister a handful of times. I had no issue with her at first, but I quickly learned she is VERY argumentative, opinionated, and temperamental. Not in the typical way where she states her views and you can just ignore her. But she baits people for info, invades their personal space, and causes scenes so big that everyone is uncomfortable. I actually share most of her views(on a kinder level), but unless you are on her level she ‘hates you’.

God this is so weird.

I had an issue with her the first time I met her, when she came over to our place and blew up about me using menstrual pads (seen in trash) because they are wasteful to the environment. She told me there was no excuse, that she hated people like me, I was horrible, I was a hypocrite for saying I care about the environment. She never even attempted a ‘hey have you tried a menstrual cup’ just fully launched into tearing me down. Full neck veins bulging while yelling ‘I can’t do this I’m leaving’. We ran into her since and she acted like all was normal. This isn’t like a ‘protective aggressive sister thing’ apparently, she’s like this all the time. 

No. I have no interest in associating with a person who speaks to me or other people this way. It was so inappropriate, embarrassing, and she never apologized. I’ve heard similar stories from other family members, and I have no idea why they tolerate it. 

I don’t really want to see her on Christmas. She doesn’t usually visit, but this year she is. I talked to my bf about it a lot. He insists it ‘might go okay’ and I should hold my head up high and be there, that his sister nearly hates everyone anyways. Bf told me it’s important my work situation doesn’t come up (side business while I finish my degree), because his ex did the same and she told him to dump her for not making 100k a year and having a bachelors degree by 24 *sigh*. I guess that started an entire dinner table fiasco.

I’m nearly positive I will accindentally do something to trigger her. Like eat cheese from a company who she boycotted 6 years ago idk??? I mean I’m a good person but also no one is perfect and I don’t claim to be? All for being educated but not screamed at or humiliated.

Options:

Skip the dinner.

Leave the room any time she enters.

Grey rock her and give the most short answers I can.

Look her dead in the eye, and says ‘interesting, what does your therapist say?’ if she jumps down my throat.

Drink questionable amounts of spiked eggnog and pretend to be incapacitated (joking).

Tldr: bfs sister is visiting for Christmas. She’s lashed out on me before due to her political/moral views. Likely will again. How do I cope this Christmas. Genuinely seeking examples of how to reply.",
post,progressive_islam,Didn't realize Quranism was a hot topic until I posted in a other sub,https://www.reddit.com/r/progressive_islam/comments/18b8vou/didnt_realize_quranism_was_a_hot_topic_until_i/,2023-12-05 02:12:10 PST,1,"Actually a lot of things I didn't realize were such a hot topic until I posted in other groups, even non Muslim groups. People go through post history and see my user flair here or old posts. 

While I always expected disagreements I didn't expect for people to have almost a demonic rage to them and that can't be healthy or natural? 

People (men) learning I'm pro LGBTQ puts this karen-like demonic rage inside them and one guy even physically threatened me (through a keyboard lol) and admitted to being one of the people who harassed our progressive mosque and got it closed. It was the first mosque to fly the rainbow flag during pride month.

Same anger when seeing my post about tattoos.  

Someone in a group saw my Quranist tag and accused me of not knowing what being a muslim is. Then of course the passive aggressive ""sister I advise you to"" comments dogpiled essentially saying rejected Hadiths means rejecting the Quran and Hadiths are equal to the Quran. Sorry if anyone here agrees to that but I don't. 

I'll admit this community has sheltered me. I forgot the muslim community isn't always level headed and rational. I would say ""online community"" but one of these people was in my city so I imagine they're walking around in the world like this.",
post,friendship,Being assertive but not aggressive,https://www.reddit.com/r/friendship/comments/17s5yt2/being_assertive_but_not_aggressive/,2023-11-10 07:08:33 PST,1,So I have issues with sticking up for myself. I have an aggressive sister so I always tried to be not aggressive and never stood up for myself. How do you speak up when friends treat you poorly without being aggressive?,
post,depression,I feel nothing but dread.,https://www.reddit.com/r/depression/comments/17e2sif/i_feel_nothing_but_dread/,2023-10-22 13:43:03 PDT,1,"Im sorry, this is going to be long... a quick overview on my childhood, i grew up in a violent home, my parents were very toxic and frequently had physical fights which left me a very nervous child, however i always lived in my own little fairy-tale world, i was never really present, to the great concern of my teachers and parents. When i entered my teens i became very cold, expressing no emotion nor really caring much about the people around me except family and one or two friends ( however my friendships always felt more like obsessions) When i was 18 i suffered a breakdown at school, as i wasn't a very ""expressive"" teenager  this was always very "" out of character"" to everyone, even myself... its like i just snapped, i had been having the usual problems that teenage girls have but nothing extreme so it never made sense what exactly broke me. The thing is... Im 26 now and i never recovered, i still feel a sense of dread and emptiness all mixed into one, even when im in a good mood its like that emotion is so shallow and buried beneath is still a feeling so unpleasant it makes my heart drop. I had so many plans for myself, i wanted to be a detective, i wanted to travel the world but from that day on i just gave up, i left school, got a job as a waitress and have remained there since, not even attempting to step up to higher positions. i lost contact with all my friends and didn't go out for almost 5 years except for work or family obligations, i just laid in my bed everyday, taking small comfort in tv shows and books, most of my life has been daydreaming. in the last 4 years my life became even worse, my dad left for another woman and my mum took a lot of her hurt out on me and to make things even worse my extremely aggressive sister had to move back in with my toddler nephew due to losing her house, it was virtually unbearable, I ended up basically raising a child that wasn't mine as she worked full time, i felt so resentful that i had lost my entire early 20's to being a ""mother"" to my nephew who was very badly behaved no matter what i tried. around a year and a half ago i began forcing myself to socialise and actually made great friends, i now have a great social life, my mum AND sister moved out, leaving me and my other sister the house, everything in my life is peaceful... and yet, none of it matters to me, i still feel empty and completely alone even with a much changed life. I'm incapable of forming romantic or sexual feelings for anyone ( this wasn't due to the breakdown, i have always been like this) and so i am still a virgin, which in a overly sexualised society, causes me a lot of stress as i feel like i'm a freak but i cant force myself to feel things i simply don't feel, the thought of physical intimacy makes me feel disgusted. Naturally an inability to feel such emotions causes me to always feel isolated from everyone around me, it's like i cant really feel things for other people, i just attach myself to them in an attempt to feel something nice and they eventually sense this about me a run for the hills. 

my parents always thought i might be on the autistic spectrum but chose not to have me checked out, in fear i would be singled out by schools and peers ( ironically that happened anyway) if you met me you would never expect it, i have learnt to mask my true self over the years so everyone thinks i'm this cheerful creature, although some people seem to be able to see through façade. for a while i thought i might be sociopathic but i AM capable of remorse, if i do something cruel to another person i will feel guilty for it.

i fear one day i will finally give up and kill myself, when i think of my future i feel so distressed, life is so meaningless, i have to live through all this just to watch people around me die until its finally my turn... how pointless. 

i don't even know why i'm writing this, i guess i just need advice... what should i do to fix this? do you think its even fixable? how do i go through life without being able to genuinely bond with anyone? i'm desperate, i need help, i fee like i'm running out of time. ",
post,rant,Passive-aggressive sister.,https://www.reddit.com/r/rant/comments/16tg9lt/passiveaggressive_sister/,2023-09-27 02:50:42 PDT,1,[removed],
post,hamsters,Aggressive hamster?,https://www.reddit.com/r/hamsters/comments/16nntjb/aggressive_hamster/,2023-09-20 08:14:36 PDT,1,it’s been a couple of days since i’ve gotten my hamster and I don’t pick her up yet all i do is put my hand in her cage so she can get used to my scent and all she does is walk up to my and vite my fingers to the point where they start bleeding a bunch and idk what to do. is this a good time to mention i got her from a pet store where she was in a cage with her aggressive sister? She also makes sneezing noises a lot.,
post,HentaiAndRoleplayy,[Femboy4A]Need a violent and aggressive Sister/Mommy/Brother (Read Comment),https://www.reddit.com/r/HentaiAndRoleplayy/comments/16dnsoe/femboy4aneed_a_violent_and_aggressive/,2023-09-08 15:05:58 PDT,1,,https://www.reddit.com/gallery/16dnsoe
post,legaladvice,How Can I Protect Contents of House in Estate From Aggressive Sister?,https://www.reddit.com/r/legaladvice/comments/168zc7i/how_can_i_protect_contents_of_house_in_estate/,2023-09-03 08:06:01 PDT,1,"When my mother died, sister came with her two kids and aggressively sorted, or ransacked all of my mother's things without involving me or having any consideration for anyone else.  My father just died a few days ago and she never helped me with him for the years I was his caregiver.  I'm the trustee of the family trust.  I know that she is planning to do the same very soon to his things and the entire house.  I'm stressed about this happening so soon, I need a lot of time to adjust and go through things that are his but also a lot things here are mine and she's going to be asking me about some things, and just removing other things without consulting me.  She's taken things in the past by sneaking them out of here.  She's out of state, I'm in NY.  She calls me a hoarder and mentally ill, but the place is cluttered and being a full time caregiver for years, yes it is messy but I am working on it at my own pace hours a day.  Is there a way I can keep her out of here for a while legally?",
post,cfs,"Cfs + other things vent post, stress has ruined my family",https://www.reddit.com/r/cfs/comments/165sh5a/cfs_other_things_vent_post_stress_has_ruined_my/,2023-08-30 15:13:36 PDT,1,"Two years ago my father passed away and my already unreasonable and aggressive sister became even more aggressive to my mother and I to the point where I began to feel extremely anxious being at home or even coming back to my house after being out. Her aggression was mostly aimed at my mother, who was 60 years old and developed blood pressure issues because of my father's death and my sister's abuse towards her. After about a year of constant, extreme adrenaline due to this situation, my sister deliberately gave us COVID, and a month after that, I developed chronic fatigue syndrome.

I developed CFS last October. My sister has long since moved out of the house so it has just been my mother and I. My mother, being 60 and with health issues, deals with a lot of stress, mostly financial concerns, and it pains me to not be able to help her. She sometimes takes out her stress on me, as I am also a burden to her mentally in my current state. It pains me to say that I have become aggressive like my sister, as I feel like my mother does not understand me and she thinks there is nothing physically wrong with me. Nasty arguments have been becoming more frequent, and while they are not nearly as common as they were with my sister here, I fear the worst.

I hate that this is what things have come to. I don't want to be the reason that my mother's health finally gives out. I hate that I'm a burden on her, and I hate that she doesn't understand me and that doctors don't take this condition seriously. I have nothing but contempt for my sister for continuously disrespecting my dead father, abusing my mother, and for being the final nail in the coffin that is my health, giving me the hellish illness that is cfs. I hate who I have become, just like my sister in some ways, intensely arguing with my mother with no regard for her age, health issues, her widow status, or all of the other things she has gone through up until now. >! I truly don't know if I will ever recover, It pains me to think that my mother will never see me in good health again, and that this will be what she sees of me when she leaves this world, just a lifeless young man with no future. !< I want nothing else in life anymore, I just want my mother to be happy and to have a peaceful life.

My therapist is a great, respectable, fine man, and having someone to talk to has been nice, but ultimately therapy has not helped me as I am a person whose happiness completely rests on my circumstances and my ability to change them, an ability that cfs has stripped me of. I am sick of endlessly scouring fucking reddit for any morsel of information about this illness that I can find, just to take supplements that don't work, and for doctors to refuse prescribing me helpful drugs because they don't care about cfs. I feel like the only escape is to end my life after my mother leaves this world, but I know I would never go through with that because suicide is horrifying and because I'm scared of what awaits me on the other side.",
post,MortalKombat,About Kitana and Mileena's role in MK1,https://www.reddit.com/r/MortalKombat/comments/163sleu/about_kitana_and_mileenas_role_in_mk1/,2023-08-28 10:40:22 PDT,1,"So it seems General Shao will be replaced by Kitana, and Mileena will stay as the ruler. I think Mileena should've been the general since she is the more violent and aggressive sister while Kitana is the more reasonable, more level headed sister. Don't know how to feel about this choice by NRS but I guess we will see when the game comes out

https://preview.redd.it/8dhg8yn50wkb1.png?width=2048&amp;format=png&amp;auto=webp&amp;s=0d4a67377e22651fbd1dbcbe4ec2c7fcada2efa7",
post,RoleplayHentai,[M4F] Aggressive Sister/Girlfriend wants to fuck regardless of my wants.,https://www.reddit.com/r/RoleplayHentai/comments/14kcaon/m4f_aggressive_sistergirlfriend_wants_to_fuck/,2023-06-27 05:23:25 PDT,2,,https://i.redd.it/r8jxb13yzj8b1.png
post,narcissism,Lets figure out my mother's next move #advice,https://www.reddit.com/r/narcissism/comments/14jwww6/lets_figure_out_my_mothers_next_move_advice/,2023-06-26 16:29:43 PDT,1,"**My business and my career is everything to me**. Let's start there. As a covert and very emotionally weak narcissist it is imperative that I keep a one up on my aggressive mother and aggressive sister who seek to ruffle my feathers and even show up at my jobs. 

The problem isn't that(well not only that). The problem is I am still close to my brother who isn't a threat to me and actually doesn't seem narcissitic. Recently I disclosed a key part about my business to him that my mother and sister might use to build their own wealth by proxy of him because he doesn't see her evil manipulative ways. Cash=powers in a narcissitic world. 

Hopefully I'm not speaking in tounges, but in so many ways, what is your advice for protecting my business since I have disclosed this to someone who will eventually divulge this information to her and she will most likely profit from it monetarily(and undermine my business).

&#x200B;",
post,AmItheAsshole,"AITA for choosing to stop inviting my aggressive sister over, despite my parents encouraging me to keep in touch?",https://www.reddit.com/r/AmItheAsshole/comments/13jz5qf/aita_for_choosing_to_stop_inviting_my_aggressive/,2023-05-17 04:35:11 PDT,601,"My sister is a 25 year old female who has a good job in the tech domain. As a kid she would always get in trouble for rude/offensive behavior that she would say she did not understand was insulting. As an adult she has no friends, is very antisocial, and has a BF who she just bosses about. At work, she follows her boss’ orders and does fine. She says she is not interested in bonding with anyone. She was never diagnosed by a psychologist as she always refused to go there, but my parents are convinced she has high functioning asperger’s or autism.

Her behavior changed ever since she got her BF. She became cold and uninterested, basically “substituting” me with him. I didn’t react well, also because I have a strong opinion against the BF (he is 10 years older than her, got fired 3 times, I think he is pretty manipulative-not my business I know, but yeah). Now, we live 2 hours away and she visits me around once a month as her BF sometimes works close to where I live. The visits go ok though most of the time it is her barging in and ranting about her stuff and blatantly ignoring my own BF.

When we both visit our parents (who live 10 hours away) things always escalate. She completely ignores me. In our last visit she did not even say hello when I arrived. She picks fights on silly things such as me sending family dinner pictures to my BF, which is a “violation of her privacy”. She always argues with my dad while my mom is the most patient but sometimes snaps (recently she complained to my mom about a change in dinner time, considering that our mom has cooked her and her 32 year old BF breakfast, lunch and dinner every single day when they visit-even for two full weeks).

I asked my sister that we should have firm holiday schedules to avoid clashes, but the reply was “I am not changing my schedule in any way just because of you”. I find her impossible to deal with due to the constant fights. She is good at making catty comments which I instinctively react to. In one holiday, I just isolated myself.

My mom comes from a hard family with several siblings so she told me to toughen up. She also uses as an excuse that my sister is jealous of me and has psychological problems (again, never diagnosed, though my sister does say some absurd things sometimes). My mom says that I don’t do much to de-escalate the situation, which is kind of true, but then again I never initiate arguments.

I think my sister is spoiled and just does whatever she wants to. I think she is odd, but she is good at playing the victim card. I’m annoyed that this situation has been going on for every family visit and she does not want to agree to separate family visits (some coincide, like Christmas).

I mentioned all this to my parents (and to her), and I told my parents that I would like to start to slowly step away from her and at least stop her direct visits to me. They were not happy. But I think she is an adult and if she truly has problems then she should just get help.

EDIT: Thank you everyone, this has been an eye-opener for me. I stopped talking to my sister and got my apartment key back. I told her not to visit me anymore. I'm from a very ""help the young family members"" type of culture, so I didn't realise just how much abuse she got away with and how enabling my parents were. I re-arranged my visits to my parents based on 3 weeks later after festivities-that way I am sure she is not there.",
post,relationship_advice,How do I (30F) deal with my passive aggressive sister-in-law (37F)?,https://www.reddit.com/r/relationship_advice/comments/13hwpv9/how_do_i_30f_deal_with_my_passive_aggressive/,2023-05-14 20:49:51 PDT,8,"So my sister in law is constantly making underhanded jabs at me and I’m not sure how to deal with it. 

Her and my brother have been married for about 4 years now and they have a 2.5 year old and another on the way. Before the baby was born, I wasn’t that close to her or my brother. We saw each other on holidays but they favored their other families and I understood that (old family drama and all that). After the baby was born, I made a real effort to be close to my niece. I took over helping watch her a few times a week after my sister in law went to work. My niece really adores me because of all the time we spent together when she was small and I did my best to better my relationship with my brother and sister in law for my niece’s sake. 

However, pretty much anytime I’m around my sister in law, she says something snarky to me or belittles something I say. For example, just today, my niece was pointing at a picture of some donkeys and calling them cows. We all gently corrected her but she was insistent. I jokingly said “alright you’ve convinced me they’re cows” my sister in law quickly went “god you’re a pushover”. Another time she told me I was the type of girl grandmas would love and it wasn’t in a nice context. She is always making this weird jabs at me and I don’t understand why. It’s actually making me feel bad and I always feel uncomfortable after spending time with her. I don’t call her out for my niece’s sake but I’m beginning to think I need to handle it differently. 

Where is this animosity coming from? Why does she treat me like that? I have really tried to be kind to her and I never am rude to her so im truly lost at why she acts this way.",
post,relationship_advice,How to deal with a passive aggressive sister-in-law?,https://www.reddit.com/r/relationship_advice/comments/13hwopi/how_to_deal_with_a_passive_aggressive_sisterinlaw/,2023-05-14 20:48:15 PDT,1,[removed],
post,Dogtraining,Behavior Questions,https://www.reddit.com/r/Dogtraining/comments/120xx82/behavior_questions/,2023-03-24 13:43:03 PDT,1,"I am the proud owner of three GSDs. My initial two had a litter(accidental)of pups and I kept two. Male is now neutered. Their mother passed away a few months ago. Since their mothers passing one of my females has become extremely territorial and attacks her sister targeting her legs. She will trip her or bite at them. Her sister is much smaller and submits most times. Past two times she has not and they have drawn blood on each other. One time the aggressive female got her father to join in on beating up of her sister/ his daughter.
He immediately backed off when commanded but the aggressive sister did not and I had to physically intervene. Aware fully of the danger but I had to do something. I am currently keeping them separated and supervised when they’re together. They have moments of playing and they cuddle but at times something snaps in the aggressor of her sister. Is this something for a trainer or should I seek an animal psychologist/ behavior therapist?I have had them since they took their first breaths and love them each tremendously and rehoming is not an option. I’m scared that this could become fatal.  Any tips or advice is greatly welcomed and appreciated. 

TL;DR

Pair of GSD sisters, one has become territorial and aggressive towards her sister after her mothers death. Should I seek a Trainer or Animal Behaviorists.",
post,tipofmypenis,Video gone?,https://www.reddit.com/r/tipofmypenis/comments/1109yfh/video_gone/,2023-02-11 23:28:03 PST,1,"I found a video once and it was a POV about this girl with black hair and gorgeous green eyes. The video I saw her in was about a guy who was getting ready for his wedding, when his jealous and aggressive sister comes up and rides him. Ends with a cream pie and ""pregnant ending"" where he runs away with her. Content was kinda meh, and acting was bad, but she was really hot so it worked out.",
post,redditserials,[Bob the hobo] A Celestial Wars Spin-Off Part 0784,https://www.reddit.com/r/redditserials/comments/10w0kwi/bob_the_hobo_a_celestial_wars_spinoff_part_0784/,2023-02-07 04:27:29 PST,41,"**PART SEVEN HUNDRED AND EIGHTY-FOUR**

[\[Previous Chapter\]](https://www.reddit.com/r/redditserials/comments/10ub2id/bob_the_hobo_a_celestial_wars_spinoff_part_0783/) [\[Next Chapter\]](https://www.reddit.com/r/redditserials/comments/10xti73/bob_the_hobo_a_celestial_wars_spinoff_part_0785/) [**\[The Beginning\]**](https://www.reddit.com/r/redditserials/comments/fs6i9s/bob_the_hobo_a_celestial_wars_spinoff_part_0001/?utm_source=share&amp;utm_medium=web2x) [\[Patreon+2\]](https://www.patreon.com/Angel466?fan_landing=true)

***Wednesday***

I was in the hallway outside the living apartment a whole twenty minutes after I left. Realm-stepping was still really weird to me, but it definitely made travelling easier, and I couldn’t wait to show Gerry the world, one step at a time.

Instead of going inside, I went next door to Boyd’s apartment. I knocked and let myself in. “Hey, it’s just me,” I called, on the off-chance that he was in one of the other rooms when I couldn’t find him in either his sitting area or his workspace behind it. The last thing I wanted was to catch him by surprise. I walked down the hallway, looking at the wood storeroom (I’m sure it has a fancier name than that, but what did I know about that sort of stuff?) and then over at the finished room (ditto).

I didn’t find Boyd, but the butterfly sign that Lucas spoke of was on display, with the varnish smell still strong. “Wow,” I whispered, fisting my hands at my sides so I wouldn’t mess up the lacquer by touching it. *MasterWorX Studios.* Lucas was right. It was gorgeous. “Kudos, man,” I muttered under my breath, then turned away in search of the big guy.

He wasn’t in his kitchenette or office either. *Dammit.*“Quent, any chance you and I can talk?” I asked the empty air.

The man appeared a few feet away, dressed in jeans and a t-shirt. “How do you do that bit?” I asked, for when he’d appeared in the car yesterday, he’d been covered in clothing-shaped fur.

“It’s a glamor. We can’t create clothing the way demons can, but we can throw up very convincing illusions, so long as no one doubts them. Unfortunately, the second they come into physical contact with someone who doubts, *poof.”* He pressed his fingers and thumb together, then bounced them apart with a classic flexing gesture. “We were shaking hands yesterday, so the War Commander suggested I come in *au-naturel.”* His voice took on a deep French accent that was actually really convincing.

“How many languages do you know?”

“All of them.” He shrugged with a smirk at my stunned look. “I didn’t study them, Sam. Languages come naturally to us. That doesn’t mean we can’t be lied to or messed with. Just that we understand the words everyone is saying to us.”

“Well, that has to be stupid levels of handy.”

“Not really. I can’t speak for the others, but I don’t tend to talk to people much unless they’re other true gryps. It might be different once we start running into other divine, but right now, if I see a divine, especially out on the border, I’m there to make sure their next breath is their last.”

“Did you call Kulon in?”

“The War Commander did.” At that, Quent’s smile faltered. “What were you thinking, Sam? That man was clearly an operative! He’d have shown you no more remorse than I would’ve if you’d have stood in my way!”

“His daughter was taken, and for three years, he had no idea where she was or what the hell she was living through. I thought I’d ask them what they wanted me to do with Alex. I mean, if they were the forgiving kind, they would’ve told me to let him go. That they were happy just to have their daughter back, and the authorities could have him. If they’d told me that, I could’ve made it happen.”

“Instead, you dangled information in front of a dangerous man’s nose about his abused child! Sam, I get that your heart’s in the right place, but sometimes I swear to the Twin Notes, you are the dumbest dumbfuck I’ve ever seen! And I’m stunned you haven’t gotten yourself killed before now!” His voice escalated with every word.

“Wow. Tell me what you really think,” I jeered sourly. I thought I was trying to do something …. I dunno. Decent. But putting myself in their position, I knew I’d want my pound of flesh too if it had been Gerry or, even worse, one of our kids.

*Holy crap!* I could now see why Mom wanted me to have my pill! I could already feel my temper struggling to get free from under it, and I didn’t even have kids to speak of yet!

*Yeah, okay.* Looking at it from this perspective, I could see how stupid it had been to ask the Lancasters what they wanted. I doubt Gandhi would’ve forgiven Alex for that. “Have I endangered us any more than before?”

Quent seemed to calm down. “Things are being monitored, Sam. We’ll know before it happens if they get out of hand, but right now, they are focusing their enquiries elsewhere.”

From that, I gathered either Rubin or Kulon was following Melody’s family.

Before either of us said another word, Quent whirled on his heel with his hands full of very long, very sharp claws. But just as fast as they appeared, the weapons were gone again. I had no idea why he was suddenly at ease, given a complete stranger was standing in the doorway. The black guy, who was average-sized with his hair tied in a messy man-bun, had no business at all being in our space.

“Lar’ee,” Quent’s grin was huge as he crossed the room, grasped the man’s wrist, and the two met in a back-breaking embrace. When they pulled away, they were still holding each other’s shoulders. “I thought you were kicked out of New York.”

“Change of plans,” this Lar’ee person said with a shameless shrug. His smile fell away as he then looked past Quent to me. “What are you two doing in here?”

Quent twisted to turn towards me. “Actually, we hadn’t covered that part yet.”

“I heard. You were too busy ripping the kid a new asshole to bother asking.” He lifted the hand off Quent’s shoulder and cuffed him across the side/back of his head. “Idiot.”

Quent shoved him away without resorting to violence. Adding that to everything else, I assumed the guy was true gryps of some sort.

Lar’ee turned to me. “How are you handing everything, Sam?”

I eyed him warily. “Do I know you?”

Lar’ee screwed up his nose. “Not in so many words. I’ve been assigned to Robbie, and I’m familiar with your household.”

I had to accept that, given he did seem to know about all of us. “Honestly, it’s been a steep learning curve. A really steep one. I was going to talk to Boyd about it since everyone else has their own stuff to deal with…”

“Why Boyd? I’d have thought Robbie would be the more obvious choice.”

“Because Robbie’s like me. We’ve got a foot in both camps, and he’s had a six-month crash course in fitting in with you all that I haven’t had. I guess I was hoping to touch base with a purely human perspective on things.”

“Wouldn’t you be better bouncing it off Gerry or even Lucas then?” Lar’ee asked, proving again that he knew all the players.

I shrugged. “I haven’t told Gerry everything yet. She thinks the Nascerdios are aliens, and I’m kinda going with it until our exams are over this week. Lucas would’ve been a good second choice, but I was hoping to pick Boyd’s military mind before I went to school.”

“Why would his insight be more useful than ours?” Lar’ee asked, folding his arms.

And right then, I realised I’d insulted both of them. I raised my hands and waved them off. “Don’t be like that. My school’s a naval college, and Commander Gable is crawling all over my butt about what’s going on with me. Boyd grew up in that exact environment, so I was hoping he could help me figure out what to say to fob off their concerns without drawing more attention.”

“Sam, you know if things get too drastic and you still don’t want to use the Nascerdios phrase, you can always call in your sister to make them back off.”

I frowned, picturing my more aggressive sister and not seeing the correlation. “Why would Danika be any help in this?”

Quent gave Lar’ee a look that screamed, ‘see what I’ve got to deal with?’, however, Lar'ee was frowning in confusion, and Quent rolled his eyes, taking over the conversation once more. “Not Danika, Sam. Margalit.”

Bringing up Fisk’s twin made even less sense. “Margalit’s an English sailing coach…”

“Who on paper is still a ranking officer in the US Navy. She withdrew from active duty twenty years after she separated Cuschler’s head from his shoulders at Ocracoke Island and found the ensuing peacetime boring. Back then, there was no such thing as retiring from the US Navy, and I’ll bet you her credentials still stand to this day. Either way, I’ll guarantee you she knows how to throw her weight around them if she needs to, even if her uniform is three hundred years out of date.”

I tried to picture my sister in that militant role and failed miserably. Whenever I’d seen her, she’d been more of a daddy’s little girl than a naval officer, not that I was about to say that out loud. Danika, hell yeah. All day long. But not Margalit.

“Try to remember she’s not anyone’s best friend when she’s training the next round of Olympic champions,” Quent smirked as if reading my thoughts.

“Where is Boyd?” I asked Lar’ee since he seemed to be the current font of information.

“Robbie took him to an appointment up town,” he answered. “We just got back. Boyd’ll be home in a little over an hour unless he does some shopping beforehand, but it’ll be too late to spend any quality time talking to you before you have to go.”

I looked at the time, being so focused on the minute hand that I hadn’t paid any attention to the hour. “Shoot, It’s nearly eleven.” I looked up at them, already stepping towards the door. “I’ve gotta go and get Gerry ready.” Because despite my best efforts, it still took my girl an hour before she was happy to walk out the door.

“Later, Lar’ee,” Quent said and vanished.

I thought about realm-stepping next door, but with Mrs Parkes in the house, it would be just my luck to materialise right in front of her. Better to walk in the front door.

As I closed the studio door, I heard Lar’ee huff out a breath and murmur, “Sam’s *Llyr’s* kid?! Why the fuck didn’t anyone tell me that?”

[\[Next Chapter\]](https://www.reddit.com/r/redditserials/comments/10xti73/bob_the_hobo_a_celestial_wars_spinoff_part_0785/)

\* \* \*

((All comments welcome. Good or bad, I'd love to hear your thoughts 🥰🤗))

**I made a family tree/diagram of the Mystallian family that can be found** [here](https://www.reddit.com/r/Angel466/comments/kxqxne/mystallian_family_tree_update/?utm_source=share&amp;utm_medium=web2x&amp;context=3)

***For more of my work including WPs:*** [r/Angel466](https://www.reddit.com/r/Angel466/) or an index of previous WPS [here](https://www.reddit.com/r/Angel466/comments/m4p5f2/wp_index_take_two/).

**FULL INDEX OF BOB THE HOBO TO DATE CAN BE FOUND** [HERE!!](https://www.reddit.com/r/Angel466/comments/m4vlbp/bob_the_hobo_index_take_two/)",
post,relationships,How to deal with passive aggressive sister?,https://www.reddit.com/r/relationships/comments/zseuoz/how_to_deal_with_passive_aggressive_sister/,2022-12-21 22:40:39 PST,1,[removed],
post,relationship_advice,Me (29F) how to deal with passive aggressive sister?,https://www.reddit.com/r/relationship_advice/comments/zseued/me_29f_how_to_deal_with_passive_aggressive_sister/,2022-12-21 22:40:14 PST,1,[removed],
post,passiveaggressive,Passive Aggressive Sister in Law,https://www.reddit.com/r/passiveaggressive/comments/y7ahz9/passive_aggressive_sister_in_law/,2022-10-18 08:41:39 PDT,17,"So my husbands sister has always been very cold towards me. Never responding to my texts, coming to my kids birthday parties for only an hour and not eating anything or making an excuse not to come. When I complain to my husband about her, he says thats just how she is. 

Anytime I'm hanging out with her mom, she will make sure to conveniently injure herself so her moms attention goes back on her. Shes had her husband unfriend me on facebook for whatever reason thinking I won't notice. Whenever I see her, she acts ver fake like theres nothing wrong.

The straw that broke the camels back is last month I threw my daughter a birthday party. I texted her an invite and not only does she completely ignore the invite, she has her mom tell me on the day of that she couldn't make it cus her tooth was hurting and only sent her husband and kids. She could have sent me a text and acknowledging it rather than constantly making me feel like an outsider.

Unfortunately I have to see her on Thanksgiving, how can I be cold towards her? I want her to know I see towards her bullshit when she tries to act fake nice.",
post,JUSTNOFAMILY,"Aggressive sister, think I’m being gaslit - reality check help please?",https://www.reddit.com/r/JUSTNOFAMILY/comments/wokgqm/aggressive_sister_think_im_being_gaslit_reality/,2022-08-14 16:53:30 PDT,111,"TW: bereavement and abuse

Original post re the backstory is [here](https://www.reddit.com/r/JUSTNOFAMILY/comments/w4rq0l/narcissistic_mother_is_gone_and_sister_is_turning/) for reference.

Had to speak with sister today. She wanted to ‘clear the air’ apparently following her very negative reaction to my putting a boundary in place regarding not accepting her behaviour.

She said over and over how she’s the one that was hurt by my telling her she was out of line and to back off. She says she wasn’t aggressive or trying to start a row I assumed her meaning wrong, none of her messages were meant that way and I’m over reacting like I always do and it was me escalating the situation by replying to each accusation by saying it wasn’t true. She kept misquoting me and saying I said things I didn’t (but then didn’t double down when I pointed out that I hadn’t said that). And that I was the one attacking her and our mother. And that her therapist says that due to my history (abuse from narc mother) I will see things as an attack when they aren’t. She does not apologise for anything she’s said.

And that my message that sent her nuclear was ‘lecturing her’ and hurt her because it reminded her of when I wasn’t in contact for years and she didn’t ever know why (unsurprisingly it was because of her behaviour) and that was why she was so angry. Apparently she’s still deeply hurt I was apparently snappy at her at this funeral I was late to and that’s what this is all about still.

She denied having anger towards me due to stuff with our mother but then told me that up until my mothers final days, my mother told everyone that she didn’t have my real phone no, only a secret burner phone or something. So another horrible (and weird) lie. Sister was kind of laughing about it and not really suggesting it was true, but it’s coming back to this theme of how I apparently hurt narc mother by not speaking to her enough. Narc mother rang me every 4-5 months btw.

I was so certain this was bullshit. But I’m doubting myself. How do I know what’s true? How do I know Im reacting proportionally? My husband says she’s full of shit but he would, wouldn’t he as he’s my husband and thinks she’s absolutely toxic so is biased I guess?

How do I know it’s not just in my head?",
post,budgies,Bluey seems to have scratches on his ceres. could it be mites or could it be his aggressive sister?,https://www.reddit.com/r/budgies/comments/wnd0rh/bluey_seems_to_have_scratches_on_his_ceres_could/,2022-08-13 05:08:27 PDT,2,,https://i.redd.it/iktv0u4v1hh91.jpg
post,teenagers,My sister may have caused my balls turn kina purple..,https://www.reddit.com/r/teenagers/comments/w8ppj3/my_sister_may_have_caused_my_balls_turn_kina/,2022-07-26 10:30:02 PDT,5,"Ok so this story is a bit embarrassing but I will obviously have to tell you it anyway..

I was sitting on the couch after having a shower in nothing but my towel robe playing Among Us and my sister came into the room and said (and I quote) ""I think your balls are the imposter, they are looking very sussy"" and then slowly approached me. Realizing she was about to touch my manhood, I launched off of the sofa and ran away as fast as I could but unfortunately I tripped over this pink lightsabre she accidentally dropped and landed on my balls, causing immense pain and my balls to turn slightly purple at the end. I hope my balls will be ok and that they are not sussy like my very aggressive sister implied..",
post,EliteDangerous,"""All I ask is a tall ship and a star to steer her by.."" - So decided from my previous post in discussion to buy a second Krait II; now I have the U.S.S. Enterprise in sleek form, and her more aggressive sister ship U.S.S. Defiant in grey/black with hazard kit for a more aggressive vibe. Thoughts? :)",https://www.reddit.com/r/EliteDangerous/comments/w7rk1f/all_i_ask_is_a_tall_ship_and_a_star_to_steer_her/,2022-07-25 08:17:01 PDT,56,,https://www.reddit.com/gallery/w7rk1f
post,EliteDangerous,"""I ask is a tall ship and a star to steer her by..."" - So decided from my previous post in discussion to buy a second Krait II; now I have the U.S.S. Enterprise in sleek form, and her more aggressive sister ship U.S.S. Defiant in grey/black with hazard kit for a more aggressive vibe. Thoughts? :)",https://www.reddit.com/r/EliteDangerous/comments/w7ce5h/i_ask_is_a_tall_ship_and_a_star_to_steer_her_by/,2022-07-24 19:03:04 PDT,4,[deleted],https://www.reddit.com/gallery/w7ce5h
post,DysfunctionalFamily,Aggressive sister (tw: animal abuse),https://www.reddit.com/r/DysfunctionalFamily/comments/vyusd5/aggressive_sister_tw_animal_abuse/,2022-07-14 05:32:33 PDT,12,[deleted],
post,DysfunctionalFamily,Aggressive sister (tw: animal abuse),https://www.reddit.com/r/DysfunctionalFamily/comments/vyurfr/aggressive_sister_tw_animal_abuse/,2022-07-14 05:31:15 PDT,1,[deleted],
post,AVN_Lovers,Question about Chasing Sunsets,https://www.reddit.com/r/AVN_Lovers/comments/vuhdwg/question_about_chasing_sunsets/,2022-07-08 11:28:23 PDT,9,"I need an honest answer without fanboying. 

So, I finally decided to play Chasing Sunsets and figured out that there are only 2 choices - Jaey and Mallory. I just went through the Prologue and started episode 1. 
Jaey is an offended and aggressive sister who is always acts unhappy about her brother, although she admits that she is wrong but only in her head. 
Mallory looks like a girl who gets close to the Hero just to get something from him. 

So, my question. Is it worth continuing if I already have a negative impression of both girls? Did you have the same feelings at the beginning of the game?",
post,AmItheAsshole,AITA for not wanting change my plans to help my aggressive sister?,https://www.reddit.com/r/AmItheAsshole/comments/vtewwm/aita_for_not_wanting_change_my_plans_to_help_my/,2022-07-07 02:53:58 PDT,50,"I am a 17 y/o closeted trans girl (relevant later) and my sister is 26. She works as a high school teacher and lives away from where me and my mom live. Soon, my mother is going away for 5 days and I was very happy to hear that I will have to house all to myself. I plan on experimenting with clothes, makeup, voice training etc. as I can never do that because my mom is always home (she is also a teacher and it's summer break).

We (my mom and I) have a dog that we got, back when my sister was still living with us. My sister wants to have the dog for the time that our mom's away, which is perfectly fine by me. The problem is that on Monday my sister has this event with her coworkers, to celebrate the end of the school year. My sister doesn't want to leave the dog alone in her house for 5h (which I don't understand as the dog has been alone for longer periods of time) so she wants me to come to her house and watch over the dog, which again, is fine by me (it's not ideal, but if it's that important to her, I'll do it). But that's not enough for her. She wants me to walk the dog to her after the event is over (about 1,5h of walking in the sun, through large crowds), just so her coworkers can see the dog in person. Take into account that I would have to walk back too.

I said I didn't really want to do that, because I'll be really tired by that point because my summer job consists of me standing still for 8h per day. She started yelling at me and lost her temper, as she always does when I refuse to do something for her. The thing is, whenever she needs a favor, I help her, but if I politely refuse she explodes and starts insulting me and basically emotionally manipulates me into ditching whatever I wanted to do. My mother also ALWAYS picks her side no matter what (I've been explicitly told multiple times by her, that she loves my sister much more than she loves me). I am always called selfish, cold, evil, and so on, just for not wanting to change my schedule.

My mother will be gone for five days. I'm already working for two of those days, meaning I won't be able to do any of what I want to do for those days, and now my sister is asking me to sacrifice another day (I'd have to leave early and get home late).

Also, she knows about what I want to do during this time, but I don't think she takes it seriously. I think this, because after I came out to her as trans, she tried to gaslight me into thinking I'm non-binary (which I still don't understand), implicated that I shouldn't ever get any medical treatment and on top of that, about three weeks after I came out to her she got me ""BEST BROTHER"" fridge magnet (she gave it to me in front of mom, so I couldn't say anything).

I could be the asshole for refusing to help her, but at the same time I feel like she is (like always before) treating my desires like a joke and that she thinks her plans are more important.",
post,AmItheAsshole,AITA for not wanting to change my plans to help my aggressive sister?,https://www.reddit.com/r/AmItheAsshole/comments/vteq59/aita_for_not_wanting_to_change_my_plans_to_help/,2022-07-07 02:41:09 PDT,1,[removed],
post,mildlyinfuriating,How I found out my father has cancer from my passive aggressive sister via text - and then a bit of added guilt for not coming by for a couple of days.,https://www.reddit.com/r/mildlyinfuriating/comments/voacs8/how_i_found_out_my_father_has_cancer_from_my/,2022-06-30 07:56:17 PDT,0,[deleted],https://www.reddit.com/gallery/voacs8
post,siblingsfromhell,I'm tired of building bridges,https://www.reddit.com/r/siblingsfromhell/comments/vmdrhg/im_tired_of_building_bridges/,2022-06-27 20:53:16 PDT,3,"My sister (30) and I (31) were very close growing up. Heavily influenced by Korean culture, I felt it was my responsibility to protect my younger sister from the world. I was also very doting - calling her almost every weekend, getting a gift for her when I went somewhere, and writing her emails when we were apart.

She and my dad moved during my junior year of high school and her freshman year due to job stuff and my mom wanting to complete college in Korea. I lived a fairly uneventful life in Korea, while she got involved with someone in his late 20s while she was 16. My parents just thought he was a friend, and it was only when my dad had to move again during her junior year of high school that we saw what he was to her. She was a lot to him too - he broke up with his (appropriately aged) girlfriend of 10 years to be with my sister. 

She begged my parents to move back to the US to get an IB high school degree, and reluctantly my parents agreed, paying for her ticket from Japan and for rent to her boyfriend's cousin. However my sister did work at the mall and then the bank, so she wasn't totally relying on my parents. 

She graduated with an IB degree and went to community college for 2 years, sort of negating the reason for an IB degree in the first place. She got full scholarship offers but refused them since many of them would take her far away from her boyfriend. 

We had a tumultuous relationship while she was dating her boyfriend. Dating wasn't important to me for a lot of my young adult life, and she claimed I didn't understand the ways of ""love, relationships, and sacrifice"" whenever I would spout my ""feminist ideals"". I felt like I was unimportant in her life with how obsessed she got while in love. I lived with her and her boyfriend (I say this but he wasn't paying rent, my parents were) for a year in my early 20s and even though I cooked meals for all of us, went grocery shopping, and cleaned the house, I still felt like I was unappreciated. 

It was also during this time my sister got involved in a cultist church. Having few friends in the area, I went to the church, and having grown up in a Christian schooling system with a lot of naive nice people back in Korea (I was also one of these nice naive people), was unprepared for the levels of hypocrisy I was going to experience. Eventually I did make some friends outside of church, but a lot of them were seen as ""unholy sinners"" and then I was labeled along with them, especially since I wasn't willing to date any of the guys at the church. 

A lot of them also knew of my living situation with my sister and took her side in believing I was sinning with my new friends (we were in fact just a bunch of nerds). Nobody in the church was willing to provide volunteer service opportunities to me when I desperately wanted to serve in the church in some degree. Meanwhile, my sister was sleeping in the same bed as her boyfriend (despite them saying they would change their ways and wait until marriage) and was still on the choir team thanks to her being friends with the pastor's son and favored by the worship leader. 

After I joined the Air Force and left the area, I found out that the pastor's son filmed her undressing while she stayed with them before living with her boyfriend. And the worship leader and she had a sexual relationship while she stayed in their house (they also had 3 young children) after breaking up with her boyfriend after 11 years of dating. It was all of these situations, and her incessant ""Papa God"" cringe that made me really look at religion and I decided to walk away from it. 

The only time we don't have a tumultuous relationship outside of us being younger was when she was single for a couple of years and I had just given birth to my twin boy and girl. It was really sweet seeing us be a family again. 

But then she started dating a coworker, and at first they were visiting us almost every weekend (and eating our food, we have had only one meal at their house), playing with the kids, and enjoying time together. Then they get engaged and I don't know if it's just wedding planning but I notice the visits get less frequent. I also notice my sister getting even more religious than she already is, posting conspiracy theories on her social media. 

At first, I do not want to be a bridesmaid, having a feeling that there was going to be a lot of drama. Her best friend in Belgium is made the matron of honor, even though she can't visit any places she's planned, or pick up any items, or send anything handmade. I end up picking up a lot of FB marketplace items, making items since I'm crafty, and suggesting cute areas for activities. 

I notice that as the wedding date inches closer that my sister and her fiance do not seem to be making plans to postpone or cancel the ceremony. It was in the middle of 2020, without masks, and half of the ceremony would take place outdoors. When I express my concern for their continuation of the events, I'm immediately shot down - they say I'm unsupportive and fearful. I step down as bridesmaid and they also demoted my kids from flower girl and ring bearer. They are the only niece and nephew they will have since her now husband is an only child, and because of a traumatic delivery I cannot carry any more children. Ultimately I decide for the safety of my children to not attend a wedding where nobody would be wearing a mask (only my aunt wore one). They also decide to honeymoon in Mexico right after a large gathering...

After marriage, we rarely see them, we do live a little far from each other (1:30 with traffic) but it's still possible. We hesitated to see them since we knew they weren't vaccinated. Whenever we would meet up, we tried to meet at an outdoor area at a halfway point for us. When the weather got colder this became an issue. The straw finally broke during my birthday month where she pretty much told me to plan my own party and I told her that I was done accommodating people who were too selfish to think about someone other than themselves. 

She blocked me from contacting her and didn't even ask about her niece and nephew for almost 8 months. No pictures or anything. However, she kept up with other friends' children and families on social media. I don't even really care about our relationship, it's neglecting my children that I feel badly about. They're old enough to be forming memories now. 

She would also criticize my parenting, saying that our parents are practically raising them. When I first moved back to the area,  I had a lot of medical appointments and required childcare fairly often. We are also a one income family in a very expensive area, while she and her husband earn 6 figures. My parents love the kids and usually volunteer and ask if they can watch them. 

Then I find out she is pregnant with my nephew. I want my kids to have a relationship with him, but my sister told me that I'm not invited to the baby shower since we've been out of contact, I'm not in her corner, and it seems I'm just trying to sweep things under the rug instead of talking about them. 

Also this whole time I'm hearing about my sister's life updates from my MIL who is friends with her on social media. I see my parents fairly often and they told me nothing. I don't know if they're nervous to talk to me about her since they are aware things are tense between us, or if she told them not to tell me. 

Recently I decided to extend an olive branch and got her a thoughtful gift when our mom invited us to her house for a dual birthday party (mom and sister birthdays are close), thinking we could start anew. I also don't know if our parents intentionally planned this, but my mom brought out a bunch of old photos of us, and we looked through them having some nice memories. 

Honestly at this point I'm just done with building bridges. 

TL;DR should I try to repair my relationship with my passive aggressive sister to have a relationship with my nephew?

EDIT: meant the grandparents (our parents) when my sister and her husband were criticizing my parenting.",
post,relationships,I feel like I've built 10 bridges and the new one is already wobbly,https://www.reddit.com/r/relationships/comments/vmdctt/i_feel_like_ive_built_10_bridges_and_the_new_one/,2022-06-27 20:30:41 PDT,1,"I'll start from the beginning. My sister and I are 2 years apart. Growing up, my sister and I were very close. Heavily influenced by Korean culture, I felt it was my responsibility to protect my younger sister from the world. I was also very doting - calling her almost every weekend, getting a gift for her when I went somewhere, and writing her emails when we were apart.

She and my dad moved during my junior year of high school and her freshman year due to job stuff and my mom wanting to complete college in Korea. I lived a fairly uneventful life in Korea, while she got involved with someone in his late 20s while she was 16. My parents just thought he was a friend, and it was only when my dad had to move again during her junior year of high school that we saw what he was to her. She was a lot to him too - he broke up with his (appropriately aged) girlfriend of 10 years to be with my sister. 

She begged my parents to move back to the US to get an IB high school degree, and reluctantly my parents agreed, paying for her ticket from Japan and for rent to her boyfriend's cousin. However my sister did work at the mall and then the bank, so she wasn't totally relying on my parents. 

She graduated with an IB degree and went to community college for 2 years, sort of negating the reason for an IB degree in the first place. She got full scholarship offers but refused them since many of them would take her far away from her boyfriend. 

We had a tumultuous relationship while she was dating her boyfriend. Dating wasn't important to me for a lot of my young adult life, and she claimed I didn't understand the ways of ""love, relationships, and sacrifice"" whenever I would spout my ""feminist ideals"". I felt like I was unimportant in her life with how obsessed she got while in love. I lived with her and her boyfriend (I say this but he wasn't paying rent, my parents were) for a year in my early 20s and even though I cooked meals for all of us, went grocery shopping, and cleaned the house, I still felt like I was unappreciated. 

It was also during this time my sister got involved in a cultist church. Having few friends in the area, I went to the church, and having grown up in a Christian schooling system with a lot of naive nice people back in Korea (I was also one of these nice naive people), was unprepared for the levels of hypocrisy I was going to experience. Eventually I did make some friends outside of church, but a lot of them were seen as ""unholy sinners"" and then I was labeled along with them, especially since I wasn't willing to date any of the guys at the church. 

A lot of them also knew of my living situation with my sister and took her side in believing I was sinning with my new friends (we were in fact just a bunch of nerds). Nobody in the church was willing to provide volunteer service opportunities to me when I desperately wanted to serve in the church in some degree. Meanwhile, my sister was sleeping in the same bed as her boyfriend (despite them saying they would change their ways and wait until marriage) and was still on the choir team thanks to her being friends with the pastor's son and favored by the worship leader. 

After I joined the Air Force and left the area, I found out that the pastor's son filmed her undressing while she stayed with them before living with her boyfriend, and the worship leader and her had a sexual relationship while she stayed in their house (they also had 3 young children) after breaking up with her boyfriend after 11 years of dating. It was all of these situations, and her incessant ""Papa God"" cringe that made me really look at religion and I decided to walk away from it. 

The only time we don't have a tumultuous relationship outside of us being younger was when she was single for a couple of years and I had just given birth to my twin boy and girl. It was really sweet seeing us be a family again. 

But then she started dating a coworker, and at first they were visiting us almost every weekend (and eating our food, we have had only one meal at their house), playing with the kids, and enjoying time together. Then they get engaged and I don't know if it's just wedding planning but I notice the visits get less frequent. I also notice my sister getting even more religious than she already is, posting conspiracy theories on her social media. 

At first, I do not want to be a bridesmaid, having a feeling that there was going to be a lot of drama. Her best friend in Belgium is made the matron of honor, even though she can't visit any places she's planned, or pick up any items, or send anything handmade. I end up picking up a lot of FB marketplace items, making items since I'm crafty, and suggesting cute areas for activities. 

I notice that as the wedding date inches closer that my sister and her fiance do not seem to be making plans to postpone or cancel the ceremony. It was in the middle of 2020, without masks, and half of the ceremony would take place outdoors. When I express my concern for their continuation of the events, I'm immediately shot down - they say I'm unsupportive and fearful. I step down as bridesmaid and they also demoted my kids from flower girl and ring bearer. They are the only niece and nephew they will have since her now husband is an only child, and because of a traumatic delivery I cannot carry any more children. Ultimately I decide for the safety of my children to not attend a wedding where nobody would be wearing a mask (only my aunt wore one). They also decide to honeymoon in Mexico right after a large gathering...

After marriage, we rarely see them, we do live a little far from each other (1:30 with traffic) but it's still possible. We hesitated to see them since we knew they weren't vaccinated. Whenever we would meet up, we tried to meet at an outdoor area at a halfway point for us. When the weather got colder this became an issue. The straw finally broke during my birthday month where she pretty much told me to plan my own party and I told her that I was done accommodating people who were too selfish to think about someone other than themselves. 

She blocked me from contacting her and didn't even ask about her niece and nephew for almost 8 months. No pictures or anything. However, she kept up with other friends' children and families on social media. I don't even really care about our relationship, it's neglecting my children that I feel badly about. They're old enough to be forming memories now. 

She would also criticize my parenting, saying that our parents are practically raising my children. When I first moved back to the area,  I had a lot of medical appointments and required childcare fairly often. We are also a one income family in a very expensive area, while she and her husband earn 6 figures. Also, our parents usually happily volunteered (first grandkids) to watch them, so no bitter feelings on their part. They absolutely love the kids.

Then I find out she is pregnant with my nephew. I want my kids to have a relationship with him, but my sister told me that I'm not invited to the baby shower since we've been out of contact, I'm not in her corner, and it seems I'm just trying to sweep things under the rug instead of talking about them. 

Also this whole time I'm hearing about my sister's life updates from my MIL who is friends with her on social media. I see my parents fairly often and they told me nothing. I don't know if they're nervous to talk to me about her since they are aware things are tense between us, or if she told them not to tell me. 

Recently I decided to extend an olive branch and got her a thoughtful gift when our mom invited us to her house for a dual birthday party (mom and sister birthdays are close), thinking we could start anew. I also don't know if our parents intentionally planned this, but my mom brought out a bunch of old photos of us, and we looked through them having some nice memories. 

Honestly at this point I'm just done with building bridges. 

TL;DR should I try to repair my relationship with my passive aggressive sister to have a relationship with my nephew?",
post,relationship_advice,I need help with my sister,https://www.reddit.com/r/relationship_advice/comments/vdqvum/i_need_help_with_my_sister/,2022-06-16 10:11:26 PDT,1,"my sister is 14 and im 13 and  my sister said she doesnt feel comfortable around me anymor so i was like why and she was like you traumatized me now i have adhd"" and i was so confused bcs ive never done anything? so i was like ""can u pls tell me what i did so i can fix this, i love u and care abt u and i dont want u feeling that way"" and she started going like ""stop forcing me to tell you im not telling you because i dont feel comfortable your literally manipulating me"" and i dont know what i did, im trying to give her space but she keeps bothering me online, in the group chat with me and my friends and her shes saying stuff like ""im tired of putting up with this ""passive aggressive sister"" yeah well you dont love me and care about me so mhm"" and ""im staying home from school today because i had a rough night please respect that unlike someone doesn't wanna respect if i dont wanna talk about something they force me to say it because they want to know"" and ive asked her nicely to please give me space because I'm trying to give her space, how should i fix our relationship? i really really want a good relationship with my sisters and i don't know why she feels uncomfortable around me, i've done nothing to her except love and care for her.

TLDR: my sister is saying i traumatized her and that i'm manipulating her, when in reality, i just want to salvage our relationship.",
post,sistersofbattle,What a week! So many good Sisters Lists!,https://www.reddit.com/r/sistersofbattle/comments/uzjayd/what_a_week_so_many_good_sisters_lists/,2022-05-28 01:51:13 PDT,84,"This past weekend was a banner weekend for sisters, with a variety of orders and builds performing well all around the world! It's been a long few months since sisters were a force to be reckoned with, but with Armour of Contempt and a shift in the Meta suddenly the Ladies in power armour are taking names once again!

##The Usual Suspects

As always, Bloody Rose leads the way, with quite a few good performances!

[Mike Walsh - Bloody Rose](https://www.reddit.com/r/sistersofbattle/wiki/samplelists/brmichaelwalsh)

Mike Walsh took this evolution of the Art of War Bloody Rose list and took down the first large GT for sisters in the Nachmund season. Beating out 75 players for the W, this list features a strong firebase of 20 Multimelta Retributors, a Castigator, and Morvenn Vahl herself, protected by 20 repentia and a bevy of Angels for mobility. 

[Lachlan Riggs - Bloody Rose](https://www.reddit.com/r/sistersofbattle/wiki/samplelists/brlachlanrigg)

Lachlan also took down a trophy with Bloody Rose this weekend. Leaning much heavier into the melee, with 20 Novitiates, 20 Repentia, and 24 Zephyrim, with 2 rhinos for everyone to ride in, this aggressive sister list even featured a squad of Paragons.

[Steve Carr - Bloody Rose](https://www.reddit.com/r/sistersofbattle/wiki/samplelists/brstevecarr)

Steve Carr don't need no Vahl to get to 5-1 in Canada. Opting instead for Stern and Celestine, Steve's list is a huge breath of fresh air. Dropping an absurd 150+ wound, it features THIRTY Arco Flagellants!! Definitely worth taking a look at, that's for sure!

[Jordan Gledhill - Valourous Heart](https://www.reddit.com/r/sistersofbattle/wiki/samplelists/vhjordangledhill)

Jordan Gledhill was the best performing sisters player at LVO this year, and it seems he got the Valourous Heart bug. Even with Armour of Contempt showing up, he's continued to play Valourous Heart, with this impressive list. The complete triumvirate of Vahl, Celestine, and Stern are complimented by 3 paragons, a bunch of sacresants, and two units of multi melta rets.

##But Wait, There's More

[Mitch Beard - Argent Shroud](https://www.reddit.com/r/sistersofbattle/wiki/samplelists/asmitchbeard)

Mitch Beard decided that hosting a podcast solely about Sisters of Battle is a bit easier when you have a modicum of competitive credibility, and gained that credibility by achieving a 4-1 at the MASSIVE Birmingham super major with an Argent Shroud list featuring more Bolter wielding Battle Sisters than I've seen in a while. A Brick of 20 with 4 Storm Bolters and two large bricks of MM Retributors are backed up by Stern, Vahl, 18 Sacresants, and 10 Zephyrim to keep opponents honest.

[Dominic Matthews - Ebon Chalice](https://www.reddit.com/r/sistersofbattle/wiki/samplelists/ecdominicmatthew)

And with the first of TWO Ebon Chalice lists to hit 4-1 this weekend, Dominic Matthews brings the BEEF. 2 units of Paragons and 2 big units of Mortifiers ask the opponent some very urgent questions. 

[Cullen Burns - Ebon Chalice](https://www.reddit.com/r/sistersofbattle/wiki/samplelists/eccullenburns)

The second list goes a bit lighter on the beef, but a bit heavier on the repentance, with the full 30 Repentia. Backed up by two units of mixed weapon retributors, thats a gnarly castle to properly attack.

##More To Come

I really enjoyed all the variety in sisters list that have been showing up lately. Armour of Contempt has REALLY opened up the options available to sisters, and I hope we keep seeing more and more innovation and variety going forward. If you have been stuck on where to go with sisters at the moment, maybe one of these lists can be the starting point for you. 

And Word has reached my ears that there may be a few more spicy sisters lists in the near future, with two of the sixteen undefeated lists at the Bay Area Open being loyal followers of the Emperor. Good Luck to all the Sisters player fighting in the name of the Emperor this weekend.

The Emperor Protects!",
post,AITAH,AITA for refusing to go to my sister’s school after a fight?,https://www.reddit.com/r/AITAH/comments/uyejja/aita_for_refusing_to_go_to_my_sisters_school/,2022-05-26 11:48:45 PDT,16,"I (22f) have a VERY moody and aggressive sister (16f).
she can get physical if someone cusses at her or annoys her at school. she always gets in fights with people who
""get on her nerves"" or cuss her. i mean yea, some may say it's a good thing for her to protect herself or whatever. she always starts drama and constantly asks
me to go to school for her as her guardian bc she doesnt want my family to know abt anything. I even went once to get her cigarettes from the principle bc they caught her smoking. she always asks dad to get
her health reports for the days she didnt attend in order to have fun w her friends out of school. anyways, today she got into a fight where she's innocent but let's just
say karma hit her back lol. around 10 students attacked her and her friend after school. there aren't any bruise marks on her or anything so nothing's too serious. just
kids fighting. today she asked me to go with her to school tomorrow to tell the principle about what happened. i said ""no, i'm done with your never-ending drama. i go to your school every month to clean your
trashy behavior in school. plus i have finals, so sorry. i'm done."" she got mad and said i left her when she needed me. i said i have many things to deal with tomorrow so i really don't have any time for her drama. i
actually can spare an hour early in the morning but i don't think she deserves me waking up at 7am for her. plus her friend's mom said she's going tomorrow to talk
to the principle so at least someone's gonna do something about it. but i kinda feel bad rn. AlTA for refusing to go? (sorry for my bad eng)",
post,KUWTK,This is going to sound harsh but if Khloe really is invited to the MET Gala…it’s the beginning of the end of the MET Gala. IMHO,https://www.reddit.com/r/KUWTK/comments/ug4r62/this_is_going_to_sound_harsh_but_if_khloe_really/,2022-05-01 10:25:52 PDT,596,"Khloe being invited would be the equivalent of the cast of Jersey Shore being invited. 

I can understand why Kourtney would be invited this year - Anna Wintour’s key skill is keeping vogue pop culture relevant (which is why Kylie was invited all those years back) and right now is Kourtney’s “moment”.   Her and Travis’s relationship plus thier awesome 4some gang with MGK and Megan Fox has propelled her into pop culture relevancy for this year with her new “Brand”.

Khloe on the other hand is still a “secondary reality TV personality” and bless her, but even style wise she is in no way a fashion influencer/icon! Her “Brand” also doesn’t fit Vogue’s brand either. Khloe is seen as the aggressive sister and after allll that stuff with Tristan she’s no longer the “strong” sister either. Honestly she’s just the trashy sister at this point.

She doesn’t deserve to be invited IMHO she not ‘there’ yet.

EDIT: I really didn’t expect this post to get as much traction as it did! 

Now that I’ve slept on it, I agree with you guys about the YouTubers being there - it definitely cheapened the MET but I still stick by the fact that YouTubers being there is the equivalent of Kourtney being there (pop culture relevant C listers that wouldn’t have been anywhere neaaaar the MET 10years ago) BUT even with the C listers there - Khloe is D list and still don’t deserve and invite.

And just to clarify, when I mean trashy, I mean Khloe telling everyone to suck a dick every 2minutes over the last 10years!",
post,relationship_advice,How to i communicate with my aggressive sister,https://www.reddit.com/r/relationship_advice/comments/tk5lfb/how_to_i_communicate_with_my_aggressive_sister/,2022-03-22 08:30:57 PDT,3,"I(F23) rarely confront my sister(F25) because of the way she responds.she gets combative quickly and believes anything she does is appropriate. I have a lot of anxiety especially around groups of people and i never want attention, especially negatively. Last night, there was a rat under my bed and i was freaked out and started crying. I know it seems silly but i was freaked out and went to my sisters room for help. She took one look at me then started laughing and recording me. This morning, she told our brother what happened, saying how i was crying and laughing at me. Then when her girlfriend came into the house, she told her what happened and they started laughing at me. I didn’t want to make a scene and went to my room .

Literally right before i am writing this post, she tells her friend about an awkward moment with my father regarding my style. I was getting annoyed that i was the target of her joke for laughs. I confronted her about it and she said she wasn’t trying to make fun of me and was upset that i was upset. I told her that she tells me about how her girlfriend’s family constantly makes jabs at her and she gets frustrated with it too. She told me that it wasn’t the same thing. 

She stomped away and didn’t bother hearing me out. There’s always a double standard with her. I feel awkward being at odds with her but i dont want to to constantly berate me for laughs. My feelings matter too. What is the best way to deal with someone like her?",
post,Advice,What does it mean if I'm always ashamed of myself? How can I stop this feeling?,https://www.reddit.com/r/Advice/comments/sf02rt/what_does_it_mean_if_im_always_ashamed_of_myself/,2022-01-28 12:36:14 PST,2,"I carry shame with me everywhere.

I've been dealing with this problem for almost 10 years now and it's gradually getting worse.
Despite the fact that I am doing fine for my age (24). I studied, got a bachelor's degree, I've been living on my own for 3 years now, I've been able to have a car for years. Basically because I'm a hard worker. I missed out on a lot of fun stuff because I had my priorities set. Because I don't want people to see me as a failure.

Yet I am ashamed of myself in front of other people. I always feel like a stupid person. Stupid. As a result, I no longer enjoy hobbies, parties, work or friendships. I'm not in a relationship either. I avoid everything because it is potentially going to make me feel shit.

It's not because I have an unusual appearance or actually do stupid things. It's something eating me up from the inside.

It also might help to tell some extra info about how I grew up... My mother left us. I chose to stay with my alcoholic father and aggressive sister. I've actually always stayed in the background in this family situation and not much attention has been paid to me. I went my own way at an early age and ended up doing quite well that way.

Note: I spoke to a psychologist for the first time last week to try to resolve these and other issues. However, I would also like to hear your advice and opinion.",
post,dirtypenpals,[M4F] Quarantined with my slutty older sister.,https://www.reddit.com/r/dirtypenpals/comments/q2qab9/m4f_quarantined_with_my_slutty_older_sister/,2021-10-06 11:22:28 PDT,1,"My sister, like a lot of us are stuck inside as COVID forces everyone into quarantine. She hasn't been able to see her boyfriend since or even go out for some fun and the stress is starting to show. She's moody, fidgety, her hands wander and so do her eyes. At first she really was mean to me, but then started being, weirdly nice. So nice she started kinda watching me. I don't know what she has planned or what she wants, but it seems a bit weird. At first it was just saying hi to me every morning, several times a day. Hi in the hallway, hi when I came out of the shower, hi at the dinner table. Then, she started barging into my room, unexpectedly as if she was trying to scare me or to catch me doing something. And one time, I'm pretty sure I saw her peeping on me in the shower.

Hi, I'm looking for a role play partner where you'd play my older, sexually aggressive sister (or step) who seduces me, fucks me, drains me and uses me to get off since she's stuck inside. You are the predator and I am the prey. My character would be a slight, nerdy young guy who secretly has a pretty meaty cock. We can start this right from where I've written here, or back to the beginning when you start to feel more and more horny and pent up, start mean then go nicer etc. Or, you can jump right into it and pounce on your naive, unsuspecting brother. I'm definitely okay with opening it up to other things, the mom gets involved, you blackmail me etc. Just send me a message and we can talk about it!

Kinks: gentle femdom, big cocks, age difference, being called a good boy, breeding, teasing, cock worship. Limits: scat, blood, gore, water sports, animals.

Reference pictures for characters is encouraged but can be provided. Hope to hear from you",
post,dirtypenpals,[M4F] Quarantined with my slutty older sister.,https://www.reddit.com/r/dirtypenpals/comments/pxd623/m4f_quarantined_with_my_slutty_older_sister/,2021-09-28 11:56:23 PDT,1,"My sister, like a lot of us are stuck inside as COVID forces everyone into quarantine. She hasn't been able to see her boyfriend since or even go out for some fun and the stress is starting to show. She's moody, fidgety, her hands wander and so do her eyes. At first she really was mean to me, but then started being, weirdly nice. So nice she started kinda watching me. I don't know what she has planned or what she wants, but it seems a bit weird. At first it was just saying hi to me every morning, several times a day. Hi in the hallway, hi when I came out of the shower, hi at the dinner table. Then, she started barging into my room, unexpectedly as if she was trying to scare me or to catch me doing something. And one time, I'm pretty sure I saw her peeping on me in the shower.

Hi, I'm looking for a role play partner where you'd play my older, sexually aggressive sister (or step) who seduces me, fucks me, drains me and uses me to get off since she's stuck inside. You are the predator and I am the prey. My character would be a slight, nerdy young guy who secretly has a pretty meaty cock. We can start this right from where I've written here, or back to the beginning when you start to feel more and more horny and pent up, start mean then go nicer etc. Or, you can jump right into it and pounce on your naive, unsuspecting brother. I'm definitely okay with opening it up to other things, the mom gets involved, you blackmail me etc. Just send me a message and we can talk about it!

Kinks: gentle femdom, big cocks, age difference, being called a good boy, breeding, teasing, cock worship. Limits: scat, blood, gore, water sports, animals.

Reference pictures for characters is encouraged but can be provided. Hope to hear from you",
post,PetAdvice,One cat has stopped using the litter tray due to his aggressive sister. Need advice on getting him comfortable using litter properly again.,https://www.reddit.com/r/PetAdvice/comments/pwpigu/one_cat_has_stopped_using_the_litter_tray_due_to/,2021-09-27 13:14:46 PDT,5,"Hey, so bit of a long story here including everything we've tried. I'm at my wit's end here, and any advice would be amazing.

We have two cats, who have been living together largely without issue for three years now. About 6 months ago, the younger cat started some pretty problematic behaviour, where she would run and menace our older cat whenever she heard him using the litter tray. By the time we realised what was happening, he was already so skittish that when we moved to remove his sister from the room to prevent her from starting a fight with him, that movement would be enough to scare him out of the litter box... And now it's got to the point where he has stopped using a litter tray entirely, instead he sneaks off to the bedroom and pees or poops on the carpet. If we set up to work in the bedroom for the day, he sneaks off when we're distracted and goes in a different room instead.

I feel like we've tried everything by this point. We have kept the trays immaculate, we've tried playing with the younger one more to tire her out, we've tried using feliway for several months, we tried leaving the top on the litter trays, top off, we got a new litter tray (3 in total) at different quiet places throughout the flat... We even separated them entirely for about two weeks, and my partner and I didn't see each other because one of us was with each cat at all times, and he would STILL sneak off at the earliest opportunity (e.g. when we went to the toilet) and poop the carpet.

What's so frustrating is that he knows he's not supposed to be doing this, but we can't seem to entice him to go back to using the trays. We tried setting him on the litter tray when we had them separated and giving him treats to try and build a positive association, but he would splay his legs like we were trying to put him in a carrier, and he would jump out immediately, treats or not...

I'm at a bit of a loss. How do you re-train a cat to use litter? I'm getting exhausted having to run a carpet washer every day. Oh, speaking of which, we have tried regular cleaners, enzyme cleaners even rubbing alcohol (after washing the carpet) to try to get rid of the smell and stop him from associating the carpet with his bathroom. No effect. We would put a litter tray literally on top of the freshly cleaned carpet to try to be like ""here, this is your bathroom"" and he would just poop on the carpet next to the tray...

Has anybody dealt with this before? We can't afford a behaviourist right now, and all of the behaviourists in our area are dog specialists anyways. Only one of them even mentions cats on their website, and they are as an afterthought, not even any photos of cats on the whole website... We might have to take the plunge anyway, but I'm so reluctant to pay hundreds of pounds for somebody to give us all the same advice we've tried already.

Any help would be so so appreciated!",
post,dirtypenpals,[M4F] Quarantined with my slutty older sister.,https://www.reddit.com/r/dirtypenpals/comments/pw486q/m4f_quarantined_with_my_slutty_older_sister/,2021-09-26 15:50:56 PDT,1,"My sister, like a lot of us are stuck inside as COVID forces everyone into quarantine. She hasn't been able to see her boyfriend since or even go out for some fun and the stress is starting to show. She's moody, fidgety, her hands wander and so do her eyes. At first she really was mean to me, but then started being, weirdly nice. So nice she started kinda watching me. I don't know what she has planned or what she wants, but it seems a bit weird. At first it was just saying hi to me every morning, several times a day. Hi in the hallway, hi when I came out of the shower, hi at the dinner table. Then, she started barging into my room, unexpectedly as if she was trying to scare me or to catch me doing something. And one time, I'm pretty sure I saw her peeping on me in the shower.

Hi, I'm looking for a role play partner where you'd play my older, sexually aggressive sister (or step) who seduces me, fucks me, drains me and uses me to get off since she's stuck inside. You are the predator and I am the prey. My character would be a slight, nerdy young guy who secretly has a pretty meaty cock. We can start this right from where I've written here, or back to the beginning when you start to feel more and more horny and pent up, start mean then go nicer etc. Or, you can jump right into it and pounce on your naive, unsuspecting brother. I'm definitely okay with opening it up to other things, the mom gets involved, you blackmail me etc. Just send me a message and we can talk about it!

Kinks: gentle femdom, big cocks, age difference, being called a good boy, breeding, teasing, cock worship. Limits: scat, blood, gore, water sports, animals.

Reference pictures for characters is encouraged but can be provided. Hope to hear from you",
post,dirtypenpals,[M4F] Quarantined with my slutty older sister.,https://www.reddit.com/r/dirtypenpals/comments/pva5mn/m4f_quarantined_with_my_slutty_older_sister/,2021-09-25 09:27:40 PDT,1,"My sister, like a lot of us are stuck inside as COVID forces everyone into quarantine. She hasn't been able to see her boyfriend since or even go out for some fun and the stress is starting to show. She's moody, fidgety, her hands wander and so do her eyes. At first she really was mean to me, but then started being, weirdly nice. So nice she started kinda watching me. I don't know what she has planned or what she wants, but it seems a bit weird. At first it was just saying hi to me every morning, several times a day. Hi in the hallway, hi when I came out of the shower, hi at the dinner table. Then, she started barging into my room, unexpectedly as if she was trying to scare me or to catch me doing something. And one time, I'm pretty sure I saw her peeping on me in the shower. 

Hi, I'm looking for a role play partner where you'd play my older, sexually aggressive sister (or step) who seduces me, fucks me, drains me and uses me to get off since she's stuck inside. You are the predator and I am the prey. My character would be a slight, nerdy young guy who secretly has a pretty meaty cock. We can start this right from where I've written here, or back to the beginning when you start to feel more and more horny and pent up, start mean then go nicer etc. Or, you can jump right into it and pounce on your naive, unsuspecting brother. I'm definitely okay with opening it up to other things, the mom gets involved, you blackmail me etc. Just send me a message and we can talk about it!

Kinks: gentle femdom, big cocks, age difference, being called a good boy, breeding, teasing, cock worship. Limits: scat, blood, gore, water sports, animals.

Reference pictures for characters is encouraged but can be provided. Hope to hear from you",
post,guineapigs,"So we just found out this morning that poor little Zoe might have a tumor on her neck and we might not see her for a month if that. It could also be a cyst from her aggressive sister, which we’re told isn’t as serious. I’m trying to be optimistic but my girlfriend is devastated.",https://www.reddit.com/r/guineapigs/comments/ptcalg/so_we_just_found_out_this_morning_that_poor/,2021-09-22 10:19:19 PDT,1,,https://i.redd.it/04dd9t2393p71.jpg
post,AskReddit,"Can we get a name for Karen's less aggressive sister but just as stupid and selfish? I suggest Pam's. They aren't as bold in public like karens. They're loud online.Often posting misinformation, and devoid of social norms and deceny.",https://www.reddit.com/r/AskReddit/comments/p8ssqd/can_we_get_a_name_for_karens_less_aggressive/,2021-08-21 07:51:44 PDT,1,[removed],
post,DysfunctionalFamily,Aggressive sister (tw: animal abuse),https://www.reddit.com/r/DysfunctionalFamily/comments/p0eq7c/aggressive_sister_tw_animal_abuse/,2021-08-08 06:33:49 PDT,36,"Just want to get this out of my chest because literally no one in my family sees how aggressive and psychotic my older sister is. I recently moved to the city for uni but went home to get some things and to check how the pets are doing. We have a lot of cats and dogs but they are all taking cared of and are very much loved, except by my sister, which is so fucking ironic since she was the one who wanted pets in the first place, like literally begged mom to have a cat. But now she ends up throwing the kittens in a trash bag because they are apparently annoying. This is the second time it happened and I know she did it while I was out because the first time it happened I threatened her that I will literally hurt her if she did it again to which she lied that she did not do anything about it. Not only did she tried to throw the kittens out she also hit the mother cat so hard that it is limping and can't walk properly. All of the pets are scared of her and try to avoid her if they see her. Also, the fact that she post several stuffs about how cute pets are and how they make the world a better place makes me puke. I badly want to post all the shit she does because she tries to act like an angel outside of our family. This is just only the peak of the iceberg of the fucked up things that she does. She steals money and manipulate my mom that I am flabbergasted at how my mom still sees her as a good child. I don't talk to her nor interact with her but it is so hard since I still live with her (oh, and also she acts like she owns the house), and I have for many times told my mom about how fucked up she is and how much my sister tries to manipulate her but nothing happens, I just gave up. If any of you guys have any suggestions I would literally appreciate it

P.s the cats are safe and well. And I am making sure to go home twice a month to check if they are doing good.",
post,WarhammerCompetitive,Looking for advice for 1k point ultra aggressive Sister list,https://www.reddit.com/r/WarhammerCompetitive/comments/oksjc5/looking_for_advice_for_1k_point_ultra_aggressive/,2021-07-15 06:11:13 PDT,1,[removed],
post,toxicparents,What do I do?,https://www.reddit.com/r/toxicparents/comments/npm9pb/what_do_i_do/,2021-05-31 22:05:56 PDT,1,"I am just so confused why my family create so many issues. Is this narcissism? Codependency? 

Parents divorced when I was in high school so more than 20 years ago.

I think a lot of damage happened to my siblings during this time. 

Sister A) For example eating disorder sibling continuously ignore red flags in all relationships. Shes had I don’t know how many! She hates the nice guys and works really hard to maintain relationships with the useless in society guys. They usually are in debt or just are lazy chameleons. One minute she’s obsessed with them &amp; next, she hates them. The latest is she fell pregnant to someone she knew for only 7 months and now she’s found out he is not financially stable and doesn’t want to be a part of this.

Sister B) Other sister is the passive aggressive sister who also can’t maintain relationships. She goes for rich men. She puts on this front that she is sweet and loving yet if they expect her to pay for things it just goes pear shaped. She’s been engaged twice. Now with the next guy who will hopefully fulfil her dreams of not “working a day in her life”. She tends to overeat but luckily has a faster than normal metabolism. She also needs wardrobe approval from my mother pretty much everyday. She seeks dating advice from my mother. Pretty much everything must be discussed — even if we all go out for dinner, she has difficulty choosing what she wants from the menu so she copies wha my mother orders. She’s 40. If she doesn’t get a direct approval, all hell. breaks loose. There’s an actual issue here but don’t know what.

Parents: dad was a dick and kind of left us for dirt knowing my mother was a stay at home mother with no qualifications. She needed to make ends meet by cleaning neighbours houses. Very degrading but boy did we hear about it and how lucky we were to have her. Basically during the divorce settlement, sister B (around 21 at the time) would continuously start fights with my mum. So I can’t remember a day when there wasn’t a screaming match at home. Very yucky times. Just walking on egg shells with everyone the entire time. If ever I found myself (15 at the time) in a disagreement with my mother, she would ignore me for days and play very loving to the other two siblings. That was very stressful especially my mother knowing my father didn’t have a spare room for me.

I maintained my relationship with my father during this time which no one liked. My mother wanted us all to change our last name to her maiden name which I refused to do. When things got really bad and if my father was away, I’d stay with friends but of course, you have to be careful not to outstay your welcome.

So that’s some background which bring me to today. I’m in my 30s, so is sister A and sister b is 40.

I never was a huge dater, I focused on my career and travelled alone. This distance from family really helped me to heal and now I’m married to an amazing man and have a beautiful baby. My sisters are very close to my mother while I always maintain distance.

Pretty much since I introduced my then-boyfriend/now-husband, it seems everyone has become passive aggressive toward me. Sister B loved to ruin my milestones - when I got engaged, her relationship at the time was falling apart so she was just a mean person toward me. Sister A was manageable but got better when she was dating someone. Her BF at the time (not the baby daddy) actually pointed out how mean sister B was. But sister B hated the fact that sister A was with someone WEALTHY. Remember sister B only dates rich guys and she was single at the time. So she made it a living hell for him. Naturally, he got upset at times and eventually sister A breaks up with him because sister B has somehow got between them. Now sister A loathes him too!

Basically because of these siblings i didn’t get a hens or baby shower. Their radar for ruining my milestones is on point. This was and is hurtful. I just don’t understand why no one can say sorry. My mother and sisters have never uttered the words “sorry”.

Then they promise they will be around to help me with whatever when baby is here. No one is to be seen. They only come at their convenience which is always an inconvenient time for baby (sleep, feeding etc)

Sister B would usually call me knowing I didn’t have the ability to even look at my phone with new baby on board. Then the next day she would say “oh I called you to see if you wanted dinner last nights. Too late now” so why even say it?

Sister A would usually just come over and “do you mind making me a tea” and then proceed to talk about her relationship and barely acknowledge my baby or maybe I’m too tired to make YOU a tea.

My mother would insist on taking baby then get passive aggressive later.

So now I am not talking to any of them because of the following —

Sister A had a meltdown because my mum couldn’t get her magnums on time (pregnancy cravings) and then my mother ignored her for a week. I confronted her and said mum ignoring you is not as bad as how you all treated me during my milestones. Then she went crazy off the rails and basically told me my husband and I were bullies and so many horrible things. She wrote me an essay of an email. I can’t get past the email, it is the worst thing anyone has written to anyone and I have only ever been helpful to her especially during this pregnancy predicament she’s got herself into. So I just can’t talk to her at the moment. Im struggling to see myself at the hospital to meet her baby. That’s how awful the email was.

Sister B - She stormed off the other day because I didn’t engaged in a conversation with her friend in the lift because I was wearing my baby in the carrier and was trying to adjust a strap without letting my baby fall so because I only said “hello” that made me very rude. I just cannot deal with someone in their 40s storming off for this reason. When my baby was born she was in the hospital holding my baby and did not say hi to my husbands friends and it was the most awkward thing ever but I never made a scene about it.

My mum insisted she take my baby for the day, which was amazing. But once baby got home her nappy was not changed and so I asked my mum and she snapped at me. I just had enough and told her to not speak to me like that when I’m asking about my child.

So now all 3 are on block at the moment. I’m really sick of letting myself get close to them or trusting they won’t flip. It’s such a roller coaster! I just want a normal conversation. A normal interaction. Without someone being passive aggressive or going crazy.

Why is my family like this and how do I manage this? I’m scared my baby isn’t going to have a grandmother or aunties. Help!",
post,FamilyProblems,Why is my family like this?,https://www.reddit.com/r/FamilyProblems/comments/npm97c/why_is_my_family_like_this/,2021-05-31 22:05:00 PDT,3,"I am just so confused why my family create so many issues. Is this narcissism? Codependency? 

Parents divorced when I was in high school so more than 20 years ago.

I think a lot of damage happened to my siblings during this time. 

Sister A) For example eating disorder sibling continuously ignore red flags in all relationships. Shes had I don’t know how many! She hates the nice guys and works really hard to maintain relationships with the useless in society guys. They usually are in debt or just are lazy chameleons. One minute she’s obsessed with them &amp; next, she hates them. The latest is she fell pregnant to someone she knew for only 7 months and now she’s found out he is not financially stable and doesn’t want to be a part of this.

Sister B) Other sister is the passive aggressive sister who also can’t maintain relationships. She goes for rich men. She puts on this front that she is sweet and loving yet if they expect her to pay for things it just goes pear shaped. She’s been engaged twice. Now with the next guy who will hopefully fulfil her dreams of not “working a day in her life”. She tends to overeat but luckily has a faster than normal metabolism. She also needs wardrobe approval from my mother pretty much everyday. She seeks dating advice from my mother. Pretty much everything must be discussed — even if we all go out for dinner, she has difficulty choosing what she wants from the menu so she copies wha my mother orders. She’s 40. If she doesn’t get a direct approval, all hell. breaks loose. There’s an actual issue here but don’t know what.

Parents: dad was a dick and kind of left us for dirt knowing my mother was a stay at home mother with no qualifications. She needed to make ends meet by cleaning neighbours houses. Very degrading but boy did we hear about it and how lucky we were to have her. Basically during the divorce settlement, sister B (around 21 at the time) would continuously start fights with my mum. So I can’t remember a day when there wasn’t a screaming match at home. Very yucky times. Just walking on egg shells with everyone the entire time. If ever I found myself (15 at the time) in a disagreement with my mother, she would ignore me for days and play very loving to the other two siblings. That was very stressful especially my mother knowing my father didn’t have a spare room for me.

I maintained my relationship with my father during this time which no one liked. My mother wanted us all to change our last name to her maiden name which I refused to do. When things got really bad and if my father was away, I’d stay with friends but of course, you have to be careful not to outstay your welcome.

So that’s some background which bring me to today. I’m in my 30s, so is sister A and sister b is 40.

I never was a huge dater, I focused on my career and travelled alone. This distance from family really helped me to heal and now I’m married to an amazing man and have a beautiful baby. My sisters are very close to my mother while I always maintain distance.

Pretty much since I introduced my then-boyfriend/now-husband, it seems everyone has become passive aggressive toward me. Sister B loved to ruin my milestones - when I got engaged, her relationship at the time was falling apart so she was just a mean person toward me. Sister A was manageable but got better when she was dating someone. Her BF at the time (not the baby daddy) actually pointed out how mean sister B was. But sister B hated the fact that sister A was with someone WEALTHY. Remember sister B only dates rich guys and she was single at the time. So she made it a living hell for him. Naturally, he got upset at times and eventually sister A breaks up with him because sister B has somehow got between them. Now sister A loathes him too!

Basically because of these siblings i didn’t get a hens or baby shower. Their radar for ruining my milestones is on point. This was and is hurtful. I just don’t understand why no one can say sorry. My mother and sisters have never uttered the words “sorry”.

Then they promise they will be around to help me with whatever when baby is here. No one is to be seen. They only come at their convenience which is always an inconvenient time for baby (sleep, feeding etc)

Sister B would usually call me knowing I didn’t have the ability to even look at my phone with new baby on board. Then the next day she would say “oh I called you to see if you wanted dinner last nights. Too late now” so why even say it?

Sister A would usually just come over and “do you mind making me a tea” and then proceed to talk about her relationship and barely acknowledge my baby or maybe I’m too tired to make YOU a tea.

My mother would insist on taking baby then get passive aggressive later.

So now I am not talking to any of them because of the following —

Sister A had a meltdown because my mum couldn’t get her magnums on time (pregnancy cravings) and then my mother ignored her for a week. I confronted her and said mum ignoring you is not as bad as how you all treated me during my milestones. Then she went crazy off the rails and basically told me my husband and I were bullies and so many horrible things. She wrote me an essay of an email. I can’t get past the email, it is the worst thing anyone has written to anyone and I have only ever been helpful to her especially during this pregnancy predicament she’s got herself into. So I just can’t talk to her at the moment. Im struggling to see myself at the hospital to meet her baby. That’s how awful the email was.

Sister B - She stormed off the other day because I didn’t engaged in a conversation with her friend in the lift because I was wearing my baby in the carrier and was trying to adjust a strap without letting my baby fall so because I only said “hello” that made me very rude. I just cannot deal with someone in their 40s storming off for this reason. When my baby was born she was in the hospital holding my baby and did not say hi to my husbands friends and it was the most awkward thing ever but I never made a scene about it.

My mum insisted she take my baby for the day, which was amazing. But once baby got home her nappy was not changed and so I asked my mum and she snapped at me. I just had enough and told her to not speak to me like that when I’m asking about my child.

So now all 3 are on block at the moment. I’m really sick of letting myself get close to them or trusting they won’t flip. It’s such a roller coaster! I just want a normal conversation. A normal interaction. Without someone being passive aggressive or going crazy.

Why is my family like this and how do I manage this? I’m scared my baby isn’t going to have a grandmother or aunties. Help!",
post,psychologist,Why is my family like this?,https://www.reddit.com/r/psychologist/comments/npm8le/why_is_my_family_like_this/,2021-05-31 22:03:55 PDT,4,"I am just so confused why my family create so many issues. Is this narcissism? Codependency? 

Parents divorced when I was in high school so more than 20 years ago.

I think a lot of damage happened to my siblings during this time. 

Sister A) For example eating disorder sibling continuously ignore red flags in all relationships. Shes had I don’t know how many! She hates the nice guys and works really hard to maintain relationships with the useless in society guys. They usually are in debt or just are lazy chameleons. One minute she’s obsessed with them &amp; next, she hates them. The latest is she fell pregnant to someone she knew for only 7 months and now she’s found out he is not financially stable and doesn’t want to be a part of this.

Sister B) Other sister is the passive aggressive sister who also can’t maintain relationships. She goes for rich men. She puts on this front that she is sweet and loving yet if they expect her to pay for things it just goes pear shaped. She’s been engaged twice. Now with the next guy who will hopefully fulfil her dreams of not “working a day in her life”. She tends to overeat but luckily has a faster than normal metabolism. She also needs wardrobe approval from my mother pretty much everyday. She seeks dating advice from my mother. Pretty much everything must be discussed — even if we all go out for dinner, she has difficulty choosing what she wants from the menu so she copies wha my mother orders. She’s 40. If she doesn’t get a direct approval, all hell. breaks loose. There’s an actual issue here but don’t know what.

Parents: dad was a dick and kind of left us for dirt knowing my mother was a stay at home mother with no qualifications. She needed to make ends meet by cleaning neighbours houses. Very degrading but boy did we hear about it and how lucky we were to have her. Basically during the divorce settlement, sister B (around 21 at the time) would continuously start fights with my mum. So I can’t remember a day when there wasn’t a screaming match at home. Very yucky times. Just walking on egg shells with everyone the entire time. If ever I found myself (15 at the time) in a disagreement with my mother, she would ignore me for days and play very loving to the other two siblings. That was very stressful especially my mother knowing my father didn’t have a spare room for me.

I maintained my relationship with my father during this time which no one liked. My mother wanted us all to change our last name to her maiden name which I refused to do. When things got really bad and if my father was away, I’d stay with friends but of course, you have to be careful not to outstay your welcome.

So that’s some background which bring me to today. I’m in my 30s, so is sister A and sister b is 40.

I never was a huge dater, I focused on my career and travelled alone. This distance from family really helped me to heal and now I’m married to an amazing man and have a beautiful baby. My sisters are very close to my mother while I always maintain distance.

Pretty much since I introduced my then-boyfriend/now-husband, it seems everyone has become passive aggressive toward me. Sister B loved to ruin my milestones - when I got engaged, her relationship at the time was falling apart so she was just a mean person toward me. Sister A was manageable but got better when she was dating someone. Her BF at the time (not the baby daddy) actually pointed out how mean sister B was. But sister B hated the fact that sister A was with someone WEALTHY. Remember sister B only dates rich guys and she was single at the time. So she made it a living hell for him. Naturally, he got upset at times and eventually sister A breaks up with him because sister B has somehow got between them. Now sister A loathes him too!

Basically because of these siblings i didn’t get a hens or baby shower. Their radar for ruining my milestones is on point. This was and is hurtful. I just don’t understand why no one can say sorry. My mother and sisters have never uttered the words “sorry”.

Then they promise they will be around to help me with whatever when baby is here. No one is to be seen. They only come at their convenience which is always an inconvenient time for baby (sleep, feeding etc)

Sister B would usually call me knowing I didn’t have the ability to even look at my phone with new baby on board. Then the next day she would say “oh I called you to see if you wanted dinner last nights. Too late now” so why even say it?

Sister A would usually just come over and “do you mind making me a tea” and then proceed to talk about her relationship and barely acknowledge my baby or maybe I’m too tired to make YOU a tea.

My mother would insist on taking baby then get passive aggressive later.

So now I am not talking to any of them because of the following —

Sister A had a meltdown because my mum couldn’t get her magnums on time (pregnancy cravings) and then my mother ignored her for a week. I confronted her and said mum ignoring you is not as bad as how you all treated me during my milestones. Then she went crazy off the rails and basically told me my husband and I were bullies and so many horrible things. She wrote me an essay of an email. I can’t get past the email, it is the worst thing anyone has written to anyone and I have only ever been helpful to her especially during this pregnancy predicament she’s got herself into. So I just can’t talk to her at the moment. Im struggling to see myself at the hospital to meet her baby. That’s how awful the email was.

Sister B - She stormed off the other day because I didn’t engaged in a conversation with her friend in the lift because I was wearing my baby in the carrier and was trying to adjust a strap without letting my baby fall so because I only said “hello” that made me very rude. I just cannot deal with someone in their 40s storming off for this reason. When my baby was born she was in the hospital holding my baby and did not say hi to my husbands friends and it was the most awkward thing ever but I never made a scene about it.

My mum insisted she take my baby for the day, which was amazing. But once baby got home her nappy was not changed and so I asked my mum and she snapped at me. I just had enough and told her to not speak to me like that when I’m asking about my child.

So now all 3 are on block at the moment. I’m really sick of letting myself get close to them or trusting they won’t flip. It’s such a roller coaster! I just want a normal conversation. A normal interaction. Without someone being passive aggressive or going crazy.

Why is my family like this and how do I manage this? I’m scared my baby isn’t going to have a grandmother or aunties. Help!",
post,narcissisticparents,Can anyone relate?,https://www.reddit.com/r/narcissisticparents/comments/nplnhv/can_anyone_relate/,2021-05-31 21:27:27 PDT,2,"I am just so confused why my family create so many issues. Is this narcissism? Codependency? 

Parents divorced when I was in high school so more than 20 years ago.

I think a lot of damage happened to my siblings during this time. 

Sister A) For example eating disorder sibling continuously ignore red flags in all relationships. Shes had I don’t know how many! She hates the nice guys and works really hard to maintain relationships with the useless in society guys. They usually are in debt or just are lazy chameleons. One minute she’s obsessed with them &amp; next, she hates them. The latest is she fell pregnant to someone she knew for only 7 months and now she’s found out he is not financially stable and doesn’t want to be a part of this.

Sister B) Other sister is the passive aggressive sister who also can’t maintain relationships. She goes for rich men. She puts on this front that she is sweet and loving yet if they expect her to pay for things it just goes pear shaped. She’s been engaged twice. Now with the next guy who will hopefully fulfil her dreams of not “working a day in her life”. She tends to overeat but luckily has a faster than normal metabolism. She also needs wardrobe approval from my mother pretty much everyday. She seeks dating advice from my mother. Pretty much everything must be discussed — even if we all go out for dinner, she has difficulty choosing what she wants from the menu so she copies wha my mother orders. She’s 40. If she doesn’t get a direct approval, all hell. breaks loose. There’s an actual issue here but don’t know what.

Parents: dad was a dick and kind of left us for dirt knowing my mother was a stay at home mother with no qualifications. She needed to make ends meet by cleaning neighbours houses. Very degrading but boy did we hear about it and how lucky we were to have her. Basically during the divorce settlement, sister B (around 21 at the time) would continuously start fights with my mum. So I can’t remember a day when there wasn’t a screaming match at home. Very yucky times. Just walking on egg shells with everyone the entire time. If ever I found myself (15 at the time) in a disagreement with my mother, she would ignore me for days and play very loving to the other two siblings. That was very stressful especially my mother knowing my father didn’t have a spare room for me.

I maintained my relationship with my father during this time which no one liked. My mother wanted us all to change our last name to her maiden name which I refused to do. When things got really bad and if my father was away, I’d stay with friends but of course, you have to be careful not to outstay your welcome.

So that’s some background which bring me to today. I’m in my 30s, so is sister A and sister b is 40.

I never was a huge dater, I focused on my career and travelled alone. This distance from family really helped me to heal and now I’m married to an amazing man and have a beautiful baby. My sisters are very close to my mother while I always maintain distance.

Pretty much since I introduced my then-boyfriend/now-husband, it seems everyone has become passive aggressive toward me. Sister B loved to ruin my milestones - when I got engaged, her relationship at the time was falling apart so she was just a mean person toward me. Sister A was manageable but got better when she was dating someone. Her BF at the time (not the baby daddy) actually pointed out how mean sister B was. But sister B hated the fact that sister A was with someone WEALTHY. Remember sister B only dates rich guys and she was single at the time. So she made it a living hell for him. Naturally, he got upset at times and eventually sister A breaks up with him because sister B has somehow got between them. Now sister A loathes him too!

Basically because of these siblings i didn’t get a hens or baby shower. Their radar for ruining my milestones is on point. This was and is hurtful. I just don’t understand why no one can say sorry. My mother and sisters have never uttered the words “sorry”.

Then they promise they will be around to help me with whatever when baby is here. No one is to be seen. They only come at their convenience which is always an inconvenient time for baby (sleep, feeding etc)

Sister B would usually call me knowing I didn’t have the ability to even look at my phone with new baby on board. Then the next day she would say “oh I called you to see if you wanted dinner last nights. Too late now” so why even say it?

Sister A would usually just come over and “do you mind making me a tea” and then proceed to talk about her relationship and barely acknowledge my baby or maybe I’m too tired to make YOU a tea.

My mother would insist on taking baby then get passive aggressive later.

So now I am not talking to any of them because of the following —

Sister A had a meltdown because my mum couldn’t get her magnums on time (pregnancy cravings) and then my mother ignored her for a week. I confronted her and said mum ignoring you is not as bad as how you all treated me during my milestones. Then she went crazy off the rails and basically told me my husband and I were bullies and so many horrible things. She wrote me an essay of an email. I can’t get past the email, it is the worst thing anyone has written to anyone and I have only ever been helpful to her especially during this pregnancy predicament she’s got herself into. So I just can’t talk to her at the moment. Im struggling to see myself at the hospital to meet her baby. That’s how awful the email was.

Sister B - She stormed off the other day because I didn’t engaged in a conversation with her friend in the lift because I was wearing my baby in the carrier and was trying to adjust a strap without letting my baby fall so because I only said “hello” that made me very rude. I just cannot deal with someone in their 40s storming off for this reason. When my baby was born she was in the hospital holding my baby and did not say hi to my husbands friends and it was the most awkward thing ever but I never made a scene about it.

My mum insisted she take my baby for the day, which was amazing. But once baby got home her nappy was not changed and so I asked my mum and she snapped at me. I just had enough and told her to not speak to me like that when I’m asking about my child.

So now all 3 are on block at the moment. I’m really sick of letting myself get close to them or trusting they won’t flip. It’s such a roller coaster! I just want a normal conversation. A normal interaction. Without someone being passive aggressive or going crazy.

Why is my family like this and how do I manage this? I’m scared my baby isn’t going to have a grandmother or aunties. Help!",
post,relationship_advice,What is wrong with my family?,https://www.reddit.com/r/relationship_advice/comments/np1nmy/what_is_wrong_with_my_family/,2021-05-31 04:53:43 PDT,1,"I am just so confused why my family create so many issues. Is this narcissism? Codependency? 

*TLDR: I don’t know how to manage passive aggressive family but want my baby to have a grandmother and aunts.*

Parents divorced when I was in high school so more than 20 years ago.

I think a lot of damage happened to my siblings during this time. 

Sister A) For example eating disorder sibling continuously ignore red flags in all relationships. Shes had I don’t know how many! She hates the nice guys and works really hard to maintain relationships with the useless in society guys. They usually are in debt or just are lazy chameleons. One minute she’s obsessed with them &amp; next, she hates them. The latest is she fell pregnant to someone she knew for only 7 months and now she’s found out he is not financially stable and doesn’t want to be a part of this.

Sister B) Other sister is the passive aggressive sister who also can’t maintain relationships. She goes for rich men. She puts on this front that she is sweet and loving yet if they expect her to pay for things it just goes pear shaped. She’s been engaged twice. Now with the next guy who will hopefully fulfil her dreams of not “working a day in her life”. She tends to overeat but luckily has a faster than normal metabolism. She also needs wardrobe approval from my mother pretty much everyday. She seeks dating advice from my mother. Pretty much everything must be discussed — even if we all go out for dinner, she has difficulty choosing what she wants from the menu so she copies wha my mother orders. She’s 40. If she doesn’t get a direct approval, all hell. breaks loose. There’s an actual issue here but don’t know what.

Parents: dad was a dick and kind of left us for dirt knowing my mother was a stay at home mother with no qualifications. She needed to make ends meet by cleaning neighbours houses. Very degrading but boy did we hear about it and how lucky we were to have her. Basically during the divorce settlement, sister B (around 21 at the time) would continuously start fights with my mum. So I can’t remember a day when there wasn’t a screaming match at home. Very yucky times. Just walking on egg shells with everyone the entire time. If ever I found myself (15 at the time) in a disagreement with my mother, she would ignore me for days and play very loving to the other two siblings. That was very stressful especially my mother knowing my father didn’t have a spare room for me.

I maintained my relationship with my father during this time which no one liked. My mother wanted us all to change our last name to her maiden name which I refused to do. When things got really bad and if my father was away, I’d stay with friends but of course, you have to be careful not to outstay your welcome.

So that’s some background which bring me to today. I’m in my 30s, so is sister A and sister b is 40.

I never was a huge dater, I focused on my career and travelled alone. This distance from family really helped me to heal and now I’m married to an amazing man and have a beautiful baby. My sisters are very close to my mother while I always maintain distance.

Pretty much since I introduced my then-boyfriend/now-husband, it seems everyone has become passive aggressive toward me. Sister B loved to ruin my milestones - when I got engaged, her relationship at the time was falling apart so she was just a mean person toward me. Sister A was manageable but got better when she was dating someone. Her BF at the time (not the baby daddy) actually pointed out how mean sister B was. But sister B hated the fact that sister A was with someone WEALTHY. Remember sister B only dates rich guys and she was single at the time. So she made it a living hell for him. Naturally, he got upset at times and eventually sister A breaks up with him because sister B has somehow got between them. Now sister A loathes him too!

Basically because of these siblings i didn’t get a hens or baby shower. Their radar for ruining my milestones is on point. This was and is hurtful. I just don’t understand why no one can say sorry. My mother and sisters have never uttered the words “sorry”.

Then they promise they will be around to help me with whatever when baby is here. No one is to be seen. They only come at their convenience which is always an inconvenient time for baby (sleep, feeding etc)

Sister B would usually call me knowing I didn’t have the ability to even look at my phone with new baby on board. Then the next day she would say “oh I called you to see if you wanted dinner last nights. Too late now” so why even say it?

Sister A would usually just come over and “do you mind making me a tea” and then proceed to talk about her relationship and barely acknowledge my baby or maybe I’m too tired to make YOU a tea.

My mother would insist on taking baby then get passive aggressive later.

So now I am not talking to any of them because of the following —

Sister A had a meltdown because my mum couldn’t get her magnums on time (pregnancy cravings) and then my mother ignored her for a week. I confronted her and said mum ignoring you is not as bad as how you all treated me during my milestones. Then she went crazy off the rails and basically told me my husband and I were bullies and so many horrible things. She wrote me an essay of an email. I can’t get past the email, it is the worst thing anyone has written to anyone and I have only ever been helpful to her especially during this pregnancy predicament she’s got herself into. So I just can’t talk to her at the moment. Im struggling to see myself at the hospital to meet her baby. That’s how awful the email was.

Sister B - She stormed off the other day because I didn’t engaged in a conversation with her friend in the lift because I was wearing my baby in the carrier and was trying to adjust a strap without letting my baby fall so because I only said “hello” that made me very rude. I just cannot deal with someone in their 40s storming off for this reason. When my baby was born she was in the hospital holding my baby and did not say hi to my husbands friends and it was the most awkward thing ever but I never made a scene about it.

My mum insisted she take my baby for the day, which was amazing. But once baby got home her nappy was not changed and so I asked my mum and she snapped at me. I just had enough and told her to not speak to me like that when I’m asking about my child.

So now all 3 are on block at the moment. I’m really sick of letting myself get close to them or trusting they won’t flip. It’s such a roller coaster! I just want a normal conversation. A normal interaction. Without someone being passive aggressive or going crazy.

Why is my family like this and how do I manage this? I’m scared my baby isn’t going to have a grandmother or aunties. Help!",
post,relationship_advice,"Living with BF’s passive aggressive sister is taking a huge toll on me, don’t know what to do anymore.",https://www.reddit.com/r/relationship_advice/comments/mqer03/living_with_bfs_passive_aggressive_sister_is/,2021-04-13 16:56:40 PDT,1,"My BF (23M) and I (23F) have been together over two years and live together. We moved into his single sister’s (30F) place, as she was out of state and wanted to rent it. She unexpectedly was asked to relocate back here for her job. So we moved out of the master bedroom and into another bedroom. She wanted us as renters and the COVID-19 pandemic had caused reduced hours for both my BF and I - so we figured staying here would be best. 
It’s been almost 8 months living all together and I can truly see the negative affects it’s had on my mental health. My anxiety is through the roof 90% of the time she’s home. Her passive aggressive behavior doesn’t mix well with me already having really bad anxiety and suffering from perfectionism (from dealing with an extremely strict, narcissistic parent I had to walk on egg shells around). I’m on call for my job as a front line worker, so I have to stay home/close to home often and when she’s home I just hide in our room now. She works all day on her laptop at the kitchen table, so it feels like she’s always monitoring us - we have to be quiet/can’t cook all day because she’s on the phone. 
Few examples of recent passive aggressive behavior:
- I put a blanket of mine in a shared closet and she threw it out because “she didn’t want it in there &amp; there was too many blankets.” 
- we were running low on cooking oil, so she hid the cooking oil dispenser in her bedroom until we bought more oil. 
- she constantly walks into our bathroom and turns off the bathroom lights/fan as soon as either of us step out of the shower, even though we plan on going back in.
- she has put certain dishes of mine in our bedroom because she didn’t want them in the kitchen cupboards for whatever reason. She even got mad I put one of my small plants in the common space to get more sun - needless to say none of our stuff is in the shared space anymore.

These things may seem silly, but it’s been so difficult dealing with something different everyday. I feel like I’m always doing something wrong - even though I keep to myself when my bf isn’t home, keep our room/the common spaces very clean and believe I am easy going/considerate?
I’ve talked to my BF before about it and moving out soon, but we unfortunately can’t afford it at the moment (we will sometime this year). He just briefly apologizes/says it’s saving money, but he also doesn’t really get it as it’s his sibling he’s grown up with. He has no idea how much it’s taken a toll on me. 
Their brother’s fiancé even said to me recently “I don’t know how you live with *bf’s sister* ... I could never do it.” Agh that sure didn’t help. I’m not sure what to do anymore or what the right answer is... I’m just having a really hard time because of this. Any/all advice would be appreciated...",
post,passiveaggressive,Passive aggressive sister,https://www.reddit.com/r/passiveaggressive/comments/m7qieq/passive_aggressive_sister/,2021-03-18 06:13:04 PDT,1,[deleted],
post,dirtypenpals,[M4F] Quarantine with my older sexually confident and aggressive sister,https://www.reddit.com/r/dirtypenpals/comments/m0cngi/m4f_quarantine_with_my_older_sexually_confident/,2021-03-08 02:06:31 PST,1,"Lockdown is hard for everyone, but I have to say it's EXTREMELY hard for me. I'm stuck inside with my older sister, Glenda, who is as they say a woman of the world. She walks around all day in her short shorts, texting and clearly frustrated that she can't get out more. She's very sexually active, she is pretty open about it, and being cooped up isn't her doing any good. Maybe that's why she looks at me, when she thinks I'm not paying attention, biting her lip, and I swear sometimes she spies on me in the shower. Probably just my imagination.

Hi there, I want to be play a young, (19) year old, nerdy guy (who happens to have a massive, 9 inch cock) who's stuck inside with his hot, older sister (can be step as well). This can be a slow burn, or we can jump right into it, but the main thing is that you are the initiator, you are the predator and I am the prey.

I'm pretty flexible, although my limits are scat, watersports, blood, gore. I like dubcom but receiving and I definitely play more submissive. I love cock worship, being called a good boy, good writing and lots of foreplay.

Oh and reference pics for characters is important, although I can supply if needed.",
post,dirtypenpals,[M4F] Quarantine with my older sexually confident and aggressive sister,https://www.reddit.com/r/dirtypenpals/comments/lr6big/m4f_quarantine_with_my_older_sexually_confident/,2021-02-23 23:05:07 PST,1,"Lockdown is hard for everyone, but I have to say it's EXTREMELY hard for me. I'm stuck inside with my older sister, Glenda, who is as they say a woman of the world. She walks around all day in her short shorts, texting and clearly frustrated that she can't get out more. She's very sexually active, she is pretty open about it, and being cooped up isn't her doing any good. Maybe that's why she looks at me, when she thinks I'm not paying attention, biting her lip, and I swear sometimes she spies on me in the shower. Probably just my imagination.

Hi there, I want to be play a young, (19) year old, nerdy guy (who happens to have a massive, 9 inch cock) who's stuck inside with his hot, older sister (can be step as well). This can be a slow burn, or we can jump right into it, but the main thing is that you are the initiator, you are the predator and I am the prey.

I'm pretty flexible, although my limits are scat, watersports, blood, gore. I like dubcom but receiving and I definitely play more submissive. I love cock worship, being called a good boy, good writing and lots of foreplay.

Oh and reference pics for characters is important, although I can supply if needed.",
post,dirtypenpals,[M4F] Quarantine with my older sexually confident and aggressive sister,https://www.reddit.com/r/dirtypenpals/comments/la2lig/m4f_quarantine_with_my_older_sexually_confident/,2021-02-01 05:04:21 PST,1,"Lockdown is hard for everyone, but I have to say it's EXTREMELY hard for me. I'm stuck inside with my older sister, Glenda, who is as they say a woman of the world. She walks around all day in her short shorts, texting and clearly frustrated that she can't get out more. She's very sexually active, she is pretty open about it, and being cooped up isn't her doing any good. Maybe that's why she looks at me, when she thinks I'm not paying attention, biting her lip, and I swear sometimes she spies on me in the shower. Probably just my imagination.

Hi there, I want to be play a young, (19) year old, nerdy guy (who happens to have a massive, 9 inch cock) who's stuck inside with his hot, older sister (can be step as well). This can be a slow burn, or we can jump right into it, but the main thing is that you are the initiator, you are the predator and I am the prey.

I'm pretty flexible, although my limits are scat, watersports, blood, gore. I like dubcom but receiving and I definitely play more submissive. I love cock worship, being called a good boy, good writing and lots of foreplay.

Oh and reference pics for characters is important, although I can supply if needed.",
post,dirtypenpals,[M4F] Quarantine with my older sexually confident and aggressive sister,https://www.reddit.com/r/dirtypenpals/comments/kry3tx/m4f_quarantine_with_my_older_sexually_confident/,2021-01-06 13:52:05 PST,1,"Lockdown is hard for everyone, but I have to say it's EXTREMELY hard for me. I'm stuck inside with my older sister, Glenda, who is as they say a woman of the world. She walks around all day in her short shorts, texting and clearly frustrated that she can't get out more. She's very sexually active, she is pretty open about it, and being cooped up isn't her doing any good. Maybe that's why she looks at me, when she thinks I'm not paying attention, biting her lip, and I swear sometimes she spies on me in the shower. Probably just my imagination.

Hi there, I want to be play a young, (19) year old, nerdy guy (who happens to have a massive, 9 inch cock) who's stuck inside with his hot, older sister (can be step as well). This can be a slow burn, or we can jump right into it, but the main thing is that you are the initiator, you are the predator and I am the prey.

I'm pretty flexible, although my limits are scat, watersports, blood, gore. I like dubcom but receiving and I definitely play more submissive. I love cock worship, being called a good boy, good writing and lots of foreplay.

Oh and reference pics for characters is important, although I can supply if needed.",
post,LetsWriteADirtyStory,[M4F] Quarantine with my older sexually confident and aggressive sister,https://www.reddit.com/r/LetsWriteADirtyStory/comments/kprrsy/m4f_quarantine_with_my_older_sexually_confident/,2021-01-03 12:02:22 PST,1,"Lockdown is hard for everyone, but I have to say it's EXTREMELY hard for me. I'm stuck inside with my older sister, Glenda, who is as they say a woman of the world. She walks around all day in her short shorts, texting and clearly frustrated that she can't get out more. She's very sexually active, she is pretty open about it, and being cooped up isn't her doing any good. Maybe that's why she looks at me, when she thinks I'm not paying attention, biting her lip, and I swear sometimes she spies on me in the shower. Probably just my imagination.

Hi there, I want to be play a young, (19) year old, nerdy guy (who happens to have a massive, 9 inch cock) who's stuck inside with his hot, older sister (can be step as well). This can be a slow burn, or we can jump right into it, but the main thing is that you are the initiator, you are the predator and I am the prey.

I'm pretty flexible, although my limits are scat, watersports, blood, gore. I like dubcom but receiving and I definitely play more submissive. I love cock worship, being called a good boy, good writing and lots of foreplay.

Oh and reference pics for characters is important, although I can supply if needed.",
post,dirtypenpals,[M4F] Quarantine with my older sexually confident and aggressive sister,https://www.reddit.com/r/dirtypenpals/comments/knvvs7/m4f_quarantine_with_my_older_sexually_confident/,2020-12-31 11:03:08 PST,1,"Lockdown is hard for everyone, but I have to say it's EXTREMELY hard for me. I'm stuck inside with my older sister, Glenda, who is as they say a woman of the world. She walks around all day in her short shorts, texting and clearly frustrated that she can't get out more. She's very sexually active, she is pretty open about it, and being cooped up isn't her doing any good. Maybe that's why she looks at me, when she thinks I'm not paying attention, biting her lip, and I swear sometimes she spies on me in the shower. Probably just my imagination.

Hi there, I want to be play a young, (19) year old, nerdy guy (who happens to have a massive, 9 inch cock) who's stuck inside with his hot, older sister (can be step as well). This can be a slow burn, or we can jump right into it, but the main thing is that you are the initiator, you are the predator and I am the prey.

I'm pretty flexible, although my limits are scat, watersports, blood, gore. I like dubcom but receiving and I definitely play more submissive. I love cock worship, being called a good boy, good writing and lots of foreplay.

Oh and reference pics for characters is important, although I can supply if needed.",
post,NarcissisticAbuse,Narcs (?) not following the script,https://www.reddit.com/r/NarcissisticAbuse/comments/kl2jnj/narcs_not_following_the_script/,2020-12-27 04:01:20 PST,0,"So I've been on here a bit, and I've seen some commonalities, and I'm just wondering if I'm the narc here.  Summing things up.

Mother: Lots of neglect, physical abuse, gaslighting statements like ""I know you better than you know yourself"" and a strong tendency to make me forgive my violent, aggressive sister for literally anything. Forced me to tag along to my niece's funeral (I had no interest in being supportive to someone who had attacked me so frequently).  Didn't respect any boundaries I tried to set, EXCEPT for when I made it clear I wanted to go NC.  Haven't heard a word from her in 5 years.

Ex: Physical abuse, kinkshaming, started fights over literally nothing (and often right before bed or before work), took no responsibility for anything she didn't want to. Claimed to be a domestic (no kids), but only cooked, leaving all the household chores for me so she could spend 16 hours a day on her hobbies.  Convinced me that anyone who said she was a bad influence on me (read: everyone who knew me) was a shitty person and I should ditch them.  Used me as an emotional crutch for a month or so after the split, and has respected VLC since (we still live together, because reasons).

Old Friend: Phased me out. told me later it was because he was convinced I'd suddenly become a horrible person.  Made a huge show (behind my back) of not wanting to come over whenever I offered to host DnD.  Stopped being friends with me for over a year, then came back saying it ""felt weird to not be friends"" and ""if we'd met as adults, we would've never become friends"". I'm still reeling from that last one and the idea of being ""a friend by tenure, and not any actual value"" 8 years later. Has respected NC.

I don't have anyone in my life anymore, save one friend I've made online.  Everyone has either cut me out of their life, gone so low contact that I've basically cut them out, or they've treated me poorly and I've actively cut them out.  I know I've lost a couple friends because I wouldn't (couldn't?) leave my ex.  I've even been in a few workplaces where someone has decided they don't like me and actively attempts to get me fired.  And nobody I've kicked out of my life has done any Hoovering - something I see very often in stories here.

I don't like drama, I don't spread gossip, I don't do most of the things that Narcs are renowned for, but I'm also the common factor in all of these.  I've never seen a healthy inter-personal relationship, everything has power dynamics or smack talk about ""loved ones"" the moment they're out of the room. I hate attention, I don't think I'm anything particularly special, and I don't \*think\* I gaslight, but my memory has been so fucked up from a decade of having it happen to me that I don't know if I'm doing it or not anymore.

Occam's Razor - either just about everyone I know is a Narc, or I'm one in denial.  And the second one seems a lot more plausible. Am I the problem here?",
post,JUSTNOFAMILY,Aggressive sister raged on Christmas Day,https://www.reddit.com/r/JUSTNOFAMILY/comments/kklbqa/aggressive_sister_raged_on_christmas_day/,2020-12-26 08:36:09 PST,9,[removed],
post,AmITheAngel,Tis’ the season for passive aggressive sister in laws,https://www.reddit.com/r/AmITheAngel/comments/kfsle1/tis_the_season_for_passive_aggressive_sister_in/,2020-12-18 12:08:10 PST,2,,https://i.redd.it/tabnacmr50661.jpg
post,misophonia,Passive aggressive sister,https://www.reddit.com/r/misophonia/comments/jgx3v8/passive_aggressive_sister/,2020-10-23 15:16:33 PDT,1,[removed],
post,CelebWouldYouRather,"Would you rather have Hailee Steinfeld as your slutty neighbors daughter, Alex Daddario as your cheating co worker or Kate Mara as your passiv aggressive sister-in-law and what would you do?",https://www.reddit.com/r/CelebWouldYouRather/comments/j90g5x/would_you_rather_have_hailee_steinfeld_as_your/,2020-10-10 23:30:26 PDT,43,,https://i.redd.it/fvdrnx0xtes51.jpg
post,rant,So sick of my passive aggressive sisTer,https://www.reddit.com/r/rant/comments/j15l61/so_sick_of_my_passive_aggressive_sister/,2020-09-27 21:32:21 PDT,1,[deleted],
post,SquidgyAndFriends,"Squidgy's ""aggressive"" sister, Nim on day 2 of taming...a bigger cage and some TLC goes a long way y'all",https://www.reddit.com/r/SquidgyAndFriends/comments/izu7pl/squidgys_aggressive_sister_nim_on_day_2_of/,2020-09-25 16:05:34 PDT,19,,https://v.redd.it/kyh95p8mkdp51
post,JUSTNOFAMILY,The passive aggressive sister-in-law,https://www.reddit.com/r/JUSTNOFAMILY/comments/iu0l2j/the_passive_aggressive_sisterinlaw/,2020-09-16 10:48:56 PDT,18,"My husband's mom and sister are best buds. I have always felt my SIL was the Golden child, my in-laws have always seemed to ignore or scapegoat my husband. They would go weeks, even months without talking to him if he didn't initiate, with the occasional (few times a year?) Initiation from them. 

Obviously that's the same with the grandchildren. Like my husband, my kids are autistic (so are all my ILs, IMO, but my family has the more severe and obvious symptoms). 

My husband and his sister have never been close. They might speak a few times a year. They planned to visit during the pandemic, we told them we weren't seeing anyone. We thought they weren't coming, then announced they were, and acted surprised when we reiterated we weren't seeing anyone. 

A few weeks later I invited SIL's family to a virtual birthday party (we are still providing all food &amp; drinks). We have never been invited to a party for her kids, understandable given distance. She opens it, ignored it, and immediately went to social media to post: ""don't let people pop in and out of your life. Don't be used.""

I find this amazing on many levels - not least of which they have always been happy to use us as free lodging, for free food, and free admission with memberships we hold. I have never forgotten a birthday or Christmas for their kids (the same hasn't always been true in reverse).  We stayed with them one time, several years ago. 

I thought everyone here was fine with a distant relationship. I gave up on more years ago, but never would have flung anything at them on social media. 

I do find that physical and emotional distance sad. My husband is left completely out of the loop, but seems fine with it. I've accepted it too. 

I don't intend to acknowledge it, I will continue sending gifts for the kids' events whether she chooses to just ignore mine or not. 

This relationship isn't for me to fix imo. I don't know if my husband has pieced together what his sister's social media posts are about or not. I feel it's my husband's responsibility to tell them about and get them into our kids' lives, not mine. I gave up on that when his parents and his sister seemed so indifferent to our kids. 

Do you think I'm handling this ""right""?",
post,characterdrawing,[LFA] Kali and Arnis - Protector Monks of the Incense High Priestess,https://www.reddit.com/r/characterdrawing/comments/iglcda/lfa_kali_and_arnis_protector_monks_of_the_incense/,2020-08-25 14:19:01 PDT,3,"Kali (Kensei Monk/Samurai Fighter) and Arnis (Smoking Lung Monk/War Cleric)

**Appearances**

[Moodboard and Inspirations](https://imgur.com/a/K7OYK3g)

*Kali*

Kali is a muscular female in her early 30’s, and has dark tan skin with long braided black hair.

Has a couple of scars on her body (artist choice on where)

Wears a cyan round neck tank top with exposed sleeves and white shorts that go down to below her knees and wears a brown cloth belt with a long loincloth 

Wields a set of Butterfly swords with pinkish/purple handle guards 

Has a few highlights of pinkish/purple metal throughout her design

*Arnis*

Arnis is a female in her late 20’s and is also muscular, but slimmer compared to Kali

Same dark tan skin with her hair braided with hair loops

Wears a set of white and blue monk martial art robes with a gold colored cloth belt

Wears a wide brim straw hat

Wields a metal meteor hammer with one end being metal weight and metal spike on the other end

Like Kali, Arnis has a few highlights of that pinkish/purple metal

*(This is all up to artistic interpretation please feel free to put your own spin on it!)*

**Personalities**

*Kali*

Kali is the hot head of the sisters, prone to anger and competitiveness very easily. People have wondered how she became the head priestess’s bodyguard, that is until they see her in action, easily taking down her opponents. Due to her impatience she isn’t that great at her non-combative tasks and she isn’t as spiritually connected as her sister, but she is easily the greatest warrior in the tribe.

*Arnis* 

Arnis is calm and gentle soul, especially when compared to her aggressive sister. She is well known for being a wealth of spiritual guidance, being a great spiritual help from time to time to the High Priestess as well as she is a great protector. She is said to be so well connected to the Creator that She gifted Arnis the ability to control smoke to help her in her battles. 

**Backstory**

Kali and Arnis grew up together in the monastery of their village, born with the purpose to be devote monks of the Creator, the maker of all and the deity the tribes worship, mainly by giving gifts of incense lit to honor Her. However, as the two sisters grew up, their talents and abilities started to earn them fame in the village. This caught the eyes of the newest High Priestess, coincidentally a childhood friend of the sisters and when the two finished their training they were asked to be the protectors and bodyguards of the high temple, and especially the High Priestess. No monk had ever been able to entire the temple, so Kali and Arnis accepted the Priestess’s offer. Now, they not only protect the dozens of priestesses living in the temple and guard the High Priestess herself, but they have become the symbols of the Creator’s strength and protecting spirit.

**Final Thoughts**

Hey yall! This is an LFA of a set of characters set in the Incense Tribe created by u/butter_otter . Its really really cool and I thought would be a fun idea for some characters. 

Thanks for reading! If you have any questions please feel free to ask!",
post,beagles,Betty getting the last laugh after waiting for her slightly aggressive sister to fall asleep so she could lay down next to her without being attacked,https://www.reddit.com/r/beagles/comments/hwikw6/betty_getting_the_last_laugh_after_waiting_for/,2020-07-23 09:19:54 PDT,38,,https://i.redd.it/8ryl8io5umc51.jpg
post,AmericanHorrorStory,is american horror story based on real housewives?,https://www.reddit.com/r/AmericanHorrorStory/comments/hbc28x/is_american_horror_story_based_on_real_housewives/,2020-06-18 03:25:49 PDT,61,"i’ve been watching a lot of reality tv during quarantine and after finishing the Scary Island episode of RHONY i must ask: do we think there is any degree of inspiration from Real Housewives in some of the plotlines / character dynamics of ahs?

1. (RHONY) kelly’s paranoia that bethenny is trying to kill her/ruin her reputation in the tabloids ~ ally’s (Ivy-induced) paranoia throughout AHS Cult

2. (RHOBH) kyle and kim richards’ dark twisted jealousy relationship; kyle being the younger more aggressive sister yearning to cut ties and relinquish responsibility of being her sister’s keeper and kim being the downtrodden nonconfrontational single mom (circa szn 1) ~ bette &amp; dot tattler’s literal physical fusion together as sisters (also in showbiz); bette dreaming of surgical removal from her sister despite the possibility of casualty during AHS Freak Show

i cant think of any more examples rn but ill add more when i do.. lmk if i’m on to something or just binging too much o_0",
post,DirtyKIKRoleplay,I need ANYONE to RP as my Aggressive Sister who really wants my dick,https://www.reddit.com/r/DirtyKIKRoleplay/comments/gro8k7/i_need_anyone_to_rp_as_my_aggressive_sister_who/,2020-05-27 10:34:02 PDT,1,[removed],
post,relationship_advice,How do I deal with a passive aggressive sister constantly making snide comments and my mom always takes her side?,https://www.reddit.com/r/relationship_advice/comments/gkzzna/how_do_i_deal_with_a_passive_aggressive_sister/,2020-05-16 11:49:08 PDT,1,[deleted],
post,domesticviolence,Violent and aggressive sister,https://www.reddit.com/r/domesticviolence/comments/ge19od/violent_and_aggressive_sister/,2020-05-05 09:45:27 PDT,3,[deleted],
post,LightNovelsWuxia,Priceless Baby: 101 Bedside Stories - Chapter 373 - The Aggressive Sister Shu,https://www.reddit.com/r/LightNovelsWuxia/comments/ffrtdh/priceless_baby_101_bedside_stories_chapter_373/,2020-03-09 01:55:31 PDT,1,,https://readlightnovels.net/priceless-baby-101-bedside-stories/chapter-373-the-aggressive-sister-shu.html
post,JUSTNOFAMILY,"I cut my passive aggressive sister out of my life years ago. Mom is now begging for me to apologize/forgive, even threatened I'd be ""out"" if I didn't. How to respond to 2 months of ""lovebombing""?",https://www.reddit.com/r/JUSTNOFAMILY/comments/fd6dxh/i_cut_my_passive_aggressive_sister_out_of_my_life/,2020-03-03 18:51:02 PST,34,"#I do not give permission for anyone to use my story for any reason.

Small Trigger Warning - mention of sexual &amp; verbal/emotional abuse

Hello all.  I have been a long time lurker and commenter with my regular account (this is an alt, obv).  Need to post about my mom, which I never in a million years thought I would be doing.  It does involve some of my other family members, but my sights are currently on my mother.  There is a lot of backstory that mostly involves my dad and sister, but the current issue is with my mom. I'll try to be as brief but as informative as possible.

#Background:

I am the youngest of 4.  My parents were married for over 40 years, right up until my dad died a few years ago.  My dad was an alcoholic who molested my oldest sister (who was not biologically his). I have no info regarding this, other than it happened, my sister forgave him after coming out at 13 about it, and ""that's all that matters"".  I have recently been told that both my sister and my mom had therapy, but not my dad, nor do I know how long they were in therapy for, but I suspect it didn't actually help them.  My mom stayed with my dad, and he continued to be an alcoholic.  AA didn't stick, probably because no one ever got him the help he actually needed, nor saw that he stuck to it.  I have only a few memories of my dad now (I'm late 30's), and most of them are of him getting home at all hours of the night, waking up my mom to yell at her about how everyone in my family was a failure, and it was all her fault.  Things like Older Sister was ""a whore"" because she went to the bars when she was 18-20 and had *gasp* the sex. (The irony of any sexual dysfunction of my sister's being a direct result of his abuse has never failed to obvious to me.) Or my brother was gay.  *No, he was just a homely teenager who nobody wanted to date.*  Or my younger-older sister who was Mormon and got married in the temple, and because no one else in my family was Mormon no one could be there to witness it.  Yes, somehow in my dad's mind, this was my mother's fault.  There were various other things I remember, but these are the most predominant things that came up repeatedly throughout my childhood.  Nothing like waking up at 3am to hear your dad blame your mom for things you couldn't even comprehend. 

My Oldest Sister (OSis) is more than a decade older than me, and has always been hostile.  Towards me, it was assumed because she felt she needed to step in where my parents were neglectful (they worked a lot of graveyard shifts, and because my dad was an alcoholic, my mom sometimes had more than 1 job at a time).  But she was also hostile towards her own kids until my mom and I confronted her about it (she always sounded like she was yelling no matter what she said, if it was said to her daughter, who was a child).  OSis is very passive aggressive.  And about a decade ago, she and her husband ""found god"".  A couple of years ago I had enough of her BS and cut her out of my life. It wasn't hard - I deactivated my FB almost 4 years ago, and she couldn't be bothered to email anything other than a chain email, or text to ask about some DIY thing or diet info.  Her husband refused to get long distance on any of their phones (even though it's almost impossible to get a cell phone plan without it these days), so in the ~12 years since I've moved 13 hours away, she's never called me.  And she's over 50 with a grade 10 education, so she's not learning how to do anything not FB related any time soon.

#Current Situation (that involves a touch more background):

My mother came down for Xmas last year, 2018.  She met my in-laws for the first time, and because she's subsequently been brainwashed by my sister's pastor, she was not having much of our brand of fun.  (My MIL was the reason I originally joined this sub, but she has since gone thru immense therapy, and continues to, and has become a second mother to me.)  My in-laws drink alcohol, swear, and have no qualms making body part jokes.  To this day, I am the only family member who drinks (besides a few of the nieces/nephews who are all teens or in their 20's) or smokes weed (it's legal here, I'm in Canada).  Anyway, after she got home, she messaged me that OSis missed me and mom wanted us to make up and be family again.  OSis then texted me.  Said she ""didn't know what happened"" anymore, but it ""was all water under the bridge"" for her.  Convenient, seeing as how she couldn't remember all the things she had said or done to me or my husband, things that were in writing on FB, and I have screen shot or otherwise saved for really just this occasion.  Also convenient since she couldn't then tell me what *I* had done *to her* (I know what I did - I called her out on her passive aggressive behaviour, and how her actions were the real reasons why my mom's financial situation was what it was, and did not have anything to do with me, which is what she continuously blamed me for).

So, I sent my sister an email, outlining the top 5 things my husband and I needed acknowledgement and apologies for, before we (really I, DH wants nothing to do with the majority of my family now) could even think about letting her back in my life.

She responded by listing out all the reasons she was justified in treating us like garbage.  Things that literally had nothing to do with her, and things that were resolved amicably between the parties that *were* involved.  Basically she DARVO'd and Narc Prayer'd so hard, my head spun.  She signed off as if it was just a game to her.  

Then I got an email from one of her daughters, about how I couldn't be more wrong about her mother, that her mother was not the horrible person I said she was (Idkay, but when someone posts that all trans people shouldn't be allowed to pee in public washrooms because ""WhaT ABoUt tHe ChiLdrEn???"", I don't think they're that great of a person...).

I replied to OSis, calling her out again, and saying I hoped she was happy because that was her one chance and she shit all over it.  Then I email niece and said she needed to look up what a narcissist is, because her mother is one.  How do I know? Because I have already gone thru therapy for my narc tendencies that I caught and wanted to correct.

That happened all before Summer.  Come Fall my mom springs it on me that I hurt OSis's feelings and I needed to apologize.  I refused, stated that all I had done was point out what she needed to do if she had truly wanted me back in her life (apologize for treating DH and I like shit), and she shit all over it.  **She** *still* owed **me** the apology.  I also explained to my mother a few other things.  See, I brought up things my therapists have said, about my family, me, my sister, in the email to my sister.  Seems everyone took that to mean I was in therapy *because of my sister*. **HA!**  My mom had the gall to say that if I was still in therapy for my issues with OSis, then maybe I should find a new therapist.  I took this moment to inform my mom that I started therapy because I was raped at 13, and had continued my therapy because I had come to realize that all my relationship dysfunctions stemmed from her and my dad's abusive relationship, and I was seeking to fix that so that I could have a healthy relationship with my DH.  I needed therapy for that because she had failed so drastically at modeling one for me.  I told my mom that I would unblock my sister, and give her *one last chance* to apologize.  I promised I would read the email, at some point when I was in a position to do so, but I did not promise to anything further.

Well, I received an email from my BIL's email address, from - I assume - my sister, sometime in November. Almost 2 months after talking to my mom.  I didn't read it until a week before Xmas (and my bday). The opening line was a form of ""I could apologize till I'm blue in the face, but you'll never accept it"" and continues to double down on the shit she took on the first email.  I decided to forward it to my mom, so she could see once and for all the kind of person OSis is, at least in regards to me, but I decide to call my mom first to give her a head's up because she's old, and I didn't want to surprise her into a heart attack by finding it in her email.

During that phone call I'm told that if I don't make up with OSis I'm ""out"".  But she didn't have time to elaborate, because she had people over for dinner, and I never meant to get into it over the phone with her in the first place.  A couple of texts are exchanged over the next couple of days (2 from her, one from me in between).  Then I get lovebombed by OSis and her girls via bday texts.  I don't remember the last time I heard from all of them like that, as I'm only really in contact with the youngest.  I don't hear from any other family until my mom later that night.

Then a Xmas text from mom, and silence.

In the new year, I start getting a text from my mom, a weekly ""thinking of you"" text, only it says something super mundane and unmeaningful - like ""Happy Friday"", only she's *never* in her life said these words to me before.  After a few weeks go by (I muted her after Xmas, so I didn't even realize i was getting these texts until 3 weeks went by) I ask her what the deal is with these texts.  She says it's a New Year's Thing - her way of keeping in touch with those she doesn't talk to regularly (because we talk sporadically, maybe once a month or two), of letting me know she's thinking of me.

It's been 2 months, and I get the same message every week like clockwork.  I've receive only 2 other messages from her, with actual updates on what;s going on in her/the family's lives, but still haven't gotten any acknowledgment that she threatened to out me from the family.

#Reason for posting (and thank you for sticking with me):

How do I respond to my mother?  I want to tell her that I don't appreciate the generic texts, because they *don't* tell me that she's thinking of me, they tell me this is what she's willing to do to be in regular contact with me - a generic, impersonal message that has more meaning on a coffee mug than in a text from her.  I want to forward my sister's email to her, outlining the obvious bullshit in every word, and explain the psychology behind it all, what it all really means (my mom's a smart woman - one good thing she taught me was you're never too old to go back to school - she went back to college in her 50's).  I also want to put my sister on blast, and forward it to literally everyone in our 400+ extended family, because I know she's been talking out her ass about me since I left FB - how do I know? Because she's a narc; that's what she does.

What I'm worried about though is literally breaking my mom's heart.  I know she was an enabler to my dad.  She fought with him on everything, standing up for herself, but ultimately she never truly made him be accountable for anything he did.

I know that she failed me as a parent in all the ways that mattered - no financial education, no real conflict resolution, no way of identifying what's reasonable and what's abuse. I know that she is a good person, but comes from a different time when family actually did mean something (she's in her 70's with more than 10 siblings, grew up in rural Nowhere, Canada).  I know she's smart, but also she's also ignorant, either willfully or otherwise.

How do I reconcile that?  That she was both a good person and an integral part to my failure to be a rational partner in all my relationships?  DH has said that when we have a child, my family is not welcome near it, he doesn't want any gifts or items from them.  He doesn't even want them to know if we have a child.  I have many nieces and nephews under 18yo who are all going to be collateral in all of this as well.  Some I haven't met yet, and there's only one I really talk to one on a regular basis, but it kills me to think about cutting them out of my life too, as it really feels like abandoning them to their shitty environment without a way out.  They all still live in Butfucktu, Canada, and it's just such a toxic, backwards place.

Thanks for reading, I know it's a long one - I should've posted last year when this all really started, but I thought it was done.",
post,JUSTNOMIL,"I cut my passive aggressive sister out of my life years ago. Mom is now begging for me to apologize/forgive, even threatened I'd be ""out"" if I didn't. How to respond to 2 months of ""lovebombing"" from a previously JYMom?",https://www.reddit.com/r/JUSTNOMIL/comments/fd6c1l/i_cut_my_passive_aggressive_sister_out_of_my_life/,2020-03-03 18:47:00 PST,34,"#I do not give permission for anyone to use my story for any reason.

SMALL TRIGGER WARNING - mention of sexual &amp; verbal/emotional abuse

Hello all.  I have been a long time lurker and commenter with my regular account (this is an alt, obv).  Need to post about my mom, which I never in a million years thought I would be doing.  It does involve some of my other family members, but my sights are currently on my mother.  There is a lot of backstory that mostly involves my dad and sister, but the current issue is with my mom and I know you guys are the place for that. I'll try to be as brief but as informative as possible. (I'll also be posting to JNFamily.)

#Background:

I am the youngest of 4.  My parents were married for over 40 years, right up until my dad died a few years ago.  My dad was an alcoholic who molested my oldest sister (who was not biologically his). I have no info regarding this, other than it happened, my sister forgave him after coming out at 13 about it, and ""that's all that matters"".  I have recently been told that both my sister and my mom had therapy, but not my dad, nor do I know how long they were in therapy for, but I suspect it didn't actually help them.  My mom stayed with my dad, and he continued to be an alcoholic.  AA didn't stick, probably because no one ever got him the help he actually needed, nor saw that he stuck to it.  I have only a few memories of my dad now (I'm late 30's), and most of them are of him getting home at all hours of the night, waking up my mom to yell at her about how everyone in my family was a failure, and it was all her fault.  Things like Older Sister was ""a whore"" because she went to the bars when she was 18-20 and had *gasp* the sex. (The irony of any sexual dysfunction of my sister's being a direct result of his abuse has never failed to obvious to me.) Or my brother was gay.  *No, he was just a homely teenager who nobody wanted to date.*  Or my younger-older sister who was Mormon and got married in the temple, and because no one else in my family was Mormon no one could be there to witness it.  Yes, somehow in my dad's mind, this was my mother's fault.  There were various other things I remember, but these are the most predominant things that came up repeatedly throughout my childhood.  Nothing like waking up at 3am to hear your dad blame your mom for things you couldn't even comprehend. 

My Oldest Sister (OSis for brevity, if I may) is more than a decade older than me, and has always been hostile.  Towards me, it was assumed because she felt she needed to step in where my parents were neglectful (they worked a lot of graveyard shifts, and because my dad was an alcoholic, my mom sometimes had more than 1 job at a time).  But she was also hostile towards her own kids until my mom and I confronted her about it (she always sounded like she was yelling no matter what she said, if it was said to her daughter, who was a child).  OSis is very passive aggressive.  And about a decade ago, she and her husband ""found god"".  A couple of years ago I had enough of her BS and cut her out of my life. It wasn't hard - I deactivated my FB almost 4 years ago, and she couldn't be bothered to email anything other than a chain email, or text to ask about some DIY thing or diet info.  Her husband refused to get long distance on any of their phones (even though it's almost impossible to get a cell phone plan without it these days), so in the ~12 years since I've moved 13 hours away, she's never called me.  And she's over 50 with a grade 10 education, so she's not learning how to do anything not FB related any time soon.

#Current Situation (that involves a touch more background):

My mother came down for Xmas last year, 2018.  She met my in-laws for the first time, and because she's subsequently been brainwashed by my sister's pastor, she was not having much of our brand of fun.  (My MIL was the reason I originally joined this sub, but she has since gone thru immense therapy, and continues to, and has become a second mother to me.)  My in-laws drink alcohol, swear, and have no qualms making body part jokes.  To this day, I am the only family member who drinks (besides a few of the nieces/nephews who are all teens or in their 20's) or smokes weed (it's legal here, I'm in Canada).  Anyway, after she got home, she messaged me that OSis missed me and mom wanted us to make up and be family again.  OSis then texted me.  Said she ""didn't know what happened"" anymore, but it ""was all water under the bridge"" for her.  Convenient, seeing as how she couldn't remember all the things she had said or done to me or my husband, things that were in writing on FB, and I have screen shot or otherwise saved for really just this occasion.  Also convenient since she couldn't then tell me what *I* had done *to her* (I know what I did - I called her out on her passive aggressive behaviour, and how her actions were the real reasons why my mom's financial situation was what it was, and did not have anything to do with me, which is what she continuously blamed me for).

So, I sent my sister an email, outlining the top 5 things my husband and I needed acknowledgement and apologies for, before we (really I, DH wants nothing to do with the majority of my family now) could even think about letting her back in my life.

She responded by listing out all the reasons she was justified in treating us like garbage.  Things that literally had nothing to do with her, and things that were resolved amicably between the parties that *were* involved.  Basically she DARVO'd and Narc Prayer'd so hard, my head spun.  She signed off as if it was just a game to her.  

Then I got an email from one of her daughters, about how I couldn't be more wrong about her mother, that her mother was not the horrible person I said she was (Idkay, but when someone posts that all trans people shouldn't be allowed to pee in public washrooms because ""WhaT ABoUt tHe ChiLdrEn???"", I don't think they're that great of a person...).

I replied to OSis, calling her out again, and saying I hoped she was happy because that was her one chance and she shit all over it.  Then I email niece and said she needed to look up what a narcissist is, because her mother is one.  How do I know? Because I have already gone thru therapy for my narc tendencies that I caught and wanted to correct.

That happened all before Summer.  Come Fall my mom springs it on me that I hurt OSis's feelings and I needed to apologize.  I refused, stated that all I had done was point out what she needed to do if she had truly wanted me back in her life (apologize for treating DH and I like shit), and she shit all over it.  **She** *still* owed **me** the apology.  I also explained to my mother a few other things.  See, I brought up things my therapists have said, about my family, me, my sister, in the email to my sister.  Seems everyone took that to mean I was in therapy *because of my sister*. **HA!**  My mom had the gall to say that if I was still in therapy for my issues with OSis, then maybe I should find a new therapist.  I took this moment to inform my mom that I started therapy because I was raped at 13, and had continued my therapy because I had come to realize that all my relationship dysfunctions stemmed from her and my dad's abusive relationship, and I was seeking to fix that so that I could have a healthy relationship with my DH.  I needed therapy for that because she had failed so drastically at modeling one for me.  I told my mom that I would unblock my sister, and give her *one last chance* to apologize.  I promised I would read the email, at some point when I was in a position to do so, but I did not promise to anything further.

Well, I received an email from my BIL's email address, from - I assume - my sister, sometime in November. Almost 2 months after talking to my mom.  I didn't read it until a week before Xmas (and my bday). The opening line was a form of ""I could apologize till I'm blue in the face, but you'll never accept it"" and continues to double down on the shit she took on the first email.  I decided to forward it to my mom, so she could see once and for all the kind of person OSis is, at least in regards to me, but I decide to call my mom first to give her a head's up because she's old, and I didn't want to surprise her into a heart attack by finding it in her email.

During that phone call I'm told that if I don't make up with OSis I'm ""out"".  But she didn't have time to elaborate, because she had people over for dinner, and I never meant to get into it over the phone with her in the first place.  A couple of texts are exchanged over the next couple of days (2 from her, one from me in between).  Then I get lovebombed by OSis and her girls via bday texts.  I don't remember the last time I heard from all of them like that, as I'm only really in contact with the youngest.  I don't hear from any other family until my mom later that night.

Then a Xmas text from mom, and silence.

In the new year, I start getting a text from my mom, a weekly ""thinking of you"" text, only it says something super mundane and unmeaningful - like ""Happy Friday"", only she's *never* in her life said these words to me before.  After a few weeks go by (I muted her after Xmas, so I didn't even realize i was getting these texts until 3 weeks went by) I ask her what the deal is with these texts.  She says it's a New Year's Thing - her way of keeping in touch with those she doesn't talk to regularly (because we talk sporadically, maybe once a month or two), of letting me know she's thinking of me.

It's been 2 months, and I get the same message every week like clockwork.  I've receive only 2 other messages from her, with actual updates on what;s going on in her/the family's lives, but still haven't gotten any acknowledgment that she threatened to out me from the family.

#Reason for posting (and thank you for sticking with me):

How do I respond to my mother?  I want to tell her that I don't appreciate the generic texts, because they *don't* tell me that she's thinking of me, they tell me this is what she's willing to do to be in regular contact with me - a generic, impersonal message that has more meaning on a coffee mug than in a text from her.  I want to forward my sister's email to her, outlining the obvious bullshit in every word, and explain the psychology behind it all, what it all really means (my mom's a smart woman - one good thing she taught me was you're never too old to go back to school - she went back to college in her 50's).  I also want to put my sister on blast, and forward it to literally everyone in our 400+ extended family, because I know she's been talking out her ass about me since I left FB - how do I know? Because she's a narc; that's what she does.

What I'm worried about though is literally breaking my mom's heart.  I know she was an enabler to my dad.  She fought with him on everything, standing up for herself, but ultimately she never truly made him be accountable for anything he did.

I know that she failed me as a parent in all the ways that mattered - no financial education, no real conflict resolution, no way of identifying what's reasonable and what's abuse. I know that she is a good person, but comes from a different time when family actually did mean something (she's in her 70's with more than 10 siblings, grew up in rural Nowhere, Canada).  I know she's smart, but also she's also ignorant, either willfully or otherwise.

How do I reconcile that?  That she was both a good person and an integral part to my failure to be a rational partner in all my relationships?  DH has said that when we have a child, my family is not welcome near it, he doesn't want any gifts or items from them.  He doesn't even want them to know if we have a child.  I have many nieces and nephews under 18yo who are all going to be collateral in all of this as well.  Some I haven't met yet, and there's only one I really talk to one on a regular basis, but it kills me to think about cutting them out of my life too, as it really feels like abandoning them to their shitty environment without a way out.  They all still live in Butfucktu, Canada, and it's just such a toxic, backwards place.

Thanks for reading, I know it's a long one - I should've posted last year when this all really started, but I thought it was done.

Edit: thank you everyone for responding, I'm reading thru the replies and will respond as soon as I can. I have a midterm tmrw and am trying to focus on that today.",
post,offmychest,Aggressive sister,https://www.reddit.com/r/offmychest/comments/fd0mwo/aggressive_sister/,2020-03-03 12:11:00 PST,2,"I apologise if this isn't the correct subreddit please dm me if there is a better place for this. Of course I'm on a throwaway for obvious reasons. I may not reply to messages as I'm going to bed right after I post this.

I'm in my early teens, just an half an hour ago my (eldest) sister barged into my room and was harassing my (youngest) sister of simply making a mistake of wrapping something in foil. My eldest sister loses her temper a lot and pops off at us occasionally ever since her break up with her abusive fiancee. 

Usually these **verbal** fights are harmless and just her blowing off steam and we get it. Other times she gets abusive and physical just like now. Shes making her 'taste' the foil saying that shes 'purposely' wants us to get poisoned. I was in bed and thought of recording the whole thing till I realised she would've gone physical with me too.

After some details that I would rather not explain she storms off into her room cursing, a couple minutes later I hear plates smashing the floor repeatedly and it's coming from the kitchen. I hear my parents shouting at her and they get into a verbal fight. I'm not sure what goes on from there as I'm in my room trying not to get involved though I kept a short audio recording. 


I just needed to let someone know as I'm afraid something might happen again. Suggestions on what to do are welcome. Again i apologise if this is the wrong sub please dm me if so.",
post,relationship_advice,"How do I(26f) deal with my ignorant, offensive and aggressive sister(37f)?",https://www.reddit.com/r/relationship_advice/comments/eeap8p/how_do_i26f_deal_with_my_ignorant_offensive_and/,2019-12-22 13:36:16 PST,8,"My eldest sibling has always been \*very\* outgoing, loud, and a little rambunctious, whereas I'm much more reserved, thoughtful and shy. In high school, I was the typical quiet, bookwormy artist type, whereas she's bragged in the past about her popularity, the fact that she was basically a bully, and had friends who would beat up anybody for her. She is actively proud of this, and the fact that she always gets her way. 

&amp;#x200B;

She openly belittles certain groups of people ""as a joke"", casually refers to black people as n\*ggers, makes fun of first nations, etc. Although she has many of her own shortcomings, she will Always find a way in which she's better than someone, and therefore deserves to put them down, ""as a joke"". Any time you call her out or disagree, she will either mock you or freak out, becoming aggressive and \*Very\* defensive/hostile. She is willfully ignorant, makes fun of people who are ""too sensitive"" but is also incredibly insecure herself. She actively whines and throws fits when she doesn't get her way, acts like a petulant child, and everything has to be HER way, or else. She constantly complains to and nags at her husband, who goes above and beyond for her and has the patience of a saint.

&amp;#x200B;

She has been using my grandma as a free, convenient nanny service for the last 10+ years, essentially letting my grandma do all the hard work and raising her children for her. Drives them everywhere, feeds them, clothes them, teaches them right from wrong, buys them toys, watches movies with them, everything. My sister EXPECTS one of us will always be around to take her kids. She doesn't teach them, doesn't spend time helping them, doesn't properly discipline them, explain anything, or fucking PARENT in ways she should be. The other night she was farting in my young nephew's face and he was telling her to stop repeatedly, and she just laughed her ass off. When he started doing the same, thinking it was okay, she immediately freaked out and yelled at him. At one point he was being sexually inappropriate and grabbed her boobs, and she thought it was hilarious. What if he does this to a girl at school ""as a joke"" because his mommy thought it was really funny? She doesn't take this shit seriously, and if you say anything, you are ATTACKING HER AS A MOTHER, and HOW FUCKING DARE YOU!!!!!   


How the fuck do I deal with all this diplomatically going forward? All family events &amp; holidays are held at her house, so I have to see her. Am I just overreacting and being sensitive? I don't want to cause a rift in the family or make her hate me; I certainly don't hate her, I just find her difficult to deal with over longer periods like the holidays. Does anyone have a relative like this? Advice is much appreciated! 

  
TL;DR my eldest sibling is ignorant, overbearing, immature and offensive, sees no issue with her behaviour, and is in fact actively proud of it/herself. How to deal with this going forward without causing a rift?",
post,JUSTNOFAMILY,Passive aggressive sister in-law,https://www.reddit.com/r/JUSTNOFAMILY/comments/e92h0f/passive_aggressive_sister_inlaw/,2019-12-10 20:52:58 PST,13,"Background: my husband and I got married a few months ago. We live several hours from our home state and our wedding was in a 3rd location. My SIL was unable to attend the wedding because she had just given birth (as in literally 3 days before.) We knew well in advance that she wasn’t going to be able to attend as she would either be massively pregnant and a long way from home, or be caring for a newborn. No hard feelings on that one at all.

DH and I have been together for over 7 years, and I’ve known his sister for that length of time. We all lived in the same city up until 2 years ago when DH and I moved to “the big city” to pursue our careers. His sister has always been highly competitive and a bit rough around the edges. I’ve noticed, especially in the last couple years, that she’s been more passive-aggressive toward me. She will make comments about the clothes I wear (“well isn’t that sweater just faaaaaancy,”) the products I use (WHY would I get a pedicure when I can paint myself??) and all kinds other things. 

Well over thanksgiving this was taken to a new level. Since she wasn’t at the wedding I asked if she would like to see some pictures and she sat with me to look through them on the computer. I am a crier and during our vows there were some pictures where you can tell. Cue “well I could NEVER cry in front of all my friends and family. I mean good for you but I would be SO EMBARRASSED. That’s why BIL and I went to the courthouse instead. I just don’t understand the need for all that.”

Me: “Well DH and I have been together a long time and wanted to get everyone from all parts of our life together to celebrate. It was worth waiting for that to me.”

Her: “I mean I guess but BIL and I just met a couple years ago and we are already married and have a baby. Plus we are trying for another so we are about to win again.”

DH jumps in and diverts, “well we are glad you’re so happy. Want another beer anyone?”

So this has been nagging at me. Specifically the fact she specifically called out “winning.” I’m not in competition with this woman but if she feels we are I guess it explains a lot of the other behavior. How do I ice this situation and keep the peace while not becoming a doormat to her insecurities?",
post,HydroHomies,The aggressive sister is calmer when hydrated,https://www.reddit.com/r/HydroHomies/comments/e6w2e0/the_aggressive_sister_is_calmer_when_hydrated/,2019-12-06 00:35:24 PST,1,[deleted],https://i.redd.it/gia1alpm5z241.jpg
post,HydroHomies,The aggressive sister is calmer when hydrated,https://www.reddit.com/r/HydroHomies/comments/e6w2cn/the_aggressive_sister_is_calmer_when_hydrated/,2019-12-06 00:35:19 PST,16,,https://i.redd.it/qlem831m5z241.jpg
post,relationships,Me (40 F) disturbed by aggressive sister (37 F) and her behaviour to boyfriends.,https://www.reddit.com/r/relationships/comments/dz02eu/me_40_f_disturbed_by_aggressive_sister_37_f_and/,2019-11-20 02:06:54 PST,24,[deleted],
post,relationship_advice,Me (40) upset with aggressive sister (37) and her behaviour to boyfriends.,https://www.reddit.com/r/relationship_advice/comments/dyysvr/me_40_upset_with_aggressive_sister_37_and_her/,2019-11-19 23:45:30 PST,1,[deleted],
post,Advice,Stay with Boyfriend vs Move Out,https://www.reddit.com/r/Advice/comments/dv1bz8/stay_with_boyfriend_vs_move_out/,2019-11-11 15:51:56 PST,1,"Cheap Rent with Boyfriend vs Moving Out

Hello,

I’m 22, make about $2,040 a month working full-time, and going back to school to finish a BA after taking time off for my mental health.

Here is my living situation with the pros as “+” and cons as “-“. 

+Rent: $325/month (utilities included) for shared room with boyfriend in a nice house in safe area.
+kitchen access saves money through meal prepping
+backyard access for my dog to exercise and do his business while I’m at work 8 hours a day.
+boyfriend has nice tv for shows
+parking is free and otherwise never a problem
+laundry machines in the garage
+very close to my community college

-shared bathroom with boyfriend and one other tenant
-passive aggressive sister-in-law who I have to work my laundry and cooking schedule around
-have to park on the lawn once a week for street cleaning

Here is the situation with my boyfriend:

+he is nice, emotionally supported me through depressive period of unemployment
-he smells after work
-is a bit depressed himself
-isn’t financially focused or driven for his future
-gets sexually frustrated because I don’t often want to be intimate
-has a toxic family he still wants to be a part of
-doesn’t do chores often

I have been feeling frustrated with my boyfriend because he is not focused on bettering his future. He gets home from work and just plays video games usually. Recently he’s been trying to do chores more often and going to the gym after I expressed my frustrations. I have been looking at other places to live, and here are the pros and cons:

+Freedom of independence instead of co-dependence
+better mental health due to no relationship problems
-worse mental health due to housemate drama
-farther distance from work and school
-small kitchen or no kitchen access
-cheapest rent $600-700
-housemates can be unreliable/filthy
-apartments/housemates don’t allow pets even with ESA letter
-no yard for dog, will have to hire dog walker or hustle home during lunch to walk him
-must pay for parking permit/parking unavailable

TLDR &amp; conclusion: My question is, should I tough it out in the relationship so I can recover from depressive episode and save money while I get my degree, or should I move out, struggle with higher rent, longer commute, other housemates, finding dog-friendly housing, and finding a parking spot?

Edit: I am still recovering from debilitating depression, so I am playing it safe and sticking with the current low stress job I have to juggle with school. There is a potential to advance to a position with $3/hour increase at the end of the year as well. I am not in a good mental position to jump out of the pond yet.",
post,cats,LF Advice: Overcoming Persisting Non-Recognition Syndrome,https://www.reddit.com/r/cats/comments/d7aq51/lf_advice_overcoming_persisting_nonrecognition/,2019-09-21 06:50:32 PDT,2,"I have three cats, all DSHs, all about 7 years old.  They have been living together in harmony for about 6 years or so without any aggression.

One of my cats got sick with a bacterial liver infection and went to the vet numerous times, though her longest stay was only about 4 hours during which she had a x-ray to rule out a blockage and to monitor her fever (was 104 but responded well in injected antibiotics and a fever reducer).

Upon returning, one of the two other cats became mildly aggressive with her.  We separated the sick cat by using stacked baby gates to block off part of the ground floor so she could recuperate.

It has been about two weeks since the last vet visit and our sick cat is fully recovered and has been off her antibiotic for a week now.  We have fed them on opposing sides of baby gates, done scent swaps, rotate beds and scratchers regularly, played with them on either side of the baby gate with ribbons and lasers, etc... 

Our one cat was quick to reaccept the sick cat and they can hangout with no problems, even touching noses for a sniff exchange and sleep side by side. 

Our aggressive cat seems to be almost getting more territorial about the other cat's presence, growling louder at the baby gates and sometimes trying to swat through the baby gate.  The sick cat seems confused as she seems to recognize her sister.

Each day we swap the aggressive cat with the recovered cat so they can explore each other's area and let the recovered cat hang out with her non-aggressive sister in the catio/outdoor enclosure.

For now, we will maintain separation, shared feeding, and scent swaps and hope it subsides, but any advice would be helpful.  Thanks!",
post,family,Passive aggressive sister in law,https://www.reddit.com/r/family/comments/d3vs7g/passive_aggressive_sister_in_law/,2019-09-13 14:18:52 PDT,3,"I have a very strange sister in law who constantly tries to belittle me or act all aloof with me. 

Example - we are all going on holiday together and I mentioned I love getting dressed up in the evenings, and she keeps saying things like 'I'm not taking make up, or jewellery or nice clothes' - what in hell is the point of this behaviour?! 

Shall I just own it and glam up anyhow?! Shes managed to almost make me feel 'stupid' for saying it?!

Ps this is one of HUNDREDS of incidents and a lot of deep breaths 😂

Thanks in advance :)",
post,raisedbynarcissists,passive aggressive sister,https://www.reddit.com/r/raisedbynarcissists/comments/cvdo13/passive_aggressive_sister/,2019-08-25 13:21:15 PDT,1,[deleted],
post,TalkativePeople,/u/falafelheadnobby on How do I strengthen the relationship between me (28F) and my nephew(11M) after I took guardianship of him? Also how do I handle my aggressive sister(32F) that my family refuses to cut off.,https://www.reddit.com/r/TalkativePeople/comments/cscm4g/ufalafelheadnobby_on_how_do_i_strengthen_the/,2019-08-18 22:19:18 PDT,1,[removed],
post,TalkativePeople,/u/falafelheadnobby on How do I strengthen the relationship between me (28F) and my nephew(11M) after I took guardianship of him? Also how do I handle my aggressive sister(32F) that my family refuses to cut off.,https://www.reddit.com/r/TalkativePeople/comments/cscim8/ufalafelheadnobby_on_how_do_i_strengthen_the/,2019-08-18 22:09:23 PDT,1,[removed],
post,TalkativePeople,/u/intellectualnerd85 on How do I strengthen the relationship between me (28F) and my nephew(11M) after I took guardianship of him? Also how do I handle my aggressive sister(32F) that my family refuses to cut off.,https://www.reddit.com/r/TalkativePeople/comments/cscikv/uintellectualnerd85_on_how_do_i_strengthen_the/,2019-08-18 22:09:19 PDT,1,[removed],
post,relationship_advice,How do I strengthen the relationship between me (28F) and my nephew(11M) after I took guardianship of him? Also how do I handle my aggressive sister(32F) that my family refuses to cut off.,https://www.reddit.com/r/relationship_advice/comments/cscf4o/how_do_i_strengthen_the_relationship_between_me/,2019-08-18 21:59:16 PDT,2,"Long read I am sorry.

January I took guardianship of my nephew "" Jay"" . My sister was a really neglecting mother. Her house was a mess and she would always choose her current boyfriend over Jay.

She would basically have Jay as her own house slave and never touch a broom herself. And when a boyfriend of hers got annoyed with Jay she would lock him in his room.

A punishments for ""speaking back"" would usually entail him not getting a meal or one time she made him drink soap.

One time my sister threw him out at the middle of the night because he screamed at her boyfriend as the bf had called Jay ""Dobby"". 
So the tiny boy walked to my place at 1am!! It was also arround a 3 km walk and he was frozen like a popsicle when he arrived.

Jay told me everything he was enduring and we went to the police together.
There was enough evidence on his phone and in my sister's house that she was charged with child neglect and got custody taken from her.
(her boyfriend had cocaïne in the house in a child accesible area and Jay the smart boy filmed many of his mother's melt downs.)

As his father is not known I filed for Jay's custody. After a trial I got it and his mother got 6 months in jail for child neglect.

Jay's life is better but we have a hard time to have more than an aunt nephew relationship. He still behaves like a guest in my house.

He for example will never hang out in the living room and keep all his belongings in his room. Always if he wants to take a soda of the fridge he will ask. He walks arround eggshells.

On my part I have difficulties taking the mom role. I have never been very motherly and I am scared that I am being too lax with his rules.

I let him go out with friends till late, don't enforce a homework schedule and am scared to reprimand him if he does anything wrong In fear of triggering his trauma. I don't know how to be a mom, I know how to be an aunt.

I love this boy dearly and want to keep custody. I have allready opened a college fund for him and changed schools. He is finally nourished like a normal boy and finally has friends.
Also he is in therapy for the neglect he endured. 

The Othe part of the problem is my family. They were really mad at my sister and many of them cut her off for doing what she did. But in jail my sister Converted to Christianism and begged my parents and me to forgive her and let her in again.

Jay wants nothing to do with his mom and neither do I. But my parents forgave her and invite her arround every so often. They are also begging me to let her see Jay as she repented from her sins.

A few days ago I was passing by my parents place to drop of a few groceries they had asked me for and my sister was sitting there.

They wanted us to ""talk things out"" and forgive each other.
I sat down out of courtesy and she started spewing Bible verses and so on. I told her I didn't want to forgive her and neither does Jay. When he is ready I would reach out.

Well she blew up and threatened me. Since the. She is blowing up my phone and sending me angry letters and I don't know how to deal.",
post,relationship_advice,"[M24] My mom died 2 years ago, and now my sister(22) is constantly agressive towards everyone, and i fear the family is breaking apart.",https://www.reddit.com/r/relationship_advice/comments/bxfoqi/m24_my_mom_died_2_years_ago_and_now_my_sister22/,2019-06-06 04:35:39 PDT,1,"So as the title says, my mom died 2 years ago, from cancer. My dad (47), me, and my sisters (twins, 22) were left alone. I live in a different city, so i have only been home for the holidays. I was at home with my whole family all the 3 months before she died.

Now lets call the aggressive sister A, and the other B. A is constantly passive agressive towards the rest of us 3, and when we try to talk, she does not want to, and if we say stuff like ""we should be better at talking to each other"", she says ""oh, so you're blaming me"" and gets angry and doesnt want to talk. This is everytime something that is not intended in any way as an attack towards her, is said. She can turn any sentence into: ""oh, so its my fault?"" and then get angry. There is also the aspect of she feeling unfairly treated towards her sister. ""She always gets to borrow the car"", ""She always gets to decide what's for dinner"", ""She never does the dishes"" and so on. None of the statements she are coming with are true, but i think she believes they are.

After my mom died, we were in group therapy once together, but A did not want to do it anymore, because ""they think they know whats best for me"". The other three of us has been to a psychiatrist by ourselves some times, but the one who needs it the most, A, refuses. My sister B is getting picked on and feels attacked mentally, and is really sad often because of it. My dad sees this, and so now when A is passive agressive towards B, he is yelling at A, and then she feels underappreciated, and it ends in tears for all 4 of us, we talk, but we are not very good at talking, so misunderstandings happen, and we just sweep the fight under the rug and two-three days later the same behaviour is back.

Both my sisters have been living together for 22 years, and are now moving away from each other, but we still see each other in the holidays, and i want us to become a functional family again without the tension between us when we are home. Home should be a place you go if you feel down, if you feel alone or sad, not a place to go to feel even more down, alone and sad.

&amp;#x200B;

So my question is: **How do I handle this situation? How do i make us work as a family again, at least partly?** (i am going to go to therapy in the summer to see if that helps my mental well being, but i am most worried about my sister.)

&amp;#x200B;

Tl;dr: Mom died 2 years ago from cancer, twin sisters, one of them is passive agressive towards me, my dad and her sister. She feels unfearly treated, when we try to talk about it she feels attacked, and stuff gets worse. She wont go see a psychyatrist even tho we need to. My sisters are moving, and the only time we are going to be all 4 is during holidays. **How can we become a functional family again? How do i handle this situation without breaking the family apart?**",
post,exmormon,"“I’m at church on Easter Sunday with my family, why isn’t that enough?”",https://www.reddit.com/r/exmormon/comments/bon8xp/im_at_church_on_easter_sunday_with_my_family_why/,2019-05-14 12:19:45 PDT,161,"On Easter Sunday my wife and I, and 4 kids went to see Grandma and Grandpa. A lot of my other older siblings were in town as well. We all went to church.  I wore a (not-white) shirt (no tie).  

The following week my wife and I went to a black tie fundraiser. I sent my mom the pics from the “red carpet”. The next day my (well intended) passive aggressive sister saw the black tie pics and asked why I “would get dressed up for a fundraiser but I couldn’t do the same for church?”

My response, “I’m at church on Easter Sunday with my family, why isn’t that enough?”

Her response, “It was just an observation”. 

My response, “stop observing meaningless things and appreciate the fact that we were all together on Easter Sunday.”

Crazy the silly things we’re taught to care about.",
post,askwomenadvice,How to deal with a passive aggressive sister-in-law,https://www.reddit.com/r/askwomenadvice/comments/bltdxy/how_to_deal_with_a_passive_aggressive_sisterinlaw/,2019-05-07 10:17:59 PDT,1,[deleted],
post,relationships,I (32m) need help removing myself from a situation with my girlfriend's (27f) toxic family.,https://www.reddit.com/r/relationships/comments/bkhlqo/i_32m_need_help_removing_myself_from_a_situation/,2019-05-03 21:43:43 PDT,6,"So I had been seeing this girl for about 1.5 years. I love her. I think she is the one. We decided that we were going to move in together once my lease ran out at the end of the year. She is a nurse. I am a student working on my Ph.D. She suffers from epilepsy but it is not a big deal as she only has a seizure every year or two. Unfortunately she came down with some mystery digestive problem.

&amp;#x200B;

Fast forward she has lost 60 lbs. She is 4'10"". Her issue has still not been diagnosed. She was forced to resign from her job, and is having a hard time getting disability because nobody knows what is wrong with her. Instead of moving in together we decided to move in with her family. Her mother and her sister (25F) She was having a hard time keeping up with her car payments and student loans. We thought this would be the best thing for us as a unit. We thought this wouldn't be too bad of a situation because the previous owner of the house had built an add on for his mother in law once she became old. So we would have our own area of the house and bathroom and everything. One other issues was that her sister was allergic to cats. I have a cat. So we agreed to keep the cat in my room. Besides that I thought it was fine. I had enjoyed spending time with her family in the past so I thought this would be a good short term solution.

&amp;#x200B;

We'll things went almost immediately bad. Outside of moving during a blizzard. The main bathroom broke with the first few weeks. Now it is the four of us sharing one bathroom in our room. So we have no privacy ever. Her sister for some reason had a hard time understanding that she couldn't play music in our bathroom in our room in the middle of the night. Not kidding. One time we had to ask her one time at 2 a.m. and one time at 3 a.m. Same night. Not kidding. Not only would she not apologize she would storm out of the room and slam the door. We asked so many times I lost count. She would always respond like we were the ones doing something wrong to her. It was exhausting, physically and mentally. Each request would always be met with some rude passive aggressive behavior. Once my car was broken. I was using my girlfriends car. She decided to take my girlfriends car without asking and hide the keys to her car. So I ended up having to Uber to make an important presentation for school. When asked about it. She said she didn't take her car because the low tire pressure light was on. There was literally a tire place a half mile down the road that would put air in your tires for free. I tried not to get involved and keep the peace in the house, only speaking when I knew what I was saying was beyond dispute.

&amp;#x200B;

The relationship with the mother was a bit better. She is a bit weak willed, and tends to fold under the pressure of the hyper-aggressive sister. I would often notice that we would be on good terms and then she would go shopping with the sister and then she would come back and have an attitude towards me. I knew what was going on, that she was being manipulated, but wanted to be very careful to pick my fights. I also had to keep my mouth shut as my girlfriend was beginning to have more seizures from the stress of her entire life falling apart. Complaining would only cause her more stress. This also took its toll on me as we shared a bed. I was the one bringing her her medicine at night. I was the one holding her when she had a seizure. I was the one staying up watching her to make sure she would sleep.

&amp;#x200B;

Her family also began to act very cruel towards her. She cannot drive because of her seizures. Her family starting just leaving to go places without telling us. They would come back with food from restaurants and shopping. This really hurt her and made her feel even worse as she is basically stuck at home. Her mother started making comments that she enjoyed being sick and was lazy. This while she was staying up because her doctor told her she needed to get screenings for pancreatic cancer. Her mother also told her she wasn't allowed to weigh herself anymore, even though her doctor told her to monitor her weight because she had lost so much weight while she was sick. The reason she wasn't allowed to weigh herself is because she had told her mother that she had lost two pounds. Her sister was in the room. I am not fat shaming but she is probably about 5 foot 350lbs. Her sister was apparently jealous and thought my girlfriend was bragging.

&amp;#x200B;

I just kept my mouth shut and told her to follow her doctors orders.

&amp;#x200B;

Now I was finally ready to pick my fight. I knew the sister would respond to a request for her to be considerate with anger so I went to the mother. Her sister enjoys talking very long showers. She doesn't seem to care that other people also have things to do. One morning I decided to time it. She was in the one bathroom that 4 people were sharing for 1.5-hours. I had to pee out on the porch. So I went to her mother full of confidence. Expecting to tell her the story and have her be unable to defend the indefensible. Wrong. She gave me a shitty smirk and told me that I should wake up earlier because the sister showers around the same time every day. Which she doesn't she showered an hour later the next day. Soooooooooooo at that point I realized that there was no point in dealing with the mother. Coincidentally the next day I am informed that my cat is bothering my girlfriends sister and she has to leave in the next two weeks. I am an animal lover and she was abused when she was young. It took her years to be able to trust anyone but me. I basically threatened to leave. And they after that they managed to be nice to me for three hole days and said my cat didn't have to leave.........Basically me leaving would interfere with their 3x a week trips to the casino. Just as a small side note as I can't include everything in here. Her mom made her go to a payday loan place because they said they couldn't pay bills to guilt her. Then went out to dinner with the sister that night, and the casino the next day.

&amp;#x200B;

I was having a pretty hard time dealing with the situation. It was interfering with my ability to function. I was tired all the time. Then my girlfriend had a really bad seizure. The EMT's had to show up. Her mother commanded me to leave my room when the showed up in a way I found a bit off putting. But it wasn't about me so I left. Only to be asked back in the room to explain what happened and what dosage of medication she was taking. Her mom didn't know. When we got back at about 5 a.m. the first thing her mom said to me was ""the doctor asked me if she was under any stress, I said her and her boyfriend keep weird hours and we were fighting about a cat."" I just kept my mouth shut. I was really pissed she was trying to put it on me, but for the sake of my girlfriend I didn't respond by saying ""Yeah we basically sleep in the hallway of a nightclub living in a house with two characters from mean girls."" I've noticed that whenever anything goes wrong I get the blame. The day after her sister took the car I had an important Dr.'s appointment as I also have some serious health problems. I wanted to know whether or not I would have a car tomorrow or if I would have to Uber. So we were basically in a situation were I was yelling on our side of the house that I needed to know whether or I could use the car the next day and she was trying to leave the room to get into a fight with her sister who had dismissed the question already three times over 8 hours. Saying she would tell us the next day. Her mom comes in and assumes I was saying those bad things about my girlfriend and was all like ""he can't talk to you like that."" It goes on and on with examples. Sorry for making this so long. Her mom has a hard time reaching any other conclusion than I'm at fault.

&amp;#x200B;

Most recently they had a fight caused by me apparently not cleaning up her mom's dogs poop properly. Not my dog. I did it to be nice. Her and her mom had a big fight. They screamed at each other and apparently let everything out. Her mom admitted to being intentionally mean to me to try and get my girlfriend out of bed. My girlfriend explained that she spent so much time in bed because she was sick... She also for some reason asked if I was putting it in my girlfriends head that she couldn't get better. So I was pissed. I told her I'm moving out. I asked her to come with me. I told her I was happy living in an apartment with just a mattress as long as I could be with her. She said she didn't want to move in until she knew what was wrong with her, and she had heard back from the disability people. She also mentioned that she was worried what her family would say about her. I can't remain in this insane situation anymore.

&amp;#x200B;

My question is basically how should I handle this move while still staying on good terms with my girlfriend. I also want to know how I should deal with her family in the future. Thanks for the advice. Sorry for the length. I've been keeping alot inside.

    
    ---  **TL;DR;** : Living with sick girlfriends toxic family. I need to leave for my own sanity and health. I don't know how to remove myself without damaging my relationship with my girlfriend. I also don't know how to deal with her family in the future.",
post,relationship_advice,I (32m) need help removing myself from a situation with my girlfriend's (27f) toxic family. Mean Girls New Mexico Edition,https://www.reddit.com/r/relationship_advice/comments/bkhcb3/i_32m_need_help_removing_myself_from_a_situation/,2019-05-03 21:08:42 PDT,11,"So I had been seeing this girl for about 1.5 years. I love her. I think she is the one. We decided that we were going to move in together once my lease ran out at the end of the year. She is a nurse. I am a student working on my Ph.D. She suffers from epilepsy but it is not a big deal as she only has a seizure every year or two. Unfortunately she came down with some mystery digestive problem. 

&amp;#x200B;

Fast forward she has lost 60 lbs. She is 4'10"". Her issue has still not been diagnosed. She was forced to resign from her job, and is having a hard time getting disability because nobody knows what is wrong with her. Instead of moving in together we decided to move in with her family.  Her mother and her sister (25F) She was having a hard time keeping up with her car payments and student loans. We thought this would be the best thing for us as a unit. We thought this wouldn't be too bad of a situation because the previous owner of the house had built an add on for his mother in law once she became old. So we would have our own area of the house and bathroom and everything. One other issues was that her sister was allergic to cats. I have a cat. So we agreed to keep the cat in my room. Besides that I thought it was fine. I had enjoyed spending time with her family in the past so I thought this would be a good short term solution.

&amp;#x200B;

We'll things went almost immediately bad. Outside of moving during a blizzard. The main bathroom broke with the first few weeks. Now it is the four of us sharing one bathroom in our room. So we have no privacy ever. Her sister for some reason had a hard time understanding that she couldn't play music in our bathroom in our room in the middle of the night. Not kidding. One time we had to ask her one time at 2 a.m. and one time at 3 a.m. Same night. Not kidding. Not only would she not apologize she would storm out of the room and slam the door. We asked so many times I lost count. She would always respond like we were the ones doing something wrong to her.  It was exhausting, physically and mentally. Each request would always be met with some rude passive aggressive behavior. Once my car was broken. I was using my girlfriends car. She decided to take my girlfriends car without asking and hide the keys to her car. So I ended up having to Uber to make an important presentation for school. When asked about it. She said she didn't take her car because the low tire pressure light was on. There was literally a tire place a half mile down the road that would put air in your tires for free. I tried not to get involved and keep the peace in the house, only speaking when I knew what I was saying was beyond dispute.

&amp;#x200B;

The relationship with the mother was a bit better. She is a bit weak willed, and tends to fold under the pressure of the hyper-aggressive sister. I would often notice that we would be on good terms and then she would go shopping with the sister and then she would come back and have an attitude towards me. I knew what was going on, that she was being manipulated, but wanted to be very careful to pick my fights. I also had to keep my mouth shut as my girlfriend was beginning to have more seizures from the stress of her entire life falling apart. Complaining would only cause her more stress. This also took its toll on me as we shared a bed. I was the one bringing her her medicine at night. I was the one holding her when she had a seizure. I was the one staying up watching her to make sure she would sleep.

&amp;#x200B;

Her family also began to act very cruel towards her. She cannot drive because of her seizures. Her family starting just leaving to go places without telling us. They would come back with food from restaurants and shopping. This really hurt her and made her feel even worse as she is basically stuck at home. Her mother started making comments that she enjoyed being sick and was lazy. This while she was staying up because her doctor told her she needed to get screenings for pancreatic cancer. Her mother also told her she wasn't allowed to weigh herself anymore, even though her doctor told her to monitor her weight because she had lost so much weight while she was sick. The reason she wasn't allowed to weigh herself is because she had told her mother that she had lost two pounds. Her sister was in the room. I am not fat shaming but she is probably about 5 foot 350lbs. Her sister was apparently jealous and thought my girlfriend was bragging.

&amp;#x200B;

I just kept my mouth shut and told her to follow her doctors orders.

&amp;#x200B;

Now I was finally ready to pick my fight. I knew the sister would respond to a request for her to be considerate with anger so I went to the mother. Her sister enjoys talking very long showers. She doesn't seem to care that other people also have things to do. One morning I decided to time it. She was in the one bathroom that 4 people were sharing for 1.5-hours. I had to pee out on the porch. So I went to her mother full of confidence. Expecting to tell her the story and have her be unable to defend the indefensible. Wrong. She gave me a shitty smirk and told me that I should wake up earlier because the sister showers around the same time every day. Which she doesn't she showered an hour later the next day. Soooooooooooo at that point I realized that there was no point in dealing with the mother. Coincidentally the next day I am informed that my cat is bothering my girlfriends sister and she has to leave in the next two weeks. I am an animal lover and she was abused when she was young. It took her years to be able to trust anyone but me. I basically threatened to leave. And they after that they managed to be nice to me for three hole days and said my cat didn't have to leave.........Basically me leaving would interfere with their 3x a week trips to the casino. Just as a small side note as I can't include everything in here. Her mom made her go to a payday loan place because they said they couldn't pay bills to guilt her. Then went out to dinner with the sister that night, and the casino the next day.

&amp;#x200B;

I was having a pretty hard time dealing with the situation. It was interfering with my ability to function. I was tired all the time. Then my girlfriend had a really bad seizure. The EMT's had to show up. Her mother commanded me to leave my room when the showed up in a way I found a bit off putting. But it wasn't about me so I left. Only to be asked back in the room to explain what happened and what dosage of medication she was taking. Her mom didn't know. When we got back at about 5 a.m. the first thing her mom said to me was ""the doctor asked me if she was under any stress, I said her and her boyfriend keep weird hours and we were fighting about a cat."" I just kept my mouth shut. I was really pissed she was trying to put it on me, but for the sake of my girlfriend I didn't respond by saying ""Yeah we basically sleep in the hallway of a nightclub living in a house with two characters from mean girls."" I've noticed that whenever anything goes wrong I get the blame. The day after her sister took the car I had an important Dr.'s appointment as I also have some serious health problems. I wanted to know whether or not I would have a car tomorrow or if I would have to Uber. So we were basically in a situation were I was yelling on our side of the house that I needed to know whether or I could use the car the next day and she was trying to leave the room to get into a fight with her sister who had dismissed the question already three times over 8 hours. Saying she would tell us the next day. Her mom comes in and assumes I was saying those bad things about my girlfriend and was all like ""he can't talk to you like that."" It goes on and on with examples. Sorry for making this so long. Her mom has a hard time reaching any other conclusion than I'm at fault.

&amp;#x200B;

Most recently they had a fight caused by me apparently not cleaning up her mom's dogs poop properly. Not my dog. I did it to be nice. Her and her mom had a big fight. They screamed at each other and apparently let everything out. Her mom admitted to being intentionally mean to me to try and get my girlfriend out of bed. My girlfriend explained that she spent so much time in bed because she was sick... She also for some reason asked if I was putting it in my girlfriends head that she couldn't get better. So I was pissed. I told her I'm moving out. I asked her to come with me. I told her I was happy living in an apartment with just a mattress as long as I could be with her. She said she didn't want to move in until she knew what was wrong with her, and she had heard back from the disability people. She also mentioned that she was worried what her family would say about her. I can't remain in this insane situation anymore.

&amp;#x200B;

My question is basically how should I handle this move while still staying on good terms with my girlfriend. I also want to know how I should deal with her family in the future. Thanks for the advice. Sorry for the length. I've been keeping alot inside.",
post,AskReddit,What is the most badass way to deal with a passive aggressive sister in law?,https://www.reddit.com/r/AskReddit/comments/alvila/what_is_the_most_badass_way_to_deal_with_a/,2019-01-31 15:08:35 PST,3,[deleted],
post,AskReddit,What is the best way to deal with a passive aggressive sister in law?,https://www.reddit.com/r/AskReddit/comments/aluec8/what_is_the_best_way_to_deal_with_a_passive/,2019-01-31 13:21:51 PST,1,[removed],
post,adultVideo,"美人家族の誘惑 挑発的な母、積極的な姉、献身的な妹。(2010-07-01)[eng: Beautiful mother seductive provocative mother, aggressive sister, devoted sister.][XV-861]",https://www.reddit.com/r/adultVideo/comments/afkt7n/美人家族の誘惑_挑発的な母積極的な姉献身的な妹20100701eng_beautiful/,2019-01-13 08:23:16 PST,0,,https://yofuk.com/detail/5c2252790b7e0cb1b946d3a9
post,CongratsLikeImFive,I was able to hold out and finish an argument with my passive aggressive sister for the first time today!,https://www.reddit.com/r/CongratsLikeImFive/comments/a4ajrx/i_was_able_to_hold_out_and_finish_an_argument/,2018-12-08 05:03:53 PST,36,,
post,Crushes,Does She/they Like Me?? Should I confess??? Advice Needed,https://www.reddit.com/r/Crushes/comments/a32dxh/does_shethey_like_me_should_i_confess_advice/,2018-12-04 08:48:07 PST,3,"Hey Guys, Im 16(M), and  I don't know if these girls (both twins and same age as me) like me or not. I only see them in a sport that I practice with them because I don't go the the same school as them. I will call one Twin J and the other twin D. J is the more aggressive sister out of the two and the one that I have kind of gravitated towards she is funny like theater, has long black hair cute, while D is very soft spoken has curly black/brown hair and has a very cute body frame. They each have sent me very mixed signals and I think I am ready to confess to one of them, but I don't know if I should because I don't want to ruin the friendship that we have. Her mom told mine that they both talk about me all the time, that laugh at all my jokes and they always wave at me before anyone else. These are the signs that I have noticed, are these signs they like me or am I overthinking, if they like which one should I pick (I kind of like J more than D, but I don't want to hurt D's Feelings )me how do I confess since there can be different places that I am and there are other kids there. Thank you guys :) I hope I didn't confuse you guys. I am kind of scared to get rejected and also ruin the friendship that I have with them

I really need your help I don’t know what to do ?!?!?! I really need advice!",
post,relationship_advice,My [20] passive aggressive sister [30],https://www.reddit.com/r/relationship_advice/comments/a2wgq4/my_20_passive_aggressive_sister_30/,2018-12-03 19:06:46 PST,5,"Hi reddit,

Apologies for grammatical and syntax mistakes. English is my second language. Thanks for your time.

My \[20\] older sister \[30\] is going through a tough period in her life. She is dealing with a divorce with her ex-husband. She has to come back to our parents' home 2-3 days a week. Whenever I cross her path she barely says hi. When I invite people home she gives a glacial gaze (multiple friends told me about it because I had not noticed it).

A week ago, early in the evening, I was home and started practicing singing. She bitterly uttered with a pinched face: ""Can you stop singing."" That wasn't even a question or a polite request. That made me snap. I asked her to stop with her attitude. We parted from there. I went to the theater, she went to a party. Back home I was on the phone in the living room, she walked by me and sat by the window. She lighted a cigarette. I thought ""Nice she does not avoid me. Must be a good time for discussing what happened with an open-heart."" I started the conversation apologizing. She did not look up to me. Here's how went our conversation starting with her answer:

""- You know you were wrong that's why you were angry. - I acted this way because you're being passive aggressive. - It isn't because you hear I am passive aggressive that it is true.""

From there the conversation was fruitless. I did not lose my temper though and I know I did a good job listening and replying with all my sincerity. That sentence though ""It isn't because you hear I am passive aggressive that it is true."" made me think a lot. Gaslighting is her speciality, and this sentence reflects to me how manipulative she can be. I wish I had something witty to answer to her. I have been thinking about it but couldn't find any counter-argument or a shower-thought to that: ""It isn't because you hear I am passive aggressive that it is true.""

Any thoughts or advice would be welcomed. I have been avoiding contact with her even though that makes me sad. She isn't doing good psychologically and I feel like I am abandoning her. I told her a year ago to seek for a therapist which she did. She went for two/three sessions but she stopped after because ""it had no effect on her, she prefers talking with friends"".

Thank you for reading. Have a good day!  


TLDR: Sister is being passive aggressive and denies it. How should I act appropriately?",
post,Advice,My [20] passive aggressive sister [30],https://www.reddit.com/r/Advice/comments/a2w55o/my_20_passive_aggressive_sister_30/,2018-12-03 18:30:42 PST,1,"Hi reddit,

Apologies for grammatical and syntax mistakes. English is my second language. Thanks for your time.

My \[20\] older sister \[30\] is going through a tough period in her life. She is dealing with a divorce with her ex-husband. She has to come back to our parents' home 2-3 days a week. Whenever I cross her path she barely says hi. When I invite people home she gives a glacial gaze (multiple friends told me about it because I had not noticed it).

A week ago, early in the evening, I was home and started practicing singing. She bitterly uttered with a pinched face: ""Can you stop singing."" That wasn't even a question or a polite request. That made me snap. I asked her to stop with her attitude. We parted from there. I went to the theater, she went to a party. Back home I was on the phone in the living room, she walked by me and sat by the window. She lighted a cigarette. I thought ""Nice she does not avoid me. Must be a good time for discussing what happened with an open-heart."" I started the conversation apologizing. She did not look up to me. Here's how went our conversation starting with her answer:

""- You know you were wrong that's why you were angry. - I acted this way because you're being passive aggressive. - It isn't because you hear I am passive aggressive that it is true.""

From there the conversation was fruitless. I did not lose my temper though and I know I did a good job listening and replying with all my sincerity. That sentence though ""It isn't because you hear I am passive aggressive that it is true."" made me think a lot. Gaslighting is her speciality, and this sentence reflects to me how manipulative she can be. I wish I had something witty to answer to her. I have been thinking about it but couldn't find any counter-argument or a shower-thought to that: ""It isn't because you hear I am passive aggressive that it is true.""

Any thoughts or advice would be welcomed. I have been avoiding contact with her even though that makes me sad. She isn't doing good psychologically and I feel like I am abandoning her. I told her a year ago to seek for a therapist which she did. She went for two/three sessions but she stopped after because ""it had no effect on her, she prefers talking with friends"".

Thank you for reading. Have a good day!",
post,AskLesbians,"Can female same-sex attraction caused by ""existentially grudge""?",https://www.reddit.com/r/AskLesbians/comments/9xn1wv/can_female_samesex_attraction_caused_by/,2018-11-16 07:20:59 PST,1,"Just imagine a socially awkward silent ugly girl that hates herself and her life, her also ugly parents, her unwomanly mother and aggressive sister. Her father because he left her forever.

And this lonely girl focus most of the time on a blonde wise classmate from the ""doll-type"" that seems to live life at his finest. 

The ugly girl feels really uncomfortable when the wise beauty is in her near. It\`s a feeling of powerlessness and shame but also a feeling of ""sad that we can\`t be friends because of my otherness"", ""wish i never meed you"" and ""wish I could be some one other ... you look fine"".

If they would be friends the beauty would be the door for the ugly girl to be normal. But the beauty ignores the ugly girl and make jokes about her back, so she stays in her grief and this grief grows by the years that have passed - and even if the ugly girl didn\`t see the beauty once since then, she can\`t forget her - or maybe just the lost chance/ a chance who was never real, to be this wise beauty.

As the ugly girl gets older she develope some romantic/sexual/abusive fantasies of her and that girl and she focuse automatically on girls of this type and prefer to be romantical together with them (and want to dies with them) if she could get more beautiful and stronger (or they just are like ""okay i die with you you ugly bitch""). Ergo: she developet a same-sex attraction as compensation for her losing, or?

&amp;#x200B;

lol&gt;!btw, I didn\`t mean that this ""existentially grudge"" who evolves into a same-sex attraction is the reason for all female homosexuality and I didn\`t think it isn\`t biologically influenced (the unwomanly mother, and sister as example sure have hormonal imbalance). I think it is bio- influenced,  but that shouldn\`t really be a part in my question. I just want to know if this grudge can be like a trigger and leads to same-sex attraction.!&lt;

&gt;!And don\`t be harsh about my grammar. Not all people live in english-speaking countries.!&lt;

&amp;#x200B;

&amp;#x200B;

&amp;#x200B;

&amp;#x200B;

&amp;#x200B;

&amp;#x200B;",
post,aspergers,Passive Aggressive Sister,https://www.reddit.com/r/aspergers/comments/8l5rz9/passive_aggressive_sister/,2018-05-21 17:42:42 PDT,2,"I wasn’t sure where to post this, if anyone has any alternative recommendations i’ll look into it.

So, my sister and I would have a Passive Aggresive sort of relationship at least in most cases from her end. I’m not sure how to deal with her behavior. I have tried to get my Parents to sort it out but they don’t usually do anything, meaning that she thinks that  what she is doing is justified. 

Today she was up to her usual antics for no good reason:

- Took my chair out my study room and left me a broken chair.
- I buy food, she eats a lot of it. I don’t mind someone eating one or two things but she takes 5/6 different packets of crisps out of a multipack. She will also eat my ice lollies etc. My mother buys the food: she should be eating this.
- stares at me when no one is looking. 
- stares at me when I am not looking at her and then says to me “what are looking at?”.
- ignores me when I try to talk to her.
- slams doors in my face.
- Hits me. When I hit her back she starts screaming with my father coming in like a bull in response.  

Not sure what this is all about or how to rectify it. I have tried to sort it out by shouting at her/getting into rows but my father always takes her side and starts roaring at me.

I don’t think that my Parents behavior towards this situation is helping. It is depressing.

I should mention that my mother wants me to spend £20 on a meal for the three of us for her birthday.  I’m not wanting to do that right now. Don’t want to be mean but don’t feel great about spending money on her when she treats me like with disdain.",
post,Smite,Tip for playing ranked.,https://www.reddit.com/r/Smite/comments/8hzic3/tip_for_playing_ranked/,2018-05-08 12:25:02 PDT,11,"If you ever have a bad game. Play some casuals and clear your head. you will not be the same player if you're tilted this as always helped me avoid losing streaks. 
AND DON'T BE TOXIC/ Salty/ Use the VGS sarcastically Like a passive aggressive sister/mother. 
Here's my prove. https://imgur.com/a/V7CHqzD  ",
post,AskWomenOver30,Asking for advice on how to deal with passive aggressive sister in law,https://www.reddit.com/r/AskWomenOver30/comments/88wwfc/asking_for_advice_on_how_to_deal_with_passive/,2018-04-01 21:48:29 PDT,22,"My main question is how to deal with family gatherings. My brother and his wife bought the home my family lived in for 35 years. I have the kind of relationship where I don't disagree with my brother and his wife. I just try to keep it non-confrontational.

Last year my brother complained to my SIL that I abused him recently (me and my brother are in our 50's, he has about 8"" in height and 60 pounds over me - it's literally impossible to hurt him). She sent an email saying she was tired of hearing about how I abused him and another complaint about me, (that I'm not grateful enough at meal time) to me. I asked my brother for specific incidents. I asked her for specific incident. She complained about how I asked. He did not answer. She said I was no longer welcome in the home.

Now, my other sister is in town and my mom wants to get together at the brother's house. I said I was told I'm not welcome over there. So apparently my mom told my SIL and she said to my mom, its okay I can go over there.

That doesn't resolve it. Or the bigger issue of gossip claims of abuse. My mom is nearly 90. She wants us to get together at the home.

Ideas are appreciated!

Edit: TL:DR SIL told me I was no longer welcome in her home (the home I grew up in, she/my brother bought from my parents) because I wasn't grateful enough and she was tired of hearing about me abusing my brother (there was no abuse, in fact, when talking with them I don't disagree with either of them or challenge them or tell them anything negative about them).",
post,JUSTNOFAMILY,Easter Brings Out The Crazies In My Family Pt 1/3,https://www.reddit.com/r/JUSTNOFAMILY/comments/88wtzx/easter_brings_out_the_crazies_in_my_family_pt_13/,2018-04-01 21:35:17 PDT,12,"Hoo boy! Today was a doozie and that means a long post, yay? Now that I’ve awakened from my recovery nap from all the bull crap, let me try and straighten it out in a timeline.

Let’s go down the line of things that made me feel put out at the first family gathering of 2018!

So to start, we arrive at Aunt1’s ranch where we have our larger gatherings and everything seems normal. I go around hugging my family members that I’m comfortable with, chat away with one member I don’t usually talk to (it was nice, surprisingly). 

I brought my laptop because I have social anxiety and after a certain amount of time I just check out mentally and need to get away and decompress.

By the time my Mama and I arrived, lunch was served buffet style.

Now thing to note, I just got diagnosed with severe wheat allergies (not anaphylaxis, thankfully, just excruciating stomach pains where I feel like my entire gastrointestinal tract is melting whenever I eat more than two bites of wheat) probably no less than three weeks ago. 

I’m still learning to play the gluten-free game, still struggling to coming to terms with learning all the foods I can no longer eat. I’ve found it’s easier to just stay gluten-free than struggle with ‘is it wheat based or nah?’

I’m at the buffet table with an empty plate staring at these awesome sandwiches Aunt1 always has catered on Easter and Aunt1 comes up and asks me what’s wrong.

I said that because I can’t eat wheat and as such that means these I can’t eat these super awesome sandwiches. (Legit they’re amazing, in years past I would often take 5 or 6 of the leftovers home for lunch the following week) 

Aunt1 gives me this funny looking side eye, like it was the stupidest thing she’d heard all day.

“It’s _SOURDOUGH_ not _WHEAT!_ “

I kind of lean back in shock at her exasperated tone of voice and quick pull my phone out to do a google search to confirm. I will state front and center that I did _not_ search deep enough and I have since learned.

I’m sitting at one of the tables with Aunt2, Mama, and two cousins (one who also is gluten-intolerant and had avoided those sandwiches like the plague, smart) and not even 5 minutes after eating about half of one of these sandwiches I’m breaking out into a cold sweat and starting to shake. 

I recognize instantly why this is happening and I stand to throw away my half-eaten food. I happen to pass Aunt1 while on the trek to the trashcan and she whirls around as I pass her and demands to know where I’m going.

I told her that there was in _fact_ wheat in it and I felt sick. So I was going to throw away my half eaten food.

She snaps at me, “at _LEAST_ give it to someone _ELSE!_ DON’T be so _WASTEFULLL!!!!_ “

Once again, I’m stunned silent as she glares at me and I hesitantly walk to Mama’s side and plop down my half eaten sandwich on her plate. 

Aunt1 nods, pleased, and walks away. 

Mama looks up at me like ‘what the fuck?’ and I just shake my head mouthing “just go with it” as I sit down in my original seat.

Aunt2, who I’m sitting next to, asks what that was all about.

I recounted the tale to her and I barely get out that there was, in fact, wheat in the sandwiches before she snaps her head up at me and takes a sharp breath and lets put this ungodly shriek that I’ve never ever heard from my usually mild-mannered and normally sweet aunt:

“_ALL_ BREAD HAS WHEAT IN IT! Why did you EAT that!!? STUPID CHILD! _WHYY_ would you _LISTEN_ to my SISTER???”

Once again, I lean back in shock, my cousins are shocked, Mama is shocked. 

I stutter out that I’m still new at learning this and I’m new at figuring everything out. Mentally yelling that she has no real right to yell at me since she wasn’t going to be in pain later. She sighs huffily and resumes eating like nothing had happened.

Mama came up to me later and said “that was wild. I’ve never seen Aunt2 snap at anything like that. Normally she can be a little eccentric about stuff but...”

I replied with “I know! And I’m going to trip up a few times, but dang, I can’t believe she just openly and loudly admitted she doesn’t trust her own sister.”

tl;dr: I have wheat allergy, Aunt1 was misinformed, spread misinformation on bread, I suffer as Aunt2 loudly chides me for trusting Aunt1.

But that’s not all! Coming up next: Passive Aggressive Sister!

Edit: a word",
post,Advice,Asking for advice on how to handle passive aggressive sister in law.,https://www.reddit.com/r/Advice/comments/88uo5p/asking_for_advice_on_how_to_handle_passive/,2018-04-01 15:40:45 PDT,1,"My main problem today is dealing with a family gathering. My brother and his wife bought the home my family lived in for 35 years. I have the kind of relationship where I don't disagree with my brother and his wife. I just try to keep it non-confrontational.

 Last year my brother complained to my SIL that I abused him recently (me and my brother are in our 50's). She sent an email saying she was tired of hearing about how I abused him and another complaint about me, (that I'm not grateful enough around them) to me . I asked my brother for specific incidents. I asked her for specific incident. She said I was no longer welcome in the home. 

Now, my other sister is in town and my mom wants to get together at the brother's house. I said I was told I'm not welcome over there. So apparently my mom told my SIL and she said to my mom, its okay I can go over there. 

To me, that doesn't resolve it. Or the bigger issue of gossip claims of abuse. My mom is nearly 90. She wants us to get together at the home. 

This is just one of many issues of passive aggression.
Advice please.

Edit: TL:DR   SIL told me I was no longer welcome in her home (the home I grew up in, she/my brother bought from my parents) because I wasn't grateful enough and she was tired of hearing about me abusing my brother (there was no abuse, in fact, when talking with them I don't disagree with either of them or challenge them or tell them anything negative about them).
",
post,Advice,How to deal with passive aggressive sister in law,https://www.reddit.com/r/Advice/comments/88ti8l/how_to_deal_with_passive_aggressive_sister_in_law/,2018-04-01 12:53:19 PDT,1,[deleted],
post,exmormon,I am drained. Stake presidency visit. Home teachers. Concerned BIL phone call. 4+ hours.,https://www.reddit.com/r/exmormon/comments/80fgho/i_am_drained_stake_presidency_visit_home_teachers/,2018-02-26 11:00:12 PST,348,"And that was all just yesterday.  That doesn't even include my angry father, shortsighted FIL, silent mother, passive aggressive sister, clueless other sister that all blew up on me last week and I am tired of explaining myself only to get a lesson on truth, history and the spirit every fucking time from people who have no idea who Fanny Algers even is.


Even SP counselor, who I served in the bishopric with as ward clerk had no idea who Fanny Algers is. To quote, he said ""who's he?""


I'm not sure why, (/s) but if you haven't read the history and are somewhat versed in it, you have little to no credibility on what ""truth"" is.  Just because the spirit makes you feel good about the watered down narrative the church provided doesn't make it true.",
post,introvert,How do you guys handle the holiday season?,https://www.reddit.com/r/introvert/comments/7i1vmf/how_do_you_guys_handle_the_holiday_season/,2017-12-06 14:48:27 PST,7,"As Christmas and New Year's is approaching, how do you guys deal with the social obligations with these events?

For me, I've got multiple Christmas parties to attend (a family, work, and friends) then a New Years party, in such a short time period. 

Each of those parties bring another set of problems (work - I work with a bunch of rowdy boys, who definitely will get super drunk and that makes me uncomfortable, family - my passive aggressive sister is there and is mentally and emotionally draining, friends - they're my boyfriend's friends so I'm not too comfortable with them. Also drinking which I'm not a fan of lol).

How do you guys fair during these holiday season? Any tips or methods you guys use to cope?
",
post,raisedbynarcissists,My mom obviously favors my sister and always criticizes me because i'm male and the older sibling.,https://www.reddit.com/r/raisedbynarcissists/comments/7dgiak/my_mom_obviously_favors_my_sister_and_always/,2017-11-16 15:38:55 PST,6,"My dad and mom seperated around the time I was nine and my mom has full custody over me and my sister, so i'm the only male within our inner family. When I was young I used to get ass whoopings for almost any stupid behavior , because of this I stay really reserved and patient around my mother. My sister is loud, brash and generally annoying. Because I was both a guy and the older sibling, I could never hit my sister or else I would get my ass torn up.

I had no way of retaliating against my aggressive sister and had no way of coping with her actions. My sister would become violent towards me if I ever teased her or made fun of her for something little. This little girls nails were SHARP and would leave visible scars if she attacked me. No matter the amount of whining or plea for help I would ask for, my mom would never intervene. If I slapped my sister even the slightest bit she would scream and wail. Not even two seconds into my sister crying my mom would sprint to my location and hit me with no questions.

One time, my sister went to elementary school and told her friend how she had suicidal thoughts. When the CPS worker came over all the blame was put on me and I was lectured not to call my sister ugly anymore. Yes, I am serious, they believed she threatened to kill herself from MY TEASING, not from all the bullies she talked about at school. After that, whenever my sister does something stupid, she gets away with it with a pat on the back because my mom says she is ""sensitive"".

Wonder where sensitivity and weakness got me? Nowhere. I still got ass beatings for shit like staying up past my bedtime or cutting my own hair. Around middle school, I was teased heavily for being poor and not wearing the latest Jordans and buying designer clothes. If you read my post history, this is where my general dislike for other black people comes from, as they were the only aggressors. High school has made me lose a lot of my insecurities about black people, but that's a discussion for later. My problem was that my mom always said ""we never have any money"" or "" I have to pay these bills"". We weren't on any welfare programs, but there was a large difference between my clothes and my mom's and sister's clothes. My mom has a closet STACKED with 300$ purses, shoes and clothes, same thing for my sister, but without purses. I had to rotate the same 4 shirts , two jeans, and two beat up sneakers every week. Anytime I would cry after an arguement or get mad the response I heard was to ""Grow up and stop being a baby"", ""You're so sensitive for a MAN"", ""Stop crying before I give you something to cry about"".  A twelve year old gets emotional if they're male or not, fuck you mom.

In the period I got teased, I hated the clothes I wore and places we shopped. We shopped at Burlington coat factory and it quickly seemed like this isn't a place where men can shop frequently. I pushed my mom to buy me a pair of nike's and she rebuttaled with the excuse of us being poor.  Shortly after, she buys my sister a 20 dolllar play pizza set that she quickly broke and exhausted the resources of within a day. I wasn't completely neglected because I still got christmas gifts that were quite expensive sometimes, but how my mom told me one thing and immediately contradicted herself pissed me off. 

I was forced to open doors for her. I didn't mind it until my mom got really aggresive about it. She fucking sat infront of doors to public places and waited for me to catch up so I can open it for her. If I went far ahead and walked in a store without opening the door, my mom would snatch my arm and reprimand me for not opening it for her and my ""dainty little sister"".

Let's move into privacy. My mom NEVER wanted us to close our doors, but she would close her's all the fucking time. My sister used to freak out and have a hissy fit anytime I closed my door because she hated being alone. She was 8 or 7 when she broke my door off of it's hinges and destroyed this wooden bridge I slaved over in wood shop. I had enough her shit and punched her in the stomach. She retaliated back and I just grabbed her and put her into a chokehold. My mom burst out of her room and threw me onto the wall outside my room. She told me that if I ever lay a hand on my sister again she would kill me and go to jail.

After that day, I gave up trying. I've never tried to kill myself, thank god. But that was the single time in my life I ever contemplated it. I mean, what the fuck do you do if your mother might kill you? Years of bullshit later I am generally happy and don't get into trouble often. I'm 17 and I still have a bedtime and had parental controls on my laptop till I convinced my mom to make me admin. I got into this program at my school that allows students to extern at their ideal career choices and see if it is a good fit. I had to do a lot of cold calling, but I was able to find an architecture firm to extern at within my city. This year I've been coming home exhausted around  7:00p.m. and haven't been able to get much schoolwork done. I also had the bright ideal of taking a dual enrollment course and two A.P. classes.

For the past year I have had straight A's in all my classes and my sister has been struggling to get past a D in most of her core classes. My mother is visibly upset at my sister and she gets in trouble for her grades. I have a playstation 3 that my mom gave to my sister when I got a ps4, her reasoning was that I can't have two gaming consoles even though my sister isn't a gamer. Because of my straight A's from last year, my mom owes me 200 dollars in allowance money, but I never sweat her about it. This year, to my surprise, I only had one C and the rest were A's. My mom loves focusing on one grade and just tearing into my ass. She makes her remarks about how I shouldn't get a C. Her reasoning pisses me off. She fumed "" I don't even see why you're getting C's, you're so lazy. When I was a school I had a job and still got good grades.""


Here's the difference between you and me ""mommy"", I've never dropped a class in my life. You told me you have done it multiple times when a class is too hard. Guess what, I can't excel in every class. You NEVER took an A.P. or college credit course while you were in high school.  Vast difference between ""honors"", which is honestly the same as a general level class but with smarter kids, and A.P. courses. Also, I do have a job, it's the architecture firm that you told me to constantly give up on because you thought I wouldn't get an interview. I don't come home till seven because of it, I was just stupid enough not to get paid for doing an office job. I love being at the firm but don't act like it is some ""dumb hobby"", it takes work. I can never please her, I don't do drugs, I always take her side, and I've never even thought about drinking alchohol. 

In the last two paragraphs I wasn't trying to be condescending by saying my workload is harder than others. But I wish she would acknowledge that I try, instead of comparing me to other people.

TL;DR: Fuck my mom, she is a bitch sometimes",
post,relationships,Need help dealing with aggressive sister.,https://www.reddit.com/r/relationships/comments/6byrvo/need_help_dealing_with_aggressive_sister/,2017-05-18 13:10:35 PDT,1,"I'm 18f and she is 12. We are the same height and she is very aggressive. Whenever we get into an argument she pushes me and I'll push her back and usually she'll tackle me into the book case or the wall or to the floor. Then we get into an all out brawl. The farthest it's ever gone was when she tackled me and got on top of started pushing my head to the ground and when our parents heard the commotion they came and broke it up. When I stood up I punched her in the face. And my parents had to hold her back from mauling me. 

She doesn't just do it with me, she also does it with our older sister. She is 23 and a little taller than both. I remember she and our youngest sister getting into an argument and I hear them screaming in the basement while I'm on the top floor (parents weren't home). I go down there and just as I get them in sight our youngest sister sweeps her legs and like drives her into the ground, gets on top of her and starts slapping her face and I had to go pull her off and break them up. 

Our parents put her in counseling and anger manager but she is still really aggressive and she is really strong. She's literally picked some and dropped me before (we've fought many times and she loves to tackle). Is there any way we could calm her down? 

TL;DR: my little sister physically bullies me and my older sister to the point where she punches us. Is there anything you guys think we could do? ",
post,dirtypenpals,M4F 21 - Looking for an Aggressive Sister .. Again!,https://www.reddit.com/r/dirtypenpals/comments/652ij9/m4f_21_looking_for_an_aggressive_sister_again/,2017-04-12 18:33:26 PDT,1,[deleted],
post,AgeplayPenPals,M4F Aggressive sister,https://www.reddit.com/r/AgeplayPenPals/comments/5of83j/m4f_aggressive_sister/,2017-01-16 18:05:23 PST,1,"Hello, I am looking for a younger woman or women to force or control me. I am not fussy about scenarios, whatever floats your boat! Maybe, I am your cousin visiting for the holidays, or maybe you are my sister and you catch me masturbating to a picture of you. It doesn't have to be incest. I am open to most suggestions so don't hesitate to ask. Things I find particularly hot are incest, face sitting, and humiliation. No pegging or scat please.",
post,todayilearned,TIL The was a WW2 plot to feminise Hitler by spiking his food with oestrogen and make him more like his less aggressive sister Paula,https://www.reddit.com/r/todayilearned/comments/4lu92f/til_the_was_a_ww2_plot_to_feminise_hitler_by/,2016-05-31 01:38:06 PDT,1,,http://theweek.com/articles/482449/bizarre-plan-turn-hitler-into-woman
post,AgeplayPenPals,23 [m4F] I want to be taught all of the things that society says a mother isn't able to teach her son.,https://www.reddit.com/r/AgeplayPenPals/comments/3y7mwq/23_m4f_i_want_to_be_taught_all_of_the_things_that/,2015-12-25 12:21:41 PST,4,Never really was close to my mother so I'm always looking for the approval of women older than me. I want to be coerced into a relationship in whatever way you decide to and then take it a step further. A dominant mom/milf is ideal but I also wouldn't mind serving an aggressive sister who is older than me. Almost all kinks welcome. ,
post,IncestPersonals,23 [m4F] I need a dominant mother figure in my life to tell me what to do and how to do it.,https://www.reddit.com/r/IncestPersonals/comments/3y40mc/23_m4f_i_need_a_dominant_mother_figure_in_my_life/,2015-12-24 11:49:05 PST,3,Never really was close to my mother so I'm always looking for the approval of women older than me. I want to rekindle the relationship in whatever way you decide to and then take it a step further. Momdom is ideal but I also wouldn't mind serving an aggressive sister who is older than me. Almost all kinks welcome. ,
post,abuse,Exhausted from Physically Violent and Aggressive Sister,https://www.reddit.com/r/abuse/comments/3ut8w8/exhausted_from_physically_violent_and_aggressive/,2015-11-29 21:03:37 PST,2,[deleted],
post,AdviceAnimals,Passive aggressive sister excuse,https://www.reddit.com/r/AdviceAnimals/comments/3ny9zh/passive_aggressive_sister_excuse/,2015-10-08 02:25:52 PDT,0,,http://imgur.com/CCRjYag
post,dirtypenpals,26M4F Aggressive Sister/Mother,https://www.reddit.com/r/dirtypenpals/comments/2ehc7w/26m4f_aggressive_sistermother/,2014-08-24 16:08:36 PDT,0,"Dad died when I was 6. Mom hasn't seen anyone since and my sister has stayed home to help around. She is going to the local community college and seems pretty happy even though she was able to go to Harvard. 

I'm now 17 and really shy. Don't get me wrong, I'm attractive and lots of the girls want me. I just don't know how to handle it. They all think I'm this experienced guy in bed. Yea sure I have probably told a few stories here and there, but I'm actually a virgin. 

I get home from school one day and ask to talk to you. You can tell in embarrassed. 

That's the set up. Shoot me a message including who you want to be and we can discuss details. Unless you just want to just dive in and continue. Please put effort into it. I try to be descriptive and put a lot of effort into it. Please do the same. ",
post,AdviceAnimals,"My passive aggressive sister when I lost my ticket to my niece's graduation, but managed to get in anyway.",https://www.reddit.com/r/AdviceAnimals/comments/280035/my_passive_aggressive_sister_when_i_lost_my/,2014-06-12 14:44:16 PDT,0,,http://imgur.com/bwv4BJF
post,TheBluePill,Perfect RedPill Relationship upheld despite nosy interference from aggressive sister [sp],https://www.reddit.com/r/TheBluePill/comments/25dg2o/perfect_redpill_relationship_upheld_despite_nosy/,2014-05-12 10:15:29 PDT,15,,http://www.youtube.com/watch?v=VsHsjSFsG0A
post,IncestPersonals,"31 M4F looking for aggressive sister/daughter, age play ok.",https://www.reddit.com/r/IncestPersonals/comments/1w8bs3/31_m4f_looking_for_aggressive_sisterdaughter_age/,2014-01-26 15:20:15 PST,1,"You're my teen daughter/sister and for years you've been watching me. You've wanted me but you've been afraid of what might happen. Finally you can't take it anymore, you're going to get it. Age play is ok, looking for aggressive but not dominate. Kik ok, but not required. ",
post,AdviceAnimals,My passive-aggressive sister-in-law used to live with me,https://www.reddit.com/r/AdviceAnimals/comments/1pu408/my_passiveaggressive_sisterinlaw_used_to_live/,2013-11-03 14:47:16 PST,2,,http://i.imgur.com/5T4VE7b.png
post,atheism,"My passive aggressive sister posted this in response to my saying people should thank science, not god (for the cured HIV baby). (FB)",https://www.reddit.com/r/atheism/comments/19njoy/my_passive_aggressive_sister_posted_this_in/,2013-03-04 11:15:38 PST,0,,http://imgur.com/UcrjIMS
post,funny,Passive aggressive Sister Rosemary,https://www.reddit.com/r/funny/comments/16j05p/passive_aggressive_sister_rosemary/,2013-01-13 18:47:38 PST,0,,http://imgur.com/Zi59j
post,funny,Passive aggressive Sister Rosemary,https://www.reddit.com/r/funny/comments/16iz78/passive_aggressive_sister_rosemary/,2013-01-13 18:33:41 PST,1,Purchased a used book on amazon and was skimming through the seller feedback when I came across Sister Rosemary's response to a dissatisfied customer.,
post,pics,My passive aggressive sister left a message for someone's parking job.,https://www.reddit.com/r/pics/comments/11dzyw/my_passive_aggressive_sister_left_a_message_for/,2012-10-12 15:29:39 PDT,0,,http://i.imgur.com/XnpBj.jpg
post,AskReddit,How do I deal with my passive aggressive sister and her husband so they don't end up hating me and kicking me out?,https://www.reddit.com/r/AskReddit/comments/108ix0/how_do_i_deal_with_my_passive_aggressive_sister/,2012-09-20 22:51:50 PDT,0,"Alright, so my sister and her family invited my little bro and I to move across the country with them. They have given us an opportunity to start a new life. They have taken on two extra people to support completely, because neither of us had money saved up when we first moved out here. It has been two months since we've been here. I finally got a job and start next week, so I will be seeing a paycheck in a few weeks. For some reason my relationships with everyone in the house (excluding my niece, nephews, and little brother) have been dwindling.

My sister and I got in a fight the other day. My 4-year-old nephew burned himself really badly with soup and she started yelling at me right away, like it was my fault. I haven't learned to control my 'bad attitude' yet, so I started yelling back. It pissed her off so bad that she hasn't talked to me in two days. I have tried apologizing to her, I have tried talking to her about it, only to be rejected and yelled at some more about my attitude. I know I can have a shitty attitude, I am working on it. I am 21-years-old and she is 32. Her husband is of course taking her side so he is pissed at me too right now. The funny thing is, is that she is also treating my little brother like crap. He has done absolutely nothing. He is a good kid - he doesn't talk back, he has a good and respectful attitude yet she is also treating him really badly. I don't know what to do.

I don't want this to ruin any relationships - although I think it may be too late for that. I also don't want this to jade my little brother. He is such a good kid with a lot of potential and this is really bringing him down. It pisses me off even more that she is giving him the cold shoulder for no reason. What do I do to make this situation better? Besides fix my attitude - I know that this is already needed. I don't want to get sent home to my hometown, there is nothing there for me. I don't want them to treat my little brother like crap, he doesn't deserve it. Any advice?

ed: tl;dr: sister and her fam move me and little bro across country with them for a new opportunity, fight ensues between sister and I, situation at house is really bad and is escalating daily",
post,BabyBumps,"It is only 7:45 AM and I've already made 2 powerpoint presentations, a fundraising flyer, a project management excel spreadsheet, and a meeting agenda template.  WHAT WHAT!!",https://www.reddit.com/r/BabyBumps/comments/xnsxj/it_is_only_745_am_and_ive_already_made_2/,2012-08-03 22:58:32 PDT,29,"Hey ladies,

I had one of *those* mornings... where you wake up and feel amazing to DO ALL THE THINGS!  

I have a non profit so there has been some work I've needed to do for the past few days that kinda got sidetracked to cereal.  soooooooooooo yeah I'm all caught up.

GUESS WHAT!! My crazy passive aggressive sister is organizing a baby shower for me!?  What is this witch craft?!  She is calling it ""Lisa's baby shower in a box"" with the cutest invitation.  I was really thrown off guard by it but didn't hesitate to thank and support her.  I need this woman to get on my side for once.  It is too stressful having tension with her.  I think she was just happy that I added her back on to my facebook a few days ago.  

I feel awesome.  ALSO we are doing a children's outreach program in the southern district of Malawi.  We raised enough money ($650) to completely fund it.  I forgot to include hotel costs in our budget but we had a surplus of $200 so it doesn't matter!  That keeps happening!  So excited, we are going to some remote villages and working with some churches down there to help guide us to the neediest areas.  We have markers, coloring books, copied children's books, lots of activities planned, and lunch for the entire village at each stop.  I'm giddy over this, I don't know when I'll be able to do a trip like this again, definitely not until after the baby is born.

Should go within the next week or two, trying to prepare myself for insanely bumping rides, hot dry dusty air, mosquitos the size of your ovaries, and lack of bathing.  I can do this, I can do this, I can do this......

Anyone else having an awesome day/time/event coming?",
post,travel,On vacation in Edinburgh with Family over new years and need a break. Any redditers interested in grabbing a beer?,https://www.reddit.com/r/travel/comments/etiwb/on_vacation_in_edinburgh_with_family_over_new/,2010-12-29 23:15:01 PST,1,"I love my family but spending day after day with my parents, grandparents, super passive aggressive sister and my brother, commonly refereed to in the family as ""whacko Jack-o"" due to his lack of social graces but possibly high IQ, is getting rather strenuous. Would love to grab a beer with a fellow redditer (I probably can't call myself this as I have only just joined but w/e) and shoot the shit.  

I go back to America on the 4th, however.  ",
