type,subreddit,title,url,datetime_pst,score,body,media_url
post,ArtfightProfiles,Anyone itching for some post-apocalyptic found family vibes?,https://www.reddit.com/r/ArtfightProfiles/comments/1uym8i3/anyone_itching_for_some_postapocalyptic_found/,2026-07-16 18:54:25 PDT,3,"Check out my characters if you want! I ALWAYS revenge!! 😈 https://artfight.net/\~CallMeVictory

My characters are all from my novel-in-progress! Some group shots included as well as some very silly rough doodles of the couples. 

Here’s my little blurb I wrote about the story:

*Sometimes a family is a far too friendly wedding planner, a moody paramedic, a smooth-talking corporate lobbyist partially responsible for the collapse of society, a scientist on the verge of saving the world, his smoking hot seductress wife, his calculating and aggressive sister, a traumatized 7-year-old raised to kill,  a angry 14-year-old who can’t stop getting into trouble, and her exasperated mother who trusts no one.* 

*This ragtag group of apocalypse survivors meet traveling through the ruins of the East Coast after a deadly disease wiped out most of society. Even though they all have their own goals, they travel together… until they accidentally fall in with a seemingly perfect community called Bliss. But Bliss has a dark secret, and surviving might cost them more than they ever expected.*",https://www.reddit.com/gallery/1uym8i3
post,capybara,"Meet Aki, Donguri's Aggressive Sister. She Sounds Upset",https://www.reddit.com/r/capybara/comments/1s2r5gj/meet_aki_donguris_aggressive_sister_she_sounds/,2026-03-24 14:31:52 PDT,8,,https://youtu.be/pQ7Z1fRF1sc
post,CPTSD,Healing the family,https://www.reddit.com/r/CPTSD/comments/1pl09pc/healing_the_family/,2025-12-12 11:06:23 PST,1,"I have so much awareness for my family’s chaotic past and present,relational errors,cause-effect and how everything has been happening effects us today.Codependent enmeshed mother,aggressive sister,passive agressive resentful father,and a bowl of problems me.
I cant draw anyone’s attention to their issues,no matter how much I try to point out these,I am facing all the time defensiveness.But I cant just live as they do because I am aware of everything and it effects me and I feel it at my core and I am trying to change myself.
While people don’t think about anything I became extremely aware of,from the outside I look like I am only wasting time on pointless efforts,the “work” I do is not a thing for them so its not valued,so they see me as depressed and withdrawn.But there is this you are angry,you are weak this and that but no nobody understands.
I am writing here because in my life ,my environment this trauma work is not valued,or validated.And it seems like you are the one who is with the problems and cut out from life.
How do you deal with these?",
post,Codependency,Healing the family,https://www.reddit.com/r/Codependency/comments/1pl0956/healing_the_family/,2025-12-12 11:05:46 PST,1,"I have so much awareness for my family’s chaotic past and present,relational errors,cause-effect and how everything has been happening effects us today.Codependent enmeshed mother,aggressive sister,passive agressive resentful father,and a bowl of problems me.
I cant draw anyone’s attention to their issues,no matter how much I try to point out these,I am facing all the time defensiveness.But I cant just live as they do because I am aware of everything and it effects me and I feel it at my core and I am trying to change myself.
While people don’t think about anything I became extremely aware of,from the outside I look like I am only wasting time on pointless efforts,the “work” I do is not a thing for them so its not valued,so they see me as depressed and withdrawn.But there is this you are angry,you are weak this and that but no nobody understands.
I am writing here because in my life ,my environment this trauma work is not valued,or validated.And it seems like you are the one who is with the problems and cut out from life.
How do you deal with these?",
post,sexualassault,I have a rape fantasy,https://www.reddit.com/r/sexualassault/comments/1pj7i7n/i_have_a_rape_fantasy/,2025-12-10 08:46:24 PST,6,"It's embarassing but I was molested as a child , every day groped . Then I searched about it and I Guess I found porn. I started watching it. I was in 6th standard I guess . Sex was still a taboo but somehow somewhere I guess I was okay with it. Felt guilty about it. I couldn't tell it to my family because father has bipolar can't stress him out on someone trusted , mom was dealing with joint family, me, my aggressive sister, father etc etc. then I was in 11 and just joined boarding, I came home, he was teaching me how to ride a scooty and used to molest. One day he tried to groped me and finger me while I was riding. I fell down slapped him ig and went home .I hated it and him.  Said nothing got fever, stopped learning how to ride. 
Moving forward,was a virgin till 21, then when I was in graduation, had a guy friend, drank with him, he didn't drink,I was drunk af I had alot, he started kissing and stuff, asked with his eyes if he go down ( that's in my head) but he started getting condom from his bag, it was blurry for me. He said I'll put , and I think I was passed out halfway don't recall, next thing I remember is him fucking and me resisting I was not sure in my head yd is going on. Then he abused me on call, his mom had cancer so I was being extra empathetic, and was a people pleaser, so said sorry. Went home for break, didn't get my period, didn't tell him because he'll get stressed as his mom was getting worse with cancer. Came back to my college city, started hating him, made a boyfriend, told him I'm a bad person inside. Because of this incident. Hid it from him for months.he was a weird guy, alcoholic, irresponsible, etc etc. left him. Once I asked him to ash burn me while we were naked. (Had depression then)
Now in between had some sex.  Always feel like I should tell about my sex and how many times I did it. 
Presently I feel like I'm not vanilla, I want tough love. I want someone to take authority ( I do have daddy issues my daddy isn't available as father figure ) I feel aahamed but idk. I think I still do like vanilla but wanna be treated like a baby ig. I have a rape fantasy.
TMI- I have never cum in my life. I never let any man down on me EVER. Idk am I ummm weird ? What should I do. I'm embarssed of getting verbally abused on online sext platform, get humiliated and feel good. Aaaaaaaaaaaaa",
post,boldandbeautiful,Li and Poppi,https://www.reddit.com/r/boldandbeautiful/comments/1lwl2a9/li_and_poppi/,2025-07-10 12:00:17 PDT,9,"Why is Li only having sympathy for Luna after she’s killed so many people? When she came to town, she held an innocent child responsible for her hatred towards her mother.   Luna begged her to have something to do with her, and she didn’t want anything to do with her. I already wrote about the single mother aspect of Poppi and how insulting it is to insinuate that there was enough of a reason of her not having a father to excuse her murderous intention. People keep saying Poppi should’ve told both of them that Finn was the father. She already had an extremely aggressive sister who she was afraid to tell. Then everyone would be blaming her for a child growing up, thinking she was the child of incest and then that’s what caused her to be murderous. Once she already did that she can’t win because she would’ve been blamed for her growing up knowing she was the child of that. Finn may not have gone to medical school had he found out. The fact that Lee’s not at all disgusted that her son did that even though he was only 18 is odd.. It was someone he grew up with. Lee is going to keep a murderer alive . If Poppi said, I’m glad My Daughter’s alive. You better believe that they all would’ve said, you’re glad she’s alive so she could keep trying to kill us and she almost killed them. Poppi can never win.",
post,teenagers,How do you turn sadness into anger?,https://www.reddit.com/r/teenagers/comments/1li2bfi/how_do_you_turn_sadness_into_anger/,2025-06-22 16:53:08 PDT,2,"I'm pretty introverted. I used to get the ick when people swear a lot and outwardly express frustration or aggression towards people, but sometimes I wish I'd swear more.

I feel like the times when I'm facing negative emotions, especially due to something that happens that I have problems with, I just keep it to myself, sometimes to the extent of crying. I never really find myself showing attitude, even just swearing at an app I hate, casually swearing at a friend in certain contexts, complaining that a situation is shitty, properly hating my ex, or arguing more aggressively with someone who just won't listen.

Today I almost got pushed to tears by a combination of adobe acrobat, passive aggressive sister, and my mom who doesn't listen to what I have to say.

It's not often I have to consider this, honestly might just be hormones...

Anyone relate, or any advice? How do I express my anger more?",
post,AITAH,AITAH for cutting ties with my passive-aggressive sister?,https://www.reddit.com/r/AITAH/comments/1l2awno/aitah_for_cutting_ties_with_my_passiveaggressive/,2025-06-03 05:43:04 PDT,6,"My (M) half sister is 15 years older than I, adopted during my father’s previous marriage. We’ve never been close, and she has expressed resentment in the past that she doesn’t feel she’s treated equally by the rest of our family. I’ve always thought of her as my sister, only calling her my hs here for clarification. She has only ever called me in the past when someone has died and she wants to see if she was in people’s wills. She never has been a beneficiary, so I can see why she feels the way she does. But still, that’s the only time she’s ever tried to communicate with me. At some point she found her birth family, made a big move with her husband to be in another state so she could be closer to them. She also converted to their religion. She felt she needed that, I guess. 

Anyway. I saw a post of hers on Facebook where she was lamenting the death of Rush Limbaugh. I always felt he was a cruel man, remembering he called a 10-yo Chelsea Clinton “a dog”. I pointed out to her that he used to read the names of people who had died of AIDSA to circus music. I am HIV+, and my sister knows this. Her response was, “well, we thought he was funny.” 

I was stunned. I let that percolate for awhile, and then I lashed out in a way that pretty much destroyed what little relationship we had, deliberately. 

I thought what she said was evil, and looking back at her behavior over the years — only calling when she thought money might be coming her way, leaving our family to find another one, plus many instances of passive-aggressive behavior that I won’t list here (mostly ties to her conservative political beliefs). 

My other sister and she visit each other on occasion, but I feel I just have no room for people like her in my life. I’m fine with them having a relationship, but I’m not going to be at any family gatherings she attends, and I’m not invited anyway as I’ve recently moved to the other coast. 

Still, the whole incident was quite a shock. ",
post,visualnovels,Non-toxic sisters,https://www.reddit.com/r/visualnovels/comments/1k401cz/nontoxic_sisters/,2025-04-20 16:56:38 PDT,19,"Hello everyone, hoping you are all well. First of all, thank you for the suggestions you shared with me in the last post. I appreciate your knowledge. And now I'm going to talk a little about this genre since it seems to be non-existent. Both Konami from Saku Saku Love Blooms and Amane from Chronoclock are the only non-toxic sisters who seriously love their brother without fighting. Apparently, it is very normalized to put violent sisters who only humiliate the protagonist in visual novels. Konami and Amane are the only ones I've seen that are not like that, so I was hoping for more opinions, at least if it's not possible through visual novels, at least in manga. Honestly, it's a shame. I like this genre, but without violent sisters. I don't know what you think but I certainly don't like those types of sisters who only dedicate themselves to being violent and want to justify their actions on the one hand kakenuke seishun sparking although the protagonist and ritsu are not blood brothers it has been a breath of fresh air at least ritsu I have felt in what I have read that she is not the typical toxic and aggressive sister she truly loves her brother and does not mistreat him but rather respects him a lot. hoping to find more stories like this even if they are not blood brothers at least they respect each other and love each other without fighting and none of that.",
post,RATS,Aggressive sister towards sister,https://www.reddit.com/r/RATS/comments/1jjwf2q/aggressive_sister_towards_sister/,2025-03-25 15:31:52 PDT,7,"Hi everyone, me and my partner can't really help with what has been going on with our two rats recently. 

They were together since beginning, for the first few weeks they were not aggressive towards another, but it has changed after time. At the beginning we thought it is a fight for dominance, but it still continued more or less depending on the day. 

Lately one of our rats started to be aggressive (?) towards another... to the point where loud squeaks, from victim, do not help - and yes those fighter can get nasty (no blood drawn). 
We know that attacked rat can be a drama queen, but those attacks can be constant. 

Attack - loud noise to separate them - no later than 2 min, another attack 

Clearly, victim doesn't like it (she is more lonely wolf type of rat), loud squeaks, running away, kicking, sometimes fighting back. 

We have no idea what to do, and we really don't want to be passive about it, please help we don't know from where to start...

PFA ",https://i.redd.it/fgw7brn5xwqe1.jpeg
post,LoveIsBlindNetflix,The fam jam,https://www.reddit.com/r/LoveIsBlindNetflix/comments/1ivs3fc/the_fam_jam/,2025-02-22 12:22:28 PST,36,"I died laughing. This is a ghost posting. 

What a funny family Monica has (outside the weirdly aggressive sister). I really hope Joey is as good a guy as he seems to be thus far but I still have Trevor PTSD.
",
post,AITAH,WIBTA if I blasted my passive aggressive sister and abusive mother for their actions on social media.,https://www.reddit.com/r/AITAH/comments/1fqqxt5/wibta_if_i_blasted_my_passive_aggressive_sister/,2024-09-27 08:50:41 PDT,8,"This is a long post - strap in.

I 31F have an extensive history of abuse. My father was a physically abusive cop who held me at gun point with his service weapon when I was 10 (amongst other things) and my mother’s way of dealing with it was narcissistic and verbal abuse. 

From the time I was 8 onward, my mother repeatedly reminded me that *I* was the cause of my father’s physical abuse - that if I did not exist, *she* would never have been beaten. (We were beaten too.) 

We ran away shortly after my father held his gun to my head at 10, and since then, it’s been nonstop with her. By the time I was 14, she became a co-pastor and remarried to a pastor.

She spent our teen years refusing to buy us clothing or hygiene products. She would get angry if we asked for something as simple as toothpaste. She accused me of being pregnant at 14 when I, dealing with anorexia, missed a period. (I was homeschooled and she didn’t let me have friends or dates.) 

She regularly called me an “evil mean bitch” like my father and my sister a “fat retard” all throughout our childhood. 

She became hyper-religious and attempted to *sell me* as a child bride when I was 17. And when that didn’t pan out, she let a 40-something year old man groom me and ask for nudes - this man was a part of their religious congregation. He was giving them big bucks, so even though I spoke with her about it, she told me to laugh it off as “he was just friendly.”

When I approached her about my college aspirations at 17 - I wanted to go to school for neuroscience, she told me I was “too stupid and immature” for medical school, and even if I ran away, she would not feed me if I was starving.

There’s so much more, but I think you get the picture now. 

My sister and I were close in a trauma bond way. I raised her. From the time I was 3, I was changing her diapers and feeding her because my parents didn’t want to parent. *I* made sure she ate. *I* made sure she was bathed. *I* made sure her homework was complete. ME. I was my sister’s mother. 

But my sister, as traumatized as she was, doesn’t remember much of it. She suffered dissociative fugue. Unfortunately, because of that, my sister doesn’t remember much of how I stood by her and raised her. As she aged, she became the preferred child. To the degree that my late grandmother noticed it and would get into regular fights with my mother about how she neglected to care for me. 

As an adult, my parents have bought her two cars, rented a house for her, paid her bills, bought her groceries, perform regular maintenance on her house, and paid for her entire wedding reception. I have also helped her by taking her in my home rent free so she could focus on her clinicals. 

And now she has taken to side with my narcissistic mother and post passive aggressive BS on social media, about how she is the outcast and her family doesn’t love her and won’t help her, how independent she is, and how she doesn’t know her eldest sibling because I had the *audacity* to move away from an abusive environment and heal. 

My mother has taken to openly demonizing me on social media. Claiming that my departure from Christian beliefs is an attack by Satan on her, that I’m wayward and evil, and that nothing I have openly said about her is true, because I’m an evil pagan trying to attack her faith. And people believe her.

Quite frankly, I’m tired of their shit. I am *fucking tired* of being demonized -literally- for their abuse and immaturity. I am so close to openly blasting them on social media. But WIBTA? 

ETA: my sister also very much demonizes me on social media, as she is a devout Christian and thinks I’m an evil person for leaving Christianity. To the degree that she almost refuses to associate with me because her husband, even more of a holy roller than my parents, think I’m going to possess or curse her or something.",
post,relationships_advice,Is this a normal reaction?,https://www.reddit.com/r/relationships_advice/comments/1fplefn/is_this_a_normal_reaction/,2024-09-25 18:59:11 PDT,1,"The girl I’m dating was hungry this morning I offered her a plate of the food I made the night prior for dinner she declined and said maybe later. Fast forward to this afternoon when she dropped me off from the movies I went directly to the bathroom for some time to have heard a knock on the door it was her she asks why im not answer the phone apparently she called 9 times back to back and left 4 messages as she waiting in the car for a response for abt 10 minutes before knocking. I ask what’s wrong she says she wants the plate of food. I give it to her but then tell her how that response / reaction left me unsettled because it was extreme. She then said she hates when I make her feel “like this” and said it’s weird for me to feel that was an uncalled for and off response. 

Am I the weird one?

Back up information: my estranged aggressive sister was sleeping on the couch and I was trying to get her to understand that the reaction i received was more fit for an emergency not a plate of food. ",
post,BeautyEmpties,Summer 2024 empties before they hit the ♻️ bin,https://www.reddit.com/r/BeautyEmpties/comments/1fi85qi/summer_2024_empties_before_they_hit_the_bin/,2024-09-16 08:54:42 PDT,96,"From top left to bottom right: (edit: whooo

1. TheraBreath Oral Rinse - Dazzling Mint: great stuff, not my favorite flavor but a great brand
2. Saltair Skin Brightening Serum Body Wash - Exotic Pulp: meh, I like the smell a lot but won’t repurchase, not a big fan of this brand, I fell for the TikTok hype
3. Dove Body Wash - Deep Moisture: fine, I purchased because one of my fave perfume influencers, Iklas, said the smell is great but she is in Quebec and I think the formula is different because I didn’t find it to be anything special.
4. Alpen Milk Bath - Coconut: a fine grocery store bubble bath, will likely repurchase out of convenience, gets the job done at around $5 for 34 fl. Oz
5. Method AP Cleaner - Pink Grapefruit: included because it’s a lovely smell, will repurchase 
6. Miss Mouth’s Messy Eater Stain Treater: this was a gift from my passive-aggressive sister in law, she swears by it but I wasn’t blown away
7. Premier Value nail polish remover: nothing works better than the cheap stuff IMO
8. Acure Resurfacing Glycolic & Unicorn Root cleanser sample: I liked it, did a fine job but likely won’t purchase 
9. Advanced Clinicals Micro-Peel Cleanser: glycolic acid is great for underarms as well, this is a good cheapie, would repurchase 
10. Purito Centella Green Level Calming Toner: love this one, very soothing and a bit thick, I’m prone to redness and so will repurchase
11. Hempz Herbal Body Moisturizer - Sweet Pineapple & Honey Melon: great scent, perfect for summer
12. Heimish Hydrogel Eye Patch - Bulgarian Rose Water: works as intended but nothing special
13. Honu Boost B12 Blend - the small dissolving tablets are a pleasant way to take in B vitamins if you need them
14. Dickinson’s Witch Hazel Cleansing Cloths - too rough and harsh for me, won’t repurchase 
15. K Beauty Aloe Vera cleansing cloths - these were the antidote to the Dickinson’s cloths - very soft and soothing
 16. Weleda Skinfood oil-to-milk cleanser: hate the metal package although I appreciate the eye toward sustainability, the tube cracked quickly and the product leaked out, won’t repurchase for this reason
17. Hers Rx skin custom skin cream with Tret: need more, actually works. I am 38 and had a stubborn acne spot that it cleared up as well as resurfacing wrinkles, 9/10 simply because the packaging is annoying
18. Kiehl’s Retinol Micro-Dose Serum: been working through this for years (not used on the same day as the Hers Rx) I never noticed much of a difference using this but Inwas never super consistent with it 
19. Estee Lauder Advanced Night Repair: meh, save your money
20. Pyunkang Kul nutrition cream: nice texture, would repurchase 
21. Benton Guava 70 SkinToner Face Mask Pads: I liked them but accidentally bought the refill and so had to rubber band them shut and couldn’t wait to use them up
22. Boy Smells mini candle - Hinoki Fantôme: it was fine but I have others I like more
23. Mochiglow scented candle - White Rabbit: love the creamy soft smell, already repurchased another! ",https://i.redd.it/vzbrp3o117pd1.jpeg
post,Shunbun,"Red Bliss, the most aggressive sister of Tato 💖",https://www.reddit.com/r/Shunbun/comments/1diss11/red_bliss_the_most_aggressive_sister_of_tato/,2024-06-18 08:00:22 PDT,109,,https://i.redd.it/4qdd3ykahc7d1.png
post,abusiverelationships,My handicapped dad doesn't want my sister to become his guardian but she wants to. It's our only way to protect him from our violent mom. What should I do?,https://www.reddit.com/r/abusiverelationships/comments/1btzwyy/my_handicapped_dad_doesnt_want_my_sister_to/,2024-04-02 07:19:02 PDT,1,"My sister needs my written consent to become his guardian because he's cognitively impaired post-stroke and violent mom pushes him around. But my aggressive sister seems unaware that she violates him occasionally too sometimes by tickling him, touching him after he has asked her to stop to the point he chases and wants to hit her.

Despite my sister saying she'll sign support me becoming his guardian because guardianship is the only way we can protect him, she keeps conflicting with me. He said he wants to live with me (while my mom gets medical treatment but her doctor said she probably won't change) and keeps saying he doesn't want my sister to be his caregiver. I'm willing to let him live with me and/or become his guardian but high conflict mom and sister keep harassing me about trying to take charge of my dad so I don't want that. If dad lived with sister, she'd get a caregiver's salary + place to live while she studies the LSAT + doesn't work (and probably more inheritance) and she wants to handle his estate.

I've wanted to leave this situation for many months but keep staying to protect my dad. Sometimes my sister and mom take good care of him despite her occasional violations of him. She said his protests don't matter because his wishes frequently change (aphasia). Should I sign him over to my sister and leave this situation like advised? My other less-involved sister described it as picking the lesser of two evils and he could live with her some time but she follows violent mom's wishes (unsafe for dad).

If we don't pursue guardianship, he'll probably live with me some time while my mom moves his assets overseas under her cognitively-impaired control and pressures him to live with her or put him in a care home which he also doesn't want.",
post,Advice,My handicapped dad doesn't want my sister to become his guardian but she wants to. It's our only way to protect him from our violent mom. What should I do?,https://www.reddit.com/r/Advice/comments/1btzled/my_handicapped_dad_doesnt_want_my_sister_to/,2024-04-02 07:05:22 PDT,1,"My sister needs my written consent to become his guardian because he's cognitively impaired post-stroke and violent mom pushes him around. But my aggressive sister seems unaware that she violates him occasionally too sometimes by tickling him, touching him after he has asked her to stop to the point he chases and wants to hit her.

Despite my sister saying she'll sign support me becoming his guardian because guardianship is the only way we can protect him, she keeps conflicting with me. He said he wants to live with me (while my mom gets medical treatment but her doctor said she probably won't change) and keeps saying he doesn't want my sister to be his caregiver. I'm willing to let him live with me and/or become his guardian but high conflict mom and sister keep harassing me about trying to take charge of my dad so I don't want that. If dad lived with sister, she'd get a caregiver's salary + place to live while she studies the LSAT + doesn't work (and probably more inheritance) and she wants to handle his estate.

I've wanted to leave this situation for many months but keep staying to protect my dad. Sometimes my sister and mom take good care of him despite her occasional violations of him. She said his protests don't matter because his wishes frequently change (aphasia). Should I sign him over to my sister and leave this situation like advised? My other less-involved sister described it as picking the lesser of two evils and he could live with her some time but she follows violent mom's wishes (unsafe for dad).

If we don't pursue guardianship, he'll probably live with me some time while my mom moves his assets overseas under her cognitively-impaired control and pressures him to live with her or put him in a care home which he also doesn't want.",
post,whatsthatbook,"Sisters who are constantly fighting, then murder!",https://www.reddit.com/r/whatsthatbook/comments/1awy8z9/sisters_who_are_constantly_fighting_then_murder/,2024-02-21 21:12:01 PST,2,"So I read this book a very very long time ago and I cannot for the life of me figure out what it was. Here is the general premise: 

It’s around halloween, I’m pretty sure its about these two sisters and they CANNOT get along. I vividly remember a scene where they are carving pumpkins and the narrator (and more aggressive sister) squeezes a knife and it cuts her. Then later they have a big halloween party and the one sister gets stabbed by someone in a gorilla costume, the same one the other sister was wearing. But it wasn’t her. BIG TWIST it was this guy, I don’t remember his relevance.

If you could help me in any way I would really appreciate it!! 🫶🏼",
post,RATS,I am having a hard time,https://www.reddit.com/r/RATS/comments/1auzx1q/i_am_having_a_hard_time/,2024-02-19 13:54:51 PST,6,"Update 2: (March 25 2024) Pixie is still doing better, but she is FULLY Blind now, she is eating solid food again, and drinking fluids, and gaining weight finally. She is still struggling a bit with the URI. Sadly she will have a permanent wheeze to her breathing, and she is very wobbly and has nearly fallen out of the cage a few times since she is blind, she runs off the edge of the open door if I am not careful. So she will have proper care given with her needs, and I have set her up with her wheel, water and food and warm blankets and some chew toys. Set up some bells on her water bottle, and along the side of the cage door, so hopefully that will help her find things easier while she wanders around. The only thing I can do now is keep her comfortable and safe, until her final days. She is getting old. <3
———-
Update 1: Pixie is doing BETTER today!! She is walking around with very little struggle/wobble, and eating, drinking, pooping, peeing normal, and her eyes have cleared up a bit, and she has more energy. We believe she had a URI for sure, and then she was not able to get much food because her aggressive sister Poppy was hoarding the food for herself. So PIXIE got weak, and couldn’t make it to the water bottle, so add dehydration to the mix. She was very lethargic, and acted as if she was paralyzed in her front legs/paws, and couldn’t chew food, and wobbly walking in circles. I was very upset, going in circles with what could be wrong and what I could do. She just needed constant feedings of various baby foods, hydration(Pedialyte), and small doses of Children’s Tylenol, warm blankets and cuddles for a few days. I will still keep an eye on her just in case. 

—————————————————————
I think my heart Rat, Pixie is very sick, and possibly going to pass soon. I noticed that her sister was bullying her a while, and had drawn blood on occasion. So I had separated them for a few days. Pixie has been more affectionate and cuddly, and Poppy has become far more aggressive and even bit me and sliced my finger open pretty badly. But I have noticed more and more lately. Pixie seems very thin, and lethargic. So the past few days I have been laying with her on my chest on the couch, and have a heated blanket on us both. She seems so comfortable and barely moves much, which had me concerned. When I put her in the cage the last few days, She has been wobbly, and pretty much dragging herself around, and can’t climb the ramps in the cage much. I have given her some watery mix of ibuprofen and pedialyte, and giving her baby food: turkey with carrots, and Apple sauce puree, but she can’t seem to eat her favorite puffs, or her dry oxbow food. And I have been using a syringe to give her some pedialyte as well.  She probably has a URI. Because she has a lot of the bloody looking mucus from her eyes and nose.  I am hoping the heated blanket, baby food, and pedialyte will help. But she is just so limp and weak, and it is breaking my heart. At the moment, sadly I can’t afford to get her to the vet, so I have to resort to household meds/care as much as possible, at least until the end of the month. But I want to do what I can for her. 
She has been eating wet foods(yellow stains), and I managed some fluids in her, so she is a bit wet from that. The red on her left arm is from her wiping her nose and trying to clean her face. 

She has been the best, sweetest pet I have ever had. But I know she is getting close to the age of 2years.  
I know I won’t be great when she does cross that rainbow bridge. Please be kind. Thank you.

 She does boggle a good bit when she is laying with me, so I hope she can pull through this. ❤️‍🩹🥺🐁",
post,TikTokCringe,Shreks Aggressive Sister going on a Rampage,https://www.reddit.com/r/TikTokCringe/comments/1ad2egk/shreks_aggressive_sister_going_on_a_rampage/,2024-01-28 05:14:03 PST,355,,https://v.redd.it/lq0g6gxwk6fc1
post,Shrek,Shreks Aggressive Sister going on a Rampage (Rare unseen sighting & footage 2001) ,https://www.reddit.com/r/Shrek/comments/1acrwh1/shreks_aggressive_sister_going_on_a_rampage_rare/,2024-01-27 18:27:28 PST,6,,https://v.redd.it/fi2hi05kd3fc1
post,relationships,How do I(f28)cope with my bfs(m28) sisters intense politics/personality (f35) this Christmas? (She’s whack),https://www.reddit.com/r/relationships/comments/18iubr3/how_do_if28cope_with_my_bfsm28_sisters_intense/,2023-12-14 23:06:14 PST,0,"TA account because irl on main. We’ve been together for 3 years, and I have only met my bfs sister a handful of times. I had no issue with her at first, but I quickly learned she is VERY argumentative, opinionated, and temperamental. Not in the typical way where she states her views and you can just ignore her. But she baits people for info, invades their personal space, and causes scenes so big that everyone is uncomfortable. I actually share most of her views(on a kinder level), but unless you are on her level she ‘hates you’.

God this is so weird.

I had an issue with her the first time I met her, when she came over to our place and blew up about me using menstrual pads (seen in trash) because they are wasteful to the environment. She told me there was no excuse, that she hated people like me, I was horrible, I was a hypocrite for saying I care about the environment. She never even attempted a ‘hey have you tried a menstrual cup’ just fully launched into tearing me down. Full neck veins bulging while yelling ‘I can’t do this I’m leaving’. We ran into her since and she acted like all was normal. This isn’t like a ‘protective aggressive sister thing’ apparently, she’s like this all the time. 

No. I have no interest in associating with a person who speaks to me or other people this way. It was so inappropriate, embarrassing, and she never apologized. I’ve heard similar stories from other family members, and I have no idea why they tolerate it. 

I don’t really want to see her on Christmas. She doesn’t usually visit, but this year she is. I talked to my bf about it a lot. He insists it ‘might go okay’ and I should hold my head up high and be there, that his sister nearly hates everyone anyways. Bf told me it’s important my work situation doesn’t come up (side business while I finish my degree), because his ex did the same and she told him to dump her for not making 100k a year and having a bachelors degree by 24 *sigh*. I guess that started an entire dinner table fiasco.

I’m nearly positive I will accindentally do something to trigger her. Like eat cheese from a company who she boycotted 6 years ago idk??? I mean I’m a good person but also no one is perfect and I don’t claim to be? All for being educated but not screamed at or humiliated.

Options:

Skip the dinner.

Leave the room any time she enters.

Grey rock her and give the most short answers I can.

Look her dead in the eye, and says ‘interesting, what does your therapist say?’ if she jumps down my throat.

Drink questionable amounts of spiked eggnog and pretend to be incapacitated (joking).

Tldr: bfs sister is visiting for Christmas. She’s lashed out on me before due to her political/moral views. Likely will again. How do I cope this Christmas. Genuinely seeking examples of how to reply.",
post,depression,I feel nothing but dread.,https://www.reddit.com/r/depression/comments/17e2sif/i_feel_nothing_but_dread/,2023-10-22 13:43:03 PDT,11,"Im sorry, this is going to be long... a quick overview on my childhood, i grew up in a violent home, my parents were very toxic and frequently had physical fights which left me a very nervous child, however i always lived in my own little fairy-tale world, i was never really present, to the great concern of my teachers and parents. When i entered my teens i became very cold, expressing no emotion nor really caring much about the people around me except family and one or two friends ( however my friendships always felt more like obsessions) When i was 18 i suffered a breakdown at school, as i wasn't a very ""expressive"" teenager  this was always very "" out of character"" to everyone, even myself... its like i just snapped, i had been having the usual problems that teenage girls have but nothing extreme so it never made sense what exactly broke me. The thing is... Im 26 now and i never recovered, i still feel a sense of dread and emptiness all mixed into one, even when im in a good mood its like that emotion is so shallow and buried beneath is still a feeling so unpleasant it makes my heart drop. I had so many plans for myself, i wanted to be a detective, i wanted to travel the world but from that day on i just gave up, i left school, got a job as a waitress and have remained there since, not even attempting to step up to higher positions. i lost contact with all my friends and didn't go out for almost 5 years except for work or family obligations, i just laid in my bed everyday, taking small comfort in tv shows and books, most of my life has been daydreaming. in the last 4 years my life became even worse, my dad left for another woman and my mum took a lot of her hurt out on me and to make things even worse my extremely aggressive sister had to move back in with my toddler nephew due to losing her house, it was virtually unbearable, I ended up basically raising a child that wasn't mine as she worked full time, i felt so resentful that i had lost my entire early 20's to being a ""mother"" to my nephew who was very badly behaved no matter what i tried. around a year and a half ago i began forcing myself to socialise and actually made great friends, i now have a great social life, my mum AND sister moved out, leaving me and my other sister the house, everything in my life is peaceful... and yet, none of it matters to me, i still feel empty and completely alone even with a much changed life. I'm incapable of forming romantic or sexual feelings for anyone ( this wasn't due to the breakdown, i have always been like this) and so i am still a virgin, which in a overly sexualised society, causes me a lot of stress as i feel like i'm a freak but i cant force myself to feel things i simply don't feel, the thought of physical intimacy makes me feel disgusted. Naturally an inability to feel such emotions causes me to always feel isolated from everyone around me, it's like i cant really feel things for other people, i just attach myself to them in an attempt to feel something nice and they eventually sense this about me a run for the hills. 

my parents always thought i might be on the autistic spectrum but chose not to have me checked out, in fear i would be singled out by schools and peers ( ironically that happened anyway) if you met me you would never expect it, i have learnt to mask my true self over the years so everyone thinks i'm this cheerful creature, although some people seem to be able to see through façade. for a while i thought i might be sociopathic but i AM capable of remorse, if i do something cruel to another person i will feel guilty for it.

i fear one day i will finally give up and kill myself, when i think of my future i feel so distressed, life is so meaningless, i have to live through all this just to watch people around me die until its finally my turn... how pointless. 

i don't even know why i'm writing this, i guess i just need advice... what should i do to fix this? do you think its even fixable? how do i go through life without being able to genuinely bond with anyone? i'm desperate, i need help, i fee like i'm running out of time. ",
post,legaladvice,How Can I Protect Contents of House in Estate From Aggressive Sister?,https://www.reddit.com/r/legaladvice/comments/168zc7i/how_can_i_protect_contents_of_house_in_estate/,2023-09-03 08:06:01 PDT,1,"When my mother died, sister came with her two kids and aggressively sorted, or ransacked all of my mother's things without involving me or having any consideration for anyone else.  My father just died a few days ago and she never helped me with him for the years I was his caregiver.  I'm the trustee of the family trust.  I know that she is planning to do the same very soon to his things and the entire house.  I'm stressed about this happening so soon, I need a lot of time to adjust and go through things that are his but also a lot things here are mine and she's going to be asking me about some things, and just removing other things without consulting me.  She's taken things in the past by sneaking them out of here.  She's out of state, I'm in NY.  She calls me a hoarder and mentally ill, but the place is cluttered and being a full time caregiver for years, yes it is messy but I am working on it at my own pace hours a day.  Is there a way I can keep her out of here for a while legally?",
post,cfs,"Cfs + other things vent post, stress has ruined my family",https://www.reddit.com/r/cfs/comments/165sh5a/cfs_other_things_vent_post_stress_has_ruined_my/,2023-08-30 15:13:36 PDT,4,"Two years ago my father passed away and my already unreasonable and aggressive sister became even more aggressive to my mother and I to the point where I began to feel extremely anxious being at home or even coming back to my house after being out. Her aggression was mostly aimed at my mother, who was 60 years old and developed blood pressure issues because of my father's death and my sister's abuse towards her. After about a year of constant, extreme adrenaline due to this situation, my sister deliberately gave us COVID, and a month after that, I developed chronic fatigue syndrome.

I developed CFS last October. My sister has long since moved out of the house so it has just been my mother and I. My mother, being 60 and with health issues, deals with a lot of stress, mostly financial concerns, and it pains me to not be able to help her. She sometimes takes out her stress on me, as I am also a burden to her mentally in my current state. It pains me to say that I have become aggressive like my sister, as I feel like my mother does not understand me and she thinks there is nothing physically wrong with me. Nasty arguments have been becoming more frequent, and while they are not nearly as common as they were with my sister here, I fear the worst.

I hate that this is what things have come to. I don't want to be the reason that my mother's health finally gives out. I hate that I'm a burden on her, and I hate that she doesn't understand me and that doctors don't take this condition seriously. I have nothing but contempt for my sister for continuously disrespecting my dead father, abusing my mother, and for being the final nail in the coffin that is my health, giving me the hellish illness that is cfs. I hate who I have become, just like my sister in some ways, intensely arguing with my mother with no regard for her age, health issues, her widow status, or all of the other things she has gone through up until now. >! I truly don't know if I will ever recover, It pains me to think that my mother will never see me in good health again, and that this will be what she sees of me when she leaves this world, just a lifeless young man with no future. !< I want nothing else in life anymore, I just want my mother to be happy and to have a peaceful life.

My therapist is a great, respectable, fine man, and having someone to talk to has been nice, but ultimately therapy has not helped me as I am a person whose happiness completely rests on my circumstances and my ability to change them, an ability that cfs has stripped me of. I am sick of endlessly scouring fucking reddit for any morsel of information about this illness that I can find, just to take supplements that don't work, and for doctors to refuse prescribing me helpful drugs because they don't care about cfs. I feel like the only escape is to end my life after my mother leaves this world, but I know I would never go through with that because suicide is horrifying and because I'm scared of what awaits me on the other side.",
post,redditserials,[Bob the hobo] A Celestial Wars Spin-Off Part 0784,https://www.reddit.com/r/redditserials/comments/10w0kwi/bob_the_hobo_a_celestial_wars_spinoff_part_0784/,2023-02-07 04:27:29 PST,60,"**PART SEVEN HUNDRED AND EIGHTY-FOUR**

[\[Previous Chapter\]](https://www.reddit.com/r/redditserials/comments/10ub2id/bob_the_hobo_a_celestial_wars_spinoff_part_0783/) [\[Next Chapter\]](https://www.reddit.com/r/redditserials/comments/10xti73/bob_the_hobo_a_celestial_wars_spinoff_part_0785/) [**\[The Beginning\]**](https://www.reddit.com/r/redditserials/comments/fs6i9s/bob_the_hobo_a_celestial_wars_spinoff_part_0001/?utm_source=share&utm_medium=web2x) [\[Patreon+2\]](https://www.patreon.com/Angel466?fan_landing=true)

***Wednesday***

I was in the hallway outside the living apartment a whole twenty minutes after I left. Realm-stepping was still really weird to me, but it definitely made travelling easier, and I couldn’t wait to show Gerry the world, one step at a time.

Instead of going inside, I went next door to Boyd’s apartment. I knocked and let myself in. “Hey, it’s just me,” I called, on the off-chance that he was in one of the other rooms when I couldn’t find him in either his sitting area or his workspace behind it. The last thing I wanted was to catch him by surprise. I walked down the hallway, looking at the wood storeroom (I’m sure it has a fancier name than that, but what did I know about that sort of stuff?) and then over at the finished room (ditto).

I didn’t find Boyd, but the butterfly sign that Lucas spoke of was on display, with the varnish smell still strong. “Wow,” I whispered, fisting my hands at my sides so I wouldn’t mess up the lacquer by touching it. *MasterWorX Studios.* Lucas was right. It was gorgeous. “Kudos, man,” I muttered under my breath, then turned away in search of the big guy.

He wasn’t in his kitchenette or office either. *Dammit.*“Quent, any chance you and I can talk?” I asked the empty air.

The man appeared a few feet away, dressed in jeans and a t-shirt. “How do you do that bit?” I asked, for when he’d appeared in the car yesterday, he’d been covered in clothing-shaped fur.

“It’s a glamor. We can’t create clothing the way demons can, but we can throw up very convincing illusions, so long as no one doubts them. Unfortunately, the second they come into physical contact with someone who doubts, *poof.”* He pressed his fingers and thumb together, then bounced them apart with a classic flexing gesture. “We were shaking hands yesterday, so the War Commander suggested I come in *au-naturel.”* His voice took on a deep French accent that was actually really convincing.

“How many languages do you know?”

“All of them.” He shrugged with a smirk at my stunned look. “I didn’t study them, Sam. Languages come naturally to us. That doesn’t mean we can’t be lied to or messed with. Just that we understand the words everyone is saying to us.”

“Well, that has to be stupid levels of handy.”

“Not really. I can’t speak for the others, but I don’t tend to talk to people much unless they’re other true gryps. It might be different once we start running into other divine, but right now, if I see a divine, especially out on the border, I’m there to make sure their next breath is their last.”

“Did you call Kulon in?”

“The War Commander did.” At that, Quent’s smile faltered. “What were you thinking, Sam? That man was clearly an operative! He’d have shown you no more remorse than I would’ve if you’d have stood in my way!”

“His daughter was taken, and for three years, he had no idea where she was or what the hell she was living through. I thought I’d ask them what they wanted me to do with Alex. I mean, if they were the forgiving kind, they would’ve told me to let him go. That they were happy just to have their daughter back, and the authorities could have him. If they’d told me that, I could’ve made it happen.”

“Instead, you dangled information in front of a dangerous man’s nose about his abused child! Sam, I get that your heart’s in the right place, but sometimes I swear to the Twin Notes, you are the dumbest dumbfuck I’ve ever seen! And I’m stunned you haven’t gotten yourself killed before now!” His voice escalated with every word.

“Wow. Tell me what you really think,” I jeered sourly. I thought I was trying to do something …. I dunno. Decent. But putting myself in their position, I knew I’d want my pound of flesh too if it had been Gerry or, even worse, one of our kids.

*Holy crap!* I could now see why Mom wanted me to have my pill! I could already feel my temper struggling to get free from under it, and I didn’t even have kids to speak of yet!

*Yeah, okay.* Looking at it from this perspective, I could see how stupid it had been to ask the Lancasters what they wanted. I doubt Gandhi would’ve forgiven Alex for that. “Have I endangered us any more than before?”

Quent seemed to calm down. “Things are being monitored, Sam. We’ll know before it happens if they get out of hand, but right now, they are focusing their enquiries elsewhere.”

From that, I gathered either Rubin or Kulon was following Melody’s family.

Before either of us said another word, Quent whirled on his heel with his hands full of very long, very sharp claws. But just as fast as they appeared, the weapons were gone again. I had no idea why he was suddenly at ease, given a complete stranger was standing in the doorway. The black guy, who was average-sized with his hair tied in a messy man-bun, had no business at all being in our space.

“Lar’ee,” Quent’s grin was huge as he crossed the room, grasped the man’s wrist, and the two met in a back-breaking embrace. When they pulled away, they were still holding each other’s shoulders. “I thought you were kicked out of New York.”

“Change of plans,” this Lar’ee person said with a shameless shrug. His smile fell away as he then looked past Quent to me. “What are you two doing in here?”

Quent twisted to turn towards me. “Actually, we hadn’t covered that part yet.”

“I heard. You were too busy ripping the kid a new asshole to bother asking.” He lifted the hand off Quent’s shoulder and cuffed him across the side/back of his head. “Idiot.”

Quent shoved him away without resorting to violence. Adding that to everything else, I assumed the guy was true gryps of some sort.

Lar’ee turned to me. “How are you handing everything, Sam?”

I eyed him warily. “Do I know you?”

Lar’ee screwed up his nose. “Not in so many words. I’ve been assigned to Robbie, and I’m familiar with your household.”

I had to accept that, given he did seem to know about all of us. “Honestly, it’s been a steep learning curve. A really steep one. I was going to talk to Boyd about it since everyone else has their own stuff to deal with…”

“Why Boyd? I’d have thought Robbie would be the more obvious choice.”

“Because Robbie’s like me. We’ve got a foot in both camps, and he’s had a six-month crash course in fitting in with you all that I haven’t had. I guess I was hoping to touch base with a purely human perspective on things.”

“Wouldn’t you be better bouncing it off your girlfriend or even Lucas then?” Lar’ee asked, proving again that he knew the players.

I shrugged. “I haven’t told her everything yet. She thinks the Nascerdios are aliens, and I’m kinda going with it until our exams are over this week. Lucas would’ve been a good second choice, but I was hoping to pick Boyd’s military mind before I went to school.”

“Why would his insight be more useful than ours?” Lar’ee asked, folding his arms.

And right then, I realised I’d insulted both of them. I raised my hands and waved them off. “Don’t be like that. My school’s a naval college, and Commander Gable is crawling all over my butt about what’s going on with me. Boyd grew up in that exact environment, so I was hoping he could help me figure out what to say to fob off their concerns without drawing more attention.”

“Sam, you know if things get too drastic and you still don’t want to use the Nascerdios phrase, you can always call in your sister to make them back off.”

I frowned, picturing my more aggressive sister and not seeing the correlation. “Why would Danika be any help in this?”

Quent gave Lar’ee a look that screamed, ‘see what I’ve got to deal with?’, however, Lar'ee was frowning in confusion, and Quent rolled his eyes, taking over the conversation once more. “Not Danika, Sam. Margalit.”

Bringing up Fisk’s twin made even less sense. “Margalit’s an English sailing coach…”

“Who on paper is still a ranking officer in the US Navy. She withdrew from active duty twenty years after she separated Cuschler’s head from his shoulders at Ocracoke Island and found the ensuing peacetime boring. Back then, there was no such thing as retiring from the US Navy, and I’ll bet you her credentials still stand to this day. Either way, I’ll guarantee you she knows how to throw her weight around them if she needs to, even if her uniform is three hundred years out of date.”

I tried to picture my sister in that militant role and failed miserably. Whenever I’d seen her, she’d been more of a daddy’s little girl than a naval officer, not that I was about to say that out loud. Danika, hell yeah. All day long. But not Margalit.

“Try to remember she’s not anyone’s best friend when she’s training the next round of Olympic champions,” Quent smirked as if reading my thoughts.

“Where is Boyd?” I asked Lar’ee since he seemed to be the current font of information.

“Robbie took him to an appointment up town,” he answered. “We just got back. Boyd’ll be home in a little over an hour unless he does some shopping beforehand, but it’ll be too late to spend any quality time talking to you before you have to go.”

I looked at the time, being so focused on the minute hand that I hadn’t paid any attention to the hour. “Shoot, It’s nearly eleven.” I looked up at them, already stepping towards the door. “I’ve gotta go and get Gerry ready.” Because despite my best efforts, it still took my girl an hour before she was happy to walk out the door.

“Later, Lar’ee,” Quent said and vanished.

I thought about realm-stepping next door, but with Mrs Parkes in the house, it would be just my luck to materialise right in front of her. Better to walk in the front door.

As I closed the studio door, I heard Lar’ee huff out a breath and murmur, “Sam’s *Llyr’s* kid?! Why the fuck didn’t anyone tell me that?”

[\[Next Chapter\]](https://www.reddit.com/r/redditserials/comments/10xti73/bob_the_hobo_a_celestial_wars_spinoff_part_0785/)

\* \* \*

((All comments welcome. Good or bad, I'd love to hear your thoughts 🥰🤗))

**I made a family tree/diagram of the Mystallian family that can be found** [here](https://www.reddit.com/r/Angel466/comments/kxqxne/mystallian_family_tree_update/?utm_source=share&utm_medium=web2x&context=3)

***For more of my work including WPs:*** [r/Angel466](https://www.reddit.com/r/Angel466/) or an index of previous WPS [here](https://www.reddit.com/r/Angel466/comments/m4p5f2/wp_index_take_two/).

**FULL INDEX OF BOB THE HOBO TO DATE CAN BE FOUND** [HERE!!](https://www.reddit.com/r/Angel466/comments/m4vlbp/bob_the_hobo_index_take_two/)",
post,JUSTNOFAMILY,"Aggressive sister, think I’m being gaslit - reality check help please?",https://www.reddit.com/r/JUSTNOFAMILY/comments/wokgqm/aggressive_sister_think_im_being_gaslit_reality/,2022-08-14 16:53:30 PDT,114,"TW: bereavement and abuse

Original post re the backstory is [here](https://www.reddit.com/r/JUSTNOFAMILY/comments/w4rq0l/narcissistic_mother_is_gone_and_sister_is_turning/) for reference.

Had to speak with sister today. She wanted to ‘clear the air’ apparently following her very negative reaction to my putting a boundary in place regarding not accepting her behaviour.

She said over and over how she’s the one that was hurt by my telling her she was out of line and to back off. She says she wasn’t aggressive or trying to start a row I assumed her meaning wrong, none of her messages were meant that way and I’m over reacting like I always do and it was me escalating the situation by replying to each accusation by saying it wasn’t true. She kept misquoting me and saying I said things I didn’t (but then didn’t double down when I pointed out that I hadn’t said that). And that I was the one attacking her and our mother. And that her therapist says that due to my history (abuse from narc mother) I will see things as an attack when they aren’t. She does not apologise for anything she’s said.

And that my message that sent her nuclear was ‘lecturing her’ and hurt her because it reminded her of when I wasn’t in contact for years and she didn’t ever know why (unsurprisingly it was because of her behaviour) and that was why she was so angry. Apparently she’s still deeply hurt I was apparently snappy at her at this funeral I was late to and that’s what this is all about still.

She denied having anger towards me due to stuff with our mother but then told me that up until my mothers final days, my mother told everyone that she didn’t have my real phone no, only a secret burner phone or something. So another horrible (and weird) lie. Sister was kind of laughing about it and not really suggesting it was true, but it’s coming back to this theme of how I apparently hurt narc mother by not speaking to her enough. Narc mother rang me every 4-5 months btw.

I was so certain this was bullshit. But I’m doubting myself. How do I know what’s true? How do I know Im reacting proportionally? My husband says she’s full of shit but he would, wouldn’t he as he’s my husband and thinks she’s absolutely toxic so is biased I guess?

How do I know it’s not just in my head?",
post,budgies,Bluey seems to have scratches on his ceres. could it be mites or could it be his aggressive sister?,https://www.reddit.com/r/budgies/comments/wnd0rh/bluey_seems_to_have_scratches_on_his_ceres_could/,2022-08-13 05:08:27 PDT,2,,https://i.redd.it/iktv0u4v1hh91.jpg
post,relationship_advice,I need help with my sister,https://www.reddit.com/r/relationship_advice/comments/vdqvum/i_need_help_with_my_sister/,2022-06-16 10:11:26 PDT,1,"my sister is 14 and im 13 and  my sister said she doesnt feel comfortable around me anymor so i was like why and she was like you traumatized me now i have adhd"" and i was so confused bcs ive never done anything? so i was like ""can u pls tell me what i did so i can fix this, i love u and care abt u and i dont want u feeling that way"" and she started going like ""stop forcing me to tell you im not telling you because i dont feel comfortable your literally manipulating me"" and i dont know what i did, im trying to give her space but she keeps bothering me online, in the group chat with me and my friends and her shes saying stuff like ""im tired of putting up with this ""passive aggressive sister"" yeah well you dont love me and care about me so mhm"" and ""im staying home from school today because i had a rough night please respect that unlike someone doesn't wanna respect if i dont wanna talk about something they force me to say it because they want to know"" and ive asked her nicely to please give me space because I'm trying to give her space, how should i fix our relationship? i really really want a good relationship with my sisters and i don't know why she feels uncomfortable around me, i've done nothing to her except love and care for her.

TLDR: my sister is saying i traumatized her and that i'm manipulating her, when in reality, i just want to salvage our relationship.",
post,sistersofbattle,What a week! So many good Sisters Lists!,https://www.reddit.com/r/sistersofbattle/comments/uzjayd/what_a_week_so_many_good_sisters_lists/,2022-05-28 01:51:13 PDT,93,"This past weekend was a banner weekend for sisters, with a variety of orders and builds performing well all around the world! It's been a long few months since sisters were a force to be reckoned with, but with Armour of Contempt and a shift in the Meta suddenly the Ladies in power armour are taking names once again!

##The Usual Suspects

As always, Bloody Rose leads the way, with quite a few good performances!

[Mike Walsh - Bloody Rose](https://www.reddit.com/r/sistersofbattle/wiki/samplelists/brmichaelwalsh)

Mike Walsh took this evolution of the Art of War Bloody Rose list and took down the first large GT for sisters in the Nachmund season. Beating out 75 players for the W, this list features a strong firebase of 20 Multimelta Retributors, a Castigator, and Morvenn Vahl herself, protected by 20 repentia and a bevy of Angels for mobility. 

[Lachlan Riggs - Bloody Rose](https://www.reddit.com/r/sistersofbattle/wiki/samplelists/brlachlanrigg)

Lachlan also took down a trophy with Bloody Rose this weekend. Leaning much heavier into the melee, with 20 Novitiates, 20 Repentia, and 24 Zephyrim, with 2 rhinos for everyone to ride in, this aggressive sister list even featured a squad of Paragons.

[Steve Carr - Bloody Rose](https://www.reddit.com/r/sistersofbattle/wiki/samplelists/brstevecarr)

Steve Carr don't need no Vahl to get to 5-1 in Canada. Opting instead for Stern and Celestine, Steve's list is a huge breath of fresh air. Dropping an absurd 150+ wound, it features THIRTY Arco Flagellants!! Definitely worth taking a look at, that's for sure!

[Jordan Gledhill - Valourous Heart](https://www.reddit.com/r/sistersofbattle/wiki/samplelists/vhjordangledhill)

Jordan Gledhill was the best performing sisters player at LVO this year, and it seems he got the Valourous Heart bug. Even with Armour of Contempt showing up, he's continued to play Valourous Heart, with this impressive list. The complete triumvirate of Vahl, Celestine, and Stern are complimented by 3 paragons, a bunch of sacresants, and two units of multi melta rets.

##But Wait, There's More

[Mitch Beard - Argent Shroud](https://www.reddit.com/r/sistersofbattle/wiki/samplelists/asmitchbeard)

Mitch Beard decided that hosting a podcast solely about Sisters of Battle is a bit easier when you have a modicum of competitive credibility, and gained that credibility by achieving a 4-1 at the MASSIVE Birmingham super major with an Argent Shroud list featuring more Bolter wielding Battle Sisters than I've seen in a while. A Brick of 20 with 4 Storm Bolters and two large bricks of MM Retributors are backed up by Stern, Vahl, 18 Sacresants, and 10 Zephyrim to keep opponents honest.

[Dominic Matthews - Ebon Chalice](https://www.reddit.com/r/sistersofbattle/wiki/samplelists/ecdominicmatthew)

And with the first of TWO Ebon Chalice lists to hit 4-1 this weekend, Dominic Matthews brings the BEEF. 2 units of Paragons and 2 big units of Mortifiers ask the opponent some very urgent questions. 

[Cullen Burns - Ebon Chalice](https://www.reddit.com/r/sistersofbattle/wiki/samplelists/eccullenburns)

The second list goes a bit lighter on the beef, but a bit heavier on the repentance, with the full 30 Repentia. Backed up by two units of mixed weapon retributors, thats a gnarly castle to properly attack.

##More To Come

I really enjoyed all the variety in sisters list that have been showing up lately. Armour of Contempt has REALLY opened up the options available to sisters, and I hope we keep seeing more and more innovation and variety going forward. If you have been stuck on where to go with sisters at the moment, maybe one of these lists can be the starting point for you. 

And Word has reached my ears that there may be a few more spicy sisters lists in the near future, with two of the sixteen undefeated lists at the Bay Area Open being loyal followers of the Emperor. Good Luck to all the Sisters player fighting in the name of the Emperor this weekend.

The Emperor Protects!",
post,KUWTK,This is going to sound harsh but if Khloe really is invited to the MET Gala…it’s the beginning of the end of the MET Gala. IMHO,https://www.reddit.com/r/KUWTK/comments/ug4r62/this_is_going_to_sound_harsh_but_if_khloe_really/,2022-05-01 10:25:52 PDT,605,"Khloe being invited would be the equivalent of the cast of Jersey Shore being invited. 

I can understand why Kourtney would be invited this year - Anna Wintour’s key skill is keeping vogue pop culture relevant (which is why Kylie was invited all those years back) and right now is Kourtney’s “moment”.   Her and Travis’s relationship plus thier awesome 4some gang with MGK and Megan Fox has propelled her into pop culture relevancy for this year with her new “Brand”.

Khloe on the other hand is still a “secondary reality TV personality” and bless her, but even style wise she is in no way a fashion influencer/icon! Her “Brand” also doesn’t fit Vogue’s brand either. Khloe is seen as the aggressive sister and after allll that stuff with Tristan she’s no longer the “strong” sister either. Honestly she’s just the trashy sister at this point.

She doesn’t deserve to be invited IMHO she not ‘there’ yet.

EDIT: I really didn’t expect this post to get as much traction as it did! 

Now that I’ve slept on it, I agree with you guys about the YouTubers being there - it definitely cheapened the MET but I still stick by the fact that YouTubers being there is the equivalent of Kourtney being there (pop culture relevant C listers that wouldn’t have been anywhere neaaaar the MET 10years ago) BUT even with the C listers there - Khloe is D list and still don’t deserve and invite.

And just to clarify, when I mean trashy, I mean Khloe telling everyone to suck a dick every 2minutes over the last 10years!",
post,PetAdvice,One cat has stopped using the litter tray due to his aggressive sister. Need advice on getting him comfortable using litter properly again.,https://www.reddit.com/r/PetAdvice/comments/pwpigu/one_cat_has_stopped_using_the_litter_tray_due_to/,2021-09-27 13:14:46 PDT,6,"Hey, so bit of a long story here including everything we've tried. I'm at my wit's end here, and any advice would be amazing.

We have two cats, who have been living together largely without issue for three years now. About 6 months ago, the younger cat started some pretty problematic behaviour, where she would run and menace our older cat whenever she heard him using the litter tray. By the time we realised what was happening, he was already so skittish that when we moved to remove his sister from the room to prevent her from starting a fight with him, that movement would be enough to scare him out of the litter box... And now it's got to the point where he has stopped using a litter tray entirely, instead he sneaks off to the bedroom and pees or poops on the carpet. If we set up to work in the bedroom for the day, he sneaks off when we're distracted and goes in a different room instead.

I feel like we've tried everything by this point. We have kept the trays immaculate, we've tried playing with the younger one more to tire her out, we've tried using feliway for several months, we tried leaving the top on the litter trays, top off, we got a new litter tray (3 in total) at different quiet places throughout the flat... We even separated them entirely for about two weeks, and my partner and I didn't see each other because one of us was with each cat at all times, and he would STILL sneak off at the earliest opportunity (e.g. when we went to the toilet) and poop the carpet.

What's so frustrating is that he knows he's not supposed to be doing this, but we can't seem to entice him to go back to using the trays. We tried setting him on the litter tray when we had them separated and giving him treats to try and build a positive association, but he would splay his legs like we were trying to put him in a carrier, and he would jump out immediately, treats or not...

I'm at a bit of a loss. How do you re-train a cat to use litter? I'm getting exhausted having to run a carpet washer every day. Oh, speaking of which, we have tried regular cleaners, enzyme cleaners even rubbing alcohol (after washing the carpet) to try to get rid of the smell and stop him from associating the carpet with his bathroom. No effect. We would put a litter tray literally on top of the freshly cleaned carpet to try to be like ""here, this is your bathroom"" and he would just poop on the carpet next to the tray...

Has anybody dealt with this before? We can't afford a behaviourist right now, and all of the behaviourists in our area are dog specialists anyways. Only one of them even mentions cats on their website, and they are as an afterthought, not even any photos of cats on the whole website... We might have to take the plunge anyway, but I'm so reluctant to pay hundreds of pounds for somebody to give us all the same advice we've tried already.

Any help would be so so appreciated!",
post,SquidgyAndFriends,"Squidgy's ""aggressive"" sister, Nim on day 2 of taming...a bigger cage and some TLC goes a long way y'all",https://www.reddit.com/r/SquidgyAndFriends/comments/izu7pl/squidgys_aggressive_sister_nim_on_day_2_of/,2020-09-25 16:05:34 PDT,17,,https://v.redd.it/kyh95p8mkdp51
post,characterdrawing,[LFA] Kali and Arnis - Protector Monks of the Incense High Priestess,https://www.reddit.com/r/characterdrawing/comments/iglcda/lfa_kali_and_arnis_protector_monks_of_the_incense/,2020-08-25 14:19:01 PDT,3,"Kali (Kensei Monk/Samurai Fighter) and Arnis (Smoking Lung Monk/War Cleric)

**Appearances**

[Moodboard and Inspirations](https://imgur.com/a/K7OYK3g)

*Kali*

Kali is a muscular female in her early 30’s, and has dark tan skin with long braided black hair.

Has a couple of scars on her body (artist choice on where)

Wears a cyan round neck tank top with exposed sleeves and white shorts that go down to below her knees and wears a brown cloth belt with a long loincloth 

Wields a set of Butterfly swords with pinkish/purple handle guards 

Has a few highlights of pinkish/purple metal throughout her design

*Arnis*

Arnis is a female in her late 20’s and is also muscular, but slimmer compared to Kali

Same dark tan skin with her hair braided with hair loops

Wears a set of white and blue monk martial art robes with a gold colored cloth belt

Wears a wide brim straw hat

Wields a metal meteor hammer with one end being metal weight and metal spike on the other end

Like Kali, Arnis has a few highlights of that pinkish/purple metal

*(This is all up to artistic interpretation please feel free to put your own spin on it!)*

**Personalities**

*Kali*

Kali is the hot head of the sisters, prone to anger and competitiveness very easily. People have wondered how she became the head priestess’s bodyguard, that is until they see her in action, easily taking down her opponents. Due to her impatience she isn’t that great at her non-combative tasks and she isn’t as spiritually connected as her sister, but she is easily the greatest warrior in the tribe.

*Arnis* 

Arnis is calm and gentle soul, especially when compared to her aggressive sister. She is well known for being a wealth of spiritual guidance, being a great spiritual help from time to time to the High Priestess as well as she is a great protector. She is said to be so well connected to the Creator that She gifted Arnis the ability to control smoke to help her in her battles. 

**Backstory**

Kali and Arnis grew up together in the monastery of their village, born with the purpose to be devote monks of the Creator, the maker of all and the deity the tribes worship, mainly by giving gifts of incense lit to honor Her. However, as the two sisters grew up, their talents and abilities started to earn them fame in the village. This caught the eyes of the newest High Priestess, coincidentally a childhood friend of the sisters and when the two finished their training they were asked to be the protectors and bodyguards of the high temple, and especially the High Priestess. No monk had ever been able to entire the temple, so Kali and Arnis accepted the Priestess’s offer. Now, they not only protect the dozens of priestesses living in the temple and guard the High Priestess herself, but they have become the symbols of the Creator’s strength and protecting spirit.

**Final Thoughts**

Hey yall! This is an LFA of a set of characters set in the Incense Tribe created by u/butter_otter . Its really really cool and I thought would be a fun idea for some characters. 

Thanks for reading! If you have any questions please feel free to ask!",
post,beagles,Betty getting the last laugh after waiting for her slightly aggressive sister to fall asleep so she could lay down next to her without being attacked,https://www.reddit.com/r/beagles/comments/hwikw6/betty_getting_the_last_laugh_after_waiting_for/,2020-07-23 09:19:54 PDT,40,,https://i.redd.it/8ryl8io5umc51.jpg
post,AmericanHorrorStory,is american horror story based on real housewives?,https://www.reddit.com/r/AmericanHorrorStory/comments/hbc28x/is_american_horror_story_based_on_real_housewives/,2020-06-18 03:25:49 PDT,54,"i’ve been watching a lot of reality tv during quarantine and after finishing the Scary Island episode of RHONY i must ask: do we think there is any degree of inspiration from Real Housewives in some of the plotlines / character dynamics of ahs?

1. (RHONY) kelly’s paranoia that bethenny is trying to kill her/ruin her reputation in the tabloids ~ ally’s (Ivy-induced) paranoia throughout AHS Cult

2. (RHOBH) kyle and kim richards’ dark twisted jealousy relationship; kyle being the younger more aggressive sister yearning to cut ties and relinquish responsibility of being her sister’s keeper and kim being the downtrodden nonconfrontational single mom (circa szn 1) ~ bette & dot tattler’s literal physical fusion together as sisters (also in showbiz); bette dreaming of surgical removal from her sister despite the possibility of casualty during AHS Freak Show

i cant think of any more examples rn but ill add more when i do.. lmk if i’m on to something or just binging too much o_0",
post,LightNovelsWuxia,Priceless Baby: 101 Bedside Stories - Chapter 373 - The Aggressive Sister Shu,https://www.reddit.com/r/LightNovelsWuxia/comments/ffrtdh/priceless_baby_101_bedside_stories_chapter_373/,2020-03-09 01:55:31 PDT,1,,https://readlightnovels.net/priceless-baby-101-bedside-stories/chapter-373-the-aggressive-sister-shu.html
post,relationship_advice,"How do I(26f) deal with my ignorant, offensive and aggressive sister(37f)?",https://www.reddit.com/r/relationship_advice/comments/eeap8p/how_do_i26f_deal_with_my_ignorant_offensive_and/,2019-12-22 13:36:16 PST,5,"My eldest sibling has always been \*very\* outgoing, loud, and a little rambunctious, whereas I'm much more reserved, thoughtful and shy. In high school, I was the typical quiet, bookwormy artist type, whereas she's bragged in the past about her popularity, the fact that she was basically a bully, and had friends who would beat up anybody for her. She is actively proud of this, and the fact that she always gets her way. 

&#x200B;

She openly belittles certain groups of people ""as a joke"", casually refers to black people as n\*ggers, makes fun of first nations, etc. Although she has many of her own shortcomings, she will Always find a way in which she's better than someone, and therefore deserves to put them down, ""as a joke"". Any time you call her out or disagree, she will either mock you or freak out, becoming aggressive and \*Very\* defensive/hostile. She is willfully ignorant, makes fun of people who are ""too sensitive"" but is also incredibly insecure herself. She actively whines and throws fits when she doesn't get her way, acts like a petulant child, and everything has to be HER way, or else. She constantly complains to and nags at her husband, who goes above and beyond for her and has the patience of a saint.

&#x200B;

She has been using my grandma as a free, convenient nanny service for the last 10+ years, essentially letting my grandma do all the hard work and raising her children for her. Drives them everywhere, feeds them, clothes them, teaches them right from wrong, buys them toys, watches movies with them, everything. My sister EXPECTS one of us will always be around to take her kids. She doesn't teach them, doesn't spend time helping them, doesn't properly discipline them, explain anything, or fucking PARENT in ways she should be. The other night she was farting in my young nephew's face and he was telling her to stop repeatedly, and she just laughed her ass off. When he started doing the same, thinking it was okay, she immediately freaked out and yelled at him. At one point he was being sexually inappropriate and grabbed her boobs, and she thought it was hilarious. What if he does this to a girl at school ""as a joke"" because his mommy thought it was really funny? She doesn't take this shit seriously, and if you say anything, you are ATTACKING HER AS A MOTHER, and HOW FUCKING DARE YOU!!!!!   


How the fuck do I deal with all this diplomatically going forward? All family events & holidays are held at her house, so I have to see her. Am I just overreacting and being sensitive? I don't want to cause a rift in the family or make her hate me; I certainly don't hate her, I just find her difficult to deal with over longer periods like the holidays. Does anyone have a relative like this? Advice is much appreciated! 

  
TL;DR my eldest sibling is ignorant, overbearing, immature and offensive, sees no issue with her behaviour, and is in fact actively proud of it/herself. How to deal with this going forward without causing a rift?",
post,JUSTNOFAMILY,Passive aggressive sister in-law,https://www.reddit.com/r/JUSTNOFAMILY/comments/e92h0f/passive_aggressive_sister_inlaw/,2019-12-10 20:52:58 PST,13,"Background: my husband and I got married a few months ago. We live several hours from our home state and our wedding was in a 3rd location. My SIL was unable to attend the wedding because she had just given birth (as in literally 3 days before.) We knew well in advance that she wasn’t going to be able to attend as she would either be massively pregnant and a long way from home, or be caring for a newborn. No hard feelings on that one at all.

DH and I have been together for over 7 years, and I’ve known his sister for that length of time. We all lived in the same city up until 2 years ago when DH and I moved to “the big city” to pursue our careers. His sister has always been highly competitive and a bit rough around the edges. I’ve noticed, especially in the last couple years, that she’s been more passive-aggressive toward me. She will make comments about the clothes I wear (“well isn’t that sweater just faaaaaancy,”) the products I use (WHY would I get a pedicure when I can paint myself??) and all kinds other things. 

Well over thanksgiving this was taken to a new level. Since she wasn’t at the wedding I asked if she would like to see some pictures and she sat with me to look through them on the computer. I am a crier and during our vows there were some pictures where you can tell. Cue “well I could NEVER cry in front of all my friends and family. I mean good for you but I would be SO EMBARRASSED. That’s why BIL and I went to the courthouse instead. I just don’t understand the need for all that.”

Me: “Well DH and I have been together a long time and wanted to get everyone from all parts of our life together to celebrate. It was worth waiting for that to me.”

Her: “I mean I guess but BIL and I just met a couple years ago and we are already married and have a baby. Plus we are trying for another so we are about to win again.”

DH jumps in and diverts, “well we are glad you’re so happy. Want another beer anyone?”

So this has been nagging at me. Specifically the fact she specifically called out “winning.” I’m not in competition with this woman but if she feels we are I guess it explains a lot of the other behavior. How do I ice this situation and keep the peace while not becoming a doormat to her insecurities?",
post,Advice,Stay with Boyfriend vs Move Out,https://www.reddit.com/r/Advice/comments/dv1bz8/stay_with_boyfriend_vs_move_out/,2019-11-11 15:51:56 PST,1,"Cheap Rent with Boyfriend vs Moving Out

Hello,

I’m 22, make about $2,040 a month working full-time, and going back to school to finish a BA after taking time off for my mental health.

Here is my living situation with the pros as “+” and cons as “-“. 

+Rent: $325/month (utilities included) for shared room with boyfriend in a nice house in safe area.
+kitchen access saves money through meal prepping
+backyard access for my dog to exercise and do his business while I’m at work 8 hours a day.
+boyfriend has nice tv for shows
+parking is free and otherwise never a problem
+laundry machines in the garage
+very close to my community college

-shared bathroom with boyfriend and one other tenant
-passive aggressive sister-in-law who I have to work my laundry and cooking schedule around
-have to park on the lawn once a week for street cleaning

Here is the situation with my boyfriend:

+he is nice, emotionally supported me through depressive period of unemployment
-he smells after work
-is a bit depressed himself
-isn’t financially focused or driven for his future
-gets sexually frustrated because I don’t often want to be intimate
-has a toxic family he still wants to be a part of
-doesn’t do chores often

I have been feeling frustrated with my boyfriend because he is not focused on bettering his future. He gets home from work and just plays video games usually. Recently he’s been trying to do chores more often and going to the gym after I expressed my frustrations. I have been looking at other places to live, and here are the pros and cons:

+Freedom of independence instead of co-dependence
+better mental health due to no relationship problems
-worse mental health due to housemate drama
-farther distance from work and school
-small kitchen or no kitchen access
-cheapest rent $600-700
-housemates can be unreliable/filthy
-apartments/housemates don’t allow pets even with ESA letter
-no yard for dog, will have to hire dog walker or hustle home during lunch to walk him
-must pay for parking permit/parking unavailable

TLDR & conclusion: My question is, should I tough it out in the relationship so I can recover from depressive episode and save money while I get my degree, or should I move out, struggle with higher rent, longer commute, other housemates, finding dog-friendly housing, and finding a parking spot?

Edit: I am still recovering from debilitating depression, so I am playing it safe and sticking with the current low stress job I have to juggle with school. There is a potential to advance to a position with $3/hour increase at the end of the year as well. I am not in a good mental position to jump out of the pond yet.",
post,cats,LF Advice: Overcoming Persisting Non-Recognition Syndrome,https://www.reddit.com/r/cats/comments/d7aq51/lf_advice_overcoming_persisting_nonrecognition/,2019-09-21 06:50:32 PDT,2,"I have three cats, all DSHs, all about 7 years old.  They have been living together in harmony for about 6 years or so without any aggression.

One of my cats got sick with a bacterial liver infection and went to the vet numerous times, though her longest stay was only about 4 hours during which she had a x-ray to rule out a blockage and to monitor her fever (was 104 but responded well in injected antibiotics and a fever reducer).

Upon returning, one of the two other cats became mildly aggressive with her.  We separated the sick cat by using stacked baby gates to block off part of the ground floor so she could recuperate.

It has been about two weeks since the last vet visit and our sick cat is fully recovered and has been off her antibiotic for a week now.  We have fed them on opposing sides of baby gates, done scent swaps, rotate beds and scratchers regularly, played with them on either side of the baby gate with ribbons and lasers, etc... 

Our one cat was quick to reaccept the sick cat and they can hangout with no problems, even touching noses for a sniff exchange and sleep side by side. 

Our aggressive cat seems to be almost getting more territorial about the other cat's presence, growling louder at the baby gates and sometimes trying to swat through the baby gate.  The sick cat seems confused as she seems to recognize her sister.

Each day we swap the aggressive cat with the recovered cat so they can explore each other's area and let the recovered cat hang out with her non-aggressive sister in the catio/outdoor enclosure.

For now, we will maintain separation, shared feeding, and scent swaps and hope it subsides, but any advice would be helpful.  Thanks!",
post,relationship_advice,How do I strengthen the relationship between me (28F) and my nephew(11M) after I took guardianship of him? Also how do I handle my aggressive sister(32F) that my family refuses to cut off.,https://www.reddit.com/r/relationship_advice/comments/cscf4o/how_do_i_strengthen_the_relationship_between_me/,2019-08-18 21:59:16 PDT,2,"Long read I am sorry.

January I took guardianship of my nephew "" Jay"" . My sister was a really neglecting mother. Her house was a mess and she would always choose her current boyfriend over Jay.

She would basically have Jay as her own house slave and never touch a broom herself. And when a boyfriend of hers got annoyed with Jay she would lock him in his room.

A punishments for ""speaking back"" would usually entail him not getting a meal or one time she made him drink soap.

One time my sister threw him out at the middle of the night because he screamed at her boyfriend as the bf had called Jay ""Dobby"". 
So the tiny boy walked to my place at 1am!! It was also arround a 3 km walk and he was frozen like a popsicle when he arrived.

Jay told me everything he was enduring and we went to the police together.
There was enough evidence on his phone and in my sister's house that she was charged with child neglect and got custody taken from her.
(her boyfriend had cocaïne in the house in a child accesible area and Jay the smart boy filmed many of his mother's melt downs.)

As his father is not known I filed for Jay's custody. After a trial I got it and his mother got 6 months in jail for child neglect.

Jay's life is better but we have a hard time to have more than an aunt nephew relationship. He still behaves like a guest in my house.

He for example will never hang out in the living room and keep all his belongings in his room. Always if he wants to take a soda of the fridge he will ask. He walks arround eggshells.

On my part I have difficulties taking the mom role. I have never been very motherly and I am scared that I am being too lax with his rules.

I let him go out with friends till late, don't enforce a homework schedule and am scared to reprimand him if he does anything wrong In fear of triggering his trauma. I don't know how to be a mom, I know how to be an aunt.

I love this boy dearly and want to keep custody. I have allready opened a college fund for him and changed schools. He is finally nourished like a normal boy and finally has friends.
Also he is in therapy for the neglect he endured. 

The Othe part of the problem is my family. They were really mad at my sister and many of them cut her off for doing what she did. But in jail my sister Converted to Christianism and begged my parents and me to forgive her and let her in again.

Jay wants nothing to do with his mom and neither do I. But my parents forgave her and invite her arround every so often. They are also begging me to let her see Jay as she repented from her sins.

A few days ago I was passing by my parents place to drop of a few groceries they had asked me for and my sister was sitting there.

They wanted us to ""talk things out"" and forgive each other.
I sat down out of courtesy and she started spewing Bible verses and so on. I told her I didn't want to forgive her and neither does Jay. When he is ready I would reach out.

Well she blew up and threatened me. Since the. She is blowing up my phone and sending me angry letters and I don't know how to deal.",
post,exmormon,"“I’m at church on Easter Sunday with my family, why isn’t that enough?”",https://www.reddit.com/r/exmormon/comments/bon8xp/im_at_church_on_easter_sunday_with_my_family_why/,2019-05-14 12:19:45 PDT,161,"On Easter Sunday my wife and I, and 4 kids went to see Grandma and Grandpa. A lot of my other older siblings were in town as well. We all went to church.  I wore a (not-white) shirt (no tie).  

The following week my wife and I went to a black tie fundraiser. I sent my mom the pics from the “red carpet”. The next day my (well intended) passive aggressive sister saw the black tie pics and asked why I “would get dressed up for a fundraiser but I couldn’t do the same for church?”

My response, “I’m at church on Easter Sunday with my family, why isn’t that enough?”

Her response, “It was just an observation”. 

My response, “stop observing meaningless things and appreciate the fact that we were all together on Easter Sunday.”

Crazy the silly things we’re taught to care about.",
post,relationships,I (32m) need help removing myself from a situation with my girlfriend's (27f) toxic family.,https://www.reddit.com/r/relationships/comments/bkhlqo/i_32m_need_help_removing_myself_from_a_situation/,2019-05-03 21:43:43 PDT,5,"So I had been seeing this girl for about 1.5 years. I love her. I think she is the one. We decided that we were going to move in together once my lease ran out at the end of the year. She is a nurse. I am a student working on my Ph.D. She suffers from epilepsy but it is not a big deal as she only has a seizure every year or two. Unfortunately she came down with some mystery digestive problem.

&#x200B;

Fast forward she has lost 60 lbs. She is 4'10"". Her issue has still not been diagnosed. She was forced to resign from her job, and is having a hard time getting disability because nobody knows what is wrong with her. Instead of moving in together we decided to move in with her family. Her mother and her sister (25F) She was having a hard time keeping up with her car payments and student loans. We thought this would be the best thing for us as a unit. We thought this wouldn't be too bad of a situation because the previous owner of the house had built an add on for his mother in law once she became old. So we would have our own area of the house and bathroom and everything. One other issues was that her sister was allergic to cats. I have a cat. So we agreed to keep the cat in my room. Besides that I thought it was fine. I had enjoyed spending time with her family in the past so I thought this would be a good short term solution.

&#x200B;

We'll things went almost immediately bad. Outside of moving during a blizzard. The main bathroom broke with the first few weeks. Now it is the four of us sharing one bathroom in our room. So we have no privacy ever. Her sister for some reason had a hard time understanding that she couldn't play music in our bathroom in our room in the middle of the night. Not kidding. One time we had to ask her one time at 2 a.m. and one time at 3 a.m. Same night. Not kidding. Not only would she not apologize she would storm out of the room and slam the door. We asked so many times I lost count. She would always respond like we were the ones doing something wrong to her. It was exhausting, physically and mentally. Each request would always be met with some rude passive aggressive behavior. Once my car was broken. I was using my girlfriends car. She decided to take my girlfriends car without asking and hide the keys to her car. So I ended up having to Uber to make an important presentation for school. When asked about it. She said she didn't take her car because the low tire pressure light was on. There was literally a tire place a half mile down the road that would put air in your tires for free. I tried not to get involved and keep the peace in the house, only speaking when I knew what I was saying was beyond dispute.

&#x200B;

The relationship with the mother was a bit better. She is a bit weak willed, and tends to fold under the pressure of the hyper-aggressive sister. I would often notice that we would be on good terms and then she would go shopping with the sister and then she would come back and have an attitude towards me. I knew what was going on, that she was being manipulated, but wanted to be very careful to pick my fights. I also had to keep my mouth shut as my girlfriend was beginning to have more seizures from the stress of her entire life falling apart. Complaining would only cause her more stress. This also took its toll on me as we shared a bed. I was the one bringing her her medicine at night. I was the one holding her when she had a seizure. I was the one staying up watching her to make sure she would sleep.

&#x200B;

Her family also began to act very cruel towards her. She cannot drive because of her seizures. Her family starting just leaving to go places without telling us. They would come back with food from restaurants and shopping. This really hurt her and made her feel even worse as she is basically stuck at home. Her mother started making comments that she enjoyed being sick and was lazy. This while she was staying up because her doctor told her she needed to get screenings for pancreatic cancer. Her mother also told her she wasn't allowed to weigh herself anymore, even though her doctor told her to monitor her weight because she had lost so much weight while she was sick. The reason she wasn't allowed to weigh herself is because she had told her mother that she had lost two pounds. Her sister was in the room. I am not fat shaming but she is probably about 5 foot 350lbs. Her sister was apparently jealous and thought my girlfriend was bragging.

&#x200B;

I just kept my mouth shut and told her to follow her doctors orders.

&#x200B;

Now I was finally ready to pick my fight. I knew the sister would respond to a request for her to be considerate with anger so I went to the mother. Her sister enjoys talking very long showers. She doesn't seem to care that other people also have things to do. One morning I decided to time it. She was in the one bathroom that 4 people were sharing for 1.5-hours. I had to pee out on the porch. So I went to her mother full of confidence. Expecting to tell her the story and have her be unable to defend the indefensible. Wrong. She gave me a shitty smirk and told me that I should wake up earlier because the sister showers around the same time every day. Which she doesn't she showered an hour later the next day. Soooooooooooo at that point I realized that there was no point in dealing with the mother. Coincidentally the next day I am informed that my cat is bothering my girlfriends sister and she has to leave in the next two weeks. I am an animal lover and she was abused when she was young. It took her years to be able to trust anyone but me. I basically threatened to leave. And they after that they managed to be nice to me for three hole days and said my cat didn't have to leave.........Basically me leaving would interfere with their 3x a week trips to the casino. Just as a small side note as I can't include everything in here. Her mom made her go to a payday loan place because they said they couldn't pay bills to guilt her. Then went out to dinner with the sister that night, and the casino the next day.

&#x200B;

I was having a pretty hard time dealing with the situation. It was interfering with my ability to function. I was tired all the time. Then my girlfriend had a really bad seizure. The EMT's had to show up. Her mother commanded me to leave my room when the showed up in a way I found a bit off putting. But it wasn't about me so I left. Only to be asked back in the room to explain what happened and what dosage of medication she was taking. Her mom didn't know. When we got back at about 5 a.m. the first thing her mom said to me was ""the doctor asked me if she was under any stress, I said her and her boyfriend keep weird hours and we were fighting about a cat."" I just kept my mouth shut. I was really pissed she was trying to put it on me, but for the sake of my girlfriend I didn't respond by saying ""Yeah we basically sleep in the hallway of a nightclub living in a house with two characters from mean girls."" I've noticed that whenever anything goes wrong I get the blame. The day after her sister took the car I had an important Dr.'s appointment as I also have some serious health problems. I wanted to know whether or not I would have a car tomorrow or if I would have to Uber. So we were basically in a situation were I was yelling on our side of the house that I needed to know whether or I could use the car the next day and she was trying to leave the room to get into a fight with her sister who had dismissed the question already three times over 8 hours. Saying she would tell us the next day. Her mom comes in and assumes I was saying those bad things about my girlfriend and was all like ""he can't talk to you like that."" It goes on and on with examples. Sorry for making this so long. Her mom has a hard time reaching any other conclusion than I'm at fault.

&#x200B;

Most recently they had a fight caused by me apparently not cleaning up her mom's dogs poop properly. Not my dog. I did it to be nice. Her and her mom had a big fight. They screamed at each other and apparently let everything out. Her mom admitted to being intentionally mean to me to try and get my girlfriend out of bed. My girlfriend explained that she spent so much time in bed because she was sick... She also for some reason asked if I was putting it in my girlfriends head that she couldn't get better. So I was pissed. I told her I'm moving out. I asked her to come with me. I told her I was happy living in an apartment with just a mattress as long as I could be with her. She said she didn't want to move in until she knew what was wrong with her, and she had heard back from the disability people. She also mentioned that she was worried what her family would say about her. I can't remain in this insane situation anymore.

&#x200B;

My question is basically how should I handle this move while still staying on good terms with my girlfriend. I also want to know how I should deal with her family in the future. Thanks for the advice. Sorry for the length. I've been keeping alot inside.

    
    ---  **TL;DR;** : Living with sick girlfriends toxic family. I need to leave for my own sanity and health. I don't know how to remove myself without damaging my relationship with my girlfriend. I also don't know how to deal with her family in the future.",
post,relationship_advice,I (32m) need help removing myself from a situation with my girlfriend's (27f) toxic family. Mean Girls New Mexico Edition,https://www.reddit.com/r/relationship_advice/comments/bkhcb3/i_32m_need_help_removing_myself_from_a_situation/,2019-05-03 21:08:42 PDT,13,"So I had been seeing this girl for about 1.5 years. I love her. I think she is the one. We decided that we were going to move in together once my lease ran out at the end of the year. She is a nurse. I am a student working on my Ph.D. She suffers from epilepsy but it is not a big deal as she only has a seizure every year or two. Unfortunately she came down with some mystery digestive problem. 

&#x200B;

Fast forward she has lost 60 lbs. She is 4'10"". Her issue has still not been diagnosed. She was forced to resign from her job, and is having a hard time getting disability because nobody knows what is wrong with her. Instead of moving in together we decided to move in with her family.  Her mother and her sister (25F) She was having a hard time keeping up with her car payments and student loans. We thought this would be the best thing for us as a unit. We thought this wouldn't be too bad of a situation because the previous owner of the house had built an add on for his mother in law once she became old. So we would have our own area of the house and bathroom and everything. One other issues was that her sister was allergic to cats. I have a cat. So we agreed to keep the cat in my room. Besides that I thought it was fine. I had enjoyed spending time with her family in the past so I thought this would be a good short term solution.

&#x200B;

We'll things went almost immediately bad. Outside of moving during a blizzard. The main bathroom broke with the first few weeks. Now it is the four of us sharing one bathroom in our room. So we have no privacy ever. Her sister for some reason had a hard time understanding that she couldn't play music in our bathroom in our room in the middle of the night. Not kidding. One time we had to ask her one time at 2 a.m. and one time at 3 a.m. Same night. Not kidding. Not only would she not apologize she would storm out of the room and slam the door. We asked so many times I lost count. She would always respond like we were the ones doing something wrong to her.  It was exhausting, physically and mentally. Each request would always be met with some rude passive aggressive behavior. Once my car was broken. I was using my girlfriends car. She decided to take my girlfriends car without asking and hide the keys to her car. So I ended up having to Uber to make an important presentation for school. When asked about it. She said she didn't take her car because the low tire pressure light was on. There was literally a tire place a half mile down the road that would put air in your tires for free. I tried not to get involved and keep the peace in the house, only speaking when I knew what I was saying was beyond dispute.

&#x200B;

The relationship with the mother was a bit better. She is a bit weak willed, and tends to fold under the pressure of the hyper-aggressive sister. I would often notice that we would be on good terms and then she would go shopping with the sister and then she would come back and have an attitude towards me. I knew what was going on, that she was being manipulated, but wanted to be very careful to pick my fights. I also had to keep my mouth shut as my girlfriend was beginning to have more seizures from the stress of her entire life falling apart. Complaining would only cause her more stress. This also took its toll on me as we shared a bed. I was the one bringing her her medicine at night. I was the one holding her when she had a seizure. I was the one staying up watching her to make sure she would sleep.

&#x200B;

Her family also began to act very cruel towards her. She cannot drive because of her seizures. Her family starting just leaving to go places without telling us. They would come back with food from restaurants and shopping. This really hurt her and made her feel even worse as she is basically stuck at home. Her mother started making comments that she enjoyed being sick and was lazy. This while she was staying up because her doctor told her she needed to get screenings for pancreatic cancer. Her mother also told her she wasn't allowed to weigh herself anymore, even though her doctor told her to monitor her weight because she had lost so much weight while she was sick. The reason she wasn't allowed to weigh herself is because she had told her mother that she had lost two pounds. Her sister was in the room. I am not fat shaming but she is probably about 5 foot 350lbs. Her sister was apparently jealous and thought my girlfriend was bragging.

&#x200B;

I just kept my mouth shut and told her to follow her doctors orders.

&#x200B;

Now I was finally ready to pick my fight. I knew the sister would respond to a request for her to be considerate with anger so I went to the mother. Her sister enjoys talking very long showers. She doesn't seem to care that other people also have things to do. One morning I decided to time it. She was in the one bathroom that 4 people were sharing for 1.5-hours. I had to pee out on the porch. So I went to her mother full of confidence. Expecting to tell her the story and have her be unable to defend the indefensible. Wrong. She gave me a shitty smirk and told me that I should wake up earlier because the sister showers around the same time every day. Which she doesn't she showered an hour later the next day. Soooooooooooo at that point I realized that there was no point in dealing with the mother. Coincidentally the next day I am informed that my cat is bothering my girlfriends sister and she has to leave in the next two weeks. I am an animal lover and she was abused when she was young. It took her years to be able to trust anyone but me. I basically threatened to leave. And they after that they managed to be nice to me for three hole days and said my cat didn't have to leave.........Basically me leaving would interfere with their 3x a week trips to the casino. Just as a small side note as I can't include everything in here. Her mom made her go to a payday loan place because they said they couldn't pay bills to guilt her. Then went out to dinner with the sister that night, and the casino the next day.

&#x200B;

I was having a pretty hard time dealing with the situation. It was interfering with my ability to function. I was tired all the time. Then my girlfriend had a really bad seizure. The EMT's had to show up. Her mother commanded me to leave my room when the showed up in a way I found a bit off putting. But it wasn't about me so I left. Only to be asked back in the room to explain what happened and what dosage of medication she was taking. Her mom didn't know. When we got back at about 5 a.m. the first thing her mom said to me was ""the doctor asked me if she was under any stress, I said her and her boyfriend keep weird hours and we were fighting about a cat."" I just kept my mouth shut. I was really pissed she was trying to put it on me, but for the sake of my girlfriend I didn't respond by saying ""Yeah we basically sleep in the hallway of a nightclub living in a house with two characters from mean girls."" I've noticed that whenever anything goes wrong I get the blame. The day after her sister took the car I had an important Dr.'s appointment as I also have some serious health problems. I wanted to know whether or not I would have a car tomorrow or if I would have to Uber. So we were basically in a situation were I was yelling on our side of the house that I needed to know whether or I could use the car the next day and she was trying to leave the room to get into a fight with her sister who had dismissed the question already three times over 8 hours. Saying she would tell us the next day. Her mom comes in and assumes I was saying those bad things about my girlfriend and was all like ""he can't talk to you like that."" It goes on and on with examples. Sorry for making this so long. Her mom has a hard time reaching any other conclusion than I'm at fault.

&#x200B;

Most recently they had a fight caused by me apparently not cleaning up her mom's dogs poop properly. Not my dog. I did it to be nice. Her and her mom had a big fight. They screamed at each other and apparently let everything out. Her mom admitted to being intentionally mean to me to try and get my girlfriend out of bed. My girlfriend explained that she spent so much time in bed because she was sick... She also for some reason asked if I was putting it in my girlfriends head that she couldn't get better. So I was pissed. I told her I'm moving out. I asked her to come with me. I told her I was happy living in an apartment with just a mattress as long as I could be with her. She said she didn't want to move in until she knew what was wrong with her, and she had heard back from the disability people. She also mentioned that she was worried what her family would say about her. I can't remain in this insane situation anymore.

&#x200B;

My question is basically how should I handle this move while still staying on good terms with my girlfriend. I also want to know how I should deal with her family in the future. Thanks for the advice. Sorry for the length. I've been keeping alot inside.",
post,CongratsLikeImFive,I was able to hold out and finish an argument with my passive aggressive sister for the first time today!,https://www.reddit.com/r/CongratsLikeImFive/comments/a4ajrx/i_was_able_to_hold_out_and_finish_an_argument/,2018-12-08 05:03:53 PST,35,,
post,Crushes,Does She/they Like Me?? Should I confess??? Advice Needed,https://www.reddit.com/r/Crushes/comments/a32dxh/does_shethey_like_me_should_i_confess_advice/,2018-12-04 08:48:07 PST,3,"Hey Guys, Im 16(M), and  I don't know if these girls (both twins and same age as me) like me or not. I only see them in a sport that I practice with them because I don't go the the same school as them. I will call one Twin J and the other twin D. J is the more aggressive sister out of the two and the one that I have kind of gravitated towards she is funny like theater, has long black hair cute, while D is very soft spoken has curly black/brown hair and has a very cute body frame. They each have sent me very mixed signals and I think I am ready to confess to one of them, but I don't know if I should because I don't want to ruin the friendship that we have. Her mom told mine that they both talk about me all the time, that laugh at all my jokes and they always wave at me before anyone else. These are the signs that I have noticed, are these signs they like me or am I overthinking, if they like which one should I pick (I kind of like J more than D, but I don't want to hurt D's Feelings )me how do I confess since there can be different places that I am and there are other kids there. Thank you guys :) I hope I didn't confuse you guys. I am kind of scared to get rejected and also ruin the friendship that I have with them

I really need your help I don’t know what to do ?!?!?! I really need advice!",
post,Smite,Tip for playing ranked.,https://www.reddit.com/r/Smite/comments/8hzic3/tip_for_playing_ranked/,2018-05-08 12:25:02 PDT,9,"If you ever have a bad game. Play some casuals and clear your head. you will not be the same player if you're tilted this as always helped me avoid losing streaks. 
AND DON'T BE TOXIC/ Salty/ Use the VGS sarcastically Like a passive aggressive sister/mother. 
Here's my prove. https://imgur.com/a/V7CHqzD  ",
post,JUSTNOFAMILY,Easter Brings Out The Crazies In My Family Pt 1/3,https://www.reddit.com/r/JUSTNOFAMILY/comments/88wtzx/easter_brings_out_the_crazies_in_my_family_pt_13/,2018-04-01 21:35:17 PDT,12,"Hoo boy! Today was a doozie and that means a long post, yay? Now that I’ve awakened from my recovery nap from all the bull crap, let me try and straighten it out in a timeline.

Let’s go down the line of things that made me feel put out at the first family gathering of 2018!

So to start, we arrive at Aunt1’s ranch where we have our larger gatherings and everything seems normal. I go around hugging my family members that I’m comfortable with, chat away with one member I don’t usually talk to (it was nice, surprisingly). 

I brought my laptop because I have social anxiety and after a certain amount of time I just check out mentally and need to get away and decompress.

By the time my Mama and I arrived, lunch was served buffet style.

Now thing to note, I just got diagnosed with severe wheat allergies (not anaphylaxis, thankfully, just excruciating stomach pains where I feel like my entire gastrointestinal tract is melting whenever I eat more than two bites of wheat) probably no less than three weeks ago. 

I’m still learning to play the gluten-free game, still struggling to coming to terms with learning all the foods I can no longer eat. I’ve found it’s easier to just stay gluten-free than struggle with ‘is it wheat based or nah?’

I’m at the buffet table with an empty plate staring at these awesome sandwiches Aunt1 always has catered on Easter and Aunt1 comes up and asks me what’s wrong.

I said that because I can’t eat wheat and as such that means these I can’t eat these super awesome sandwiches. (Legit they’re amazing, in years past I would often take 5 or 6 of the leftovers home for lunch the following week) 

Aunt1 gives me this funny looking side eye, like it was the stupidest thing she’d heard all day.

“It’s _SOURDOUGH_ not _WHEAT!_ “

I kind of lean back in shock at her exasperated tone of voice and quick pull my phone out to do a google search to confirm. I will state front and center that I did _not_ search deep enough and I have since learned.

I’m sitting at one of the tables with Aunt2, Mama, and two cousins (one who also is gluten-intolerant and had avoided those sandwiches like the plague, smart) and not even 5 minutes after eating about half of one of these sandwiches I’m breaking out into a cold sweat and starting to shake. 

I recognize instantly why this is happening and I stand to throw away my half-eaten food. I happen to pass Aunt1 while on the trek to the trashcan and she whirls around as I pass her and demands to know where I’m going.

I told her that there was in _fact_ wheat in it and I felt sick. So I was going to throw away my half eaten food.

She snaps at me, “at _LEAST_ give it to someone _ELSE!_ DON’T be so _WASTEFULLL!!!!_ “

Once again, I’m stunned silent as she glares at me and I hesitantly walk to Mama’s side and plop down my half eaten sandwich on her plate. 

Aunt1 nods, pleased, and walks away. 

Mama looks up at me like ‘what the fuck?’ and I just shake my head mouthing “just go with it” as I sit down in my original seat.

Aunt2, who I’m sitting next to, asks what that was all about.

I recounted the tale to her and I barely get out that there was, in fact, wheat in the sandwiches before she snaps her head up at me and takes a sharp breath and lets put this ungodly shriek that I’ve never ever heard from my usually mild-mannered and normally sweet aunt:

“_ALL_ BREAD HAS WHEAT IN IT! Why did you EAT that!!? STUPID CHILD! _WHYY_ would you _LISTEN_ to my SISTER???”

Once again, I lean back in shock, my cousins are shocked, Mama is shocked. 

I stutter out that I’m still new at learning this and I’m new at figuring everything out. Mentally yelling that she has no real right to yell at me since she wasn’t going to be in pain later. She sighs huffily and resumes eating like nothing had happened.

Mama came up to me later and said “that was wild. I’ve never seen Aunt2 snap at anything like that. Normally she can be a little eccentric about stuff but...”

I replied with “I know! And I’m going to trip up a few times, but dang, I can’t believe she just openly and loudly admitted she doesn’t trust her own sister.”

tl;dr: I have wheat allergy, Aunt1 was misinformed, spread misinformation on bread, I suffer as Aunt2 loudly chides me for trusting Aunt1.

But that’s not all! Coming up next: Passive Aggressive Sister!

Edit: a word",
post,exmormon,I am drained. Stake presidency visit. Home teachers. Concerned BIL phone call. 4+ hours.,https://www.reddit.com/r/exmormon/comments/80fgho/i_am_drained_stake_presidency_visit_home_teachers/,2018-02-26 11:00:12 PST,340,"And that was all just yesterday.  That doesn't even include my angry father, shortsighted FIL, silent mother, passive aggressive sister, clueless other sister that all blew up on me last week and I am tired of explaining myself only to get a lesson on truth, history and the spirit every fucking time from people who have no idea who Fanny Algers even is.


Even SP counselor, who I served in the bishopric with as ward clerk had no idea who Fanny Algers is. To quote, he said ""who's he?""


I'm not sure why, (/s) but if you haven't read the history and are somewhat versed in it, you have little to no credibility on what ""truth"" is.  Just because the spirit makes you feel good about the watered down narrative the church provided doesn't make it true.",
post,introvert,How do you guys handle the holiday season?,https://www.reddit.com/r/introvert/comments/7i1vmf/how_do_you_guys_handle_the_holiday_season/,2017-12-06 14:48:27 PST,5,"As Christmas and New Year's is approaching, how do you guys deal with the social obligations with these events?

For me, I've got multiple Christmas parties to attend (a family, work, and friends) then a New Years party, in such a short time period. 

Each of those parties bring another set of problems (work - I work with a bunch of rowdy boys, who definitely will get super drunk and that makes me uncomfortable, family - my passive aggressive sister is there and is mentally and emotionally draining, friends - they're my boyfriend's friends so I'm not too comfortable with them. Also drinking which I'm not a fan of lol).

How do you guys fair during these holiday season? Any tips or methods you guys use to cope?
",
post,AdviceAnimals,"My passive aggressive sister when I lost my ticket to my niece's graduation, but managed to get in anyway.",https://www.reddit.com/r/AdviceAnimals/comments/280035/my_passive_aggressive_sister_when_i_lost_my/,2014-06-12 14:44:16 PDT,0,,http://imgur.com/bwv4BJF
post,TheBluePill,Perfect RedPill Relationship upheld despite nosy interference from aggressive sister [sp],https://www.reddit.com/r/TheBluePill/comments/25dg2o/perfect_redpill_relationship_upheld_despite_nosy/,2014-05-12 10:15:29 PDT,12,,http://www.youtube.com/watch?v=VsHsjSFsG0A
post,AdviceAnimals,My passive-aggressive sister-in-law used to live with me,https://www.reddit.com/r/AdviceAnimals/comments/1pu408/my_passiveaggressive_sisterinlaw_used_to_live/,2013-11-03 14:47:16 PST,0,,http://i.imgur.com/5T4VE7b.png
post,atheism,"My passive aggressive sister posted this in response to my saying people should thank science, not god (for the cured HIV baby). (FB)",https://www.reddit.com/r/atheism/comments/19njoy/my_passive_aggressive_sister_posted_this_in/,2013-03-04 11:15:38 PST,0,,http://imgur.com/UcrjIMS
post,AskReddit,How do I deal with my passive aggressive sister and her husband so they don't end up hating me and kicking me out?,https://www.reddit.com/r/AskReddit/comments/108ix0/how_do_i_deal_with_my_passive_aggressive_sister/,2012-09-20 22:51:50 PDT,0,"Alright, so my sister and her family invited my little bro and I to move across the country with them. They have given us an opportunity to start a new life. They have taken on two extra people to support completely, because neither of us had money saved up when we first moved out here. It has been two months since we've been here. I finally got a job and start next week, so I will be seeing a paycheck in a few weeks. For some reason my relationships with everyone in the house (excluding my niece, nephews, and little brother) have been dwindling.

My sister and I got in a fight the other day. My 4-year-old nephew burned himself really badly with soup and she started yelling at me right away, like it was my fault. I haven't learned to control my 'bad attitude' yet, so I started yelling back. It pissed her off so bad that she hasn't talked to me in two days. I have tried apologizing to her, I have tried talking to her about it, only to be rejected and yelled at some more about my attitude. I know I can have a shitty attitude, I am working on it. I am 21-years-old and she is 32. Her husband is of course taking her side so he is pissed at me too right now. The funny thing is, is that she is also treating my little brother like crap. He has done absolutely nothing. He is a good kid - he doesn't talk back, he has a good and respectful attitude yet she is also treating him really badly. I don't know what to do.

I don't want this to ruin any relationships - although I think it may be too late for that. I also don't want this to jade my little brother. He is such a good kid with a lot of potential and this is really bringing him down. It pisses me off even more that she is giving him the cold shoulder for no reason. What do I do to make this situation better? Besides fix my attitude - I know that this is already needed. I don't want to get sent home to my hometown, there is nothing there for me. I don't want them to treat my little brother like crap, he doesn't deserve it. Any advice?

ed: tl;dr: sister and her fam move me and little bro across country with them for a new opportunity, fight ensues between sister and I, situation at house is really bad and is escalating daily",
post,travel,On vacation in Edinburgh with Family over new years and need a break. Any redditers interested in grabbing a beer?,https://www.reddit.com/r/travel/comments/etiwb/on_vacation_in_edinburgh_with_family_over_new/,2010-12-29 23:15:01 PST,1,"I love my family but spending day after day with my parents, grandparents, super passive aggressive sister and my brother, commonly refereed to in the family as ""whacko Jack-o"" due to his lack of social graces but possibly high IQ, is getting rather strenuous. Would love to grab a beer with a fellow redditer (I probably can't call myself this as I have only just joined but w/e) and shoot the shit.  

I go back to America on the 4th, however.  ",
