type,subreddit,title,url,datetime_pst,score,body,media_url
post,cultpodcasts,"""Mormon Sibling Violence has a Pattern. We have 100 Years of Headlines."", Postmormon Postmortem, 17 May 2026 [0:52:25] ""On June 18, 1964, a 15-year-old Mormon boy in Basalt, Colorado gave his younger brother a command. His brother ignored it. He fired a warning shot at his…""(Audio links in comments)",https://www.reddit.com/r/cultpodcasts/comments/1ti07w1/mormon_sibling_violence_has_a_pattern_we_have_100/,2026-05-19 14:00:52 PDT,1,,https://www.youtube.com/watch?v=Js3Fsw7uHQw
post,CPTSD,Sibling violence,https://www.reddit.com/r/CPTSD/comments/1t56my7/sibling_violence/,2026-05-06 01:17:40 PDT,2,"It’s always downplayed and denied by those meant to protect us, so here are some good resources I found the other day:

[https://www.gbvlearningnetwork.ca/our-work/issuebased\_newsletters/issue-21/index.html](https://www.gbvlearningnetwork.ca/our-work/issuebased_newsletters/issue-21/index.html)

[https://www.psychologytoday.com/gb/blog/brothers-sisters-strangers/202312/is-it-sibling-rivalry-or-sibling-abuse](https://www.psychologytoday.com/gb/blog/brothers-sisters-strangers/202312/is-it-sibling-rivalry-or-sibling-abuse)

[https://quetzal.org.uk/abuse-between-siblings/](https://quetzal.org.uk/abuse-between-siblings/)",
post,abusiverelationships,Sibling violence. Am I overreacting?,https://www.reddit.com/r/abusiverelationships/comments/1supl0n/sibling_violence_am_i_overreacting/,2026-04-24 12:26:46 PDT,7,"I am 25 and my brother is 29

I’m currently 8 months pregnant and in the middle of a divorce, so I moved back in with my parents for safety and support. About a month ago, my older brother came to visit. He is significantly larger than me and very physically strong.

During that visit, he came up behind me and forcefully pulled me into a hug. Even though I immediately told him to let me go and that I was uncomfortable, he tightened his grip instead of releasing me. It started to feel like I was being physically restrained. I kept asking him to stop and to let me go, especially because I’m pregnant, but he refused. I eventually had to physically push and pry myself out of his grip. When I did, he became angry and escalated toward me, and I felt like he was going to attack me. My mom physically stepped between us, which gave me enough time to run to my room and shut the door.

While I was inside my room, I could hear him pacing right outside the door. He was visibly angry and said, “I should’ve slapped that b!tch” It felt threatening and intimidating, especially given his past behavior toward me.

There was also another incident during a different visit where I was in the bathroom about to get in the shower. I was completely naked and had the door shut. I told him I needed privacy and asked him to wait until I was done. Instead of respecting that, he insisted he needed something immediately (I believe it was his contacts) and tried to come into the bathroom anyway. He started attempting to unlock the door using a butter knife. I kept telling him to wait, but he became increasingly angry. He then punched a hole through the bathroom door in frustration.

This is part of a long pattern of behavior that has existed for years. In high school, after an argument that he had with my mother, he grabbed me by my hair, physically lifted me out of a bar chair by my hair, and slammed my head into the tile floor. I was left dazed, in pain, and had the wind knocked out of me and my neck was sore for days afterward. When this happened, I was 17 and he was 21 There was no apology or acknowledgment of what he did.

He has also previously tried to force his way into my locked bedroom. On that occasion, he broke the door handle/lock while trying to get in. I was afraid he would get inside, so I ended up escaping through a window because I felt trapped.

Over the years, there have also been multiple incidents where he has grabbed my hands or fingers and squeezed them extremely hard, refusing to let go even when I told him to stop and that it hurt. It felt intentional and controlling rather than accidental.

When I was younger, there was also an incident where he tried to drown me in a pool.

More recently, other family members have made comments about the way he talks about me when I’m not around, describing it as disturbing and very negative.

He lives about two hours away but comes to visit frequently, which means I don’t feel like there is consistent distance or safety from him even though he does not live in the same home.

Given the pattern of escalating physical aggression and intimidation, I am seriously considering filing for an order of protection. My concern is not only my own safety but also my unborn child’s safety.

I’ve been told that seeking a protective order could “ruin his life” because he works as a nurse and he would not be able to get another job with that on his record, which has made me feel conflicted and guilty.

I don’t even know if I have grounds for an order of protection. Some of these events happened years ago, but I do have people that I told at the time when it happened.

Right now I’m also trying to stabilize my life. I’m looking for a job and planning to continue my master’s program, and I’m hoping to eventually move farther away from my parents’ home so I can have more distance and safety.

",
post,brawlart,They are not immune from sibling violence,https://www.reddit.com/r/brawlart/comments/1r2g4h5/they_are_not_immune_from_sibling_violence/,2026-02-11 17:30:59 PST,41,,https://i.redd.it/ezb4f1tjvyig1.jpeg
post,Sturniolotripletsnark,Concerning,https://www.reddit.com/r/Sturniolotripletsnark/comments/1pnl7h6/concerning/,2025-12-15 14:34:53 PST,18,I know that people don’t like to bring up the sibling violence discussion but does anyone else remember when at the tour they were talking about a fight Matt got in with Nick and Matt said on the group chat that Nick grabbed him and threw him down the stairs? For me what else was so concerning is they sounded like they were normalizing it and kind of laughing at it uncomfortably. ,
post,PsycheOrSike,"The study saying that girls are more violent towards their siblings is a lie and the fact that people have been responding to it by saying ""I knew it"" is very troubling",https://www.reddit.com/r/PsycheOrSike/comments/1nw73jb/the_study_saying_that_girls_are_more_violent/,2025-10-02 08:34:59 PDT,95,"There's this study that's been widely circulated on Reddit saying ""wom€n are more aggressive towards siblings"" and nobody in the comments ever questions that statement. All the comments abound saying ""yes, I always knew it, my sister was violent to me"". Bias at play!

The study was a basic survey (think when people spam a link on Reddit saying ""I'm a psychology student, please answer my survey"") with no control to see if their sample was representative of the population and no testing against other factors. It's likely that their sample skewed towards a certain demographic (educated, female, interested in psychology), but they had no measure to appreciate that. We can't even know if real people answered their survey because a graduate student can literally make up survey answers to meet their deadline and thesis goals. One thing is sure, they never visited any teen or child, the survey was asking young adults to recall things that happened in their teens.

I found two much more reliable studies and those ones found brothers are more likely to commit sibling violence. These studies are longitudinal cohort studies where professional researchers find families to create a representative sample of the population and then go to visit these kids to give them surveys in real time. They make sure that it's real people who answer and they ask a bunch of questions, not just about sibling violence. They get a bunch of data to test what factor has the greatest association with sibling violence.

https://www.researchgate.net/publication/331102680_Trouble_in_the_Nest_Antecedents_of_Sibling_Bullying_Victimization_and_Perpetration

> the strongest predictor for sibling bullying perpetration was being the firstborn child (2.84), while the second strongest predictor was being male (1.69) 

https://www.researchgate.net/publication/265297147_Aggression_Between_Siblings_Associations_With_the_Home_Environment_and_Peer_Bullying

> males more often engaged in physical aggression, verbal abuse, and teasing, but less often stole belongings

So when you pick a representative sample of the population by asking families at birth to participate in future surveys about everything and you meet the children to give them surveys at planned intervals and you tell the children to be honest and that nobody will read their answers, you get that brothers are the more violent towards siblings.

But when you haphazardly ask young adults ""who wants to answer a survey about sibling violence in their teens"", you get that sisters are more violent. It seems like adult males deny, downplay or forget the violence they perpetrated, while adult females seem to voluntarily mark themselves as more violent.

It doesn't stop there, anyway.

So many Redditors love to say ""older sisters are the worst tyrants"". Yet studies show that having an older sister is a protective factor against lifetime depression. Studies show that older sisters play with their younger siblings more and that creates benefits from the quality time spent together.

Older brothers are found in studies to be the biggest bullies, and having an older brother increases problems in life.

Some Redditors even have it out for their younger sister, arguing that little sisters are the biggest bullies. But actually, studies show that younger sisters are the biggest victims of sibling bullying.

Having a sister at all (older or younger) is a protective factor against sibling bullying, it boosts self-esteem, and it protects adolescents against feeling lonely, unloved, guilty, self-conscious and fearful. So how come every Redditor is convinced that sisters are wicked?

Another thing that people love to say is that wom€n are more verbally violent. This is again a myth. Studies have shown that boys are more verbally violent than girls.

https://pmc.ncbi.nlm.nih.gov/articles/PMC2751860/

> boys' odd ratios for being a  bully-only: physical (2.41), verbal (1.19), relational (1.03), cyber (1.73)

At the end of the day there's no point comparing who's more violent because we all have to live with each other, but it's just heinous that people are trying to argue that wom€n are more violent. The comments here will probably accuse me of having an unnatural obsession with proving male violence, yet I literally never cared about the topic until I saw your obsession with trying to prove wom€n are bad and they really aren't.
",
post,MoonPissing,Sibling Violence (@LoopD33Loop),https://www.reddit.com/r/MoonPissing/comments/1nrf6um/sibling_violence_loopd33loop/,2025-09-26 15:41:07 PDT,30,https://x.com/LoopD33Loop/status/1971667353361686844?t=H89PdESwP4i5DHSKYK4Naw&s=19,https://i.redd.it/anrh0r4g7lrf1.jpeg
post,SonicTheHedgehog,Sibling Violence (@LoopD33Loop),https://www.reddit.com/r/SonicTheHedgehog/comments/1nrf62z/sibling_violence_loopd33loop/,2025-09-26 15:40:11 PDT,471,,https://i.redd.it/n8nzrr1a7lrf1.jpeg
post,ARCReaders,Queen of wolves by Mali Kross -shifter romance-Oct 2025,https://www.reddit.com/r/ARCReaders/comments/1next2c/queen_of_wolves_by_mali_kross_shifter_romanceoct/,2025-09-12 01:36:41 PDT,2,"Blurb:
As a small Gothic werewolf, Annette already has the world stacked against her. From her fashion sense, to her height, not to mention other things such as being a female alpha, she never quite fit. She thought she had her life planned out: be the leader her pack needed, and avoid mates altogether. That plan, however, was ruined by a rogue wolf crashing into her life - and through her window. Now, Annette needs to navigate pack politics and her growing attraction to this new wolf. A mystery wolf with his own set of trauma and troubles following him. Can Annette keep her pack and her heart safe, while still staying true to herself? 
1st book of Aces in the Pack series.

TRIGGERS:  
Familial abuse
Kidnapping 
Slight mentions and on page examples of discrimination against the LGBTQA+ community. 
Mentions and flashbacks of parent deaths 
Familial murder of parents 
Sibling violence 
Bullying
Nontraditional relationship stigma/prejudice

Book available to ARC readers: Oct 1
Book closes: Oct 15 

Google form link for sign up:
https://docs.google.com/forms/d/e/1FAIpQLSfcyRjlVkzfGewQGsC9IXbPb1CLwaZOp0p5gWloucTMMZv16g/viewform?usp=header 



",https://i.redd.it/2csb01lz3pof1.jpeg
post,emotionalneglect,Deadly afraid of [emotional] touch,https://www.reddit.com/r/emotionalneglect/comments/1n6sjdv/deadly_afraid_of_emotional_touch/,2025-09-02 12:09:24 PDT,8,"I'm fine with professional or emotionally distant touch. Getting a massage, going to doctor? No issue. Even anticipated casual touch is fine. Unanticipated, no. I've almost made a scene at work when someone touched my arm casually.

But damn me if I don't mentally crumble just imagining tender and emotional touch. I could curl into a ball and cry and beg that I don't want to get hurt. 

The weirdest thing is that as far as I am aware of, I have no history of sexual violence and barely any history of physical violence either (some sibling violence only, in very early childhood). My parents were unavailable, and emotionally distant/clueless most of the time. 

As you can probably guess, I have 0 relationship history (while being 30+) and can't fathom how I could ever let anyone touch me without me breaking down or completely dissociating. Searching information on fear of touch or touch aversion hasn't been very fruitful. Why would I have such an extreme reaction to emotionally intimate touch without trauma relating to it? Why it feels like that I am, or will be, hurt if someone touches me? How to fix this? 
",
post,GlassChildren,The Loophole That Allows Abuse Without Consequence,https://www.reddit.com/r/GlassChildren/comments/1mor5i7/the_loophole_that_allows_abuse_without_consequence/,2025-08-12 18:25:35 PDT,58,"
In the United States, there is no other sibling experience that gets both the **same level of physical harm** and the **same level of societal indifference** as glass children do.

**Schools** pass responsibility back to the parents.        
**Child protective services** focus on the disabled child’s needs, not the sibling’s safety.        
**Police** will not intervene if the abuser is a minor with a disability.         
**Family courts** rarely address sibling-on-sibling violence, and disability is often treated as an automatic defense.

This creates a **loophole** where parents can neglect the safety of one child with **zero legal or social consequence. The abuse is real. The injuries are real.** Every day this loophole stays open, another glass child is left unprotected, unheard, and in danger.



",
post,AbuseVictimlegalQs,Sad Statistic. Sibling Abuse is now the most common form of domestic abuse with occurrences estimated to be as much as 2 in 4 households.,https://www.reddit.com/r/AbuseVictimlegalQs/comments/1ldg12u/sad_statistic_sibling_abuse_is_now_the_most/,2025-06-16 23:26:58 PDT,1,"Sibling violence is **the physical, emotional, and/or sexual abuse of one sibling by another**. ^(2). It is not the everyday squabbles, rivalry, or physical playing between siblings. Sibling violence often involves a power imbalance that makes it difficult for the harmed child to protect or defend themselves.",
post,u_Eggwantingtocrack,Synopsis of my situation,https://www.reddit.com/r/u_Eggwantingtocrack/comments/1l7p92v/synopsis_of_my_situation/,2025-06-09 20:57:43 PDT,77,"I’m 17. My life feels cursed. I’ve faced extreme chronic pain, lifelong abuse, and medical trauma, and I’m trapped in a home that keeps hurting me.

Physical Health

My spine is tearing open from the inside. I have connective tissue problems, and every movement feels like being ripped apart. I’m in constant pain. I’ve tried opioids, injections, nerve blocks, even ketamine IVs nothing helps. I can barely sleep.  I’m slowly losing my ability to move I can barely run. It’s genetic so doctors have straight up said to just go to learn methods of cooping because they can’t cure me.

Family Abuse

I’ve been hit, screamed at, gaslit, isolated, and manipulated my whole life. My parents try to control every part of me. I was punished for crying. They stole and destroyed things that made me happy to “teach me a lesson” about no cleaning up. They emotionally broke me down for years.

Inappropriate Behavior

My mom has crossed boundaries. Ever since I was very young me mom would try to touch me “playfully”. When I grew older I would start telling to stop and I didn’t like it. But she joked about me not liking it and kept doing it. She still tries and it makes me very uncomfortable at best and most of the time just feel violated.

She has recently started to grope me. She will try to sneak up behind me and then starts caressing me. Tell her to stop and run away but some times she will do it when we’re In public and I can’t run so I just have to take it. 

Sibling Violence

My younger brother is the golden child since he got none of the “bad genes”. So he gets away with most things. I’ve been been beaten up by him countless times. From punching, kicking, chocking, hitting him with metal objects, etc. I’ve passed out from being choked for so long snd lack of oxygen. But he always gets away since he wouldn’t do it and you need to just get along. The kid gets what ever he want and has anger issues. I can’t over power him I’m basically crippled and he weighs more than me.

He also has tried to rape me multiple time. He pinned me against a bed the first time and a couch the second time. He proceeded to violently dry hump me. I screamed for help yet nobody came. 

Medical Trauma

I was nearly forced into a surgery I refused. They forged my name. They lied to doctors. I had to beg just to keep control of my own body. They admitted to it on tape.

Gender Dysphoria

I’m closeted trans. I want to be a girl. But I’m stuck in a body I hate, in a family that would never accept me. I feel like I’m rotting in the wrong form. Mirrors make me panic. I want to transition, but I can’t. I hate every second I’m forced to living this body.

Life is hell",
post,CPTSD,Sibling DVFV poem,https://www.reddit.com/r/CPTSD/comments/1l2ylzq/sibling_dvfv_poem/,2025-06-03 23:33:07 PDT,1,"Hi,

I decided to write about my experience with my brother being one of my abusers and my mum supporting him. It’s written to her.

I thought that maybe others in this sub-reddit could relate, and that it might feel good for me to share my writing. Thank you for reading if you have the spoons ♥️

There’s no details but TW for the theme of sibling violence. 

Title = Why does my peace mean less than his? 


As a girl, I quickly learned my role.

That worth was derived from servitude and silence. 

My true-self buried deep. 

From fear of penalty for noncompliance.


As an adolescent, I progressed to scapegoat.

Despite conditioning to be obedient,

I dared question the abuse. I was punished.

A heavy sentence of criticism and abandonment.


As an adult, I remain the truth teller.

Seeing through facades. Revealing family lies. 

Finding my voice, boundaries, and safety.

But discovering myself - the biggest prize.


Will there ever be a place for you in my life?

Maybe, if you stop enabling and the dishonesty.

Are you capable of seeing reality?

Of seeing his violence and misogyny?


Sibling violence is common.

So why do you still deny what he is.

He is shielded. I am discarded.

By only policing me, the peace you keep is only his.


🫶",
post,CPTSD,"Vivid emotional flashback prompted me to ask questions, and I hate what I found",https://www.reddit.com/r/CPTSD/comments/1knb0lm/vivid_emotional_flashback_prompted_me_to_ask/,2025-05-15 08:26:02 PDT,9,"TW: Mentions of sibling violence, possible CSA.

I am a 35 year old woman with diagnosed C-PTSD and ADHD, and to make it even more fun: PMDD. The hormones occasionally are HORMOANING. Anyways.

The day before Mother's Day. I was luteal, I was not feeling great. I went No Contact with my parents last year after a particularly unhinged Mother's Day Brunch in 2024 where I realized the extent of my parents' dysfunction. We'll just yadda yadda yadda over that for now.

Sometimes I have these ""episodes"" during my luteal phase that aren't quite anxiety attacks, but feel similar. Thoughts speed up, it kinda feels like tunnel vision or a whooshing sensation, and I just need to lay down and cry and let it pass. The thoughts are very confusing. Flashbacks of frustrations, traumas, projecting onto my current situation, etc. But the day before mother's day I had, in the midst of all this noise, **a crystal clear emotional flashback:**

I was 3 or 4. I was at the top of the stairs. Then I remember \*sailing\* down. Not taking a step and tripping, not stumbling... but one minute I was standing and the next I was tumbling headfirst down the stairs. Before I even realized what happened I remembered someone saying ""Powerbrow5000 fell down the stairs"" and I remember thinking ""***but I didn't fall***\*""\*

I sat with this and journaled, processed. The day after mother's dad I had a vivid memory of my second oldest brother biting me on the nipple when we were kids. I would have been 5 or 6. I remembered how often I was at the hospital when I was a kid. There are so many pictures of me from the ages of 3-6ish or 7ish in casts, crutches, etc. The lore was that I was clumsy. My mom **joked** about how I went to the ER so much CPS was called.

Family dynamics: I'm third out of four, the oldest daughter. Two older brothers. Eldest brother is golden child perfect boy, second oldest can do no wrong but isn't the golden boy, I was the ""she doesn't need as much help"" child, the youngest girl was the baby.

Based on a strong... hunch, I reached out to this brother (with whom I am low contact) and asked if there was anything he needed to tell me about how he treated me when we were kids. He admitted he remembered pushing me down the stairs and off a picnic table for fun, but he ""doesn't remember a lot"" but ""feels like he has always been a terrible brother"" and if I could help him remember or let him know what I remember etc... it was distressing. I placed a boundary and said I would reach back out if I remembered anything from my experience and needed to talk to him about it.

So. Confirmed. I went to the ER from both those incidents he cited. There were more. I went to the ER so much that CPS was called. **My parents chose to let me think there was something wrong with me, and to protect my brother.** I struggled a lot as a kid. I wet my pants. I had emotional issues at school. The only time I ever ""got help"" was in high school, when one day I woke up too depressed to go to school and my mom ... took me to the ER? I was on antidepressants for... two weeks? No follow up. I moved out when I was 17 and have been largely avoiding them since, because I never felt safe around them, **and they always made me feel like I was the one with the problem.**

I've requested my records from the hospital I went to as a kid to see if I can get more clarity.

**I am so sick for this little girl who was lied to so much. I am so angry.**

  
\*\* editing to add: I have been in therapy for 8 years with a great trauma-informed therapist, and have found a lot of success with RO-DBT class and SIBAM journaling.",
post,AITAH,AITAH for wanting to send my autistic son to live with his grandparents in Brazil?,https://www.reddit.com/r/AITAH/comments/1khbjcj/aitah_for_wanting_to_send_my_autistic_son_to_live/,2025-05-07 16:14:53 PDT,0,"I'm a 35-year-old woman and mother of six. My first pregnancy was with quintuplets, and although I had severe complications and nearly died during childbirth, all five babies were born healthy. My husband, Charles, took on extra work to support us and helped care for the babies, even after long days at his job. Despite his help, it was incredibly hard raising five infants as first-time parents with no outside support—his parents had passed away, and my mother lives in Brazil. We somehow managed, and the quintuplets grew into beautiful, sometimes mischievous but overall well-behaved kids. Just when things began to settle, I became pregnant again, even with an IUD and doctors saying I was infertile after the high-risk quintuplet pregnancy. It was shocking, but Charles reassured me, and I chose to go through with it. Our youngest, Devon, was born—a tiny and fragile baby. We expected it to be easier with just one baby, but Devon cried constantly and was difficult to soothe. After tests, we learned he is autistic and needs a high level of support. I was heartbroken, fearing how the world would treat him, but Charles stood by me, as always. He's been my rock through it all. Devon’s condition requires constant attention. He’s now almost two years old, walking but not yet talking beyond “Mama” and “Dada.” His meltdowns can be intense and sometimes physically harmful—to me and his siblings. I often have to explain bruises from him to others, so they don’t think Charles is abusive. Devon has also broken or destroyed his siblings’ belongings, like my daughter’s favorite dress or a signed baseball poster that meant the world to the twins. Lately, the quintuplets—especially the twins—feel neglected. They say we love Devon more, especially since Charles defended Devon when they got upset over their ruined belongings. This broke my heart because I do love all my children equally. But the truth is, Devon needs much more attention, and it’s starting to cause resentment in our older children. I’m terrified that their frustration could grow into something dangerous, even though I know they’re good kids. Still, sibling violence in extreme emotional situations isn’t unheard of. So I brought up the idea of sending Devon to live temporarily with my mother in Brazil, where he could get one-on-one care, and we could restore balance with the other kids. Charles thinks it’s an overreaction, but he said he’d support me if that’s what I decide. I’m torn because sending my baby away feels like abandoning him, but keeping him here is hurting the entire family dynamic. I don’t want my children to grow up thinking we love one more than the others. So now I’m asking myself: if I do send Devon to Brazil for a while, does that make me the asshole?",
post,GlassChildren,When Home Becomes Dangerous: How Violent Siblings Alter a Child’s Mind,https://www.reddit.com/r/GlassChildren/comments/1k8ph4t/when_home_becomes_dangerous_how_violent_siblings/,2025-04-26 15:53:48 PDT,62,"Growing up with a violent sibling desensitizes children to violence, teaching them that aggression is normal. Research shows it numbs emotional responses, weakens boundaries, and increases the risk of future abusive relationships. Even **brain scans** reveal lasting changes from repeated exposure to sibling violence.

Studies showing that sibling violence desensitizes the other children. 

1. Normalization of Violence (Button & Gealt, 2010)
	•	Sibling aggression is the most common form of family violence.
	•	Exposure to sibling violence increases acceptance of aggression as a normal way to resolve conflict.

“Children who experience violence at the hands of a sibling may come to view aggression as a typical or acceptable aspect of interpersonal relationships.”

Button, D. M., & Gealt, R. (2010). High Risk Behaviors Among Victims of Sibling Violence. Journal of Family Violence, 25(2), 131–140.

2. Emotional Numbing (Boxer & Sloan-Power, 2013)            
	•	Repeated exposure to violence leads to emotional desensitization, numbing, and reduced responsiveness to aggression.           
	•	This effect happens even when the violence is “only” sibling violence inside the home.          

“Youth exposed to chronic violence often show reduced emotional sensitivity to violent events, a phenomenon that increases the likelihood of future violent behavior and victimization.”

Boxer, P., & Sloan-Power, E. (2013). Coping with Violence: A Comprehensive Framework and Implications for Understanding Resilience. Trauma, Violence, & Abuse, 14(3), 209–221.
https://doi.org/10.1177/1524838013487807

3. Future Tolerance of Violence (Eriksen & Jensen, 2009)            
	•	Children who grow up with violent siblings are more likely to enter and stay in abusive friendships, partnerships, and marriages.           
	•	They learn not to expect safety in close relationships.

“Early exposure to violence between siblings can significantly impair a child’s ability to set healthy relational boundaries later in life.”

Eriksen, S., & Jensen, V. (2009). All in the Family? Family Environment Factors in Sibling Violence. Journal of Family Violence, 24, 497–507.
https://doi.org/10.1007/s10896-009-9252-1

4. Neurological Desensitization (McCrory, De Brito, Viding, 2011)           
	•	Childhood exposure to repeated violence (even non-parental, like siblings) alters brain structure and function.          
	•	These children show **less fear in violent situations** and **less empathy toward others being harmed.**

“Repeated childhood exposure to violence is associated with structural and functional brain adaptations that may serve short-term survival but confer long-term emotional costs, including desensitization to violence.”

McCrory, E., De Brito, S. A., & Viding, E. (2011). The impact of childhood maltreatment: A review of neurobiological and genetic factors. Frontiers in Psychiatry, 2, 48.

https://doi.org/10.3389/fpsyt.2011.00048",
post,AITAH,AITA for telling my husband he couldn’t borrow my bike in the morning?,https://www.reddit.com/r/AITAH/comments/1k2ts7c/aita_for_telling_my_husband_he_couldnt_borrow_my/,2025-04-19 04:05:10 PDT,1,"TLDR: My husband wants to borrow my bike to go for a ride after the family easter egg hunt to avoid the sugar crash-induced chaos that follows, and I said ""no"" because I planned to take the kids for a bike ride in the morning to burn off their extra energy and distract them from fighting and crying. My husband is upset because he feels entitled to use it if he wants to. I think I could be the asshole because there's a chance the kids will refuse to even change out of their PJs till midday. 

I'd like your harshest judgement on me, please. I started my period today and haven't cried yet, so please oblige. Tomorrow is Easter Sunday which in our home is when the Easter Bunny visits and leaves the eggs for the Easter egg hunt. It's a lovely early morning ritual of inter-sibling violence and trying to beat the ravens to the eggs. 

At family dinner tonight, my husband announced that immediately after the Easter egg hunt, he would be leaving the house for a few hours. He explained that since every year the children's behaviour descends into chaos and bloodshed (exaggeration mine) because of the sugar crash and he always says he wishes he was somewhere else, this year he will actually be somewhere else. 

I was already mildly put out by this news being announced. I won't miss his company because the only thing worse than the kids' bad behaviour, is his commentary and reaction to it. However, I would have appreciated a private heads up and that he didn't have to frame it as blaming the kids for being badly behaved before it's even happened.

Anyway, I know better than to complain about how he delivers his proclamations or he might threaten to actually stay. But out of curiosity, and to show friendly interest, I asked where he planned to go. He said, ""I don't know yet! Just not here!"" Which I feel was unnnecessarily blamey and judgemental but that's beside the point. He then added, ""I might go for a ride on your bike.""

I immediately protested, ""You can't take my bike!""

He was taken aback, ""Why not?""

I explained, ""I might need it, if I take the kids for a bike ride.""

""When are you going?""

""I don't know, but we'll probably go in the morning to get out of the house.""

""Well, if you're going out, there's no point in me leaving.""

""We might not be out the whole time, but we can't go at all if you take my bike.""

""Fine then, I guess I'll drive somewhere since I'm not allowed your bike.""

""Are you upset that I said no to letting you take my bike?""

""Yes. I'm upset that you won't let me use my bike. It should be my bike now. Thanks for dinner. It was great.""

(Background info: today he rode my bike which is the first bike he's ridden in about 40 years so that he could check for sizing for his ebike which he ordered online this afternoon. I bought it second hand a year or so ago, to ride with the kids, but had to wait till a couple of months ago to ride it because my daughter only just got confident riding on standard footpaths, rather than extra wide paths at the park. I've added extra baskets to it so I could carry all the kids stuff that they insist on bringing everywhere. I had it serviced recently because when I first taught my daughter to ride her bike, I was too optimistic and had to keep dropping my bike to leap to her rescue when she'd crash hers. I couldn't ride it while I was waiting for it to be serviced so had to jog along behind my kids. I can't really emphasise enough how much I hate jogging. I also just really enjoy riding my bike and have told him so every time I get home. I totally understand why he would want to ride it again, it's fun as fudge! My husband has an eScooter. His chronic pain, health and fitness issues means that the scooter is uncomfortable for him to use, exacerbating his sciatica, which is why he wanted to use my bike. He was joking about my bike being his now but he wasn't joking about being upset.) 

I think I may be the asshole because I said no to lending him my bike even though I don't know for sure we'll go for a ride in the morning. It was my intention to do so, but I can't always manifest my plans if the kids refuse to cooperate. I don't think I'm the asshole cos it's my bike and I wouldn't question him if he said no to me borrowing anything of his. I don't feel entitled to his personal belongings, just all his income and assets. ",
post,BPDFamily,Sibling violence,https://www.reddit.com/r/BPDFamily/comments/1jrha2w/sibling_violence/,2025-04-04 10:16:55 PDT,18,"My heart hurts and my head is spinning. I am the mom to a 15yo boy (with, among other diagnoses, high functioning autism) and an 18yo girl (with, among other diagnoses, BPD). He is demanding that we “kick her out” because of her violence towards him (including a horrible incident yesterday in which I was also injured trying to separate them). He said if she’s not out in a month, he’s running away. Everyone we know IRL, including therapists, support that. But it truly doesn’t feel right - as my husband says, it will not end well for her. She has no job, no drivers license, hasn’t finished high school, and at the moment only has one real friend (and just broke up with her first love, so is particularly fragile right now). Also, we have no family, so she would have to live by herself.

I would love others’ perspective. TBH, I hate living with her, too, even though she and I have a wonderful relationship in spite of everything. Her mess is everywhere in our small house and she refuses to clean. She steals/“borrows” stuff from all of us. She’s completely erratic and often threatens violence or property damage, and occasionally follows through on that. She contributes nothing to our household and takes so much.

But, she’s our disabled child and there is no way I’d feel ok kicking her out. At the same time, of course I want and need to protect our other child, especially in light of his ASD and his need to heal. He is realizing he’s been abused by her his whole life (but she had convinced him that we were the bad ones so he didn’t see her manipulation until recently), and last year he was diagnosed with cPTSD because of her treatment of him.

Both kids have been to various treatment centers, etc., and for many reasons that is not an option for either one at this point. We’d like to build on an ADU for her to live in but we obviously can’t do that in a month.

Does anyone have any short-term or long-term suggestions from your own lives? I’d really appreciate any input. Thank you! ",
post,CPTSD,Shame/Guilt Feelings Towards Abuse And Feeling Valid,https://www.reddit.com/r/CPTSD/comments/1j5uvrr/shameguilt_feelings_towards_abuse_and_feeling/,2025-03-07 09:46:08 PST,2,"Multiple TW for: Sibling violence/abuse, physical abuse, mental abuse, verbal abuse and brief mention of SA

Hello, I’m posting this as a way to process my feelings but also to hopefully help and/or find others who feel shame towards their abuse/trauma. I’d like to clarify that the abuse I will be discussing was only a small portion of my story, but these specific traumas cause me immense shame and guilt to this day.

I was abused by my sibling. The abuse was severe and as I’ve talked with my current therapist and medical support team they have deemed the situation as abuse. I remember breaking down when this was confirmed as I never had felt I could’ve been abused in such a way by someone who was my sibling, let alone someone a year younger than me.

To this day I suffer from physical pain and mental illness/distress from the abuse they inflicted. But the thing that eats me the most is the guilt and shame. As a child I had reached out to multiple previous therapists in my past (memories I’ve slowly been recovering) and tried to explain what was happening, each time I was told that it’s normal to experience sibling rivalry. I was beaten repeatedly by my sibling starting when I was 6, before that I had already been exposed to repeated abuse so this wasn’t out of the normal for me. The physical abuse escalated from beatings to attempted drowning, suffocation and sexual assault. I would be suffocated with pillows, forced underwater or repeatedly splashed with water in the face until I would stop fighting back. After years of enduring this abuse, they began to become verbally and mentally abusive. Screaming, aggravated shouts into my face, etc. It mostly manifested in calling me “fat” or “unclean”, especially in public. But in private it was worse, usually they would wait till night to call me over to their bed (we shared a room) and would explain how they were a demon and described how they would ‘unalive’ me. It seems silly in hindsight (it actually doesn’t) but to my child brain it was real. I have begun recovering memories of seeing them with “demon eyes” while they were abusing me, or seeing them with “demonic energy” surrounding their form. In these memories my child brain sees it as completely real, it thinks that they were in a “demon form” and it really messes with my perception of reality even to this day. I’ve had EMDR therapy as a child (unrelated to trauma) that triggered parts of my brain to come forward, they spoke of these memories. I only remember being removed from that therapy practice because my regular therapist didn’t think it was helping when I tried asking what happened during the sessions with the other therapist at the time. All my life the abuse inflicted on me by my sibling was ignored, so I ignored it as well. Even after years of physical, verbal and mental abuse they never stopped. In my high school years they abused me in class and in the hallways. They spread rumors about me being unclean, weird, and other horrific things, they isolated me to be dependent on them. I had no friends and teachers mostly ignored me as long as I worked, they would target me in class/lunchtime/hallways to “talk with me”. They would have one sided conversations with me and would say triggering words mid sentence to keep me quiet while they talked. People thought I was strange until last year of school, that year my sibling was suffering from a severe mental health crisis and would stay home everyday, I was free in school. I still avoided people but I’d actually be able to respond to questions now, people began to try to befriend me. I began to realize how different people acted towards me now that my sibling wasn’t there. I felt physically sick learning what happened was not normal. My mental health team has determined what happened was abuse but to this day I feel shame. They were a year younger than me (same grade as me), they were also a “favorite child” and would be excused for most things, I just assumed they were unwell most of my years and felt it was my duty to be around them. They were allowed unsupervised internet access as well as opposed to me, they were a “true crime” fan and would watch “uncensored content” (I will not discuss what they would watch). I assume most of their fantasies they would describe and act out on me was because of what they watched, people have had mixed reactions when I say that though. 

I’m still struggling to cope with the abuse, but I want to stress that no matter what you went through, it’s valid. I’ve tried to not be traumatized by what they did, believe me, but I can’t undo what my brain felt, saw and experienced. Never let anyone tell you your experiences are lesser than, especially when you already feel guilt/shame from your own brain.

Sibling violence and abuse is something I’ve not seen many people talk about, but for the survivors out there, you are heard and you are seen by me. I hope this wasn’t too long of a read, but I really needed to get that out for the time being.",
post,SiblingStories,just wondering!,https://www.reddit.com/r/SiblingStories/comments/1h2c64g/just_wondering/,2024-11-28 18:58:37 PST,1,im just wondering if sibling violence when i was young counts as something traumatic. im just making sure if im overreacting and it wasn't that bad that my sibling abused me physically and emotionally everyday ^_^,
post,arcane,[S2 Spoilers] the Cycle of the Undercity is Broken - include trailer act 2 spoilers ,https://www.reddit.com/r/arcane/comments/1gnzdif/s2_spoilers_the_cycle_of_the_undercity_is_broken/,2024-11-10 04:15:10 PST,7,"And it was thanks to Vi, and she doesn't even realize it yet.

Ever since Vander and Silco, there is a cycle of sibling on sibling violence in the Undercity. It has many echoes (eh) mainly with Vi and Jinx, Ekko and Jinx, but the chembarons violence is basically that cycle of violence buoyed by greed and avarice.

It always boils down to one trying to kill or killing the other, znd on and on it goes, as new generations witness that violence and take up the mantle of their fallen parental figure as they only see the other sibling as an utter monster.

It was what Isha was seeing as her saviour, that strange woman she has come to clearly idolize, was being clobbered before her eyes and she felt she couldn't do anything.

And then, as she intervened and was ready to be killed by that monster woman, it turned out she wasn't a monster at all. She was just someone else hurting but who intervened to stop the violence, and it's clear from the way the scene is depicted that for Isha, Vi catching Caitlyn's rifle is nothing short of an unimaginable event.

Vi intervenes because she wants to save a child because she sees herself in Silco's role in that scene and it's clear from her mental breakdown at the end that she can't realize that she has already broken the cycle of violence of the Undercity turning on itself and its children.

The trailer for Act 2 with the resurgence of Vander symbolism alongside Jinx is a hint in that direction. Jinx doesn't become a symbole of unity for Zaun because she clings to Silco's methods and beliefs (we'll show them all) but by finally connecting in a way with Vander, thanks to Vi decision to save a child even if it meant not stopping Jinx herself.

TL.DR : Vi already saved Zaun, and she doesn't even know it, because she didn't plan it. She kust followed her heart.",
post,IllegallySmolCats,Sibling Violence,https://www.reddit.com/r/IllegallySmolCats/comments/1g9u9kd/sibling_violence/,2024-10-22 14:56:19 PDT,1468,"Terrible quality, but illegal smols everywhere. I was ambushed. ",https://v.redd.it/03pwscjfqdwd1
post,AmIOverreacting,AIO for wanting to report sibling violence? ,https://www.reddit.com/r/AmIOverreacting/comments/1ffxrob/aio_for_wanting_to_report_sibling_violence/,2024-09-13 08:37:33 PDT,15,"Today at school pick up I witnessed a boy in my son’s class (9-10 year olds) hitting his much younger sister (she looks about 5). His mother didn’t even react.

It started with them both squabbling and he slapped/hit her multiple times before hitting her on the back of the head with a closed fist. The mother was stood nearby talking to her friends. I saw her look over, see the punch to the head, then go back to talking to her friends. 

I wasn’t stood close by and I didn’t know what to say so I did nothing. Now I regret not saying anything at the time. I cant stop thinking about that little girl. I know kids squabble but I did find it quite violent and shocking. The mother’s lack of reaction is concerning to me too. I keep wondering if she lets that happen in public, how bad is it escalating behind closed doors?



The mother is involved with lots of PTA and fundraising stuff so I don’t feel comfortable raising it with the school. But I’m considering sending an anonymous report to social services. 


I may be overreacting because while I did squabble and fight with my siblings growing up, we would never hit each other in the head like that - especially not a younger/smaller sibling. 
My own children have a 5 year age gap and do not hit each other - I would be shocked if my eldest slapped her little brother, let alone punched him in the head right under my nose. 

But I know some people think this kind of thing is normal and I don’t want to waste a social worker’s time. 

AIO?",
post,TheOwlHouse,Unconfirmed Palismen,https://www.reddit.com/r/TheOwlHouse/comments/1f3nqpi/unconfirmed_palismen/,2024-08-28 16:23:00 PDT,13,"As the title suggests what are your ideas for what species of animal the characters would get who are never given a palisman or presumably lost theirs because they're in the Emperor's Coven? I could see Kiki with a raccoon (small and handsy), Odalia with a stork (a symbol of maternity but in reality, will frequently kill their own chicks), and although he'd never have one Phillip with a hyena due to the extreme sibling violence they show. ",
post,NoStupidQuestions,Sibling violence,https://www.reddit.com/r/NoStupidQuestions/comments/1f0l6x7/sibling_violence/,2024-08-24 18:38:18 PDT,1,"I grew up as an only child until my half brother was born when I was 13. He’s 9 now and I’m in college, while he’s growing up effectively as an only child as well. When I see siblings that I know or have met, they all seem so violent to each other? I left Walmart the other day and say two siblings and one of them was annoying the other, to which the first literally punched the other in the head. 

Is this normal and something I just didn’t experience?
Why do siblings be violent to one another and yet remain such a close bond in adulthood sometimes/most times?

Boggles my mind. ",
post,domesticviolence,Sibling violence - family take his side,https://www.reddit.com/r/domesticviolence/comments/1ex1vso/sibling_violence_family_take_his_side/,2024-08-20 10:39:47 PDT,2,"I’m a young woman (20s) and I was physically assaulted twice by my brother (also 20s). Both incidents took place in our family home. Both times I told my family and neither time did they take me seriously. They brushed it off and urged me to reconcile with him as “he’s your brother”. The first incident was him grabbing me and pushing me up against the wall and holding me there. The second incident was the worst, he pushed me down and hit me. He had my phone so I couldn’t call the police. Ive never been so scared in my life. I barricaded myself in a bedroom until someone else came home. That day I immediately moved out. No one in my family took me seriously, they believed me that the incidents happened but just didn’t seem to care. My mum’s reaction when I told her about the second incident was that I was upsetting her by telling her this and she hung up on me (she doesn’t live in the home). My brother is much taller and stronger than me and it terrified me. I haven’t been able to go back to the home or even the neighbourhood. Ever since I moved out, my family say I’m distancing myself and seem to be completely blind to what I experienced. This was months ago now and it hurts me so much. I love my family and want a relationship with them but I feel completely abandoned. I’ve even had them suggest that I apologise to my brother. I query what they want me to apologise for and they can’t tell me. They just want me to as that’s the easiest path for them. I don’t want a relationship with my brother, he terrifies me. I just feel alone and constantly question what I have done and if I’m to blame. Looking for advice / support. Thank you",
post,TalkTherapy,How normal is having to see more than one therapist at a time to get your needs met?,https://www.reddit.com/r/TalkTherapy/comments/1e720ma/how_normal_is_having_to_see_more_than_one/,2024-07-19 05:01:35 PDT,6,"I haven't been able to find a therapist who treats social anxiety disorder AND is sensitive to and understanding of trauma (like sibling violence for example), so I'm at the point where I have two therapists (one to process my feelings and experiences with, and the other to treat social anxiety). On top of that, I feel like I may need a third (a sex therapist) just to ask questions to understand my sexuality. But I wish that I could just have one therapist to understand how all these parts of me are potentially connected.

Has anyone else run into the same thing and is this normal?",
post,CPTSD,CPTSD but not from abuse?,https://www.reddit.com/r/CPTSD/comments/1ddoz7y/cptsd_but_not_from_abuse/,2024-06-11 13:58:46 PDT,3,"Just out of curiosity, are there any others here that don't have CPTSD from abuse?

I do have a few isolated instances of abuse throughout my life (primarily one that involved sexual abuse by an older adolescent), but other than that and a few other examples, I have not been abused.

For example, my sources of CPTSD and ongoing trauma are Gender Dysphoria, OCD (which I now consider to be a symptom of CPTSD, personally), inter-sibling violence, a toxic relationship, chronic pain, and trauma responses which have been traumatic as well. I also suspect I am Autistic.

Just wondering. Sometimes not having experienced abuse and having a loving, supportive family (albeit with it's own dysfunctions) makes me feel less valid, but I do know trauma comes in many forms and sadly, abuse seems to be the most common.

So I'm just curious if there's any others here who can relate to having trauma/CPTSD that does not necessarily involve abuse by another person, but rather by some other ongoing/chronic condition(s) or circumstance(s)?",
post,legaladvice,Can I go to jail for sibling violence with no pressed charges?,https://www.reddit.com/r/legaladvice/comments/1d8i932/can_i_go_to_jail_for_sibling_violence_with_no/,2024-06-04 22:24:02 PDT,0,"I have a brother who is in a wheel chair. I take care of him at my house every other weekend after our mother passed away. This weekend I slapped his face after he had talked back to me with attitude. He now has a bruise on his face. This was the first time I have ever slapped him. We have cleared the air since. Can a doctor call adult protective services on us and if so, can I be hit with a crime even though by brother doesn't press charges?",
post,Parenting,"Sibling Violence, but Surreptitious",https://www.reddit.com/r/Parenting/comments/17tt30v/sibling_violence_but_surreptitious/,2023-11-12 12:36:01 PST,3,"Today, I stood at the bottom of the staircase and called upon my two daughters to come down.  My youngest daughter (4yr) got to the top of the stairs first, and right behind her older sister (9yr) tried to push her down the staircase.  The horror on my oldest daughter's face took over as soon as she knew *that I saw this behavior*.  My youngest daughter didn't fall, nor even really noticed the shove, so there was no damage, injury or even insult sustained by my youngest daughter.  But I was horrified, and my oldest daughter clearly knew she had transgressed *because I saw it*.  

I've looked around the internet and reddit for a scenario described of some similarity, but I haven't found one.  The specific nuance to this situation that doesn't fit most of the ""What to do when siblings fight?"" posts is that this happened *without there being any apparent argument or heated exchange between the two*.  In fact, when they came around to the top of the stairs it seemed as though they were in high spirits-- I think they may have been playing together nicely just seconds before!  It was almost as if my older daughter was an opportunist to push her younger sister down the stairs.

I'm racking my brain on what to do here.  I'm livid-- and I've told my oldest daughter as much.  I've also told her that I am disgusted by that behavior-- and I'm disgusted at the site of her for the moment while I try to process what I saw.   I've also tried to relay the consequences, if her sister had fallen, including death if not grievous injury.  I told her I am torn between calling authorities and reporting her violence, or somehow doling out some sort of punishment.  She has sheepishly tried to approach me through her sniffles, ostensibly to say sorry (again) or try to explain herself, but I told her that I am not prepared to talk it out with her, but if she has something to say, she should write it out with pencil and paper and I'll read it when I'm ready.

I'm hopeful the reddit community could give me the fuzzies that I'm not alone on this by speaking to a few questions that are spinning through my mind: 

1st:  Have any other parents here seen this kind of behavior?  And if so, how did you handle it for better or worse? 

2nd:  What the hell is going on here?  

My best guess at the moment (full disclosure: I'm still reeling from this and haven't yet hit a calm-of-mind that might yield a more thoughtful interpretation) is that she may want the acclaim afforded her when she looks like the person who cares for her sister when/if her sister takes a nasty tumble down the stairs.  I think she didn't anticipate me seeing that action, but instead that I would be responding to the fall, or cries, and find her caring for her injured sister after the fall.  It's like she wants to be a firefighter that secretly moonlights as an arsonist to drum up the event to be called the hero.  I'm doubtful that this is all conscientiously conceived-- I'd think if it were conscientious she'd walk back that urge before it became an outward behavior. 

3rd:  What can I say, or how can I facilitate communication to begin peeling back the layers of this onion such that she emerges from this situation a better, more compassionate and self-aware sibling, daughter and family member?",
post,AmItheAsshole,WIBTA if i call cps on his ex wife,https://www.reddit.com/r/AmItheAsshole/comments/174fr4e/wibta_if_i_call_cps_on_his_ex_wife/,2023-10-10 01:04:23 PDT,63,"My husband 40M and I 38F are in a huge argument because he doesn't go for full custody of his 3 children (14f/9m/6f)... the children are neglected at moms, she 42F is always in her room or outside away from the kids and leaves them unsupervised  and unsupported. They constantly complain that she doesn't spend time with them and when she does it's to discipline them for interrupting her sleep in the middle of the afternoon or because one of them goes to her for help about another. The oldest is left to mother the others, clean, cook and still do school work. We found out that there has been some sibling violence. 

My HB i feel is not taking this issues seriously or is turning a blind eye not to deal with the ex. They currently have 50/50 but we have them 70% of the time ( thank goodness ) - The kids are showing signs of depression and are acting negatively, along with affecting school behavior. 

So... I want to call CPS or SSA and have him go for full custody, he gets so mad when i bring it up because he thinks the kids will be affected negatively by not spending time at moms (but they are affected negatively now, at moms). Super confused if I am an asshole for wanting to call?",
post,relationship_advice,"""It's business"" I [27M] have objections to my Girlfriend's [34F] moral compartmentalization and I'm worried its leading to contempt. How can I navigate this issue while being true to myself and respecting her individuality?",https://www.reddit.com/r/relationship_advice/comments/16g7tgh/its_business_i_27m_have_objections_to_my/,2023-09-11 14:22:43 PDT,5,"Early this summer, I started dating a wonderful woman. Let's call her Susan.

Susan is hard-working, cunning, socially agile, emotionally strong, devoted, understanding, and drop-dead gorgeous. We both read voraciously and love to work through books together, taking a break here and there to discuss our perspectives. I love the intellectual intensity. Susan and I have also been very open about our pasts, vulnerabilities, and hopes for the future. We both have significant traumas (childhood sexual abuse, extreme poverty, abusive step-parents, abandonment, significant sibling violence). We have both worked hard to overcome these and live happy and extremely financially secure lives. I also feel we have done an excellent job listening to each other, making each other feel heard, and taking steps to compensate for any resulting emotional weak spots. I've never felt so comfortable yet excited with someone.

Susan and I agree on moral, ethical, and religious issues. We both pray regularly - despite some significant doubts. We go to church together (at her initial recommendation). We help our friends whenever they need it. We both financially support our parents and siblings to some degree.

She works in front-office finance (sales), and I work in Tech/Entrepreneurship. We are both financially successful, with a combined income of about $750,000. She makes more than me, but given her older age, we are on the same trajectory.

I want to start a new company, and we have been brainstorming strategies for the past few months, leading to my concern. There have been several instances where she has recommended strategies that I consider morally reprehensible. Nothing crazy like murder, but little things like deception, lying when convenient, creating situations with conflicts of interest, changing the price of something at the last second if a client looks like they could afford it, etc. She consistently prods me to be more of ""A shark."" Her position is that, in business, there are ""sharks"" and there are losers, and if you can't do what it takes to be a ""shark,"" you are doomed from the start. She is saying implicitly, ""You need to relax your morality here or our future is doomed."" When I tell her that being ""a shark"" makes me feel uncomfortable and that my soul is not for sale at any price, she continues on. She says, ""It's business; the point of business is to make money."" That is, to her, in ordinary life, one should act morally and without deception, but in business, to survive, you can't bring the same moral framework, or you will be eaten alive.

Her perspective is that if you want to be a good person, you can do extra things in ordinary life. She takes extra steps in her personal life to ""repay"" for the morally ambiguous actions she feels compelled to take in business. For example, she donates to charity and supports her family as mentioned above.

I think this perspective comes from her upbringing, living as a family of four off less than $300/month in a former member of the soviet union. She had to fight to survive. She then entered an exceptionally cut-throat industry, where neither your coworker nor your client are your friends. She operates in a zero-sum world where her gain is always another's loss. From her perspective, there is no choice if she wants to survive. So, to protect herself, she treats business like a game, disconnected from the rest of her life.

On the other hand, I come from an affluent family in the United States (HH income >$3mm). I grew up a ""hippie"". I work in a growth industry where my win is my coworkers and my customers win. My loss is the loss of the industry at large. I want to do right by everyone more than I want to become rich, but I can have both simultaneously.

These conversations are leading to resentment. I want to be a good partner. I want to support her and uplift her. Should I just put a ban on the subject? Should I fight her and try to change her perspective? How can I navigate this issue while being true to myself and respecting her individuality?

TLDR: GF \[34F\] thinks I need to be more cut-throat in business. Doing so makes me feel uncomfortable and her statements about her own actions in business make me want to resent her. How can I constructively navigate these ideas.",
post,Prevention,Let's Talk About Sibling Abuse,https://www.reddit.com/r/Prevention/comments/148wo02/lets_talk_about_sibling_abuse/,2023-06-13 19:54:42 PDT,2,"[https://missmentelle.tumblr.com/post/162817562184/lets-talk-about-sibling-abuse](https://missmentelle.tumblr.com/post/162817562184/lets-talk-about-sibling-abuse)

Siblings fight from time to time. It's what they do. Squabbling with your siblings over the shotgun seat or the Playstation or a misplaced Lego is an important part of growing up, and it's one of the ways we learn valuable social skills. But there is a much, much darker side to sibling fights that no one talks about: sibling abuse.

We like to pretend that all disagreements between siblings are just a normal part of growing up, but that's not the case at all. Plenty of sibling relationships cross the line from ""irritating but harmless bickering"" to full-blown abuse and violence that leaves scars for years to come. It can be hard to admit or even realize when you've been abused by a sibling; it's not a form of abuse that society recognizes, and even the words ""sibling abuse"" sound strange together. But if you've grown up hating and fearing your sibling, you should know that:

Despite never being talked about in awareness campaigns or PSAs, sibling abuse is **the most common kind of family abuse there is**. In fact, [**sibling abuse outnumbers parent/child abuse and spousal abuse combined**](http://www.vision.org/visionmedia/family-relationships-sibling-rivalry/44341.aspx).

**Sibling abuse is most common in families where there is other kinds of abuse present** \[…\]. Children often take out their frustrations with parental violence on their more helpless siblings. However, **around a third of homes with no parental abuse or neglect contain some form of sibling abuse**. It can pop up entirely on its own, even with loving, supportive parents.

**Brother-on-sister violence is the most common form of sibling abuse.** However, due to perceptions of gender roles, **when sister-on-brother abuse does happen, it goes on for much longer without adult intervention**. Adults don't tend to view physical violence committed by girls as ""serious,"" and adults may even laugh at a boy who gets bullied by his sister.

**Sibling sexual abuse is one of the most serious forms of child sexual abuse there is.** In fact, some studies suggest that it might be the single most common form of child sex abuse. **Sibling sexual abuse also tends to be more severe than parent sexual abuse**; brothers are much more likely than fathers to use physical force, and they are far, far more likely to engage in penetration with their victims. It also tends to go on much longer without being detected. Despite it being so common, only 10% of studies even look at sibling sexual abuse, and there are almost no resources devoted to it.

Sibling abuse can take non-violent forms as well; siblings might **verbally abuse their siblings, purposely destroy their things, frame them for things they did not do, attempt to sabotage their relationships with parents, other siblings, friends or partners, intentionally humiliate their sibling, degrade them, steal from them, or engage in other kinds of emotional and psychological abuse**.

Signs that a child is being abused by a sibling include **fear of a sibling, reluctance to be left alone with a sibling, bed-wetting, violence towards others, inappropriate sexual behaviour, nightmares, changes in personality or behaviour, changes in sleep or appetite, and changes in demeanor when the sibling is present**.

It can be difficult to tell ""regular"" sibling rivalry from abuse, but in general, in healthy sibling rivalries, incidents are isolated, get less severe over time and result in different siblings coming out on top at different times. **In abusive sibling relationships, disagreements get worse over time, there is a clear pattern of incidents, and one sibling is always the ""aggressor"" while the other is always the ""loser.""**

Although it is rare, sibling abuse has **occasionally escalated to murder**.

Sibling violence leaves scars that can last a lifetime; children who are abused by their siblings \[…\] are more likely to cut off contact with siblings and family as adults. \[…\]

**Sibling abuse is more common between step-siblings or half-siblings than full biological siblings.** This is known as the ""Cinderella Effect.""

If you were abused by a sibling, it can be easy to think that what you experienced isn't ""real"" abuse, and that it doesn't count somehow. Sibling abuse is abuse, and you are not alone. There are thousands of other people who have gone through something similar, and it deserves to be talked about. You don't have to be ashamed. You don't have to keep it a secret.

Although there isn't a lot of research about sibling abuse just yet, there is one thing that we do know for sure: research, prevention and treatment for sibling abuse will not get better until people know about it. We need to talk about it. We need to talk about how often it happens, and how serious it can be. It's not isolated, \[…\] and it's not ""just a part of growing up."" It's abuse, and we need to treat it that way.

[https://possiblyseph.tumblr.com/post/687345692538175488/lets-talk-about-sibling-abuse](https://possiblyseph.tumblr.com/post/687345692538175488/lets-talk-about-sibling-abuse)

>*children who are abused by their siblings are more likely to be abusive toward their future partners, \[…\]. Girls are especially likely to be abusive toward future partners if they have been abused as children.*

Hey, citation needed? This is a painfully reductive and possibly dangerous information. Sibling abuse tends to result in similar effects as other forms of child abuse. While many abusers do go on in the future to become abusers themselves, it's far more likely for a victim of abuse to go on to suffer further victimization.

[https://missmentelle.tumblr.com/post/180254799814](https://missmentelle.tumblr.com/post/180254799814/hi-ive-been-looking-around-for-resources-online)

>*hi, i've been looking around for resources online about abusive sibling relationships and i can't find any. how do i know if my brother is being abusive?*

I actually wrote [a post about abusive sibling relationships](http://missmentelle.tumblr.com/post/162817562184/lets-talk-about-sibling-abuse) a long time ago, before this blog was popular, and it never got a lot of traction. There isn't a lot of information out there about sibling abuse, which is alarming, because sibling-on-sibling abuse is believed to be more common and more severe than parent-on-child abuse. Our siblings have more unrestricted and unsupervised access to us than almost anyone else in our lives when we're growing up—including our parents—and some degree of fighting and bickering is normal in \[many\] sibling relationships, which can make it very hard to detect and recognize sibling abuse when it's occurring. A lot of people have rough relationships with their siblings at some point in their lives (my youngest brother and I have only reconciled in the last few years, after 6-7 years of intensely disliking each other), but here are some signs that your relationship with your brother may have crossed the line from ""normal sibling rivalry"" to ""abusive"":

* **You are afraid of your sibling.** It's not normal to live in constant fear of a sibling, period. You and your sibling might routinely find each other obnoxious, annoying, moody, grating, depressing, bothersome or infuriating, and there might be a lot of times when one of you wants nothing to do with the other, but one of you should not be living in constant, perpetual fear of the other. One of the big differences between normal sibling rivalries and abusive sibling relationships is that, with normal sibling rivalry, the relationship should be roughly evenly matched, and different siblings should come out on top at different times. In an abusive situation, one sibling is always the aggressor, and the other sibling is always the victim.
* **Your sibling is physically violent toward you.** It's normal for small children to be violent with their siblings from time to time, when they are still in the process of learning that this is not acceptable behaviour. But if you and your brother are old enough to be on Tumblr, you are too old to be using physical violence toward each other. Sometimes teenagers engage in roughhousing for fun, but this should be completely mutual, and just for fun; it's not normal for adolescent siblings to punch, kick, slap, choke or otherwise hurt each other in anger.
* **Your sibling goes out of their way to make you feel worthless.** They might put you down, humiliate you, share embarrassing information about you, constantly bring up your failures, or even go out of their way to sabotage you. If you are marginalized in some way—because of your gender identity, sexuality, disability, etc.—they go out of their way to make this experience as painful for you as possible, and make you as insecure and ashamed as they can. They don't lay off or apologize when you become upset, and seem to actively delight in seeing your reaction. It's normal for siblings to be crappy to each other from time to time, but this is an ongoing, pervasive thing that only seems to happen in one direction.
* **Your sibling is controlling.** They try to control who you can be friends with, who you can date, what you can wear, or what you do. They might insist that you do everything that they do and be at their side at all times, or they might just try to run your life from a distance. This is especially common in brother-on-sister abuse. They might try to have a say in who you date, and ""scare away"" anyone that they don't approve of. Your sibling might strictly police your behaviour and make sure that you're following the rules (home by curfew, no smoking, no drinking, no sexting, etc.), even when they break these same rules all the time.
* **Your sibling purposely tries to alienate you from your parents or other family members.** It seems to be your sibling's mission in life to make sure that your parents distrust you, view you as a problem child, or hold you in lower esteem than them. They might frame you for things that you didn't do, intentionally sabotage your schoolwork and grades, badmouth you to other members of the family, or go out of their way to upset you in front of other people so they can ""prove"" how unstable and unpleasant you are. If you have ever made a serious mistake or treated your parents badly in some way, they will make sure that no one ever forgets about it. They try to one-up any gestures of love and affection that you make towards family members, while belittling your efforts. They want to make sure that you aren't seen as reliable, and won't be believed if you speak up about what your ""angelic"" sibling is really like behind closed doors.
* **Your sibling purposefully invades your privacy.** It's normal (but shitty) for siblings to sometimes snoop through each other's things or borrow each other's stuff without asking—this is especially common when siblings are of the same gender and are close in age. But in normal sibling relationships, this tends to be mutual, and your sibling isn't taking your stuff to hurt you—they just genuinely want to borrow your cool shirt because they think it looks good, and you get your stuff back at some point. But in an abusive sibling relationship, your sibling is out to hurt you. They might intentionally break your things, or steal items and money from you without returning them. They might violate your privacy to look for ammunition to use against you, or just because they know that you don't want them knowing this information.
* **Your sibling's behaviour toward you gets worse over time, not better.** In normal sibling relationships, the relationship improves and gets less violent as you get older. You smack each other as little kids, you bicker as teenagers, and you become friends (or at the very worst, acquaintances who have polite conversation with each other during the holidays) as young adults and beyond. But abusive sibling relationships get worse over time, not better. The emotional abuse, violence, control, or sexual abuse escalates through adolescence, and can even continue into adulthood if you aren't able to escape your sibling.

There's definitely a grey area between ""difficult sibling relationship"" and ""abuse,"" especially when there are other compounding factors in the house like parental abuse. If your sibling's presence in your life is a constant source of fear, pain, and misery, however, there is a good chance that you are experiencing sibling abuse. Our culture has an unfortunate tendency to normalize all kinds of horrible behaviour between siblings and not take it seriously as a form of abuse, even when there is evidence of the immense amount of damage it can cause.",
post,tifu,TIFU by punching my mom in the face.,https://www.reddit.com/r/tifu/comments/109b3y5/tifu_by_punching_my_mom_in_the_face/,2023-01-11 09:57:09 PST,9,"

(Obligatory disclaimer that this happened years ago, not today)

My 2 brothers used to ""prank"" me by waking me up out of my sleep for no reason and then laughing at me from when I was like 10-15. After some time, I began to respond with your standard sibling violence.

But over time, waking up out of my sleep and immediately fighting a 1v2 gave me an involuntary punch reflex while walking up. 

How did I find out? You read the title.

I punched my mom once when I was like 12 or 13, and she took it with good humor, because she literally could tell I was unconscious.

She knew what my brothers had been up to, and made the connection herself.

I know there's going to be doubters, those who think that I was awake and willingly punched her and then blamed it on the fact that I was asleep.

Hell, I was worried that she was going to be one of them, because my mother was quite physically abusive and she was type to beat us for any perceived slight. Real, or imagined.

She was headed to wake me up to ask me where something was, and had thusly intended to gently shake my shoulder and say my name. She wasn't one to wake us up aggressively, due to her father waking his kids up *with a beating.* She would at least wake us up, then accuse us, then beat us. 

On this occasion, I hadn't done anything wrong, she just had a question for me. But after the first shake she got beamed, even though I was turned the other way with my eyes closed at 5am. I still didn't wake up.

After she finally managed to wake me up, she told me and I was **horrified!** 

She, astoundingly, found it hilarious and even congratulated me on my power. She said it was closer to her experiences being punched in the face by men than by women, despite my being smaller than her. Like 4'11, maybe 90lbs. 

I was just relieved! XD

Oh, and she even got my brothers to lay off a little. Instead of everyday, it was maybe once or twice a week.


TL:DR I was asleep and did it by accident. She thought it was funny",
post,Parenting,what is your response to toddler violence? specifically sibling violence (3.5y),https://www.reddit.com/r/Parenting/comments/znur63/what_is_your_response_to_toddler_violence/,2022-12-16 17:26:37 PST,3,"I always try to block the baby (1.5y) who is being harmed, diffuse, and remind her calmly what ""civil"" behavior is, but i feel like I'm not doing it right. It's usually like this:

(3 year old hits sister, ranging from mild to almost severe in intensity)

Me: ""Hey, we can't do that! (I only say can't or don't when it's severe) Getting hit hurts! Look, she's crying! She has a mark on her head now. What are we gonna do?""

Usually responded to with running away or saying ""I'm sorry"" for 1 second and then the same event happens again several hours later.

I try to explain it as general (""getting hit hurts"" because she knows that) and then explaining what the baby feels because of this behavior.

I try SO hard not to say she's doing something ""bad"" or ""wrong"" but FUCK sometimes she is MEAN.

Am I doing it wrong or do I just need to wait for her brain to develop and try my best to keep her baby sibling alive in the meantime?",
post,SurveyCircle,Sibling violence,https://www.reddit.com/r/SurveyCircle/comments/zfq167/sibling_violence/,2022-12-07 21:22:53 PST,1,,https://i.redd.it/h8oz4w360m4a1.jpg
post,u_Whey-Men,"Childhood Abuse and Neglect, Exposure to Domestic Violence and Sibling Violence: Profiles and Associations With Sociodemographic Variables and Mental Health Indicators",https://www.reddit.com/r/u_Whey-Men/comments/zd7ngd/childhood_abuse_and_neglect_exposure_to_domestic/,2022-12-05 06:06:48 PST,1,,https://www.ncbi.nlm.nih.gov/pmc/articles/PMC9709533/?report=classic
post,CPTSD,(TW: SA) The trauma I experienced wasn't that bad,https://www.reddit.com/r/CPTSD/comments/z1lu64/tw_sa_the_trauma_i_experienced_wasnt_that_bad/,2022-11-21 21:52:38 PST,5,"My trauma is nothing compared to other people's. My childhood was actually normal. My violent brother and father never put me in the hospital. Sometimes I think my mom was emotionally abusive but right now I don't remember any of what she said. She never tried to protect me from my brother because she didn't have to... I was never in any real danger. I only feared for my life because I was a pathetic dumbass who didn't understand that it was normal sibling violence. When I was raped, it wasn't violent. I also continued to be around this person and let him try again and again, so it wasn't actually bad. I did like parts of it and I liked cuddling with someone, so all in all, it was barely even rape. I had people around me go through awful things, but I wasn't really present, so it didn't affect me. I've had online friends kill themselves, but they weren't irl friends, so it didn't phase me that much... I kinda saw it coming too.",
post,Gamingcirclejerk,"G*mer considers sibling violence, age saves day.",https://www.reddit.com/r/Gamingcirclejerk/comments/tn7g70/gmer_considers_sibling_violence_age_saves_day/,2022-03-24 15:34:35 PDT,495,,https://i.redd.it/kdzvy565sep81.jpg
post,niftywriters,Essay On Sibling Violence,https://www.reddit.com/r/niftywriters/comments/tcajst/essay_on_sibling_violence/,2022-03-11 22:47:10 PST,1,"The purpose of this paper is to discuss sibling violence through the exploration of the research topic, connection with the BSW skills course, identification of screening tools social workers can utilize when working with individuals impacted by sibling violence, and to determine resources for both

https://www.homeworkkings.com/essay-on-sibling-violence/",
post,niftywriters,Essay On Sibling Violence,https://www.reddit.com/r/niftywriters/comments/tcajo5/essay_on_sibling_violence/,2022-03-11 22:46:57 PST,1,"The purpose of this paper is to discuss sibling violence through the exploration of the research topic, connection with the BSW skills course, identification of screening tools social workers can utilize when working with individuals impacted by sibling violence, and to determine resources for both

https://www.homeworkkings.com/essay-on-sibling-violence/",
post,subaru,New “Subabruise” game - like a punch buggy with symmetrical AWD!,https://www.reddit.com/r/subaru/comments/sw18fk/new_subabruise_game_like_a_punch_buggy_with/,2022-02-18 20:17:29 PST,5,"Subaru owner from (formerly) Calgary, Canada here. It’s a big Subaru city with the proximity to the mountains, outdoor community, and nasty winters. r/Subaru doesn’t allow cross posts but thought the community would appreciate this post I came across from r/Calgary:


My fiance and I came up with a car game this weekend that I think is more geared towards people of Calgary. We call it Subabruise!

Essentially the same idea as punch buggy... but with how rare VW buggies are now a replacement has been much needed as of late. I'm sure you know the game but just incase, when you see a Subaru you call out ""Subabruise!"" and shoulder punch the other person! It came to us when we took a trip last weekend to Banff and seen probably 50 Subaru's over the weekend (probably more). 

Hope it takes off, nothing says fond childhood memories like sibling violence on long car rides, hoping to bring the feeling back lol",
post,Calgary,My fiance and I came up with a car game this weekend that I think is more geared towards people of Calgary. We call it Subabruise!,https://www.reddit.com/r/Calgary/comments/svm94a/my_fiance_and_i_came_up_with_a_car_game_this/,2022-02-18 08:37:29 PST,67,"Essentially the same idea as punch buggy... but with how rare VW buggies are now a replacement has been much needed as of late. I'm sure you know the game but just incase, when you see a Subaru you call out ""Subabruise!"" and shoulder punch the other person! It came to us when we took a trip last weekend to Banff and seen probably 50 Subaru's over the weekend (probably more). 

&#x200B;

Hope it takes off, nothing says fond childhood memories like sibling violence on long car rides, hoping to bring the feeling back lol",
post,TransLater,Sibling violence in my head,https://www.reddit.com/r/TransLater/comments/s7b6qm/sibling_violence_in_my_head/,2022-01-18 15:27:52 PST,3,Hit myself with the masculine kitchen sink today.  I yelled every reason we have to not transition. It feels like I am constantly hitting myself in the head with a baseball bat.  It is amazing how mean we can be to ourselves just because we are transgender.,
post,JUSTNOFAMILY,Sometimes I feel like I'll never escape from my past,https://www.reddit.com/r/JUSTNOFAMILY/comments/lxhdjq/sometimes_i_feel_like_ill_never_escape_from_my/,2021-03-04 02:14:01 PST,15,"TW sibling violence.

I work with kids at the moment doing after school hours care. I thought it would be low enough pressure not to be as triggering as other options, because my job is basically to supervise them playing.

Today I witnessed an older brother step on his younger brother's hip to punish him for being cooperative with me. It brought so many memories flooding back of the awful shit I was subjected to. Using the fact that you're older and stronger to physically hurt someone for not bowing to you.

I fucking hate that people are like this. But I also hate that I wasn't surprised. I had my naivete stripped away when I was four so I've been dealing with this shit for multiple decades.

I was able to keep my cool, send the younger kid off for medical treatment, and explain to the older kid that it wasn't okay even if it was an ""accident"". I wrote a report for my boss, so she'll be able to call a meeting and follow up with the parents.

But fuck, I feel shitty. My head is a mess. And I don't want to spend time with my own kid while I'm such a mess.",
post,raisedbyborderlines,"Sibling Violence, and Guilt",https://www.reddit.com/r/raisedbyborderlines/comments/i8miwj/sibling_violence_and_guilt/,2020-08-12 14:20:28 PDT,9,"They hurt each other yesterday, and I feel so responsible. 

Some background: I'm the oldest of three, borderline mother. There was a lot of violence in our house; mostly my mother smashing plates, cutting herself in front of us, breaking things, lighting shit on fire, screaming and beating up dad, who enabled her behavior for a long time. She called the police on him several times with false accusations. He neglected to call the cops on her when he should have. I lived in constant fear that I would find my father dead one day. I am only the oldest by 18 months, but I did a lot of the parenting growing up. I tried to shield them from the outbursts, police encounters and violence as best I could. When DCF got involved, when I was 12, I was absolutely terrified I would lose them to the system and I coached them in lying to social workers. 

I moved out the second I graduated from high school, supported myself through college with multiple jobs. I told my brother, who was 13 at the time, he could come move in with me but he wanted to stay in the school system with his friends. When my sister dropped out of college she came to live with me in Brooklyn.
My brother's freshman year of high school, when I turned 21, our mother took out the family junker and drove straight into a highway exit sign, which ultimately ended in her being committed for 2 weeks in a psych ward. When she was released, she convinced the local ywca that she was a ""battered woman"" (a lie she still clings to to this day) and they housed her for a few days until her father bought her a one way ticket to Greece to live with him. She called me and begged me to leave Brooklyn to move back home and help my brother get through high school (which she also denies ever saying). I did. I gave up my life in Brooklyn and came home. I cooked dinners, made breakfast, got him to school, coached him through girls and friends, talked to his teachers, and basically tried to be a mother figure to him as best as I could. He graduated high school, and started working with my dad in the family business.
Fast forward years later to today; my fiancee and I are currently renting the downstairs apartment, my brother and father live upstairs and my sister stays the weekends with us and now has her own apartment in Brooklyn. 

My relationship with my siblings is great; I love them both dearly. They are both creative and loyal and wonderful human beings. However, their relationship with each other is rocky at best. They share a car between them, and one of the sets of keys went missing this week. They both blamed each other. My brother sent my sister a really mean and aggressive ""fuck you"" text about it, which made her cry. It seemed like the situation had blown over until last night, when my sister asked for a ride back to Brooklyn, which my brother initially agreed to. Then she launched into a walkthrough of where she last saw the keys, and why my brother lost them, which he did not respond well to. He started yelling at her. She then took the plate of food she was holding and threw it at his head, which shattered on his arm and splattered food all over his room. She stormed off and came back to throw something else. Then he became enraged, and chased her down the stairs. She tried to open and get out through the front door, but he caught up with her and shoved her into the doorframe. He was trying to put her in a chokehold when my fiancee and I came running up the stairs and pulled them apart.

I quickly took my sister outside where she began to cry. My father came running downstairs and threw my brother on the ground. They have gotten in fights before, but last night was the first time since my mother left that things have gotten so out of hand. No one is seriously injured, but they both have bruises and cuts on their arms. My sis is safely back in Brooklyn, and I helped my brother clean up his room.

I just feel so shitty and responsible. Right now, I feel like I've failed them. I tried so hard to take the pain of childhood away and still I see they are both suffering from trauma. Neither of them knows how to problem solve or what successful conflict resolution looks like, or even how to express their feelings in a healthy way. I talked to them both about this, and I managed to calm them both down and consider the situation in a larger context. They both feel bad about the way they reacted, but they also are both still blaming the other. I just don't know how to help them repair their relationship. The whole situation really hammered home how broken we all are. At the end of the day, I believe it is my mother's shadow that they are truly angry at, but they still have to be responsible for their actions as adults. I tried so hard to instill positivity in each of them, especially my brother, but moments like these make it seem like we're running backwards. I feel like I failed them; I made them lie to keep us together all those years ago, only so they could end up so fractured today.

Sorry this was so long, I just needed to get this all off my chest. Does anyone else feel personally responsible for their sibling's shortcomings?",
post,ZeroContextJoJo,Sibling on Sibling violence.,https://www.reddit.com/r/ZeroContextJoJo/comments/hk0tx9/sibling_on_sibling_violence/,2020-07-02 10:03:01 PDT,366,,https://i.redd.it/k4hmh3lp6h851.jpg
post,ChargemanKen,Chargeman Ken as a deconstruction of the anime medium,https://www.reddit.com/r/ChargemanKen/comments/gy4exe/chargeman_ken_as_a_deconstruction_of_the_anime/,2020-06-06 19:40:05 PDT,8,"[note: this post is not written in complete seriousness]

It has occurred to me that Chargeman Ken could be considered a deconstruction of the animated medium and even of society itself. Ken himself, through his senseless killing of seemingly-evil Juralians, serves as a metaphor for modern society's destructive power, rendering all in its path irrelevant with the passage of time. Certain side characters serve to enhance this metaphor. For example, Hoshi, from episode 4 (note that due to homophony, the number ""4"" is often used to signify death), is killed by Ken due to being a Juralian in disguise. However, Ken's sister Caron (=Karen? Knack time travelled from 2020 before making this anime confirmed) later asks about what happened to Hoshi, who she appeared to have a crush on. Ken's response is that he ""transferred to a different school."" This implication that society covers up the elements that it destroys now permeates modern culture. Companies push past products to the wayside; trends disappear from public consciousness incredibly quickly, and moral outcries are quickly forgotten. This universal truth is clearly supported by the literary geniuses at Knack Productions, and is lampshaded in one episode involving a man metaphorically stuck in the past, further illustrating the knack the writers had for creating depth within the story. 


In addition, the frames in which an animator's hands appear in a later episode serve to shed light on the fact that the lines between reality (the animation studio) and fictitious places (the setting of the episode) are blurred, predicting technologies like virtual reality decades before they became tenable for normal individuals from the comfort of their homes. Chargeman Ken's reduction of the standard shounen anime plot structure to its barest essentials (intro --> issue --> transformation --> battle --> resolution) with as few frames of animation as possible while retaining the suspension of disbelief also serves to illustrate the universality of the Hero's Journey plot structure, something that Ken experiences in miniature every episode. This deconstruction of what an anime needs to be, and hence what a story needs to be, gives credence to the fact that anime is a legitimate story telling medium, and Chargeman Ken is a reminder of the importance of pacing within media. So many shows get bogged down in the details, but not Chaken! The show's mature social commentary on a variety of issues such as child abuse, hospital nourishment, sibling-on-sibling violence, the place of machines in society, cerebral explosives, and more further its effectiveness. 


In conclusion, Chargeman Ken's stupendous animation, plot, and story structure make it a literary work of art that deserves more than it got. Thank you for coming to my TED talk.

**TLDR** Chaken is a deep anime that rivals other works of literary genius such as Evangelion and Manos: The Hands of Fate. Brahms himself would be proud.",
post,entitledparents,Rose: The last Flowerbender,https://www.reddit.com/r/entitledparents/comments/gn1c0e/rose_the_last_flowerbender/,2020-05-19 17:51:41 PDT,47,"Note: I am on mobile. This DOES spoil Avatar: The Last Airbender or Legend of Korra! We are both 14. Go to r/Rose_Garden for all of my Rose Stories. As of this post Rose has red hair from dye.

Cast:

Rose: My Girlfriend

Me: Rose’s Girlfriend

RM: Rose’s Mother

Backstory:

Rose and I were watching ATLA a few months after our relationship started, so I was still on bad terms with her Mother (I now respect her and she respects me).

Story:

Rose and I were snuggling while just watching the part of ATLA where Aang and the Fire Lord is fighting. Her mother walks in, and that was fine, but she started that annoying “what is that” or “who are they” questions. I tried to answer them as best as I could.

RM: “What are they doing”

Me: “The boy with the Arrow is trying to defeat the villain, who wants to rule the world”

RM: “Oooh. Sounds interesting”

Then the screen swaps to Sokka, Toph, and Yuki taking down the airships.

RM: “Now what are they doing”

Rose: “They are taking down the airship that are controlled by the Villains minions”

RM: “Okay”

Then it swapped to Zuko and (almost) Fire Lord Azula.

RM: “What are they doing?”

Me: “The boy with the scar is helping the Arrow Boy by defeating the Villain’s daughter”

RM: “Interesting”

Rose: “They two fighting are actually siblings. If the boy wins, he brings peace. If the girl wins, she will bring death and anger and violence”

RM: “YOU SHOULD NOT WATCH THAT!”

Me: “Why not?”

RM: “It promotes sibling violence and that shouldn’t be good”

Rose: “It is just a show. Besides the boy was banished by his father”

RM: “That is worse! Soon you and your younger sister will be fighting each other, Rose! Or you and your father!”

Me: “But it is just a show, I don’t see a problem with it”

RM: “Of course you don’t. You come from the lower middle class, and don’t understand how a *normal* family works!”

Me: “THAT IS TOO FAR!”

RM: “Yell again and you are kicked out!”

Rose: “THEN I WILL YELL! WE WERE PERFECTLY FINE WHEN YOU INSULTED OP AND THREATENED OUR RELATIONSHIP!”

RM: “Okay... geez. Calm down. I understand, it is just a show.”

And she left. I am sorry if this story is short, but I remembered it and thought it would fit here.

TL;DR  Karen claims that ATLA promotes violence inside a family and threatened my relationship with Rose.",
post,Parenting,Sibling violence,https://www.reddit.com/r/Parenting/comments/gfgepp/sibling_violence/,2020-05-07 15:10:33 PDT,3,"I’m looking for advice from anyone that has dealt with sibling rivalry/violence. In our case, our 3 year old is VERY rough with his older brother (5). So much so that he leaves marks on him frequently from scratches, pinches, throwing toys etc. We try to intervene when we see it coming and instantly put him in a rest (our version of time out) when it happens. Sometimes it is triggered by wanting a toy or not getting something he wants from his brother and other times he will walk up to him unprovoked and pinch him. Our 5 year old is starting to become afraid of his younger brother and it’s breaking my heart. Any advice on how to address this? Obviously our approach isn’t working.",
post,Advice,Was this okay?,https://www.reddit.com/r/Advice/comments/e4byoi/was_this_okay/,2019-11-30 22:06:08 PST,1,"First I'll preface with, I have a lot of issues with a person I'm forced by blood to call my sister, this though, I've been struggling with. The other stuff, what people called ""normal sibling violence"", I'm over that; I don't want to be close with her anymore, but I'm not angry about it anymore. 

The point is that she repeatedly smacked my ass when we were younger. She said she did it because ""it was there"", I don't have anger for the other stuff, but the other stuff makes me think it was out of just simply because she saw me as less than human and it was funny to her to make me feel uncomfortable or degraded. 

Coming from a toxic sibling, is this behavior normal? I don't think she meant it sexually, but she had no respect for me whatsoever. She CONSTANTLY gaslighted me (still would if we had more than five minute conversations these days).",
post,FireEmblemShipping,Allemande: Finding Our Footing,https://www.reddit.com/r/FireEmblemShipping/comments/df8tc8/allemande_finding_our_footing/,2019-10-08 17:04:13 PDT,2,"by [shimadagans](/users/shimadagans/pseuds/shimadagans)

""We should talk.""
   
 ""Guess I saw that one coming. Yeah, we really should.""

Felix is tired of Sylvain avoiding him. Sylvain is tired of running.

Brief depictions of sibling violence, use of slurs. Part two of a series.

Words: 5460, Chapters: 1/1, Language: English

Series: Part 2 of [The Butterfly Suite](http://archiveofourown.org/series/1506608)

  - Fandoms: [Fire Emblem: Fuukasetsugetsu | Fire Emblem: Three Houses](http://archiveofourown.org/tags/Fire%20Emblem:%20Fuukasetsugetsu%20%7C%20Fire%20Emblem:%20Three%20Houses/works)
  - Rating: [Mature](http://archiveofourown.org/tags/Mature/works)
  - Warnings: [Graphic Depictions Of Violence](http://archiveofourown.org/tags/Graphic%20Depictions%20Of%20Violence/works)
  - Categories: [M/M](http://archiveofourown.org/tags/M*s*M/works)
  - Characters: [Felix Hugo Fraldarius](http://archiveofourown.org/tags/Felix%20Hugo%20Fraldarius/works), [Sylvain Jose Gautier](http://archiveofourown.org/tags/Sylvain%20Jose%20Gautier/works), [Ingrid Brandl Galatea](http://archiveofourown.org/tags/Ingrid%20Brandl%20Galatea/works), [Dimitri Alexandre Blaiddyd](http://archiveofourown.org/tags/Dimitri%20Alexandre%20Blaiddyd/works), [Dorothea Arnault](http://archiveofourown.org/tags/Dorothea%20Arnault/works), [My Unit | Byleth](http://archiveofourown.org/tags/My%20Unit%20%7C%20Byleth/works)
  - Relationships: [Felix Hugo Fraldarius/Sylvain Jose Gautier](http://archiveofourown.org/tags/Felix%20Hugo%20Fraldarius*s*Sylvain%20Jose%20Gautier/works), [Felix Hugo Fraldarius &Ingrid Brandl Galatea](http://archiveofourown.org/tags/Felix%20Hugo%20Fraldarius%20*a*%20Ingrid%20Brandl%20Galatea/works), [Dimitri Alexandre Blaiddyd &Felix Hugo Fraldarius](http://archiveofourown.org/tags/Dimitri%20Alexandre%20Blaiddyd%20*a*%20Felix%20Hugo%20Fraldarius/works)
  - Additional Tags: [Music school AU](http://archiveofourown.org/tags/Music%20school%20AU/works), [Alternate Universe - College/University](http://archiveofourown.org/tags/Alternate%20Universe%20-%20College*s*University/works), [Depictions of sibling abuse](http://archiveofourown.org/tags/Depictions%20of%20sibling%20abuse/works), [Smoking](http://archiveofourown.org/tags/Smoking/works)

   
   
 from AO3 works tagged 'Fire Emblem Series' https://ift.tt/30ZQJeR
   
 via [IFTTT](https://ifttt.com/?ref=da&site=reddit)",
post,Advice,How to react to younger sibling violence without being violent myself?,https://www.reddit.com/r/Advice/comments/d74uqa/how_to_react_to_younger_sibling_violence_without/,2019-09-20 19:30:15 PDT,3,"I'm going to to my best to set up this situation and i hope someone can help me out with this. I (F18) took 1 chip from my 8yr old sister's bag she had out while watching youtube which i didnt think was a big deal until she got up and started hitting me with with a lot more strength than I even expected her to have or( what i think was warranted) for the ""crime"". Honestly my first instinct was to hit her back but im a decade older, bigger and stronger so it seems beneath me to get into a physical fight with her. She does get physical with our other siblings but they are the same size and similar ages so it's a fair fight in my eyes. I don't want to hit her back but i also want to let her that that shit won't fly again. Play fighting is ok but that shit was no joke my arms were red for a while. How should i react if she hits me like that again? Am I making too much of a big deal of this? I would love to hear thoughts and advice.",
post,rant,Why do people think sibling violence/abusive siblings dont exist,https://www.reddit.com/r/rant/comments/a0ni8f/why_do_people_think_sibling_violenceabusive/,2018-11-26 13:03:25 PST,19,Its so downplayed and thrown under a rug. Im so sick of it because i come from a home like that. People treat it like someone casual “oh they’re your brother/sister its nothing siblings make up and fight”. Like if you cannot distinguish between what is normal and abnormal in a household you seriously need help. like yes sure I definitely decided to cut off a sibling because they slapped me when i was 7 once or ate my food and not for fucking threatening to kill me and being emotionally abusive for god knows how long. Im so childish and should just let go of grudges right? Im tired of getting shit and treated like the devil from my family because i decided to cut my abusive brother off. And especially surprising coming from my parents because they saw the way he treated me and society doesn’t take it as serious either cause abuse in households is definitely nothing serious and “normal family issues” and you should love your blood regardless. Like no im not fucking owing you love just because we share the same dna or whatever. I dont care about your shitty opinion that thinks abuse at homes should be tolerated and i was brainwashed to think its okay and just “meh” for so long. Im so fucking tired of no one understanding me or caring for how i feel and making me feel so invalidated. ,
post,u_ryanbrowncms,MMA Classes Serve a Noble Purpose,https://www.reddit.com/r/u_ryanbrowncms/comments/9dfy7j/mma_classes_serve_a_noble_purpose/,2018-09-06 00:20:49 PDT,2,"&#x200B;

https://preview.redd.it/z9hdiikkkkk11.jpg?width=1280&format=pjpg&auto=webp&s=e7e0596f643818f113bf4244845cef87c786613f

So I was browsing an Oceania news site recently and came across an article about a New Zealand MMA fighter who started his own “fight club” for juvenile delinquents and at-risk teens.

The article (which was originally posted [here](https://www.stuff.co.nz/sport/other-sports/106835263/at-risk-youths-turn-to-mixed-martial-arts-to-save-them)) stirred a lot of emotions in me. I felt proud and at the same time enlightened. I never imagine MMA boxing or mixed martial arts for that matter can serve a greater purpose.

**A Noble Cause**

27-year-old John Vake, a long-time MMA practitioner, gathered aggressive teens in his area and taught them a proper way to “burn” their energy. These teens displayed signs of going in the wrong direction and Vake intervened before worse came to worst. He initiated an MMA club to promote self-control, self-esteem and discipline among these delinquents.

Last year, Vake tried his hand at UFC but has since shifted his focus on a worthwhile cause. He undertook this advocacy, hoping to make a difference among young people who are susceptible to negative social influences.

If MMA skills can empower a person at risk of leading a hopeless life, Vane said he'd be more than happy to be an instrument of change. With this advocacy in mind, he established the VF Empowerment programme, a self-funded MMA training and development workshop spanning approximately 10 weeks.

**Not Your Ordinary MMA Classes**

But there is more to the program than teaching kids martial arts. The programme also incorporates important values of trust, community, resilience, grit and self-reflection.

According to Vane, he wants young people to learn not just martial arts. Otherwise, he hasn't really carried out his job. He wants at risk kids to learn about the dangers of peer pressure, choosing the right friends and managing their time. The programme also imparts important lessons about health and personal development.

25 teens participated in the latest VF Empowerment training and workshop. One of the participants said he learned a lot from the programme and appreciated it. There was more than just boxing and a good work out.

Another teen attested that though he joined to accompany his friends, he ended up enjoying the sessions. He considers them an important part of his life. If not for the session, he would have been lazing around at home. The programme, however, gave him a chance to turn excess energy into a positive one.

Vake hopes to get more funding for VF Empowerment and expand to other areas of Auckland. Down south, many young people could benefit from such a programme.

“What good would I be if I can't make a difference in my community first?"" said the young altruist.

**Personal Insights**

As a frequent gym goer in what I believe is the [best MMA gym in Melbourne](https://invictusgym.com.au/), I hope a similar programme can be implemented here in Australia. There are so many cases of youth violence and sibling violence here in Melbourne and across the country.

MMA training sessions with self-development and self-reflection workshops could very well reduce such incidents. Young people, the hope of every nation, have been neglected. Modern parents have a different way of raising their children. As a result, their kids grow up lacking discernment. They cannot tell the difference between good values and destructive behaviour.

Hopefully the local and national governments can support organisations like VF Empowerment. Also, more funding should go into youth development, especially for young peole at risk or juvenile delinquents.

Dangerous behaviour can be attributed to excessive energy with no proper outlet. With the help of MMA classes such as [MMA Thai boxing](https://virily.com/lifestyle/3-important-health-benefits-of-boxing/), such energy can be channelled out. By giving them the opportunity to use their energy wisely, young people will feel a sense of accomplishment.",
post,anime,[Rewatch][Spoilers] Amanchu! Episode 5 Discussion,https://www.reddit.com/r/anime/comments/87lmbj/rewatchspoilers_amanchu_episode_5_discussion/,2018-03-27 13:00:31 PDT,20,"##S1E05: The Story of the First Time at Sea with Friends

[⊂(◕_◕ ⊂) Previous Episode](https://redd.it/87c62p) || [Next Episode (つ ◉‿◉)つ](https://redd.it/87v16q)

------

###**Important Links:** [Re-watch Index](https://www.reddit.com/r/anime/comments/84wt5s/official_announcement_and_reminder_amanchu/) | [MyAnimeList Page](https://myanimelist.net/anime/31771/Amanchu) | [Legal Stream - Crunchyroll](http://www.crunchyroll.com/amanchu/)


------



##Art Corner:


* [Introducing: Ninomiya 'Ane-san' Ai](https://i.imgur.com/aPzzJa2.jpg) [(Source)](https://www.pixiv.net/member_illust.php?mode=medium&illust_id=10840112)
* [Introducing: Ninomiya 'Ototo-san' Makoto](https://i.imgur.com/hVE6e0X.jpg) [(Source)](https://www.pixiv.net/member_illust.php?mode=medium&illust_id=8713724)

* [Never enough Aria x Amanchu](https://i.imgur.com/ZuXTmB8.jpg) [(Source)](https://www.pixiv.net/member_illust.php?mode=manga&illust_id=58261033)

* [Ready to induce some madness](https://i.imgur.com/8dUS8po.jpg) [(Source)](https://www.pixiv.net/member_illust.php?mode=medium&illust_id=57606716)


-------

###Question, question..

* Do you have siblings? Ever experienced sibling violence?

* Do you have any fond memories of high school? \*snicker*

-----

###Rules Section

* Remember to tag all your spoilers from future episodes/manga chapters! (Find the syntax on the side bar.)

* Remember to have fun! Fun is right, fun is might, fun is infinite!

[](#anko)",
post,JUSTNOMIL,"JNM Doesn't Want Me to Protect My Son (TW: Sexual Abuse, Sibling violence implied)",https://www.reddit.com/r/JUSTNOMIL/comments/7lllle/jnm_doesnt_want_me_to_protect_my_son_tw_sexual/,2017-12-22 16:57:18 PST,121,"I want to apologize in advance for this wall of verbal vomit. This all came to a head again yesterday, and I slept on it before posting because quite frankly I get nauseous when I try to organize my thoughts around this. But I am so, so angry. I’m also going to provide some relevant background, but not very much because it’s really JustNoSO and JustNoFamily or something. Just keep in mind I’m leaving a lot of detail out. 


First, I was molested by my father. The incident that I clearly first remember was when I was 14, but I found photographs that indicate abuse happened as young as 4. To be honest, I don’t really remember the pictures too much, just that I had to get rid of them and I burned them in our burn barrel and got in trouble for starting fires. I was young enough that it was a few years before I realized that I was lucky they were polaroids, I’m guessing 10 or 11. Some of the not as bad photos were kept in the family photo album. 


Skip ahead 30-odd years and DS2 told me that my Nhusband sexually abused him. (Relevant later: it was forced masturbation.) I reported this immediately to CPS (he was a minor when the abuse occurred, but a disabled adult when he told me). Police investigated and believed him, but the DA felt he would be a poor witness (due to the nature of his disability) so Nhusbad was never charged or tried. During the investigation, I successfully petitioned for supervised visitation. When it was not “proven” that Nhusband sexually abused DS2, he then got 30% custody of DS3 (with the same disability) and DD.


Now to the relevant JNM part. When this all began (in terms of DS2 telling me what happened), I was still speaking to my mom. I told her (stupidly) what was going on, and she was dismayed that I was interfering in DS3’s relationship with his dad, and raised a lot of questions about my parenting. This was not in his best interest, etc, etc. I held on to my temper (barely), and told her that I will not willingly leave my son unsupervised with someone who sexually abused other disabled children. She said, “Oh! Do you really think he’d abuse his own son??” Bitch, please. Are you willing to bet he won’t?


I was enraged, to be honest. Suddenly, what I suspect to be 10+ long years of incest became clear. Did she know what was going on? Well, she for sure did after I told her when I was 14, but she didn’t get me any help, she spread the word about what happened, and was gleeful about the opportunity to use the threat of legal action as a hammer to force my father to comply with her wishes, most of which were none of her fucking business because they had divorced at least 8 years earlier and lived half a continent away from each other. Seriously, it was horrible. We had moved to a new, very small town, and, literally, complete strangers would walk up to me on the street and ask about it or accuse me of being a whore after asking if I was my mother’s daughter. (The whore part fit with mother’s opinion of me at the time.) Anyway, I quit speaking to her and would only communicate by text message because it gave me more time to think before speaking or responding. 


I am currently hoping to get permission to leave the state with the children, and I’m being helped in this endeavor by Nhusband, whose thinking is not too clear when he’s sustained a narcissistic injury. And he’s been in a chronic injured state pretty much since I left him and started talking. I mentioned to my mother that I might be able to leave sooner than I thought because my husband is doing such an excellent job of poor parenting in general and getting himself into trouble with family court. 


She launches into this thing about alienating the kids, which I haven’t done, technically. I never say a word against their dad. I give him more support than I’m comfortable with. Meanwhile, this bitch didn’t let the door shut all the way behind my dad before she started running down my dad. (Dad had any number of faults, the worst of which was not keeping his hands off of me. However, I consider him the less abusive parent of the two.) So, now we’ve got a fucking double standard, right? Or maybe it’s just okay for dads to molest their kids. Quite frankly, none of it makes any sense, and I don’t want to understand because when I try, I get nauseous and a migraine. Logic was not my mom’s thing, anyway. She emotes. And she is completely at the mercy of her emotions. Anyway, I told her it was absolutely in the best interest of my children, then I walked away from the conversation.  


Within a half hour, I got a call from our CPS caseworker. I’m already involved with CPS due to them determining that DS3 is a danger to DD, and the caseworker and I have a friendly, professional relationship. To be honest, she has been tremendously helpful. Anyway, she called because they got a report from a mandatory reporter (probably the school) that my son was masturbating in public, so she wanted to check in about this. Honestly, it was a 5 minute conversation, because who gives a fuck about child safety anyway. I pointed out that I reported it myself 18 months earlier during the child abuse investigation, it was a factor in DS3’s psych hospitalization in October, and ALL of his providers are aware. What was new was that he was doing it outside the house. She told me to keep doing what I’m doing and she’s closing the case. Cool, whatever. There are no resources for kids like mine. I get it. 


So then I text my mother and told her I had just been contacted by CPS and what had happened and said, “Yes. Separating my son from his father is absolutely in his best interest.” I forgotten exactly what she said in response, but it was the text equivaltent of helpless hand fluttering. It was along the lines of things were never going to get better for me and the kids. But it’s been over 24 hours, so in her alternate universe, all is probably well with the world again. Where daddies get free access to their kids’ bodies and the kids pay for it for the rest of their lives. 


In point of fact, the children and I are doing MUCH better since we left Nhusband, and the more control I have over their care (my husband is currently fighting an appropriate school placement and needed therapy for DS3), the better they do. DS3 did better during supervised visitation than since. And he got much worse when the court increased his time with my husband. Amazing coincidence, isn't it? My point is that I've got plenty of emotion about all of this, but I am neither captive nor helpless because of it. 


I clearly need to get better at VVLC, which is what I’m shooting for, and the whole info diet thing. I’m sooo angry. I swear to God, some people shouldn’t be born with fucking ovaries. I don’t even know what to say or think, except I hate fucking everyone I’m related to who didn’t enter this world through my lady garden. Both current and past family members. 


Anyone got a nickname for this bitch?

Edit: Adjusting formatting. 
",
post,CatSlaps,Sibling violence,https://www.reddit.com/r/CatSlaps/comments/51xdtt/sibling_violence/,2016-09-09 06:29:38 PDT,20,,https://gfycat.com/ThunderousPersonalDuckbillcat
post,SampleSize,[Academic] Sibling Violence (US ages 18-35 who have at least one sibling),https://www.reddit.com/r/SampleSize/comments/41vl7h/academic_sibling_violence_us_ages_1835_who_have/,2016-01-20 10:22:17 PST,6,,https://www.surveymonkey.com/r/siblingGSWMSUD
post,family,"I need help and ideas how to cope this problem , abused alone and felt like no one really care. please help, long reddit post sorry!",https://www.reddit.com/r/family/comments/3s029m/i_need_help_and_ideas_how_to_cope_this_problem/,2015-11-08 05:04:58 PST,1,"Dear reddit
i'm 29 years old, unemployed retired used to have job but experienced in a financial  abuse situation so i quit and  i promised my self no more jobs i was mentally abused during work.

i know this is not the place of written lines on family problem, today i almost commit suicide, ""almost"" then i give it another it's a 3rd chance. 

My family has been known to be a very strict family, i have no sense of my own freedom to choose what to do in life or choose what to do. What went really happened and the cause of all , it's my brother my mom and dad didn't do anything  when this hits the fan. today i complained things i didn't like  obviously ""I got forced on my own will"" to say things otherwise i would get beaten. 

My father didn't have Alzheimer disorder or in that sense, he would take his anger out of me even tho i didn't do anything at all. all he have is this annoying ocds i have to get through everyday, my mom is a sweetheart and my both of sisters actually listen to my problem.  i recently retired my work because i am sick of financial abuse, my brother stole 20k off the business  and bought everything for himself and used it for gambling.  he took everything away from me since we were kids thinking i am spoiled i didn't get shit from this family. now  he call me names being ungrateful etc. when other people reveal his sin i was laughing quiet honestly , he tried to change me but he changed himself  , everyday i would wake wake up and make my own food, he doesn't even cook himself he relied his girlfriend to do all his work. what a wanker. so he took pride his achievements like if he earn more money then he would bragged to everybody just how "" awesome "" he is, he took credit  when my older sister and my younger sister always helped  my problem again females playing role as my guardian here. 

today's problem is domestic sibling violence, he choked me and then punched my throat i almost passed out, i was pushed against my will to satisfy his question about changing the way  he wants i wanted to be just like him. i don't want to be scum i wanted to be respected. i like Writing novels, drawing art i like making people happy even tho the payment not so much. he wanted to use excuse of being "" Poor"" even tho he had two  jobs and still lied to my face.

When we were kids this is past  now. he would go out clubbing i always  have his back tailing my parents prying thoughts so he didn't get grounded, he bring home different girls and rarely i got one with respect.

He called me spoiled brat which i don't get spoiled, i earn my moms trust because i helped her whenever she needed my help. i only got my computer and my feet to walk, no car still he bitched about me not getting work.

 one of the best thing flaw i find out him , he thought that he helped me a lot , helped what smallest things he think its a big one , you see I'm a spirit medium ,  i get rid of ghosts that follow him home if that's not a huge favor then i don't know what is, i saved him from getting stabbed  twice by a local mob, i talked to their boss and that's not a huge favor i don't what everything stand for.   he stole my things  even a nickname i made famous in gaming.  best of all the girl he cheats , when looking for me and ask for why he did that and i said "" He is scum"".

he is still scum and i never had anything love for him, though he gets his way around  to bother you when you not bothering him, i wont let him bother me but he gets his way to pissed you off. like you do something bad.

So  after the epic post almost like a short story can anyone give me idea how to cope this, i haven't talked about my dad yet.
",
post,ptsd,Any information on siblings of a child that was physically abused?,https://www.reddit.com/r/ptsd/comments/3a9hxe/any_information_on_siblings_of_a_child_that_was/,2015-06-18 01:07:12 PDT,3,"My mind isn't really working correctly, haven't really been able to sleep since my last therapy session. My mind is sort of racing and I'm still trying to make sense of everything. I was recently diagnosed with PTSD, and I pretty much figured I'd just add it to the laundry list of all the other disorders I've been diagnosed with. As I'm learning more about it, it seems to me that all of those problems fit into the PTSD diagnosis. So I'm in a really weird place right now.  



On to the subject matter now that I have babbled, I grew up in with my younger sister and older brother with my mom.  She began physically abusing me at a very, very young age, and it didn't stop until late high school. I was always sort like, I don't know. Detached from it most of the time? My mother never hit either of them, except when my brother tried to protect me from her.  

But my sister randomly asks me things about it a lot, and has been doing this for the last couple years. She talks to her friends about it, and lately, with everything going on with her, I'm kind of concerned that she might be reliving her childhood watching me by watching me relive mine? Does that make sense? Anyway, I was just wondering if anyone could point me in the direction of information on this sort of situation?  All I can really find is sibling on sibling violence information.  



TL;DR: I'd just like another take on this, I guess. ",
post,mensrightslinks,[DV/IPV][Government] The Invisible Boy: Revisioning the Victimization of Male Children and Teens - Canada,https://www.reddit.com/r/mensrightslinks/comments/363hfl/dvipvgovernment_the_invisible_boy_revisioning_the/,2015-05-15 13:04:36 PDT,4,"http://www.webcitation.org/6YYEGrLqV

http://www.canadiancrc.com/PDFs/The_Invisible_Boy_Report.pdf

The Invisible Boy: Revisioning the Victimization of Male Children and Teens

Health Canada

Prepared by: Frederick Mathews, Ph.D., C. Psych
Minister of Public Works and Government Services Canada 1996Cat. No.: H72-21/143-1996EISBN: 0-662-24429-X

The Invisible Boy:  Revisioning the Victimization of Male Children and Teens was prepared by the Canadian Foster Family Association (CFFA) on behalf of the National Clearinghouse on Family Violence of Health Canada.

Male-centred assessment is all but non-existent and treatment programs are rare. If we are talking about adult males, the problem is even greater. A sad example of this was witnessed recently in Toronto. After abroad cast of The Boys of St. Vincent, a film about the abuse of boys in a church-run orphanage, the Kids’ Help Phone received over 1 000 calls from distraught adult male survivors of childhood sexual abuse. It is tragic in a way no words can capture that these men had no place to turn to other than a children’s crisis line.

The language we use in the current discourse on violence and abuse masks,minimizes or renders invisible certain realities for male victims. Terms such as“family violence” have become co-terminus with “violence toward women,”particularly on the part of husbands, fathers or other adult male figures. Maleteens, boys, male seniors, male victims of sibling-on-sibling violence and femaleabusers disappear in this term.
",
post,Parenting,Need Advice on Toddler Sibling Violence.,https://www.reddit.com/r/Parenting/comments/28nrdr/need_advice_on_toddler_sibling_violence/,2014-06-20 11:07:42 PDT,9,"I'll try to make this a short as possible.
 
Two daughter 3 1/2, and 2.
 
Things began when our youngest was starting to become aware and would have interest in simple toys and such. My oldest would then of course decide she wanted the baby toy and simply take it form her. My wife and I did our best to keep things in order and decide this is just normal sibling problems.
 
As our youngest got older and starts walking, our oldest begins to push/knock her over for no apparent reason. The taking of the toys continues but our youngest can resist a bit now. So our oldest then starts hitting and kicking to get the toys.
 
Lately things are getting scary. Horse collar tackles, full strength face smothering with pillows. When they stayed at my parents house one night she pushed her little sister down a flight of 8 hardwood steps. And now the worst part, our youngest is starting to fallow suit and begging to get violent too.
 
Last night it was the rare but increasing indecent of the younger one being the perpetrator. It was not that bad, so it was more just me separating them. Then my oldest shortly after executed a clear premeditated retaliatory strike. And I snapped and verbally raged on my oldest for a good minute before I came to my senses. 

I'm getting to the end of my rope. When I opened up to the ""Behavior Expert"" at the daycare about how I'm getting seriously concerned about the violence. She nonchalantly tells me to pay more attention to the victim (which we have tried over and over without success). My wife and I are not violent people, the kids little TV time is PBS kids exclusively. 

Has anyone found any success in dealing with similar behavior?

Thank you and sorry if I went off a bit.",
post,Parenting,SIBLING RIVALRY OR BULLYING,https://www.reddit.com/r/Parenting/comments/257sr0/sibling_rivalry_or_bullying/,2014-05-10 09:40:34 PDT,2,"I have 2 step sons(16&18) who seem to think they are part of the parenting team for our 6 y/o. Specifically the 16 year old can be rather mean.  Both verbally and occasionally physically.  I have made it well known that the 6 y/o has a mother and a father to parent/discipline/make decisions for him and that their interference is not needed.  However, this behavior continues. I have done some research and I do believe that sibling to sibling violence is treated the same as if they were total strangers. And it would seem the age of culpability is 10, so the 16 year old is very likely to be held accountable for his actions if/when I decide I just need to make a police report as this behavior is not changing. Of course me filing a police report would undoubtedly cause the situation in our house to be extremely stressed and uncomfortable so of course I would rather not have to. 
So I am fairly certain the law is on my side but would like to know the exact law/statute/regulation.........whatever it is called. I just want to be fully informed and be ready with this knowledge when/if I need it. Of course the father is not happy that the 16 year old hits the 6 year old and can not seem to act the part of the 'older' brother and not argue incessantly with the 6 y/o. However dad seems to think I over react and that this is basically harmless sibling rivalry. In my opionion a child that out weighs another child by 150 pounds and is 10 years older picking on a smaller child is not sibling rivalry.  He is being a bully. If an older/larger child was picking on my 6 year old at school it would not be considered ok, why should it be ok at home?
My need for advice is as to whether I AM over reacting.  And does anyone know where to find the laws that pertain to sibling violence and how it is handled? I can't seem to find anything I can print out.",
post,TwoXChromosomes,I know I just asked you ladies a question.. but I have another one. What to do when you are expected to have/salvage a relationship with your abuser?,https://www.reddit.com/r/TwoXChromosomes/comments/1noaif/i_know_i_just_asked_you_ladies_a_question_but_i/,2013-10-03 12:32:09 PDT,2,"So since I joined 2x, I have read a lot of posts about abuse. It is also DV awareness week on my campus, so lately I've been thinking about my own history of abuse.

My little brother physically assualted me 3-5 times a year starting when I was in 8th grade, and it continued until I left for college 2.5 years ago. He verbally and emotionally assaulted me many more times, and still occasionally does so, but on a smaller scale.

I have, for the most part, tried really hard to have/form a relationship with him now that he's starting to mature (slightly). But I hate the way he treats my family and other women. Like we're all just here to serve him as he sees fit.

Right now I hate him. I want nothing to do with him. And I'm starting to resent my parents (although I love them dearly) for enabling his behaviors and for never punishing the physical and verbal assaults seriously, except for the one time it almost happened to them. I resent them for giving him much more attention than I ever got. I'm not an attention hog, but I feel like I was always shoved by the wayside so they could deal with him. I was always blamed for not trying hard enough with my brother, even though he was the one not trying.

With all I've been seeing about DV lately it's brought mine to the surface, even though I've always tried to push it aside, and I refuse to let this identify me or be a victim... but lately it's just in the forefront of my mind and it makes me resentful and sad and angry.
Is it ok for me to just cut him out of my life? Do I try to have a relationship? What do I do with my parents???

I'm just very frustrated, and never spoke up. I didn't know that I had that option. And I always felt that if I did I would be creating a bigger burden on my parents. I wish people knew that sibling violence is real.",
post,smnc,Sliq - SMNC Commentary - Karaoke With the Gunner (And Sibling Violence),https://www.reddit.com/r/smnc/comments/ufhxu/sliq_smnc_commentary_karaoke_with_the_gunner_and/,2012-06-01 05:01:55 PDT,9,,http://www.youtube.com/watch?v=q3NADi3-ROo&feature=youtu.be
