type,subreddit,title,url,datetime_pst,score,body,media_url
post,DogAdvice,Need advice on an aggressive sibling post attack on her partly lame younger sibling.,https://www.reddit.com/r/DogAdvice/comments/1kdm5j2/need_advice_on_an_aggressive_sibling_post_attack/,2025-05-02 23:08:42 PDT,1,"This may be a little long but I feel context is important. My parents gave 2 black mout Kerr mixes that we got about 9 years ago when our other dog passed. They have for the most part been sweet, great dogs. But the older one has had aggressive episodes. The older one initiated an attack on our older smaller dog we had on a few occasions. They were always related to food or attention so we changed things up to limit this potentials for confrontation. And while both of these sisters would gang up it was almost always the older one initiating. 

Two things happened. The younger of the two sisters went lame in her back legs. No incident, just had a disc slip essentially, though she has found a way to spinal walk and get around to a good degree. Our smaller dog got older and had a large mass on his side that was starting to hinder his comfort and quality of life but one day while I was at work I got a call that the two sisters had attacked him. My elderly grandfather for some reason had fed the smaller dog out of this sisters bowl, in front of them, in the middle of the day. Our smaller dog was pretty messed up, had he been in good health I would’ve opted for him to recover but even though I believe he could have recovered he was in so much pain and it would have been so hard on him, so we opted to put him down. 

This was over a year ago and the only incident since was food related because someone got sloppy and there was no major issue or injury. It involved the older sibling and my sisters tiny bichon. 

Ok, set up over. Hopefully the context is all there. Tonight I get a call from my mom (I live directly up the road from my parents who have our two, now older, dogs) and she frantically tells me to get there quick as the girls attacking each other and my dad cannot get them to separate. I sprint up the road, hop some fences, and get to our dogs who are completely locked on each other tearing one another up. Our one dog is lame so the older dog was on top dishing out the brunt of the damage. I used the technique I learned long ago to grab the back legs and spin. They had been fighting for almost 3-4 minutes at that point so they were spent. I was able to get the older one off and pinned to the ground while my parents picked up the other one and got her inside. 

Our lame pup has tons of bites and scratches on the back of her neck, shoulders, top of her head, and upper back, only one deeper puncture but it wasn’t bleeding profusely, just a clean straight puncture. She got fairly beat up. But she was alert, tail wagging, and giving us love and licks. The older received most bites and scratches to her front left leg (basically the only thing the younger could get at from the ground as she was pinned) and she is also limping on that leg. I slammed her pretty hard in my effort to get her off of the other one (adrenaline and fear and reaction) and I’m pretty sure my dad had also hit her and done literally whatever he could to stop her but to no avail. As soon as I let her up she walked away and went straight to the door. I backed her off and yelled at her. Again, I was upset and I just drove her back so there was no chance of her getting in when we opened the door. According to my dad they were both standing in the back part of the yard going potty for the night when they kind of squared up like they do when they play or tussle which just isn’t very often, especially since the younger one went lame. My dad said they did that, he called for them to
Come in, and they just went at each other like he hasn’t seen before. He tried to separate them for (according to him) 2 minutes before he realized he couldn’t and went and got my mom who called me. The only new stimulus we found was they met someone new who was staying at our house tonight. They were both equally at each other but the older one had such and advantage she became the aggressor. By the time I got there the lame dog was pinned and yelling which was the first time she had done that according to my folks. 

I am truly sorry for the length. I just wanted to include all details and background so anyone who can provide advice has the context going forward. What do we do? I haven’t been able to sleep. My dad feels terrible and helpless because he couldn’t stop them. My mom feels awful because we can’t afford the vet so we disinfected the wounds and cleaned them and kept the girls separate for the night. This pattern of aggression that keeps popping every year or so used to make sense when it was related to food or and overwhelming stimulus but there was nothing tonight. And it’s easily the worse they have ever fought. It’s always upsetting when your dogs fight but the length and the severity of the fight was just unreal, I’m genuinely surprised they weren’t more torn up for fighting almost 5 minutes. I used to work at a pet lodge so I’ve seen my share and separated my share but it’s just….harder when they are yours. The first idea was honestly that we may need to put the older one down as she’s the aggressor and the pattern is there. Plus my sister and I both visit with our smaller dogs (corgi and bichon) but we never leave her alone with them or let them really play with her outside of supervised indoor play. She’s usually ok but she doesn’t really seem to know how to play gently. But now I won’t let that dog near my corgi. If she’ll launch on her own sister who she has been with her whole life I just don’t trust her. 

And that’s the other thing, outside of still loving this dog and not wanting her to go, the lame pup will be devastated if we take away her life long partner, won’t she? It’s a very hard situation and my family is trying to figure out the best course of action. I’m tired, I can’t sleep, and I feel nothing but guilt that I couldn’t get there sooner and that I didn’t handle it correctly. If anyone has advice or suggestions I would be deeply appreciative. And thank you for reading this novel if you take the time to do so.",
post,legaladviceireland,Sibling trouble after death,https://www.reddit.com/r/legaladviceireland/comments/1k1acky/sibling_trouble_after_death/,2025-04-17 04:23:11 PDT,1,"Hi, I'll try to give as much information as possible. 

Four siblings, one elderly parent remaining. One sibling very controlling, borderline abusive, but elderly parent was very anxious and would never let us call Gardaí or do anything. Sibling used mental health as a threat so parent went along with whatever he wanted to keep peace. He has been verbally and/or physically abusive with several family members through the years but elderly parent was always anxious and would never back us up. We contacted Gardaí regardless,  Age Action and GP about abusive behavior but essentially could do nothing as elderly parent would not back us up or stand up for themselves. They were just not able for it and he ran amok for years. 
 
In recent year he added himself as herd keeper to parent's herd so he can collect farm grants. 

Parent died recently, leaving a family home and some land. Will left documenting exactly how everything is to be shared. We have a solicitor.

House &amp; money left to two siblings, land split between aggressive sibling and last sibling. He has his own home next door to family home. He was told that he needed to remove any personal belongings from family home. He refused to engage, becoming aggressive. We tried to speak to him calmly but he said he will not be acknowledging the will until everything is sorted legally. Locks on family home were changed but he broke in and removed items belonging to the deceased of sentimental value. He has received warnings from Gardaí and solicitor, refuses to acknowledge them. His daughter currently has a protection order on him for violence. 

We think he has some kind of narcissistic personality disorder, he is incredibly hard to reason with and has his own version of reality. Twists everything.

My question is this - he is currently still keeping elderly parents cattle on the land left to another sibling. He won't move them. Department has been informed that herd owner is deceased but he is still a herd keeper. Do we just have to wait until probate is completed and watch him come and go as he pleases? The other sibling wants to be able to use the land. Is it a case of waiting possibly 1-2 years for probate and then getting injunctions? It's a nightmare. ",
post,magicbuilding,Phone/Calling based Power System,https://www.reddit.com/r/magicbuilding/comments/1j05qvt/phonecalling_based_power_system/,2025-02-28 03:41:21 PST,1,"My friend and I every now and then brainstorm with each other different and unique power/magic systems because it's really fun to do. A very memorable one that me and my friend made a few months ago is based on the idea of utilising phones. Just want to let you know that this isn't fully polished nor are the named final in any way, we've only discussed this system like three times. I just wanted to share this to see what everyone thinks.

The basic premise is that every human or living being in this verse is assigned a unique ""number"" to their very soul, basically their own ""phone number"" you could say. This is basically a unique identification code for each person's soul. This is something every soul has when a person comes into existence, it's basically their ""true name"" you could say. We'll call this their ""Soul number"". Every person intrinsically knows their own ""Soul number"" upon first being conscious. Something they will always remember no matter what as it's inherent to their very being. Each Soul number/Soul (I'll be using these interchangeably since they're basically the same) also contains an ""ability"" unique to that soul number, for example fire manipulation. All souls are also ""connected"" in a way, like a network. Basically imagine telephone/data networks but for souls. They are all passively bound together, sending and receiving ""soul signals"" to one another. Now I'll move onto the actual power system itself, the phones. 

Basically, humans decided to research into the phenomenon of the ""Soul number"" &amp; ""Soul network"" trying to find the truth behind our existence and how we could benefit from these. And so, unlike the phones of our universe (real life), they created phones that tapped into this so called ""soul network"". The phones basically function mostly the same as normal phones, allowing people to speak to each other in long distances through the soul network. All you do is just type in a person's ""Soul number"" and you can call them. However, the main benefit of these phones were that they could also send and receive abilities. For example, Person A has the ability of Fire Manipulation and Person B has the ability of Ice manipulation. Both people call each other and send their unique ""Soul Signals"" to each other through the network. By doing this Person A receives the ability to USE Ice manipulation and Person B receives the ability to USE Fire manipulation. The main idea of this system is that it will always require at least two people and functions on the idea of cooperation. You aren't actually able to USE your OWN ability but instead you can use your partners ability. Both people can use each other's abilities for as long as their call lasts, but as soon as it ends they will no longer be able to access each other's abilities. We also thought about the idea of group calls/multiple calls. The same idea would still apply to them.   
  
Abilities can also ""develop"" over time in a unique way. Essentially, you cannot develop/train your own soul's ability, since you cannot use it. However, people who are able to call you can. Depending on your relationship/bond with the person it will improve their effectiveness and usage of your ability. It's also largely influenced by their personal perception of you and their relationship with you. For example, you have the basic ability of Fire manipulation. Person A and B can call and use your abilities. Person A is your older brother who is close to you and knows you as a very silly, goofy and aggressive sibling. While Person B is your classmate who is your good friend but knows you as a mild mannered yet kind friend. Person A has much more access to your ability but their perception of you also ""skews"" how your ability works. Your ability is an aggressive, searing blue flame, and it cannot be thrown/emitted only envelop their body in flames. However, with Person B they don't have as much full control over your ability and their perception of you causes your ability to act less aggressive and much weaker. It also can only be thrown/emitted from their body medium - long range. As you can see, both people's perception on you, causes the way your ability functions to change and differ, but still fundamentally follow the core concept of the ability itself. If it were a more complex and specific ability these changes would not be as big as these.

The invention of phones in this verse also emphasised the importance of Soul numbers. People in this verse are extremely cautious about sharing their numbers to people as it would obviously allow them access to their ability.",
post,u_Upbeat-Art646,I need advice on a aggressive sibling.,https://www.reddit.com/r/u_Upbeat-Art646/comments/1i74b7t/i_need_advice_on_a_aggressive_sibling/,2025-01-21 21:46:51 PST,1,Hey redit i've never posted or even downloaded the app but i need some advice. I am 17 and have a younger brother who is know for having anger issues and being physically aggressive recently it had become increasingly worse after he had a incident and he had to go to the mental hospital. today he got physically aggressive after I said he wasn't allowed to be In the house If our mom isn't their which is a rule we had made after he did some not good stuff when people weren't their . he grabbed my hair and pushed me against our kitchen counter to where I was cornered I tried to grab a arm to force him to let go but i couldn't with how much force he was putting. he ended up dislocating my shoulder and it was pressing against my muscle. i bit him and torn off some skin to get him to let go. but Im mostly looking for advice on what to do if he gets physical like this again he is younger than me and scares me a lot. I don't want to live with him. unfortunately I have physical disabilities and am not able to get a job currently. I am in school and try to keep myself busy doing that but if he's not able to be online after coming from school he gets physical. another problem is when he's aggressive. my mom doesn't really do anything. all she says is to go to our rooms and doesn't help with him being aggressive. and unfortunately this isn't the first time just the worst. I really don't know what to do In the situation. I really think my brother needs anger management therapy but my mom refuses. any advice?,
post,RunningShoeGeeks,Mizuno Wave Rebellion Flash 2 400km Review,https://www.reddit.com/r/RunningShoeGeeks/comments/1hjc5xq/mizuno_wave_rebellion_flash_2_400km_review/,2024-12-21 07:32:59 PST,1,"The less aggressive sibling of the crazy wave rebellion pro 2. I saw these on sale for £90, about 50% off. Given that I had decent success with the wave rebellion pro 1s, I figured the flash 2 should be a pretty decent choice. 

Fit: my feet are normal/narrow in width. The shoes fit true to size for me.

Upper: comfortable and stretchy. Tongue is thin and not gusseted. Laces are flat and work well. Pretty breathable. No real complaints about the upper.

Ride: these feel fantastic with a midfoot-early heel strike. Right where the apex of the bevel is. Ride is soft and bouncy when you land at the apex of that stack on foam. You get a nice sink in and smooth launch as you roll through the stride. The less aggressive geometry doesn't pitch you forward as much as the racing version. I found these good for daily miles and long runs. I think a heel striker might feel these may force them to adopt a more aggressive gait and go too fast. They can pick up the pace a bit, but I don't think they're best for that. They are pretty versatile, comparable with the best of what's out there with regards to premium daily trainers/super trainers. 

Stability: these are not stable shoes. I have fairly neutral mechanics and sometimes find myself almost rolling an ankle on uneven terrain. I avoid rocky trails because of this, also the cutout on the bottom is a rock magnet. You will feel it if roads have an aggressive camber.

Outsole: despite the instability, the outsole is fantastic. Ran through rainy weather on very wet roads, pavement and track without any issues.

Durability: fantastic. They will probably last a long time. Still going strong.

Summary: good versatile road cruiser if you are a midfoot striker with neutral mechanics. You can probably find these on sale for good prices. Mizuno has had pretty interesting releases lately and I'm quite excited to see what they put out in 2025.",https://www.reddit.com/gallery/1hjc5xq
post,RunningShoeGeeks,Mizuno Wave Rebellion Flash 2 400km Review,https://www.reddit.com/r/RunningShoeGeeks/comments/1hjc5sw/mizuno_wave_rebellion_flash_2_400km_review/,2024-12-21 07:32:47 PST,1,"The less aggressive sibling of the crazy wave rebellion pro 2. I saw these on sale for £90, about 50% off. Given that I had decent success with the wave rebellion pro 1s, I figured the flash 2 should be a pretty decent choice. 

Fit: my feet are normal/narrow in width. The shoes fit true to size for me.

Upper: comfortable and stretchy. Tongue is thin and not gusseted. Laces are flat and work well. Pretty breathable. No real complaints about the upper.

Ride: these feel fantastic with a midfoot-early heel strike. Right where the apex of the bevel is. Ride is soft and bouncy when you land at the apex of that stack on foam. You get a nice sink in and smooth launch as you roll through the stride. The less aggressive geometry doesn't pitch you forward as much as the racing version. I found these good for daily miles and long runs. I think a heel striker might feel these may force them to adopt a more aggressive gait and go too fast. They can pick up the pace a bit, but I don't think they're best for that. They are pretty versatile, comparable with the best of what's out there with regards to premium daily trainers/super trainers. 

Stability: these are not stable shoes. I have fairly neutral mechanics and sometimes find myself almost rolling an ankle on uneven terrain. I avoid rocky trails because of this, also the cutout on the bottom is a rock magnet. You will feel it if roads have an aggressive camber.

Outsole: despite the instability, the outsole is fantastic. Ran through rainy weather on very wet roads, pavement and track without any issues.

Durability: fantastic. They will probably last a long time. Still going strong.

Summary: good versatile road cruiser if you are a midfoot striker with neutral mechanics. You can probably find these on sale for good prices. Mizuno has had pretty interesting releases lately and I'm quite excited to see what they put out in 2025.",https://www.reddit.com/gallery/1hjc5sw
post,CATHELP,How to get aggressive sibling to get along with others?,https://www.reddit.com/r/CATHELP/comments/1gpg06s/how_to_get_aggressive_sibling_to_get_along_with/,2024-11-12 00:14:58 PST,1,Here I am taking a video of them eating their new food and Ginger (middle) swipes her paw at Mimi (right) who's just minding her own business getting some food...Ginger has always been aggressive towards the others and I'm not sure why..I really started to notice it more last year when we adopted 2 kittens and she was no longer the youngest one. It seems she fights with them on a daily basis and I am fed up with it. Is there a way to train her to get along with the others?,https://v.redd.it/68lgt2c0jf0e1
post,CATHELP,How to get aggressive sibling to get along with others?,https://www.reddit.com/r/CATHELP/comments/1gpflly/how_to_get_aggressive_sibling_to_get_along_with/,2024-11-11 23:44:58 PST,1,Here I am taking a video of them eating their new food and Ginger (middle) swipes her paw at Mimi (right) who's just minding her own business getting some food...Ginger has always been aggressive towards the others and I'm not sure why..I really started to notice it more last year when we adopted 2 kittens and she was no longer the youngest one. It seems she fights with them on a daily basis and I am fed up with it. Is there a way to train her to get along with the others?,https://v.redd.it/p6wrd1ondf0e1
post,cats,Aggressive sibling love. Clementine and her brother Lucifer. ,https://www.reddit.com/r/cats/comments/1g0mrik/aggressive_sibling_love_clementine_and_her/,2024-10-10 09:24:40 PDT,11,,https://v.redd.it/ad8sg660gytd1
post,Catbehavior,Aggressive sibling ,https://www.reddit.com/r/Catbehavior/comments/1fysds7/aggressive_sibling/,2024-10-07 22:16:39 PDT,1,"I have a bonded pair of brothers, 3 months old. I’m kind of worried because when they play-fight, the bigger of the two will grab his brother around the neck and bite him, sometimes till his little brother squalls. Is this a dangerous behavior and if it is, how in the world do I stop it?",
post,fnafpornrp,[M4F] 3 long term plots inside!,https://www.reddit.com/r/fnafpornrp/comments/1enjj3f/m4f_3_long_term_plots_inside/,2024-08-08 15:38:31 PDT,1,"1- You got a big secret... You're a huge pervert! Most wouldn't know by just chatting with you, or even bring your friend. You're co pletely unassuming! But behind closed doors, you can spend hours with your toys and lewd videos, hoping for the day you finally get a boyfriend. Then, you finally got one.

2- You're my best friend's older sister. I've always treated you nicely though, unlike my friend whom you have an aggressive sibling rivalry with. One day I come over looking for him, only to find you. Yet somehow we still get along, hang out, and maybe even more

3- You're my NEET roommate who recently stopped having enough money to pay the bills. Left with few other options, I confront you about how we'll be handling your payment. We come up with a decent plan that helps us both~",https://www.reddit.com/gallery/1enjj3f
post,awwwtf,Aggressive sibling ,https://www.reddit.com/r/awwwtf/comments/1e6yqml/aggressive_sibling/,2024-07-19 01:26:20 PDT,1,[removed],
post,AITAH,Is this sa or am I overreacting? ,https://www.reddit.com/r/AITAH/comments/1e2mdoa/is_this_sa_or_am_i_overreacting/,2024-07-13 15:16:32 PDT,1,"Hey, so I’m currently 18f and I was just wondering if I could get a third party look at this situation to see if I’m overreacting because I feel like I am. There are 3 “incidents” I want to go though so just please let me know what this counts as. 

This involves my brother who at the time was 8 and I was 6. We were in my room at it was at night when my parents were not home. We were on the bed and he had me pinned against the wall with his arm while he shoved his foot into my private area and began to rub it. I told him to stop and it hurt but he just kept laughing like we were playing? I remember him laughing but the force he was pushing his foot into me felt like he was angry. After a min of that he flipped me onto my stomach and spread my legs and started to jam is foot into my area over and over again. I would have flown of the bed if I wasn’t holding onto the foot board, that’s how hard he was “stomping”. He kept digging/rubbing it and I told him that it hurt and to stop but he just kept laughing. He then like sorta punched/dug his hand into my area (I’m still on my stomach) and after a min of that he let go. I just remember it hurting and being sore but after that he just laughed and then left because my parents got him. I’m confused because is this just really aggressive sibling play?? Was it even sexual? Idk, I just feel gross when I think about it and I can still feel his hands and foot but I don’t want to be dramatic as to call this sa. To be clear nothing penetrated me, just dug in?

The second incident has been happening since I was 14-18(now). So he’s 15-20. Basically what he’ll do is anytime he’s behind me he’ll start lightly jabbing my butt or knee in between my legs. And I’ll push him off and tell him to stop and he’ll come back and just continue. He’ll sometimes jab my sides and the side of my chest as well. He does it in a playful way, so that’s why I’m confused as to if this is normal sibling play. He’ll do this infront of my parents and they’ll say nothing, but when he does it in front of family my mom told him once “guys don’t touch girls like that so stop” but he shrugged it off.  Another thing he does is he’ll grab my thigh. Like if I’m sitting next to him randomly he’ll grab just above my knee and squeeze it and then move to my mid thigh and then my upper thigh and squeeze. He’ll say “I’m looking at your fat”. I’ll just smile at him and look away and he’ll let go but I just hate it. When we were younger, maybe when I was 12 and he was 14 we were in the car and he picked up one leg and put it on his thigh and put his hand on my thigh so high up I could feel his fingers brush against my private area. The thing is idk if he’s just “looking at fat” or if this is weird. I just don’t know if siblings touch each other in those places because for me this has been happening for years so it’s normal. It’s not like he’s slapping my butt or letting his hand linger on my thigh, that’s why I’m confused.

The last thing happened when I was 16 and he was 18. So we were in his room and I was on his bed and he was on his chair. We were just talking when he asked me to “put my elbows together” I was confused and I laughed and said “why” and he said “I just wanna see something”. I was confused but did it and when I looked down I saw how my chest was pushed together. I froze feeling uncomfortable and I looked up and he was smiling and then he leaned forward and grabbed my chest. I again froze and he squeezed it and after a few seconds let go. I just sat there and he was like “oh ok I get it now” or something like that I can’t fully remember. I then just left his room and forgot about it. 

Ok that’s it, all this came back to me a few weeks ago and Iv just been so confused on what this means. I don’t think he was trying to harm me or make me feel uncomfortable, he never said anything creepy or weird which is why I’m confused. Pls be honest don’t worry about emotions I just want to know what this counts as, if it’s even anything. Thanks :)

Update: truly, from the bottom of my heart thank you all for your responses. This is all so normal for me so hearing your perspectives lets me know that it’s not. I don’t really have the option to tell my parents because they favour him and will say “I’m trying to make him look bad” or than I’m being dramatic. I’m ok now and I’ll for sure protect myself, I was just so confused because his nature is a very kind, gentle and innocent one, but this really helped, thank you all for being so kind. ",
post,TrueOffMyChest,Is this sa or am I overreacting ,https://www.reddit.com/r/TrueOffMyChest/comments/1e2m50k/is_this_sa_or_am_i_overreacting/,2024-07-13 15:05:59 PDT,7,"Hey, so I’m currently 18f and I was just wondering if I could get a third party look at this situation to see if I’m overreacting because I feel like I am. There are 3 “incidents” I want to go though so just please let me know what this counts as. 

This involves my brother who at the time was 8 and I was 6. We were in my room at it was at night when my parents were not home. We were on the bed and he had me pinned against the wall with his arm while he shoved his foot into my private area and began to rub it. I told him to stop and it hurt but he just kept laughing like we were playing? I remember him laughing but the force he was pushing his foot into me felt like he was angry. After a min of that he flipped me onto my stomach and spread my legs and started to jam is foot into my area over and over again. I would have flown of the bed if I wasn’t holding onto the foot board, that’s how hard he was “stomping”. He kept digging/rubbing it and I told him that it hurt and to stop but he just kept laughing. He then like sorta punched/dug his hand into my area (I’m still on my stomach) and after a min of that he let go. I just remember it hurting and being sore but after that he just laughed and then left because my parents got him. I’m confused because is this just really aggressive sibling play?? Was it even sexual? Idk, I just feel gross when I think about it and I can still feel his hands and foot but I don’t want to be dramatic as to call this sa. To be clear nothing penetrated me, just dug in?

The second incident has been happening since I was 14-18(now). So he’s 15-20. Basically what he’ll do is anytime he’s behind me he’ll start lightly jabbing my butt or knee in between my legs. And I’ll push him off and tell him to stop and he’ll come back and just continue. He’ll sometimes jab my sides and the side of my chest as well. He does it in a playful way, so that’s why I’m confused as to if this is normal sibling play. He’ll do this infront of my parents and they’ll say nothing, but when he does it in front of family my mom told him once “guys don’t touch girls like that so stop” but he shrugged it off.  Another thing he does is he’ll grab my thigh. Like if I’m sitting next to him randomly he’ll grab just above my knee and squeeze it and then move to my mid thigh and then my upper thigh and squeeze. He’ll say “I’m looking at your fat”. I’ll just smile at him and look away and he’ll let go but I just hate it. When we were younger, maybe when I was 12 and he was 14 we were in the car and he picked up one leg and put it on his thigh and put his hand on my thigh so high up I could feel his fingers brush against my private area. The thing is idk if he’s just “looking at fat” or if this is weird. I just don’t know if siblings touch each other in those places because for me this has been happening for years so it’s normal. It’s not like he’s slapping my butt or letting his hand linger on my thigh, that’s why I’m confused.

The last thing happened when I was 16 and he was 18. So we were in his room and I was on his bed and he was on his chair. We were just talking when he asked me to “put my elbows together” I was confused and I laughed and said “why” and he said “I just wanna see something”. I was confused but did it and when I looked down I saw how my chest was pushed together. I froze feeling uncomfortable and I looked up and he was smiling and then he leaned forward and grabbed my chest. I again froze and he squeezed it and after a few seconds let go. I just sat there and he was like “oh ok I get it now” or something like that I can’t fully remember. I then just left his room and forgot about it. 

Ok that’s it, all this came back to me a few weeks ago and Iv just been so confused on what this means. I don’t think he was trying to harm me or make me feel uncomfortable, he never said anything creepy or weird which is why I’m confused. Pls be honest don’t worry about emotions I just want to know what this counts as, if it’s even anything. Thanks :)

Update: truly, from the bottom of my heart thank you all for your responses. This is all so normal for me so hearing your perspectives lets me know that it’s not. I don’t really have the option to tell my parents because they favour him and will say “I’m trying to make him look bad” or than I’m being dramatic. I’m ok now and I’ll for sure protect myself, I was just so confused because his nature is a very kind, gentle and innocent one, but this really helped, thank you all for being so kind. ",
post,writers,Sibling nicknames,https://www.reddit.com/r/writers/comments/1e18270/sibling_nicknames/,2024-07-11 20:52:27 PDT,0,"Hi! I'm writing my first novel and I need some help with a few things because every source seems to say something different.
So right now I'm trying to come up passive aggressive sibling nicknames for my characters. One (A) is a stoic motherly type and the other is a strong, loyal type (B). Their relationship is a little complicated since A practically raised B but I still want them to have a fun and realistic relationship.
I was thinking the nickname for B could be a dog breed or maybe even just ""puppy"" but I'm not sure what dogs existed in 1800s Germany. A's nickname should have a similar connection to her personality.
I myself do not have a good sibling relationship so it's hard for me to imagine these kinds of things",
post,entitledparents,"Psychotic stinky , rude , aggressive sibling",https://www.reddit.com/r/entitledparents/comments/1al0jbk/psychotic_stinky_rude_aggressive_sibling/,2024-02-07 03:09:27 PST,1,[removed],
post,insaneparents,Lol my psycho brother always does this he decided he would disconnect my charger he also is trying to destroy my charger Everytime he's a weirdo and a aggressive sibling he always stays home so much the school tries to kick him out he has 22 appsences he doesn't know shit,https://www.reddit.com/r/insaneparents/comments/1al0btg/lol_my_psycho_brother_always_does_this_he_decided/,2024-02-07 02:55:40 PST,1,[removed],https://www.reddit.com/gallery/1al0btg
post,Advice,Dealing with a manipulative sibling,https://www.reddit.com/r/Advice/comments/167lnaa/dealing_with_a_manipulative_sibling/,2023-09-01 15:48:13 PDT,1,"Hey everyone, I (24F) have been dealing with a highly manipulative sibling (27F) since we were kids. Growing up, she’d compulsively lie and make situations 1000x worse than what they actually were. This always has resulted in me having severe anxiety to the point where I’ll visibly shake or throw up (which she knows it does that) Since we were kids, she’s used these lies to black mail me into doing anything she wanted. She would physically and verbally abuse me if I failed to do things she told me to do (not in a playful or even normally aggressive sibling way because I know the difference). I have been choked to the point of almost passing out, called horrible names, slammed into walls by my neck etc..

Since become adults, the lies and manipulations have gotten more damaging. She no longer does physical retaliation but  She has gotten me in trouble at my job, and with my recent type 2 diabetes diagnoses, the stress of everything that she puts me in the middle of causes my blood sugar to skyrocket… not only that, but she has driven our brother to no contact. 

I know whoever is reading this is probably thinking I should just confront her or cut her off, but I am extremely close with her daughter who is only 5. That little girl is like my own child and the thought of not being involved in my niece’s life absolutely kills me. My sister isn’t one that can be confronted  because she always shuts you down or twists it to be your fault so it’s never any use. I am at a complete loss for a resolution because I desperately want to be involved in my niece’s life but it’s starting to seriously affect my physical health and i am terrified of my sister… she has kept my niece from me before when she is angry at me because knows it always makes me cave..

Any tips?

TLDR; sister being manipulative, it’s starting to affect my physical health but I want to stay involved in niece’s life.",
post,theloudhouse,How should Lynn Junior's Character be Portrayed?,https://www.reddit.com/r/theloudhouse/comments/14v9ivj/how_should_lynn_juniors_character_be_portrayed/,2023-07-09 13:55:37 PDT,11,"**SPOILERS FOR RECENTLY RELEASED SEASON 7 EPISODES NOT YET AVAILABLE IN SOME COUNTRIES ARE FEATURED IN THIS DISCUSSION POST. DON'T READ IF YOU HAVEN'T SEEN ""BYE BYE BIRTHDAY"" AND ""TOUGH GUISE"" YET, OR CONTINUE READING ON YOUR OWN ACCORD.** 

&amp;#x200B;

Whilst writing my ""Lynn and Order"" review, I knew I'd have to include a sister post to go with it. The thing is, Lynn Loud is a character that I often refer to as my favourite in the entire cast, and yet in reality, my stance on her is more complicated than that.

I really like this character, or perhaps it's more like... I've always been a fan of the ""potential"" surrounding the character. Some of that potential has been reached, in all fairness, and she has had many strong and solid limelight episodes in the show's run so far... but not all of it has been exploited. There is still a lot of improvement to be found when it comes to LJ's portrayal as a character in this series.

The thing is, I've been doing this for years now. I'm the guy who's been dealing with all the controversies within the Loud House fandom, addressing every big problem it has ([https://www.deviantart.com/justsomeordinarydude/art/So-about-the-recent-Loud-House-controversy-671929025](https://www.deviantart.com/justsomeordinarydude/art/So-about-the-recent-Loud-House-controversy-671929025)), and one of the biggest recurring issues has always been the character of Lynn Junior. As such, this is certainly not the first time I've had to talk about this ([https://www.deviantart.com/justsomeordinarydude/art/Is-Lynn-Loud-Jr-a-bad-character-673609648](https://www.deviantart.com/justsomeordinarydude/art/Is-Lynn-Loud-Jr-a-bad-character-673609648), [https://www.deviantart.com/justsomeordinarydude/art/Why-Lynn-Loud-Jr-is-Not-the-Worst-Character-Ever-730391036](https://www.deviantart.com/justsomeordinarydude/art/Why-Lynn-Loud-Jr-is-Not-the-Worst-Character-Ever-730391036)).

I'm honestly sick of the whole situation, but since it just doesn't ever seem to die down for good, it looks like I'm going to have to continue saying my piece on it all.

Most of you probably just came from my ""Lynn and Order"" review, which this post technically acts as an analytical extension of. In that, I promised further elaboration on how to make Lynn's character perfectly (and consistently) likeable to the point where this whole ""fans vs haters"" civil war can finally be laid to rest once and for all.

So... let's get to it.

&amp;#x200B;

**Roughhousing is Okay... Generally Speaking**

Lincoln and Lynn's relationship in this show has always been a little bit messy, to say the least. Sometimes, they can be on the same page, and have healthy and fun interactions that make them an absolute powerhouse of a sibling duo to watch. Episodes like ""Diss the Cook"" and ""Sofa so Good"" prove that Lincoln and Lynn can be a very good (non-romantic, get your minds out of the gutter XD) pairing.

In a vacuum, Lynn's moments of roughhousing with her brother are absolutely fine. While some people get overly sensitive whenever Lincoln even slightly suffers in an episode (mainly because they still can't move on from ""No Such Luck"" back in 2017), I don't mind seeing Lynn give him the occasional noogie or elbow slam in an episode... provided the gags are well-timed, set-up and executed efficiently, and that the mean-spiritedness isn't taken too far. It was pretty much set up as far back as ""Space Invader"" that Lynn was more like a tough and aggressive big brother figure of sorts to her baby bro, and Lincoln even claimed he saw Lynn in a similar manner to his make-believe brothers in ""One of the Boys"". Obviously, Lynn's shtick is to be the tough and aggressive sibling, and believe it or not, despite what so many people in this fandom would have you believe, this character archetype is absolutely capable of being likeable and fun to watch on a consistent basis.

When her character is done right, Lynn is easily the standout of any episode she's in. She was hands down the most entertaining part of many recent episodes like ""Sofa So Good"" and ""Diss the Cook"". She also highly elevated the comedic strength of many episodes featuring the family as a whole, such as ""Camped"", ""Washed Up"", ""Time Trap"" and even some slightly weaker episodes like ""Ruthless People"".  She was also really good in some of her own focal episodes like ""Hero Today, Gone Tomorrow"", ""Hurl, Interrupted"" and the somewhat overlooked comedic gem, ""Singled Out"". In some of those aforementioned stories, she exhibits roughhousing behaviour, like in ""Sofa So Good"" when she jumps on Lincoln and takes him to the floor. But in instances like that, it's fine. It's mild, it's played for laughs, it's not taken too far, and it's not in a context where it particularly comes across as annoying or unnecessarily mean. Scenes like that, or the ones seen in ""Space Invader"" (still the best episode of the show, by the way) are sibling roughhousing done right.

But there are other scenes in episodes that seem a little less humourous and more mean-spirited for the sake of it, like when she tackles Lincoln in ""Diamonds Are for Never"" just for doing a magic trick with her socks. This feels less like innocent roughhousing and more like Lynn just being a general jerk, hence why this scene doesn't work quite as well as the one from ""Sofa So Good"", for example. And those are just the small moments. What about her insanely over-competitive and petty behaviour in ""Lynner Takes All"" or her downright mean portrayal in ""Schooled""? These really haven't done the character many favours in terms of critical reception from the show's following. It's such a shame, too. I remember a time when she was on track to be a fan favourite alongside Luna Loud back in 2016 during the show's early days. I mean, does anyone else remember a time before the two episodes-that-shall-not-be-named of this show came out and FirstDrellSpectre was the only one who didn't like Lynn?

Oh, how times have changed...

&amp;#x200B;

**The Unfortunate Mis-Use of Lynn's Role as ""The Tough One""**

***Minor Spoilers Ahead*** *for recent season 7 episodes.*

After watching two recent season 7 episodes, ""Tough Guise"" and ""Bye Bye Birthday"" back to back, it hit me exactly what the problem is. Let me ask you guys a question? Before watching either of these episodes, given what they're about, which one would you expect Lynn Junior to make an appearance in? Which one would make more sense for her to have some kind of role in it? ""Tough Guise"" is an episode that easily could have featured Lynn in some capacity. Given how the whole plot of that story is based around Zach's friends teaching him to be more of a tough guy, and also the fact that none of those said friends are actually tough themselves, it would make perfect sense for Lincoln and the gang to employ the services of Lynn Junior. Hell, maybe Lynn could even stand up for Zach in detention and defend him from the other bad students in there. But of course, that didn't happen. So many season 5, 6, and 7 episodes starring Lincoln and his friends would have made more sense if Lynn was included (like the episode where Lincoln and Clyde compete with Rusty and Zach to determine which of them are the best friends of the school. Are you really telling me Lynn and Margo wouldn't compete in that?). That's why ""Diss the Cook"" was such a breath of fresh air for so many fans. Because it actually remembered Lynn exists in an episode about Lincoln in middle school (and didn't make her character go down the ""Schooled"" route).

But while she didn't appear in ""Tough Guise"", she did appear in ""Bye Bye Birthday"", even if just briefly... purely to exercise her brute strength and brash force on her brother. See, this gag in a vacuum is funny enough, but given everything surrounding it; the controversy surrounding Lynn's character, the way people incessantly overreact whenever Lincoln gets hurt by her, and all the bile and outrage that seems to come from everyone watching (both fans and haters of the show alike), it just feels like the show is shooting itself in the foot with moments like this... especially when Lynn's strength and aggression are only ever portrayed and used in this negative light. Maybe these moments of her hurting her brother wouldn't feel so bad if they were coupled with moments where she's doing something nice for him or standing up to bullies on his behalf. Suddenly, it wouldn't feel like Lynn's brutish attitude is purely a bad thing to so many people. See where I'm getting at?

Watching these two recent season 7 episodes made me realise something about how Lynn's character is portrayed within the series that causes her to constantly be a target of controversy or vile bashing. The show doesn't always make the best use of her role as ""the tough one"" of the Loud House. As previously stated, in a vacuum, the moments of Lynn attacking Lincoln or throwing her weight around against the other weaker students of Royal Woods Middle School aren't so bad, especially since it's all in character for Lynn to be a bit too abrasive for her own good. The problem comes from the fact that all these moments make Lynn come across as a bully, especially since her strength is only used in negative ways, and usually against people who don't deserve it.

What I mean by this is that we never get to see Lynn use her toughness to do something noble like protect Lincoln from a real bully (seriously, it's been 7 seasons and we still haven't seen that). Even when Lynn is standing up for one of her siblings, like for Lincoln in ""Heavy Meddle"" or Lori in ""Lori Days"", it usually ends up being Lynn misreading the situation or her overreacting and responding to it in the wrong way. In episodes like ""No Bus, No Fuss"", she could have been a part of the story where she sticks up for her brother and his friends and contributes to the defeat of Taylor's gang. But instead of that, the episode just finds a convenient way to write her out of the plot (by saying that she's running to school instead of taking the bus) so that she doesn't know anything about her brother's predicament. Now, to be fair, that episode was trying to go with a very different approach, and have Lincoln and his friends find a way to resolve the matter themselves. While I do admire the episode for doing that, the problem is that Lynn's role as the tough Loud is NEVER used for good actions like this. In seasons 5 and 6, she contributed to more of Lincoln's hardships (mainly through her role as the hall monitor in ""Schooled"")  than anything else. The subplot in ""Schooled"" always rubbed me the wrong way because it undid so much of what ""Middle Men"" had accomplished beforehand. All that stuff about Lynn wanting to help her brother make it through his first day of middle school unscathed, all of her efforts to prevent him from suffering the same traumatic experience she did, and everything that represented about her character in the process... undone for the sake of an awful comedic subplot in a special two seasons later.

And that's the biggest problem with Lynn's portrayal in the show... inconsistency.

&amp;#x200B;

**Consistency**

Consistency is key. But with Lynn, it seems that one episode has her coming across totally fine in terms of her attitude and personality, and then the next will literally make her look monstrous. For example, we have the aforementioned contrast between ""Middle Men"" having Lynn want to help her brother with his middle school experience, and ""Schooled"" involving her stuffing him and his friends into lockers. It's a pretty jarring difference.

Then there are more recent examples. ""Cheer Pressure"" is easily one of her most tame appearances in terms of how brash and aggressive she behaves in it. Then that was soon followed by ""Snow Escape"", which had her look like a savage wild animal out for her own family's blood.

In an ideal world, none of this would matter. Because in an ideal world, our fandom would be more mature about the odd badly written/produced/directed/storyboarded episode, chalk it up to nothing more than the show having an off-day, and then forgive, forget, and move on. In such a world, Lynn wouldn't be so hated, because in all fairness, it's really only a minority of her appearances where she genuinely comes across as unlikeable. About 90% of the time, she's really great... but like it or not, history dictates that the bad 10% eclipses the other 90% in terms of significance. As such, the handling of the series and of Lynn's character specifically must take this into account.

The thing is, I should like ""Snow Escape"". It's hilarious, it's suspenseful, it has some of the best animation the show has even produced, and even some decent, underappreciated moments of sibling co-operation and bonding. And yet... I can't fully enjoy this episode because the minute I finished watching it, I knew exactly what its effect on the fandom and on the character's reputation would be. I've had the thankless task of managing this fandom and it's over-the-top reactions and behaviour these past 7 years, and I'm sad to say it's still not getting any easier (the worst part is I don't even get the respect and recognition for it, either). I can't fully appreciate everything that episode does so well, because it's bogged down for me due to the simple fact that it contributes to this ongoing problem with Lynn's character.

I should just be watching the episode and enjoying it, but I can't, because I'm all too savvy with how things play out in the aftermath of any episode coming out that features Lynn expressing hostile behaviour.

Because of Lynn's character always fluctuating in terms of likeability, she ends up being reasonably liked and tolerated for a while, then a new episode comes out that makes her look like a jerk again (whether it be a major appearance of even just a quick gag of her taking her roughhousing too far with one of her siblings again), and then the whole situation reignites and off we go again. Honestly, isn't everyone sick of this same old cycle of erupted emotions followed by temporary calm periods? I sure am. I'm now always worried whenever a new episode comes out because it might make the ""Lynn Wars"" erupt all over again. I shouldn't be having to watch the show with that mindset... but sadly, I do.

Speaking of ""Lynn Wars"", I recently came across a deviation posted by TheAmazingPeanuts (artwork done by Alejindio) with almost that exact title (Link = [https://www.deviantart.com/theamazingpeanuts/art/Lynn-s-Wars-970385871](https://www.deviantart.com/theamazingpeanuts/art/Lynn-s-Wars-970385871)). This deviation was both brilliantly made... and depressing to look at simultaneously. This was obviously meant to be a parody of the more hysterical side of the fandom that relentlessly argues with each other over whether or not Lynn is a good character. This image captures the essence of the entire situation perfectly.

But here's the thing... isn't it just so deflating that this situation even exists to begin with? I certainly think so. It feels like Lynn fans will finally start to win over some of the detractors and things will finally die down for the last time... and then the show will come along and reload all the ammo for the Lynn haters (via a new episode that once again portrays her in a bad light) and the whole thing kicks back into full gear.

I wish this whole controversy surrounding her character, one that has lasted for YEARS at this point, would just go away forever.

But when (just when) will it happen?

&amp;#x200B;

**Lynn Doesn't Need a Complete 180, Just Better Ways of Having Her Rough Traits Be Displayed On-Screen**

The thing is, I suspect a lot of people want Lynn to change so much to the point that she's not even remotely the same character anymore. They want her to go down the same route Ronnie Anne's character did in The Casagrandes, where she softens up to the point where her rough brashness and energetic toughness is all but a thing of the past. For many haters of the character, either this or her just being written out entirely are the only outcomes they will be happy with.

For many watchers of the show, this is what should happen, but as for me, I honestly don't want to see this transpire. Sure, I'm all for character development, but I actually like Lynn's tough and energetic personality... when it's done right, that is.

While I'm not against the idea of her having some softer and more tender moments with her family, Lincoln especially (in fact, I'm definitely in favour of that), I don't want her to become a completely different character entirely. Love her or hate her, Lynn brings to the show a very unique flavour of humour, and when her character is portrayed correctly in episodes like ""Space Invader"" and ""Middle Men"", she is an absolute blast, and easily the most entertaining aspect of that particular episode.

So, you're probably a little confused here. I'm saying I'm not all that satisfied with the way Lynn's character is handled in the show, but I'm also saying I don't want her to change too much. So, what exactly am I getting at here? Well, here's the thing: There's a good way to write and portray a rough and tumble tomboy girl... and there are not-so-good ways.

But how do we go about keeping Lynn as boisterous and tough as she's always been without her coming across as an unlikeable jerk or bully? Well, let me explain the ideal way to write and handle Lynn Junior's character... through my own experience.

&amp;#x200B;

**The Ideal Way to Handle Lynn Junior's Character: A Universal Guide**

I'm just going to come out and say it... I honestly think I write her character better than anyone else, including the show's writing staff. I've written her to be both likeable and entertaining whilst completely keeping her in character, and I've managed to uphold that standard consistently.

So, for both writers of the show and fandom content creators, this applies to all of you. Read and learn.

*Note: The next part won't make much sense unless you've read at least some of my stories, so I suggest you go and do that so you understand the necessary context behind my following points. Honestly, you should just go and read them anyway if you haven't already. Seriously, you're missing out otherwise.*

So, let's briefly cover a series of writing techniques to employ to make sure that a character as brash and aggressive as Lynn is still likeable and fun to watch:

* Show the positive side to her strength and aggression: Instead of just having Lynn show off her tough and brash behaviour in bad ways, why not actually utilise this role of hers to have her do good things on behalf of the other characters? In the canon series, she mostly just uses her strength to push around Lincoln and some of the weaker students of Middle School who don't even really deserve it, particularly in the episodes where she is a hall monitor. In my story ""The Loud's Finest Hour"", she uses her toughness to defend Lincoln Loud from danger when a livid Viribus tries to attack him. In ""Lynn and Order"", Lynn fails to overpower a small Bobcat because it seems her strength only works when she's pushing around nerdy students and fails to be of use when dealing with any kind of actual threat. In my story ""Survival Instincts"", Lynn saves Lincoln's life when she wrestles with a wild mountain wolf that has him cornered. In ""No Bus, No Fuss"", Lynn is completely absent from the episode's central conflict, despite the fact that she with all her might and aggression would be absolutely ideal in helping her little brother deal with his bullying dilemma. In my story ""Ronnie And Tumble"", Lincoln goes to Lynn, who willingly helps his friend Ronnie Anne deal with her bullying problem by preparing her to have a final confrontation with Becky. In my stories, I make use of Lynn's strength and toughness to have her do good things for people, showing that a rough-and-tumble tomboy like her can not only be entertaining, but also useful. So, why doesn't the show ever do this? It only ever uses her roughness for quick one-off gags that don't benefit the overall reputation the character has one bit. Again, these one-off gags would be FINE... if that wasn't all they did with the ""tough"" aspect of her character. Show the positives as well as the negatives, that should be obvious.
* Give her a rival to play off: Part of the problem with Lynn's roughhousing in the show is that it sometimes comes across as bullying, especially considering the people she does it to are either significantly weaker than her, don't like her rough antics, or both. An easy fix to this is to introduce a character who can give as good as they get. Ideally, Ronnie Anne once could have filled this role, but given how much she's changed, I don't think a rivalry between her and Lynn would really work anymore. So, I gave Lynn a rival in Babs Bestie, another tough and rambunctious, competitive tomboy character to compete with her and engage in rough play. The two often combat each other with their strength as well as bravado-filled attitudes, and this makes for good comedy that utilises Lynn's and Babs's character traits in a way that makes their interactions come across as funny rather than vexatious. I also have Maxie, Lynn's macho boyfriend who fills a similar role. They may be in a relationship, but they're not above getting rough and competitive with each other, either. But because in both cases, these characters can and will give as good as they get, it doesn't come across as bullying or annoying behaviour from Lynn. Maybe if the show introduces characters like this for Lynn to work with, her rough attitude won't come across as so bad to the fans.
* While not taking it too far, give her warm and tender moments when the story calls for it: While I said I didn't want Lynn's character to completely transform beyond recognition like Ronnie Anne's did, that doesn't mean I'm against the notion that having some warm and gentle moments wouldn't do her characterisation some good. Lynn has plenty of these in my stories, in fact. One notable example is at the end of ""Survival Instincts"" where Lynn realises she's been too harsh and unfair on her brother during their time spent together on the mountain hike. She apologises, he accepts, and the two share a heartfelt moment that shows that Lynn not only cares about her brother, but she admires him, too. Sometimes including a caring moment from Lynn would show that while she is a rough character, she still has a heart and is a good sister and person at the end of the day.
* Never take her rough and tumble ways too far: Admittedly, I did run into the same trap as other writers during my first attempt. My first Loud House story was one that I don't draw much attention to anymore called ""Game On"". It was a decent first attempt, but far from being one of my best works. One of its biggest problems was the fact that I really made Lynn come across as a huge jerk in some chapters. Meaning that if this story ever became canon, it would likely have the same effect on her character's reputation as ""Lynner Takes All"", where the small redeeming scene at the end wasn't enough to make up for all the obnoxious and douchey attitude displayed beforehand in the story. The difference is I learned from this early mistake and haven't screwed up on writing her character since. I just wish other people writing her character would learn this, too.
* DON'T BE TOO INCONSISTENT. Don't do episodes like ""Schooled"" which completely contradict everything that ""Middle Men"" did beforehand without good reason. Just doing it for the sake of a cheap gag or insignificant subplot does not count as a good reason, by the way.
* Perhaps even provide a plausible justification for all her behavioural difficulties and relapses: A criticism people often hurl at Lynn's character is how when she learns a lesson, she sometimes forgets it by the next episode and she's back to square one. But let me ask you all this... is it really realistic for someone as emotionally damaged and set in her ways as Lynn to just miraculously and permanently make a complete 100% character change after one or two small everyday isolated incidents? Lynn's brashness and aggressive behaviour aren't just going to completely dissipate away after the events of a single slice-of-life episode. That's just not believable. It took Walter White 5 seasons to Break Bad, after all. Lynn Junior isn't going to go the opposite way after a single 11-minute story... ""Baby steps"" is a fine way to point it. She should change a little after each experience, but still fundamentally be the same person. That way, she can learn her lesson and grow as a character while still being an entertaining addition to the cast with a lot of entertainment value to add to every episode she's in. Lynn would become boring if she just became a completely nice and mellowed-out kid who's just into sports...
* ...but that's where my backstory for Lynn comes in. You see, I don't believe what we saw in the flashbacks of ""Middle Men"" were anywhere near the full story. I have an extended backstory where Lynn was vulnerable after her horrible first day at middle school, and she ended up under the wing of a mentor who taught her all her tough ways of thinking and acting. For those of you who have read my most recent works, you know that I had her meet Viribus, who is basically just a much more exaggerated and extreme version of herself, who strictly taught and implanted her aggressive and forceful ways into her psyche. A past like this would explain why Lynn is changing very slowly, but is struggling to make those changes stick, thus explaining why her changes are slower than the other Loud siblings. Her problems are much bigger and so heavily ingrained into her that they won't just go away overnight. This way, she can receive her development, but still remain the rowdy and fun tomboy that we (well, some of us) all love. There, I even provided a much more valid reasoning behind her development backtracks in the series.

I wish that the things I've done with and added to Lynn's character would just be made canon, already. The thing is, if I ever get confronted by a Lynn hater (and thankfully, this doesn't happen to me personally very often), I could talk about how Lynn has done good things for her brother like defend him from a mountain wolf, or protect him from Viribus, or help his friend Ronnie Anne deal with her bullying problem. But then they could just turn around and say that it's ""not canon"". I could explain all the development I've given her that makes her infinitely more interesting and lovable... but again, they would just say ""not canon"". It honestly makes me sad. If my works were canon, the ""Lynn wars"" would cease forever, and so would a lot of other controversies within the fandom, for that matter.

Many people often argue ""The Loud House"" has declined in quality over the years. Some people only like the first few seasons, they claim that the show ""jumped the shark"" at some point or suffered from quality degradation (or as TV Tropes puts it, ""seasonal rot""). I personally don't think this is the case. The show improved in many areas while also developing new flaws over time. Unlike almost everyone else in this fandom, I don't think one era of the show was especially stronger than the other. I like both the early and later seasons of the series, albeit for different reasons. That being said, while I obviously like the show a lot, I acknowledge it isn't perfect. It has room for improvement, quite a lot of it, in fact.

As a fan of the series, it is my duty to point out the show's flaws, as well as its strengths, in order to encourage further betterment. That is why I'm here.

And when it comes to Lynn, that is especially the case. I like Lynn, but I'd like her a lot more and have a far easier time being one of her fans/defenders if she were handled in the show as well as she is in my works.

&amp;#x200B;

**Conclusion**

Lynn is a character that requires a certain precarious balance in order for her character to function at its best within the series. Her rough and competitive antics can't be taken too far, but the answer isn't just to remove all those traits and make her a bland, generic sports lover, either. Rather, it's how these tough and boisterous attributes of hers are written and portrayed within the series that counts. Episodes like ""Schooled"" and ""Lynner Takes All"", while fun, take her abrasive and mean qualities a little too far for the character to be likeable. On the flip side, while ""Cheer Pressure"" is a relatively nice story that sees Lynn learn a lesson, it almost feels like it goes in the opposite direction. She didn't have that many amusing moments in the episode because her abrasive traits were toned down significantly. It's all about finding the balance between the two. Keeping her character rough and tumble enough to make sure her comedic potential is fully realised, without going too far and making her come across as a jerk.

Also, have her toughness and strength be used for more good acts. Having her roughhouse with Lincoln and the other nerdy kids at school is fine... so long as those aren't the only moments where her aggression is on display. Show some of the positive qualities of having someone with all the brawn of Lynn in the Loud family. Have her defend Lincoln from a bully. Have her do something that shows that she cares about those close to her. There are enough moments in the series to show this as it is, but the problem is that it's inconsistent. One minute, she's trying to help her brother make it through his first day at middle school, and then the next, she's relentlessly chasing him down the halls to shove him in a locker. Be more consistent with her characterisation (and don't take the bad stuff too far), and she'll be fine.

That may sound like a rather complex thing to do, but it really isn't. It's actually very easy... well, I've always found it easy, anyway. I don't know why everyone else struggles with it. From official show writers to fandom content creators, it just feels like nobody really gets Lynn's character.

While I like almost every focal episode she's had in the last few seasons, there's always at least one fairly significant flaw I can find with how Lynn was handled. ""Cheer Pressure"" was a very good episode that had Lynn and her friends learn to appreciate cheerleaders by learning what they do for themselves... except that while the episode was very good, I almost feel like Lynn's character was maybe just a tad too toned down here, as she didn't really generate that many laughs from me in this episode, personally. ""Lynn and Order"" was a good episode where she learned something, but I would have personally had the second half of the story go in a completely different direction. And once again, it didn't paint her strength and toughness in a good light, as she's only able to use it to push around weak and innocent students while failing miserably to wrestle Bolhofner's Bobcat. In ""Snow Escape"", I should find her gimmick as this wild animal-like antagonist hilarious as well as a bit intimidating, and I should enjoy the episode a lot more than I do. But I can't, because I just know it's an episode that contributes to this ongoing ""Lynn War"" situation. \[\[*God, why does it have to be this way?\]\]*

For me personally, I wouldn't want to see all of Lynn's rough traits be stripped away for the sake of eliminating the controversy. That's not a necessary move to make, and besides, Lynn's love for sports is honestly the least interesting thing I find about her. I honestly like her more for her tough and abrasive attitude, as unbelievable as that may sound to some. I just think there's a better way of representing that kind of personality via the show's writing process. I'd love to see the show (and hell, maybe even the fandom if I'm really lucky XD) pick up on this.

But hey, if all else fails, just take my works and make them canon. Honestly, that's the reason why they exist.

&amp;#x200B;

**Side note:**

But for all the criticisms I have against how the show sometimes portrays Lynn's character, I'll admit that even the show's worst is 100 times better than almost anything the Loud House fandom has made (at least that I've seen, as I don't really care much for FanFiction myself). But from what I have seen, it just feels like a lot of stories out there written by both fans and haters of her alike often portray her in an absolutely vile and incorrigible manner. What boggles my mind here is how so many people will criticise how much of an aggressive, bullying, arrogant jerk they think she is in the canon series... only to write her in a far worse and much more toxic way in their own projects.

Seriously, most FanFictions that include Lynn seem to have her do things like outright break her brother's bones, put him in the hospital, bully and attack him in such severe ways that the antics she does with him in the show are downright tame in comparison. Not to mention privately bully, mock, and scare Lucy for her own purposes, dial up her competitive streak to eleven and go completely mental, and terrorise all her siblings. I don't get it... these are the same people who hate Lynn for all her brutish aggression and nasty moments, and then they go and write her like this? It's like they're not even trying to write Lynn in a better way. It's almost like they're writing her to be as monstrous and irredeemable as possible just to make their own hate towards the character feel more justified or something.

Honestly... that's just sad. It makes me annoyed that my works have to be grouped into the same category as all that garbage.

Just thought I'd throw that last little tangent in there while we're on the wider subject of how Lynn's character is written in general. XD",
post,TrueOffMyChest,"Passive aggressive sibling, advice?",https://www.reddit.com/r/TrueOffMyChest/comments/147mnaj/passive_aggressive_sibling_advice/,2023-06-12 05:15:19 PDT,0,[removed],
post,relationship_advice,"Passive aggressive sibling, advice?",https://www.reddit.com/r/relationship_advice/comments/147mm4p/passive_aggressive_sibling_advice/,2023-06-12 05:13:29 PDT,1,[removed],
post,TrueOffMyChest,"Passive aggressive sibling, advice?",https://www.reddit.com/r/TrueOffMyChest/comments/147mlfp/passive_aggressive_sibling_advice/,2023-06-12 05:12:26 PDT,1,[removed],
post,AsianParentStories,"Passive aggressive sibling, advice?",https://www.reddit.com/r/AsianParentStories/comments/147m4r0/passive_aggressive_sibling_advice/,2023-06-12 04:48:18 PDT,3,[removed],
post,raisedbynarcissists,"Passive aggressive sibling, advice?",https://www.reddit.com/r/raisedbynarcissists/comments/147m3bt/passive_aggressive_sibling_advice/,2023-06-12 04:46:03 PDT,0,[removed],
post,AsianParentStories,"Passive aggressive sibling, advice?",https://www.reddit.com/r/AsianParentStories/comments/147lttq/passive_aggressive_sibling_advice/,2023-06-12 04:31:15 PDT,1,[removed],
post,raisedbynarcissists,"Passive aggressive sibling, advice?",https://www.reddit.com/r/raisedbynarcissists/comments/147lr6v/passive_aggressive_sibling_advice/,2023-06-12 04:27:23 PDT,1,"We all got together as a family yesterday and all was going well until my sister made a sly comment about me. Backstory: all 4 of my siblings including myself take turns in clearing the dishes and washing them. I mustve fogot a dirty frying pan and she said 'I think we all washed our dishes except for a certain individual'. This comment was very unneccary and certainly didnt expect this from a family member.

I was wondering why this pan has been lying there for a few days now because all of my siblings knew it was mine but wanted to express their fustration by leaving it so I would notice and wash it. This is not how I comminucte as I prefer a more direct type, and Im not soemone thats difficult to approach. So why do you guys think a sibling would make such a toxic comment during a family gathering insetad of talking to me instead?",
post,passiveaggressive,Passive Aggressive Sibling,https://www.reddit.com/r/passiveaggressive/comments/13u5loo/passive_aggressive_sibling/,2023-05-28 10:09:41 PDT,6,"Has anyone here been annoyed by they’re sibling or siblings that are passive aggressive? Let me explain my experience. My sister hates conflict and runs away from anything uncomfortable. When we talk and she asks how everything is going you get annoying answers like “everyone gets mad, everyone gets sad, etc”. Our parents are narcissistic and our mother turns into a 3 year old when she doesn’t get her way and she’s things just “sorry didn’t know I was the worse mother in the world”. I try to be as understanding as possible but when our parents are being dicks and unreasonable about whatever she enables them, drops everything she’s doing and does whatever they want. This calms the waters for a few days and then something else will come up that turns into a drama sitcom. I work a lot and push back when our parents are being unreasonable and my sister gets upset with me and says things like “can’t you just give them what they want, I don’t want to be in the middle, you know how they are just do want they want, etc”. Sorry for the ramble but does anyone else deal with this ridiculousness?",
post,mentalhealth,what to do with aggressive sibling ? long text warning😁,https://www.reddit.com/r/mentalhealth/comments/10uw5fq/what_to_do_with_aggressive_sibling_long_text/,2023-02-05 19:17:35 PST,2,"Hey everyone, I am a 20 soldier in the reserve and accounting student. I would like to ask some advice on what I could do ? so basicly, my “brother” who is 23 dropped out of school in 8th grade and now is working a daily          
3am-11am/3pm-11pm job in a restaurant.
For background information, 1st of all my “father” was never in my life besides visiting him a few times in turkey, I actually grew up with my grandma from age 1-4 then came back to my mom in Canada and my brother has grown up with both my parents in Canada until around the ages of 4-6yo and then proceeded to visit my “father” even more than I have and he seems to like him very much, he actually is an identical copy of him on a physical and mental level, fyi my father has cheated on my mom an uncountable amount of times, got exported out of Canada for having put someone in a coma because the person spoke shit about his friend Lmao, he once beat my mom, he is extremely delusional and has anger issues. 
I have had serious fights with my brother in the past, it seems as though he does not have any empathy when it comes to fighting his brother(me) he does not hold back at all unlike me who is always scared of injuring people when fighting, our last fight was ended after he went to grab a knife from the kitchen which got me running out of the house and even calling the cops, but recently he was playing very loud music and the neighbour upstairs came to knock on the door and I answered (embrassed myself) and even defended him(told the lady”Yes I understand I’ll tell him but just so you know it is only 4pm so according to law I’m sure you wouldn’t have any “right”), after that happened I went to my brothers room to let him know about the situation, I knocked before entering, told him nicely “hey the lady upstairs came to say the music was to loud” he simply staired at me and highered the volume even more 🤯 Like what the actual FUCK ! this type of behaviour is mentallllll for me(someone that is rational, open minded, patient and likeable) anyways, after that I gently closed his door without expressing any “negative” behaviour and 2 min later he comes to my room and says “what the fucj did she want” I told him “look don’t yell at me, I came earlier in your room with respect trying to tell you what happened but you disrespected me, so before anything have some respect for me” and while I was telling him all of this he got even more pissed and said “oh stfu you think we’re in the army ? Just fucking say it” and to that I   said “look if you’re not gonna have respect for me I’m not gonna waste my time with you, go get some mental help,you probably take drugs” then closed my door but he kept shouting threats like “who the fuck do you think u are ? we’re not in the army here, if I got a problem with someone on the street I’ll fucking punch the shit out of them, you’re lucky your’re my brother” this from the time I closed my door I didn’t say anything at allll so There is absolutely no PROVOCATION besides me telling him “you probably take drugs” right before closing my door. 2 days later I try to tell my mom what happened and she couldn’t careless she totally dismisses everything I say by looking at the tv,trying to pick up donner early and trying to say “oh I need to go to the bathroom”, she says”yeye I know I know what do you want me to do” When I didn’t even finish telling her what happened LIKE WTF ! how can people be this disrespectfull and just so mentally ill to this point ? I am an extremly respectfull person, but my mom not giving a fuck at all when I am trying to explain to her something that is very important just Fuckinnnnnm irritates me(patient person that has control over his emotions), I ended up throwing the bread I was eating and told her “How fucking small is your brain ? I havs been trying to explain to you something this whole time and you listen to me like a normal human being, look I’m the one in the army not him, trust me I can beat the living shit out of your son, so if one day your son ends up killing me or I kill him don’t fucking be sad because trust me it is your fault”. Also my “brother” used to physically abuse me, limit almost torture(not fatal) me when my mom wasn’t home, for exemple, put a screw of my forhead and hold it against thw wall while having a foot up and beat me up lol and he also basicly raped me when I was around the ages of 8, I do not recall fighting back but if you ask me now, Oh ! I can for sure tell you that I am not gay and would never do such an act, so idk if you guys would say “oh well you didn’t fight back” or “oh you’re the victim”. I would never tell this to anyone but yeah I try to control my emotions and am very interested in human behaviour/emotions and I try my best to not to get emotional when writing this down. 
Please let me know what I can do ? I am not worried about his health I do not care if he dies, I belive that there is no emotional place in my mind for anyone that does such things to myself, it would be an insult to my person to care about him, I am simply worried about him fataly injuring me/killing me or me lose control while defending myself and hurt gim fataly/kill him and end ul in FUCKING JAIL ! I don’t wanna ruin my “promising” future life, I am tires of dealing with undiagnosed mentally illed oxygen wastes, it extremly infuriating, I do my absolute best to control myself and stay true to my promise of being “professional” and not emotion driven but fuck ! I am a human to at the end of the day. 
thank you if you read this.",
post,raisedbynarcissists,How to deal (or not) with a passive aggressive sibling living in the house as me?,https://www.reddit.com/r/raisedbynarcissists/comments/xlt26r/how_to_deal_or_not_with_a_passive_aggressive/,2022-09-23 02:48:49 PDT,5,"I don’t know if I’m in the correct community but I’ll try to anyways because maybe some of you may have some good advice. I’m older than him but he’s in the age where he can decide whether to act like an adult or not. So we both stopped talking ever since we were teenagers, and then we grew and I got used to it honestly and then I reached the point where I let go of any resentments towards him and just let it be so I can be at peace, but then his passive aggressive behavior is just starting to bother me since it’s constant. It’s like he’s always have something against me or angry at me when we don’t even talk, it confuses me to the point that I get angry and I don’t know where to take my anger out because one, I’m older, I don’t want to get into an argument anymore but it is so irritating, to feel someones negative energy towards me everyday, specially still living in the same roof. Any advice on what or what not to do?",
post,Advice,Passive Aggressive Sibling Revenge,https://www.reddit.com/r/Advice/comments/v69izv/passive_aggressive_sibling_revenge/,2022-06-06 11:00:42 PDT,1,[deleted],
post,cats,Aggressive sibling,https://www.reddit.com/r/cats/comments/ujwuqd/aggressive_sibling/,2022-05-06 13:44:06 PDT,1,"I have 2 kittens (now 11 weeks), whom I adopted at 8 weeks, male and female, siblings. Overall they’ve gotten along great, sleeping/playing/eating together nicely. The male has grown much more than the female - he’s about 10 oz heavier than her so far and visibly larger.

Recently I’ve noticed that when they play he gets really charged up, and even aggressive. They both have their turns at being the “lead” in their play (chasing each other, pouncing on the other, etc). But as he gets charged up he can bite her too hard causing her to squeal. I even heard her growl yesterday. I don’t think he “means” to be aggressive, eg ears aren’t pinned back or anything (though he did swat the floor with his tail yesterday). But by size and weight alone he out-classes her and when he gets riled up his behavior seems aggressive. 

If I separate them to let him cool down, a short while later he can be happy and purry. It’s almost (and I say this as a layperson, not a professional) as if he’s bipolar or something. I’m afraid when I’m not here keeping an eye on things he might hurt her.

Is this a common thing? I’m familiar with cats and had one years ago but this is my first time in this situation with a pair of kittens, and I’m probably overly protective.

TIA!",
post,aww,"Meet Lilac and Malu, aggressive sibling snugglers",https://www.reddit.com/r/aww/comments/t6gg37/meet_lilac_and_malu_aggressive_sibling_snugglers/,2022-03-04 02:56:04 PST,188,,https://v.redd.it/2znthdb9lcl81
post,CPTSD,Sharing a room with two Hostile Aggressive Indifferent Siblings,https://www.reddit.com/r/CPTSD/comments/sp10eo/sharing_a_room_with_two_hostile_aggressive/,2022-02-09 23:44:30 PST,3,"Both of them are (31M), and (27M). The most aggressive is the 31M one ironically. Outside of this, I live with an aggressive sibling with autism (21M), that actually frequently attacks me, but let’s ignore him for now. The ones that are both present in my room are extremely hostile, they never lay a finger on me, but do EVERYTHING to make my life a complete miserable shitshell. For example, there is a window that connects to the outside I use to frequently leave the room. Once you lock it, it’s impossible to unlock from the outside. The 31M one locks it on purpose so I can’t use it. If I turn the fan on, he turns it down to a very weak signal, or off, the room is very hot/dry. They steal/rob stuff when I am not in the room. I suspect the 31M one stole my glasses a few weeks ago. And lastly, and the most worst, they leave the door open so the autistic (21M) CAN attack me and give no shits. I recently lost my best friend Amy (9F), and I’m not pointing fingers or anything but these people have contributed NOTHING to help her, and were STILL hostile until the day she died. They contributed to a lot of stress, my dog loved me and she always knew when I was stressed out because of them. That goes to shows you their morality, literally at point zero. I am on my wits end. My dog was the only one who could make me sane, and now that she’s gone, I think it’s just going to end up in a clash against me vs (31M), (27M), (21M) and I will probably lose. Or I move out and honor my late beloved dog. I cannot stand it anymore, and am very upset. End of rant.",
post,Advice,how do you ignore a toxic passive aggressive sibling,https://www.reddit.com/r/Advice/comments/rt9wvx/how_do_you_ignore_a_toxic_passive_aggressive/,2021-12-31 18:56:54 PST,1,[deleted],
post,JUSTNOFAMILY,My parents shit relationship ruined my idea of love,https://www.reddit.com/r/JUSTNOFAMILY/comments/rph0ae/my_parents_shit_relationship_ruined_my_idea_of/,2021-12-26 22:37:51 PST,3,"
As a preface maybe love isn’t like it but living in a broken home distorts your idea of love.

Firstly my mom = affection stay at home mom

My Dad = does most of the work,pays most of the bills, but unaffectionate and insecure


Majority of the time my parents get into it as 1) my mom still doesn’t have a job 2) my dad having kids outside the house


I’m always on my toes bc they’re always arguing middle of the night I’m sick of it. My mom subconsciously talks shit abt him to me. Which actually proves her point bc my dad doesn’t talk to me at all and if he does it’s negative, he said one time “You’re just like your mom, you won’t achieve anything and I never liked you anyways .I’ve tried to go out of my way to talk to him he keeps it short and ends it early. At the same time my mom would tell me that I should keep on trying to build a relationship w him or else his other kids would have it.  



Back to the relationship thing. My parents have never been on vacation w each other, majority of the time, sleep in different beds and argue. At the same time it fucks me up bc is this marriage. They keep on saying she’s staying for the kids but that’s fucking bullshit. I’m sick of both sides I just wanna graduate and get the fuck out of here (I’m 17). They take the smallest things and blow it up for no reason. I’ve seen some shit myself which I’m not gonna bring up. But never everrr ever take accountability. Neither sides. I sometimes say you guys really fuck up the way I interact w others, but they turn and deflect saying their marriage is fine and I’m just “imagining things” darrg I need to get the Fuck out of here man. I got 6-9 months left. Should I cut off my entire family?

I have no friends anyways. I’m a senior never been in a relationship but seeing this shitshow I don’t even wanna get married….what the fuck should I do after high school go nc on everyone…even passive aggressive sibling?",
post,family,Siblings of aggressive children,https://www.reddit.com/r/family/comments/rigzdt/siblings_of_aggressive_children/,2021-12-17 05:02:58 PST,2,"How did you experience your childhood, how did your parents behave towards your aggressive sibling and how is your relationship to each of them? Have things improved after you moved out? Did you ever feel left Out by your parents because the sole attention went to the aggressive child? Die you feel any pressure to be ""the good one"" for compensating your siblings outlashing? 

I Wonder, how other people dealt with this, especially as Christmas is coming closer and I absolutely resent the Idea of celebrating with my brother (aggressive, drugs, stealing from family members, smaller legal difficulties).",
post,needadvice,I need help with an aggressive sibling,https://www.reddit.com/r/needadvice/comments/lt8ftq/i_need_help_with_an_aggressive_sibling/,2021-02-26 13:34:18 PST,1,[removed],
post,relationship_advice,How to deal with a passive aggressive sibling?,https://www.reddit.com/r/relationship_advice/comments/ln3e83/how_to_deal_with_a_passive_aggressive_sibling/,2021-02-18 17:43:52 PST,1,[removed],
post,relationship_advice,How to deal with a very passive aggressive sibling?,https://www.reddit.com/r/relationship_advice/comments/ln3djq/how_to_deal_with_a_very_passive_aggressive_sibling/,2021-02-18 17:42:55 PST,1,[removed],
post,relationships,Me(19M) at wits end with passive aggressive sibling (22F),https://www.reddit.com/r/relationships/comments/lfpk9q/me19m_at_wits_end_with_passive_aggressive_sibling/,2021-02-08 15:58:26 PST,1,[removed],
post,memes,"Passive aggressive sibling rivalry, I think",https://www.reddit.com/r/memes/comments/l1a9q3/passive_aggressive_sibling_rivalry_i_think/,2021-01-20 06:31:13 PST,55,,https://i.redd.it/hfmwhfbrzhc61.png
post,poor,When life gets you down,https://www.reddit.com/r/poor/comments/jxmj23/when_life_gets_you_down/,2020-11-20 02:11:01 PST,33,"Edit: had to correct a spelling mistake people very ✨kindly✨ told me I made. English isn't my native language and I have autocorrect on to try and help me write. Sorry for the error. 

There are weeks where I barely get by myself as covid is preventing me from getting a job in my new city. But I am currently living off of My study funds from the government. (Also, continuously looking for a job). 

Here's how I get by: 
whenever I'm through I buy I big bag of bulk potatoes and frozen vegetables (peas, brocolli, anything).
I buy the milk that stays good for a while and I get 2 or 3 at the start of the month since I use this for cooking as well as in coffee.
I get bulk coffee, 2 packs as I know that's how much I'll use in the month keeping guests in mind.

I have a rabbit that eats fresh veggies, so I get him what he needs as well, week by week and make sure it's stuff I can use in my own dishes as well so nothing will be wasted.

For bread I buy a new loaf and just take what I need on each day from the freezer. 

As for food, I usually make pasta dishes, curries and stuff like that in bulk, so I can freeze portions. This is exceptionally handy for when I've had a long day at school or feel like getting take out. It's the better yet still easy and healthy alternative.

I have quit smoking as it's a habit that just put me on my toes each month, Ive taken on snacking less as its not necessary. I try to live with these essentials.

If I'm in need of new clothes, I tend to buy one or two items each month if I need to replace anything. Try to mend any rips in fabric and go with the cheaper options. Primark might seems shit but they have some items that will last you forever, for example I've had a pair of pants from them for going on 3 years now.

I had to move out because of a very aggressive sibling that was threatening my life. I'm safe now and far away. Life by myself isn't easy and I'm learning these tricks as I go. For years any money I made would have to go right back into my family so I had no savings at all starting out. I regret this but also realise that this was necessary.

Things will be better. Try to buy in bulk and freeze meals. Take care",
post,felinebehavior,Aggressive Sibling and Unprovoked Attacks,https://www.reddit.com/r/felinebehavior/comments/j1ln5d/aggressive_sibling_and_unprovoked_attacks/,2020-09-28 14:43:06 PDT,3,"I am having a problem similar to the poster a few days ago about unprovoked attacks. I have two indoor cats who are brother &amp; sister, 6 years old, and have been together since birth.

Brother cat is a giant lovebug and not a fighter. Sister cat is the hunter &amp; fighter of the two. A few months ago, I picked up Brother cat to give him some medicine. He let out a ""mew"" and completely unprovoked, Sister cat comes running in and attacks him while I'm holding him. I ended up dropping him, they scuffled, and Brother cat ran downstairs to hide. Sister cat was loudly meowing and growling for about 20 minutes, staring at me and hissing with dark eyes (she was basically Satan). And then she just stopped. She came up to me purring and licking me and being sweet as could be. Brother cat tried to come upstairs and she turned into Satan again and chased him downstairs. They acted like this for about 5-7 days until all of a sudden things were calm and they were fine.

Then on this past Saturday (2 days ago), again - completely unprovoked, Sister cat ran after Brother cat and attacked him. It's weird though. Like, this morning when I woke up, they were both on my bed as they normally are. We got about 10 minutes of cuddle time together, but I tried to not bring attention to Brother cat since he's the bullied one. I just pet him so he knew I was there, but Sister was sitting on me for her morning cuddles. But as soon as I got in the shower, I heard them fight and when I got out, she acted like everything was fine and Brother was hiding in the basement. 

The only thing I found that stops her is my dry shampoo. If I get it out and spray it towards her while she's psychotic, she'll immediately run away and calm down. I'm walking around my house carrying dry shampoo everywhere I go as if it's a weapon.

I haven't called her vet yet, but I'm thinking I may need to this time. I also haven't tried any of the calming diffusers or sprays. Does anyone have any good results from using them? I don't want to waste my money on them and the reviews are all over the place. I don't know how well to trust some of the reviews on Amazon, but would love to hear someone else's experience using those products.",
post,relationship_advice,"I, (13f) have a very violent and aggressive sibling (11f) and I don’t know what to do",https://www.reddit.com/r/relationship_advice/comments/hxexuf/i_13f_have_a_very_violent_and_aggressive_sibling/,2020-07-24 19:18:00 PDT,9,"Recently, my younger sister has become more and more violent. She will lock herself in rooms with an iPad and candy and barricade herself. When someone tries to talk to her, she will scream and yell and hit. When l go in my room, she will bang on the door with objects and try to get in. More recently, she has been grabbing weapons like a drill from the basement and threatening people with it. Even on days when she isn’t crazy, the slightest thing will set her off, and she will scream at the top of her lungs. She quit all her activities and refuses to do anything but sit on an iPad all day. Most of the time the meltdowns happen at night and I have a difficult time going to sleep because I have to sit in front of the door to stop her from getting in. This relationship is really putting a strain on my family, and my parents aren’t much help. They are always yelling at each other. The yelling and fighting happens everyday and it’s getting really hard for me to deal with it. In addition to yelling at each other, they yell at me a lot. Also, I play a competitive sport at a high level and with all that is going on with my sister, my parents want me to drop out. I already have anxiety and this situation is stressing me out really badly. I don’t know what to do.",
post,avengedsevenfold,Best album,https://www.reddit.com/r/avengedsevenfold/comments/gr101u/best_album/,2020-05-26 10:05:40 PDT,14,"Super new to reddit so I don’t know who sees this and who doesn’t but I’m happy to find fellow A7X fans. Which album is their best? (Imo there are 5 right answers) 😂


Edit: Saw everyone throwing in their reasoning so I’m gonna add to this 

1. The Stage - I didn’t like this album at first, and frankly couldn’t even finish it. I thought Matt’s vox were too raw to fit their otherwise melodic sound, but after the 2nd-3rd listen it really clicked, especially when I finally got to exist. The super experimental prog sound, brooks and syn being a match made in heaven, the maximalist take, the gloomy futuristic subject matter you could tell they had fun again with this album and they needed to blow off A LOT of steam after the low BPM stinker that was HTTK. 
Best Track - Exist

2. Nightmare- It’s so tough to rank these albums from year to year I swear it changes but I think Nightmare was really the culmination album especially when The Rev passed away. They had to pick themselves back up and try to put the pieces back together which after losing a literal family member I couldn’t even imagine but they did and really took a bigger step into what commercial hard rock could be after the white album. Also, not everyone might agree but I feel like the prime years for Matt’s voice we’re from 2007-2012 before he obviously hurt himself, so this falls right in that zone. 
Best track - Save Me 


3. City of Evil/White album
I’ll go with City of Evil here not only for the fact that it was my first Avenged album but also for the sake of it being the album that really propelled these dudes. So much freedom and melody, from tracks like burn it down and sidewinder. I love this album sooo much syn and Matt SHINE. If waking the fallen is the dark, twisted, aggressive sibling this album is like its faster, sexier, more outgoing sister 😂
Best Track - The Wicked End 


4. White album/COE
My first CD I ever purchased when I was 10 years old, the cover looked cool and I was like “hey I know these guys from Guitar Hero!!” Hearing the incredible polish and more commercial sound really opened my eyes to not only rock music, but music in general. From a nostalgic standpoint this album really stands head and shoulders above the rest for me but I didn’t wanna be THAT biased. Plus watching the behind the scenes documentaries really helped me get into the headspace of these guys and through that I fell in love 😍 I’ve always loved A7Xs accessibility to their fans, it’s why they’re the best band out here. 
Best Track- Little Piece of Heaven  

5. Waking the Fallen 
Waking the fallen is a GREAT album however, it has always kind of sat as the 2a to the 1-4’s 1a in my opinion. (If that makes sense lmao) They were a different band when this album came out, heavy, dark, metalcore with a pinch of balladry. As a whole it’s super raw and blown out which helps me understand why a lot of you seem to like it so much. I can 100% respect it, just not the A7X I personally fell in love with. 
Best Track - IWSYT pt.1/2

6. STST
I’ve only heard this album through once, I don’t really count it but in making a point here it sits above the only album I DONT like from Avenged. 
Best Track- Warmness on the soul 

7. HTTK
Nope. I refuse. Coming home and Acid rain, burn the rest.",
post,domesticviolence,Aggressive sibling. I wanted someone to hear my journal. And validation. It feels nice.,https://www.reddit.com/r/domesticviolence/comments/ghw7og/aggressive_sibling_i_wanted_someone_to_hear_my/,2020-05-11 13:52:00 PDT,1,[deleted],
post,aww,I was hearing some mewing outside my bedroom window so I investigated and saw this little face peeking out at me (aggressive sibling was behind it),https://www.reddit.com/r/aww/comments/gammg2/i_was_hearing_some_mewing_outside_my_bedroom/,2020-04-29 18:49:05 PDT,5,,https://i.redd.it/a8bfwtu72vv41.jpg
post,DysfunctionalFamily,Being Back Home Sucks,https://www.reddit.com/r/DysfunctionalFamily/comments/g35rz7/being_back_home_sucks/,2020-04-17 09:53:08 PDT,52,"I separated from my spouse shortly before quarantine happened. We had been living apart for a while before that, but I spent a lot of time with them and was rarely ever home. Now I'm around my family 24/7 and it sucks. At first it was fine and I was happy because I was rebuilding relationships with them, but now they've gone back to treating me like I'm still a kid (I'm almost 25).

* My purchases are monitored + my parent tells me they're ""disappointed"" in me for spending money
* My diet is scrutinized and if I eat too much it's a problem; if I eat normally, I'm not eating enough. I'm made fun of for what I eat sometimes, and I get questioned about my eating habits a lot
* The things I want to do are apparently laughable, and I'm told that I'm not going to do it/it's a waste of time (painting, exercising, dancing, poi spinning, etc.)
* I'm expected to clean the entire house (2,500+ square feet) on my own, and I'm met with passive-aggression, insults (you're so lazy), and screaming if I ask for help
* When I buy clothes, I'm asked things such as, ""Are you sure that's going to fit you?"", ""Should you be wearing clothes like that at your size?"", ""Why don't you just wear a hoodie?""
* I'm ""dismissed"" a lot during conversations and straight-up ignored most of the time
* My parent and sibling get mad when I don't cook dinner and tell me that I should buy them delivery
* My fully-able parent wants me to do everything for them; bring them drinks, serve them food, take their socks off, let the dog out, bring them their glasses/shoes/car keys/whatever, change the channel, do their laundry, etc. If I say no (which I'm trying to practice because my marriage was super abusive + codependent), I'm met with whining and guilt-tripping
* On top of it all, I have the most passive-aggressive sibling in the world who slams things, throws things, yells about me, whispers to my parent about me, and will say things to my cats like, ""your human is a stupid bitch, yes she is"". My sibling is in their 30's

I'm fortunate to not be spending this time with my abusive ex, and I know I have it a lot better than other people with abusive partners or families. It's really starting to wear me down, however. I was told ""bye, I'm done"" in the middle of a conversation today and it was the straw that broke the camel's back. I feel so dumb.",
post,askweb,What's the most aggressive 'sibling fight' you've ever witnessed or been a part of?,https://www.reddit.com/r/askweb/comments/dxbwyb/whats_the_most_aggressive_sibling_fight_youve/,2019-11-16 12:08:28 PST,1,[removed],
post,AskReddit,What's the most aggressive 'sibling fight' you've ever witnessed or been a part of?,https://www.reddit.com/r/AskReddit/comments/dxbwjl/whats_the_most_aggressive_sibling_fight_youve/,2019-11-16 12:07:37 PST,1,,
post,TalkativePeople,/u/adhesivel0ve on What is the most aggressive sibling fight you remember from childhood?,https://www.reddit.com/r/TalkativePeople/comments/c2y73t/uadhesivel0ve_on_what_is_the_most_aggressive/,2019-06-20 09:31:50 PDT,1,"I was squabbling with my brother about who's turn it was to watch TV, he pushed me and started choking me with so much anger, I kept calling my grandfather (since he was the only adult in the house) so he could get him off of me but well, my grandfather is deaf on one ear and my screams could be barely heard. Finally, I got the strength to push him back and he landed on a lattice window and broke one of them. I ran quickly to the living room where my grandpa was and well, to not make it any longer, my brother and I didn't talk for months, I was about 10 and he was 15.",
post,AskReddit,What is the most aggressive sibling fight you remember from childhood?,https://www.reddit.com/r/AskReddit/comments/c2xkob/what_is_the_most_aggressive_sibling_fight_you/,2019-06-20 08:41:49 PDT,3,,
post,mentalhealth,Treatment... is there really a cure for chronic MDD? I am stuck; what should I do from here?,https://www.reddit.com/r/mentalhealth/comments/bjamk0/treatment_is_there_really_a_cure_for_chronic_mdd/,2019-04-30 17:02:04 PDT,1,"Hi all, just wondering if anyone could help me come to a decision about what to try next, as I am really stuck. This is going to be kinda long because there are some complicated factors, but I hope someone will have some time to hear me out and perhaps throw a few ideas at me.  


First, some context for my situation: I grew up with family violence, an alcoholic parent and a violently aggressive sibling, which means that I had ongoing exposure to regular traumatic experiences as a kid. In addition to this, I seem to have a much more sensitive personality than the others in my family, my emotions and experiences were usually ignored/overlooked/dismissed because of other things going on. I was basically ""on my own"" all through childhood, I had no adults for support, no safe places to go (except for school when I was little; as I got older school also became an unsafe place because I was bullied).  No doubt all of this stuff set me up for depression which set in during my early teens. I was diagnosed at 19 with depression, went on my first medication at around 20 (fluoxetine). I'm now in my early 30s. The most prominent psychological symptoms tend to be that I hate myself, I feel I'm an inferior person to everyone else, I'm never good enough, have a REALLY harsh inner critic etc. In a nutshell, I guess I wasn't raised in an environment that let me learn I'm an OK person and that I am loved. Instead my mind became very self-hating. Physical symptoms tend to be that sleep a hell of a lot, and feel tired and fatigued all the time.  


Most recently in my life I have been diagnosed with treatment-resistant major depressive disorder, by my local hospital's mental health department. Since my early 20s I have tried a bunch of the SSRIs (fluoxetine, citalopram, venlafaxine, sertraline, escitalopram, and some others I can't remember) and none of them have been all that satisfactory. Some of them I couldn't stay on for long because I couldn't cope with the side effects. I recall fluoxetine being great to begin with and then ""pooping out"" after a year or so. Because I was scared of going on really high doses of it, I opted to start trying different medications. A bunch of meds didn't agree with me, and in my mid-late twenties I was on sertraline. I found that out of all of them, sertraline really gave me the best mood boost most of the time, and I think a bit of an energy boost as well. 

About a year and a half ago I went to my doctor and told her I wanted to find a drug that would work but wouldn't cause the sexual side effects I have (which is, basically no sex drive and no ability to orgasm). I am married and have been on antidepressants pretty much my entire marriage, so we have not really ever had a time that we enjoyed a loving and active sex life together. My doctor switched me to escitalopram to give that a try. I think it made me tireder than sertraline ever did, and I don't believe it improved my sex drive at all. She looked into more options for me and decided to refer me to a psychiatrist at the hospital, plus a therapist because I was having really bad bouts of depression still. So currently I've been trying some different meds with the approval of my psychiatrist; last year I tried a combination of escitalopram and aripiprazole (Abilify) which was meant to help get my sex life back and give me some more energy. Aripiprazole was HORRIBLE to start up on (I had migraines and fainting), and then once I was on it for a while I found it didn't do anything for my energy, and only a very little for the sexual side of things (my orgasms came back but they were SO DULL). Most recently my psychiatrist let me try bupropion (Wellbutrin to some of you). I had really high hopes for it because I've read about it helping sexual side effects and energy levels. I came off escitalopram completely before starting bupropion. I was on bupropion for 4 weeks, and stopped about a week ago because I just can't tolerate how fast it makes my heart beat. My anxiety also went way up and I found myself constantly fretting about my daughter's wellbeing (I kept convincing myself she was going to stop breathing at night, or that any mild symptom of illness meant she was going to die). I got so jittery and worried about things that I just decided to stop. The ONE good thing about bupropion though is that it helped my energy levels amazingly, and my sex drive went back to normal. 

&amp;#x200B;

Now, this is where I'm stuck. I am currently not taking ANYTHING, and I don't know if I should continue taking nothing, go back to sertraline, or try something new. In the past I have attempted to come off medication, and failed miserably. I thought then that it was my depression relapsing, BUT I know now that it could have been withdrawal symptoms that made me feel so bad. I have read these symptoms can last for months for some people. Currently I have been off escitalopram for about 5 weeks, and off bupropion for 1 week. I could still be at risk for withdrawal effects impacting on my mood. I am feeling okay, but have found myself feeling more ""doom and gloom"" about life (anxiety about everything, I've been more teary and crying, I've been more irritable etc). I'm certainly not as ""happy"" or coping with things as well as I was on sertraline. I am worried about the potential consequences of having untreated depression. My daughter is three, and needs a loving and caring mother; I am worried about the impact of my mood on her psyche. Also about the impact on my relationship with my husband and friends/family. 

My hesitancy to try something new (which would be tricyclics) is that I am SO SICK of going through all the starting/stopping symptoms associated with trying new meds. Also the disappointment of yet another one not working out. I think I may have even mentally 'primed' myself to expect failure, and I'm not sure if that affects my overall results with any of the meds. Also I know that with tricyclics they have even MORE side effects than SSRIs do, and I don't think ANY of them come without the sexual side effects. I really just don't see the point in trying another med.

My hesitancy to go back on sertraline is that even though I know it probably gave me the best mood boost, I KNOW it will take me back to having a dead sex drive, and I hate that. What is the point in having a sexless relationship with my spouse. I know that sex isn't everything but it is an important part of a romantic relationship. I know that many sexless marriages end up being cold and distant or they just, well, end. This in itself contributes to depression.

  
I just want a treatment that will allow my body to continue working as it should, and I don't feel any of my medication options allow me that. I want to return to work soon, so I also don't want to be back on anything that's going to make me really tired.   


Is there hope for MDD \*without\* medication? I mean I have read a lot of stories of people who say they ""beat depression"" without medication, but were they suffering from chronic major depression and anxiety? I should mention I researched and tried a bunch of supplements in the past but none of them helped me as much as SSRIs did. Would intense therapy help me be happier? How do I train my brain to stop hating on me and instead be more loving? Would that give me more stable feelings? I'm not looking to feel happy all the time, but to have more of a sense that life isn't frightening and that I am actually capable of functioning as a normal human being on society. I have an opportunity to train for my dream job soon and I don't want to fuck it up because of my mental and emotional instability.   


Has anyone else been in this situation? What did you do, and why?",
post,Parenting,when your kid seems to be the one that gets hit more...,https://www.reddit.com/r/Parenting/comments/9pk8fo/when_your_kid_seems_to_be_the_one_that_gets_hit/,2018-10-19 07:18:21 PDT,0,"Edit because i guess I need to clarify some shit.  
I have a 4 year old.  I am the mom who watches play time, who just about always has an eye or and ear out bc I know anything can happen any minute.  I teach my kid good manners and she has learned hitting is not acceptable neither is ripping stuff from people’s hands.  

I console my kid and I’m pretty sensitive when it comes to her I am mama bear and I’ve always been the one to step in when I am there and when it’s necessary. No I don’t stand by and do nothing if my kid is hurt and it wasn’t her fault.  

She is wonderful and understanding at times however all kids have their issues and I want to help her manage hers the best I can to prepare her for life.. bc that’s a big part of parenting.

My kid has many friends. 2 of her favorites from different fams  plus one of thei siblings are very  aggressive, it often leads to my kid freaking out.  Being her mom and a pretty compassionate mom I personally know she easily freaks out, that’s part of her personality she always has she had breath holding spells regularly from 0-the week before she turned 4.  Yes sometimes her freak out are valid but often they are exaggerated bc she is more upset something isn’t going her way.  A shove or someone taking something from her.  

I am looking for tips for me to help her manage.  I don’t want to end up just being a coddling mom but I want her to stand up for herself. 

She is 4 most of the kids she plays with is 4 and the aggressive friends also aggressive sibling is 2.  I won’t parent someone else’s kid but absolutely explain when they do something very wrong.  Every one parents different. I’ve already been accused of being coddling by her dad and one other person although I dont see it that way.  I can separate when she’s being dramatic and when something is actually wrong. 

She chooses who she likes the most and one of the people she likes the most is super aggressive and has hit her with a metal kids shovel when his mom was wat hung her for an hour as a favor while I was at a wedding.  He isn’t always aggressive as he does play and share with her and she likes that and she finds him fun to watch.

I have talked about it to these moms they know thei kid is aggressive but like I said I understand everyone parents differently and I do take breaks from zero certain friends bc it takes a toll on me as well seeing my kid get picked on.  

My girl is very prissy and girly and not aggressive. I’m trying to learn how to make things work a little better for her as she grows and I understand this is part of her personality.  But I do want her to be able to stand up to people. She isn’t one to let it go and walk away... but she will vocally flip out and also come get me if I don’t go to her right away.  I don’t want her to be like that forever.  Yesterday during a play date she freaked out bc I asked her to put the bowl of Oreos to share with 3 other friends on the playroom table.  She did 2 mins later she comes out freaking out crying and her hand was visibly red like it was squishe din something, hit or bitten. Turns out the 2 year old wanted 2 oreos and my kid was trying to be the Oreo police saying that’s too many at once and the 2 year old did something to my kids hand very hard where it left I mark.  I consoled her and washed her off and tried to get her to tell me what happens but she wasn’t getting to the part about what happend to her hand just about the Oreo crisis. It wasn’t til hours later she told me the details that the kid had hit her hand really hard.  However that two year old is aggressive and a brute and probably weighs more than my kid.  
It’s not worth getting hit over oreos and oreos shouldn’t create a hysteriacally crying situation.

One more edit, I’ll clarify this post isn’t what is wrong with her or me shitting about my kid.  It’s me not wanting to fail her and needing help on what I can do to help her grow and not fail her.  She’s mature that she’s never hit a kid and learned to not rip things from people befor she was one, but I need to learn how to teach her to manage and cope in a world that has a lot of aggressive people.  She’s extremely sensitive (as am I) I’d like her to cope way better than I do.  I refuse to coddle.  I nurture yes and praise but this world is ruthless and I don’t want to see her feelings get trampled over and over again.  I hate seeing her upset bc her friend wouldn’t give her a hug good bye I want her to handle different situations better.  As she grows I want her to be able to make friends and be happy and not just upset often over little things and I don’t want kids to not be able to see how great she is bc she’s too busy freaking out over non sense often.

I would retitle this post as “what can I learn to do to help my child to cope with the world as a super sensitive very vocal child” but I don’t know how and I don’t know how to delete this post to make a better one.",
post,relationships,"Me [24F] recently taken to hospital for stress induced chest pain, aggressive and autistic brother [22M] is making situation worse.",https://www.reddit.com/r/relationships/comments/7xce81/me_24f_recently_taken_to_hospital_for_stress/,2018-02-13 12:29:43 PST,85,"On Friday morning I was experiencing chest pain, my lungs felt bruised like I'd had a heavy cough for a week but I've not actually been sick at all, it hurt to breathe properly and expand my lungs. Work ended up calling an ambulance (more of a precaution I guess.)  Hospital told me I'm physically healthy, the pain is down to stress/anxiety. 


I had a horrible break up in December, was dumped 500 miles from home and was stuck with my ex (30M) until my 7hr+ journey home at the end of the weekend. Since, I've had vivid nightmares of him, struggling to sleep, waking up constantly, always tired. - This could be a whole relationship post in itself. I'm trying my best, but I'm still incredibly heartbroken. 

In January, a pay rise that I was promised has likely been taken away (my manager's budgets were slashed). Management acknowledges I'm doing work way beyond above my pay grade to a high standard, but now the promised raise (which still wouldn't reflect the work) is unlikely to occur.


I've been trying to cope with these issues and disappointment, but I currently live with my parents and younger brother, we'll call him Jon. He's gotten increasingly aggressive and controlling with me over the last 2 years. 

He has: 

*Picked up scissors and threatened to kill me, 3 separate times. 

*When angry: hits, kicks and punches me. 

*Pours water on my chair

*Stolen my stuff from my room and hides it. Denies he has it. 

*Kicks my door

*Bangs on our shared wall

*Trashes the bathroom every single time I clean it

*Stands outside my door in the dark for several minutes at a time

*Bangs the bathroom radiator that shares the wall with my headboard. 

*Demands to know where I am if I leave the house, see a film, etc

*Slams his door as hard as he can any time I enter the house

*Jumps up and down so he can stamp on the floorboard as hard as he physically can. 

*Screams

*Disconnects the internet router in his room constantly (only me and him really use it).


The stamping one he's been doing since I got home from the hospital. Today I had to go back to work, last night I was struggling to sleep. Jon came and put our cat on my bedroom chair. I politely asked him to keep my door open so she wouldn't be trapped in at 4am when she wants to go out and meow until I wake. He did and left.

At 1am, he woke me up by shutting my door knowing she was in there. I called for him to open it back up, he ignored me and went past to the bathroom. I got up, opened it, got back in bed. Within 5 minutes Jon was back, stood outside for several minutes then closed my door again. I admittedly snapped here: I was trying to sleep, I'm exhausted and in pain. I told him to fuck off and leave my door alone. He demanded to know why I wasn't sleeping, annoyed I'd heard him creeping outside. For the next 2 hours, every 15 minutes he went back and forth to the bathroom to keep disturbing me. (Wasn't actually even using the toilet.) I got around 3 hours sleep. 


My parents [57M/54F] won't do anything. I've begged for a lock on my room to which they said no because he'd kick the door down... My safety &lt; door. 

I've asked for them not to ignore me when I tell them he's harassing me. They've said I'm not allowed to call the police, they can't change him, won't institutionalise him (never asked for this, wtf?). Because of his autism, he's allowed a free pass to abuse me. I've been nice, polite, ignored his tantrums as best I can. Regardless, he takes his anger out on me because he can't do it to our parents besides swearing at them.
 

It's like walking on eggshells, he can't work and is diabetic. He won't self administer. His whole world is his bedroom and video games. If he dies in a game - violent mood and tantrum for days, same for if he sleeps in and misses a show. He can't be reasoned with, his logic is the only thing he'll stick to. 


I can't keep doing this, but my parents don't want me to move out. I don't feel safe around him but they just guilt trip me as if I don't understand his autism. He could be depressed - but they say medication is not the answer and won't get help for him. I've always made allowances for him, at 24 I'm used to having him as a brother but I don't want to compromise my safety - this makes me 'difficult' to my parents and that I'm overreacting. 


I feel emotionally and physically exhausted with all this piling down on me. I don't know what to do. I was hoping for the pay rise to move out, now I feel hopeless.   
  ---   
  **tl;dr**: Break up/work stress/aggressive sibling is negatively affecting my health. Parents won't help with brother, feel stuck and hopeless. What do I do? ",
post,getting_over_it,I want to get better without medication. Please share what has helped you in your recovery.,https://www.reddit.com/r/getting_over_it/comments/3gb0c6/i_want_to_get_better_without_medication_please/,2015-08-08 18:55:48 PDT,3,"Some context: I've struggled with depression and anxiety since my early teens. I grew up in a violent family situation - had an alcoholic parent and an aggressive sibling; lots of turbulence and walking on eggshells. Also was bullied at school. I grew up with incredibly low self esteem. 

I'm almost thirty now and doing better than I have been in previous years, but it is still really hard. I have no motivation. I don't socialise much. I avoid things I feel anxious about. My creativity has fizzled out. I spend prolonged periods of time feeling agitated and uncomfortable and not knowing why. I often feel like I hate everything. On days off from work I spend a lot of time in bed. I go through periods of emptiness and extreme fatigue. A lot of the time, nothing in life feels worth it, even though I have heaps of wonderful things going on for me. 

I've tried various medications since I was nineteen. They all seem to go the same for me: I feel better for a few months, then I just go back to being how I was. I am sick of medication. I don't see the point in taking it if I just end up being the same. Meds give me uncomfortable side affects too. Dry mouth. Very diminished sex drive, making intimacy with my partner difficult - which of course adds another reason to feel depressed about things. I feel like being on medication = next to no benefit, with stupid side affects that contribute to depression. So in this way, meds kind of make everything worse for me. Also, it seems more and more studies are cropping up these days showing that antidepressant medication is flawed and not as helpful as previously thought. 

So, I have personally decided I want to get better without the meds, and I am wondering if anyone else here has done this and could offer advice or encouragement. What has worked for you in your recovery, and what hasn't? I realise everyone's situation is different. But I do like to hear from many different perspectives. 

Also, I'd like to say that I am not at all implying people shouldn't take medication for depression. If it works for you then that's awesome. For me personally, I feel I am not getting any benefit, and that is a very hard thing to deal with.

So, I am open to recommendations of any kind - fitness routines, books to read, dietary and lifestyle tips, sleep tips, tips for getting some relief when in the middle of a depressive episode, anything. I guess the only thing I ask you don't give advice on is anything to do with religion/faith/finding God. I went down that road, it didn't do anything for me, so I respectfully ask that you refrain from giving religion-based advice.

One thing in particular that I think would be a good starting point for me is figuring out a way to get more restful sleep so that when I wake in the morning I am not covered by a fog of mental despair. Mornings are the toughest time of day for me. 

Thank you in advance!",
post,offmychest,Tangled web,https://www.reddit.com/r/offmychest/comments/2mhk2i/tangled_web/,2014-11-16 11:24:11 PST,2,"So this mess is messy - and very convoluted. But in the end - I cannot find a solution to the problem. I'm hoping a fresh fair of Reddit eyes will give a new image.  Sometimes you can be too close to a problem to see the solution. And a thank you for reading this; I'm trying to keep it super brief. 

My good friend (20+ years) is happily married and several children.  Let's call him John, and his wife is Mary.  Mary and I are also very close - calling ourselves sisters.  Mary's brother is also married. Let's call him Joseph and his wife Jane.  These are the source of the problem.

Here's the abbreviated problem:  Joseph and Jane (brother, hubby/wife) are actively trying to destroy Mary (sister, wife to my friend). This isn't simple sibling bickering - but a full fledged, non-stop, continuously running smear campaign. It's been ongoing for years. I've seen first hand the explosive blow-outs, the non-physical attacks.

The sibling rivalry could as simple as Joseph acting offended when people declare he and his sister look so much alike.  Or it could be non-proven attempts at ruining Mary's reputation in the eyes of her parents. Once there was a theft; and Joseph flat out declared he saw Mary in the vicinity and she was the only one possible of stealing it.  The problem with this one scenario was that he didn't realize John had installed video cameras in his own home for security purposes - and therefore there was proof Mary was NO where near the theft. (and there wasn't enough evidence to show that Joseph had stolen it, so the family brushed it under the rug).  The last campaign was pretty serious. Both Joseph and his wife Jane have been telling friends and family of John and Mary that Mary was having an affair. They've been telling friends (including myself) that John was emotionally destroyed, crying and confident that Mary was cheating.  

Mary and John are fine in their marriage. John knows that Mary isn't cheating on him - and that the campaign was based on lies.  However, because they pulled in people from outside - many folks may not know that Mary is the victim here.  John wasn't aware that this was going on for months. Mary only just discovered the problem and is destroyed. She's dealt with her brother's jealousy and pettiness for years. But this was a maneuver that struck too closely to ignore.  She can't move past this.  and I understand her feelings.  She is conflicted by the passionate need to fight them against their claims, to prove them wrong and initiate a reversal campaign to show them for who they are - the liars and schemers causing trouble.  

Here is where the logistics of the problem cause serious issues.  Reddit: these two siblings live in small houses next to one another. Neither pay rent/mortgage. The homes are owned by their parents.  Both siblings also work in the family business that is on the same property parcel. So as you can see, things are tangled!  Also - both siblings have multiple children. There are nearly 10 grand children that live on the parent's property.  They are not exactly isolated - they do live in a very congested neighborhood. They are well known and well liked in the area - their small business is a success.  Everything is good! Except the sbiling relationshiop. Bro and Sis live next to one another, work in the same family, share the grounds, etc.  Their kids share a giant yard with playground equipment, pool, etc.  

I don't know the brother's financials - but I know John and Mary can't leave. They were living a tightly budgeted life without rent/mortgage. It would quite literally break their finances entirely.  They won't be able to make enough to pay for a large-enough house/apartment for their many children. They are stuck there. Plus, because of the close proximity to the grand parents, she has built-in child care.  Something she would immediately lose if she left. John doesn't make that much money in his job.  He has a good job, good bennies - and flexibility that allows him to be a Daddy (his priority).  So they are living their budget, with the help of the grandparent's home/land. 

So Reddit. My friends, John and Mary (and their kids), are trapped. And they are the victims of an aggressive sibling, Joseph. No one in the family seems willing to stand up to Joseph. For anyone who is curious, it seems the cause of the brother's aggression is partly due to the parent's raising their children in a very sexist manner. Joseph was the boy and was younger than Mary. But their dad insisted on raising him as if he was the sole heir of the family business.  As the siblings grew up, Joseph was essentially spoiled and Mary raised very conservatively. Over time, Mary was allowed to join in the family business and she was the rock star of capability.  Joseph - who simply expected everything handed to him - continued to grow jealous.  As adulthood approached, this appears to have resulted in a spoiled-child (Joseph) who acts out whenever things do no go his way, and Mary who takes responsibility and family very seriously.  

As an outsider, I can give a neutral opinion: I never liked Joseph, even before I knew Mary as well as I know her today. When John starting dating Mary, I was eventually introduced to her family. I found Joseph petty, with a strong pinch of cruetly.  He isn't a good person. A blind man could tell.  His wife? She must have thought she bagged the winner (she got pregnant prior to marriage when they were very young). She got the best looking asshole around. 20 years later? She rotates between hating him and showing him off (Joseph is physically beautiful). Jane's not too bright, and peaked in high school. Now Jane is starting to take her anger out onto Mary's youngest child. The past year, Jane has shown unfiltered anger at Mary's youngest son (4yo) - by screaming ""I fucking hate you!"", or telling him (and only him) to get out of her house - while the rest of the kids remain. She is targeting a child!  I witnessed this - it wasn't just Mary's word against Jane.  

Ahh. That's the scope of the drama. In summary: Mary can't afford to get away from the situation. The parents know they made a mistake in the way they raised their son, but they don't seem capable of correcting their mistake with any action now. They just ignore the problem. The brother and his wife are increasingly growing aggressive in their attempt to hurt Mary and John.  Mary and John are pretty happy people who seem to enjoy life, and they have fun with their kids, etc.  Joseph and Jane seem to resent this and want to take it away.

My only thought was to remove themselves from the toxic relationship. But she asks: how to do this when she lives near and works with them both?   Plus their kids have been raised next door and are super tight - playing together every day. Mary thinks she'll be hurting her kids by taking them away; it will force to her abandon her kids in childcare (which they can't afford - remember there are several kids, including a 6mos baby).  John doesn't make enough to cover her staying home. And that doesn't even consider the cost of renting or taking on a mortgage. Financially - they are stuck. And they will be stuck until their kids get older.

The grandparent's provide a job and a home for both of their kids. They have a big safety net in this set-up. But as you can see, with one child trying to hurt the other, the safety net has become a trap. A horrible trap. I've proposed therapy for John and Mary to help them cope. They are considering it, but it hasn't happened yet.

That's it Reddit. I don't know what else to suggest. Does anyone have any ideas or suggestions to help us come up with a better idea?  I'm at a loss.  Is there some idea on how to encourage the grandparents to get involved? and if yes, what do you think they should do?  My earlier advice to ignore/avoid Joseph and Jane resulted in Joseph and Jane taking the problem out to a broader circle - involving outsiders and forcing Mary and John's hand. They  have to react to these accusations, and loved-ones are calling John to see if he needs help recovering from his wife's betrayal. 

In the end. There may not be any solution. But - I share this heart breaking situation to see if anyone can see outside the box we all find ourselves trapped in. If anyone had experience like this - share!  

I'm trying to talk Mary into starting her own business. This was the only idea I could come up with.  

If there are no answers, then I thank you for letting me share this.  I love John and Mary; and their kids are like my own.  To see this happening, and to know the intimate details, it breaks my heart.  I'm too close to think clearly; but I appreciate the chance to share. 

EDIT: wordings
",
post,comingout,I don't think I'll ever be ready...,https://www.reddit.com/r/comingout/comments/20xqzj/i_dont_think_ill_ever_be_ready/,2014-03-20 14:00:46 PDT,3,"Firstly, and before anyone begins to progress substantially into this post, I want to take the time to offer a preemptive warning as this will be a very long piece of text. It is a rant and, as such, I frankly don't care if anyone reads it. I just need to get this off my chest, to know that it is out there, and theoretically can be read by anyone. If you do read it and are able to offer me some advice, however, then I am extremely grateful and would like to thank you.

Where do I begin? Well, to start with the basics and what is relevant to this subreddit, I am a male homosexual sixteen-year-old and have known I was as such since approximately thirteen. Despite knowing for approaching four years, I have yet to tell a single living soul (excluding those through the anonymity of the internet) about my sexuality. There is, to be quite frank about the matter, no real reason for this other than pure fear and at times downright cowardice. 

My family are, for the most part, supportive. My father has made the occasional joke at the expense of gays, but nothing too insulting or insensitive and I think that most of it simply breeds out of a lack of knowledge about the matter. At almost fifty, sexuality views were slightly different during his childhood. Meanwhile, my brother is aged twenty-one and so will likely be moving out soon. Whether or not he supports my sexuality is, in the grand scheme of things, quite irrelevant. The last in my close family is my mother, of course, and I know for a fact she would be very support. When I was young (way before I even reached an age at which I had any concept of sex or sexuality, be it heterosexuality or homosexuality, in the first place), we were watching a TV show on the persecution of gay people. She explicitly said that, if I ever turned out as such, she would be okay and would hate for me to worry. Finally, my grandparents are openly homophobic. There is no doubt about it, which is worrying since they will likely be moving in soon due to disabilities and whatnot.

I'd like to think, however, that because I am their ""golden"" grandson (I am, not to slander my brother, the intelligent one instead of my drinking, smoking, borderline aggressive sibling) their opinions would not change of me based upon sexuality - even if they didn't support it. 

So, as far as things go and the stories I hear online, I don't think my situation is too bad. Why am I so afraid to tell them then? The simple answer is that I don't really know, but for as long as I can remember I have had crippling social anxieties which are most likely accountable on childhood bullying. My first two true friends in life both betrayed me. The first physically attacked me, but we fortunately moved houses shortly afterwards. The second and I still argue to this day. He literally blackmailed me, hacking into online accounts, stealing from my house, and even attempting violence to the degree of trying to suffocate me with a plastic bag.

This has left me with a petrifying fear of rejection, criticism and embarrassment. The Wikipedia page on social anxieties does provide more information, if I have not made it too clear. The fact is that, with anything which has the risk of criticism, rejection or embarrassment, I am terrified of it. This can be something as trivial as answering a question in class. Even though I know it, I won't say it on the off-chance that I'm wrong. It has, quite literally, been the bane of my life, the bane of my very existence. Said social issues and general nerves, as I am what you would call a ""worrier"", have meant that I can literally work myself into a state of panic attacks. The thought of telling people of my sexuality, which is something that I am probably the most likely to receive criticism or rejection for in all my life, terrifies me. I feel physically unable to do it.

The problem is, however, I want to ""come out"". I'm sick of living a lie to the people who supposedly care about me and, more importantly, I want to experience the perks of being openly gay. I want to finally begin searching for that special someone, because unlike my heterosexual counterparts I have yet to even date a single person in my life, and hopefully meet them. Regardless of what anyone says, after all, being single sucks. That's not to say you can't be happy as such, but to say that it's better than being in a relationship is a lie to anyone but the sociopathic. There is simply something nice about the thought of having someone there for you, someone who cares for you on a deep level. 

Furthermore, I feel unmotivated with life. My life is a lie and, besides my one friend who I'll likely lose when I head off to sixth-form in September, I have no one to share it with. I spend my evenings alone, often on the computer or wallowing in self-deprecating pity. I'm not miserably, but I'm certainly not happy. I've gained a fair amount of weight, yet lack the motivation to lose it. It's just, to be blunt, awful.

TLDR: I feel as though my life of a lie, of not being open with my sexuality, is holding me back. I think that ""coming out"" would improve my confidence and, consequently, improve all aspects of my life. I want to do so, but I can't because I'm simply terrified of the idea. What can I do?",
post,AskReddit,What should I do about abusive/aggressive sibling?,https://www.reddit.com/r/AskReddit/comments/15i2uc/what_should_i_do_about_abusiveaggressive_sibling/,2012-12-26 20:03:41 PST,0,"  My brother is a psychopath, sometimes. He is in his late teens, barely made it out of high school and is actually doing okay in the military (he is a Marine). He is great at grunt work and can be helpful with heavy lifting tasks but is easily set off and becomes extremely violent and rude. I don't know if it is bootcamp or what, his vocabulary consists of mainly cuss words and profanities (awkward when grandmother is around for holidays). I have to watch what I say around him because any kind of advise I give must come across as hostile towards him and he has to be aggressive to assert dominance. (ex Tonight. I mentioned to him to watch his loud tv program in his room [we set up cable there for when he visits] instead of the family room next to where my parents sleep since they had work in the morning. His reply was ""The only reason you don't have a broken jaw right now is because you're my sister! All you have done has pissed me off."" Apparently he was still set off I called him out in the car earlier today for not wearing a seatbelt on our way back from a family outing) He barks a lot, but it happens far too often to be normal.


 In my eyes he has an agressive temper that resembles a bit to the crazy psychos that go on killing sprees at malls because they are mad at society. I highly doubt he would ever turn a gun on a civilian, but he would gladly get into a fight with metal baseball bats. He doesn't mind bragging about blowing up foreigners that are a threat to Americans. He has the jar-head mindset to kill terrorists and ""threats"", his mental stability makes him prone to lash out without thinking. He has been physical aggressive towards me in the past (HE DOESN""T BEAT ME!! Want to make that clear) and disrespects my parents on a daily basis (ex. when Mother asked to take off his hat at the dinner table, he glared at her and ignored. ex2. when asked to come home for Xmas dinner at 5:30, he shows up at 6:45 after Mom finally leaves message saying Dad would drive to friend's house to make sure he was alright [he was screening his calls]).


 He is still very young. How should I handel talking to someone about their aggression when they are not willing to listen to other's opinion? He loves the advise of his redneck friends, but will seldom listen to his family who actually care about his well being. Is he going through a dirty,] rough phase, or is he being set up to become a killing machine? Any advise is welcome, including if I am being too sensitive. It is weird for me being the older sibling when he talks down to me infront of others.",
post,lgbt,"because it's always the Christians going gay instead of the other way around, I've never come across anyone anywhere who can relate:",https://www.reddit.com/r/lgbt/comments/n2ike/because_its_always_the_christians_going_gay/,2011-12-06 06:30:05 PST,20,"tl;dr at end. 

First off my brother and I were emotionally abused throughout childhood/adolescence by our father. We would do anything for his approval. I was the more aggressive sibling and often acted out on my brother to deal with the abuse. My family is conservative Christian, but not pushy about it. We never really went to church.

My brother identified as gay &amp; atheist (liberal, too) in middle school through first years of college. He never told me, tried to hide it, but I wasn't stupid. In the beginning I didn't know how to handle it. I didn't think he was really gay. Rather, I felt like he was so afraid of disappointing our father he self-prophecied into being gay. Plus he was the type to go along with whatever a group wanted to do. The gay crowd was so accepting (and my brother had a problem with bullies, low on the totem pole), I think he was drawn to them. So I resented him for being ""gay"" and ""going along with the crowd"". Wrong, I know now, but we were both children. 

Long story short, when he finally did come out to me at 19/20 (I am finally living on my own, brother still at home), so much anger and resentment had been wrapped up inside me for so long that I couldn't even thank him for telling me. I just said, ""okay"" like he was telling me he was going to a football game. That was all I could manage. Looking back I am ashamed and think of that conversation as one of my great, great failures as a sister. 

Then a couple years later, my brother suddenly becomes a Christian. (Side note: I have zero problems with Christians. I carried the title myself for a time, before slipping back into the familiarity of agnosticism.) In full My Brother fashion, he is very vocal about this and how much better it makes his life. He tells everyone about his newfound faith. I actually in the beginning think this is a pretty brilliant tactic while he is living at home. My parents can't disapprove and it gets them off his back about being without a girlfriend. I think it's a phase, like all the other phases he's gone through. I comfort myself by believing when he moves out, he will find people who accept him for who he is and finally be able to heal from the abuse and be free to be himself, just like I did. 

It's not a phase. He still lives at home, this is 3 years later. And it's not gentle Christianity, it's fundamental stuff. He now ""abstains from the homosexual lifestyle"" because it is immoral. I said I was voting for Obama, he asked me why I would vote for a Communist (from my once liberal brother!). He talks about how science is just a tool that tries to disprove God, when I am a scientist, working on my PhD. He posts facebook statuses about how Satan uses the people closest to Christians to lure them into sinning, and it gets 20 likes by his church friends. 

Basically, even if I came to him now to atone for my sisterly failings and told him it was okay to be gay, he would see me as a tool of Satan, trying to get him to rebel against God. 

I have told him many times how sorry I am for how I treated him when we were kids, but he just looks at me blankly, and assures me nothing I did ever hurt him in the slightest. It's like he's repressed all the years of what a bullshit sister I was. I can't even apologize for it, because he won't admit I hurt him. 

tl;dr. My brother was once gay and atheist, I didn't disapprove but didn't support. Now he is super-conservative, super-Christian to the point of being a stereotype, and I relate even less. I miss the gay atheist he once was, I miss my brother. I don't know how to talk to him or what to say because all I get is Christian robot responses. Do I just give up and let him be what seems to make him happy? ",
post,pics,Passive-Aggressive Sibling Rivalry.,https://www.reddit.com/r/pics/comments/cnlcx/passiveaggressive_sibling_rivalry/,2010-07-08 22:56:41 PDT,6,,http://i.imgur.com/Eqm8T.jpg
