type,subreddit,title,url,datetime_pst,score,body,media_url
post,AllocateSmartly,"confettofetti's SPY + TIP de-lever golden ratio, run on real funds back to 2008 (18.9% / -37%)",https://www.reddit.com/r/AllocateSmartly/comments/1uscjan/confettofettis_spy_tip_delever_golden_ratio_run/,2026-07-09 20:49:52 PDT,3,"This started as u/confettofetti's r/LETFs post last week, and I liked it enough to rebuild it properly on our engine with real fund data instead of the simulated series. Credit for the idea's theirs.

The setup is 50% UPRO sitting on top of an equal-weight golden-ratio sleeve, momentum, small value, managed futures, gold, long treasuries, but only while both the S&amp;P and a TIP canary are above their 200-day. When either drops below, you take UPRO off and hold the same sleeve at full weight. So it never sits in cash, and because both states share the sleeve, the only thing that actually trades on a signal flip is the UPRO leg. That shared-holding trick is what keeps turnover sane, more than the band does.

On our engine, 2008 to now, it came out at 18.9% CAGR, -37% max drawdown, 1.05 Sharpe, 1.61 Sortino. The drawdown lines up almost exactly with confettofetti's own 37% figure, which is reassuring. I can't honestly run it back to 1988 like the original though. The binding constraint's managed futures, whose proxy chain only gets me clean to about 2007, so anything before that's more simulation than I want to post.

The TIP gate's the part I keep going back and forth on. It clearly earns its keep in the rate-shock years, but 2013 is the scar. The taper tantrum shoved TIP under its 200-day while equities kept climbing, and you eat a whipsaw for nothing. Against our existing SPY-plus-TIP dual-gate strategy it's the more aggressive sibling, about five points more CAGR for eleven points more drawdown, and basically the same Calmar.

Has anyone here tested whether a real-yield signal fires cleaner than the TIP price series through 2013 specifically? That's the piece I'd most want to improve.

https://bestfolio.app/strategies/golden-ratio-dual-gate

EDIT: full free writeup with the complete rules, year-by-year numbers and the 2013 analysis, no account needed: https://bestfolio.app/blog/golden-ratio-dual-gate-explained?utm_source=reddit&utm_campaign=golden-ratio-blog",
post,raisedbynarcissists,I'm so fucking tired of having to be the one who needs to understand or forget,https://www.reddit.com/r/raisedbynarcissists/comments/1uqd7tx/im_so_fucking_tired_of_having_to_be_the_one_who/,2026-07-07 17:29:04 PDT,0,"I grew up as the really aggressive sibling who goes and confronts. I feel I developed this partly because of trauma and just being hurt and hated so much. My sister was the golden child and she just remains neutral no matter what thinking always staying neutral brings peace and she has the privilege of being neutral. 

I really love my brother and he deals with it by laying down and just taking it. He says he is willing to be hurt to keep peace. But I actively fight. I admit this coping mechanism brings me a lot of issues. I carry a lot of bitterness and resentment sometimes I don't know how to let go of. 

But I confront my parents about shit they do. I get absolutely furious when they go after my brother and even my sister. They start whole conspiracies about me that made others resent me and treat me as a villain 

""I want to turn people against each other"" ""I hit my dad because I was going crazy and I'm spoiled (he attacked me and grabbed me on the neck)"" ""I think that I'm abused and I told people I was being abused"" 

I had been hurt so much by things done to me and I don't welcome people who hurt me right back into my arms when they showed no remorse, no apology and intent to do it again. Oh but No I have to understand that they were abused by their parents and had a bad childhood and oh they didn't mean to hurt you even if they didn't care they hurt you they are just broken. Why am I the one who always has to forgive and understand people. When have they ever shown me such courtesy. When have they ever just forgiven me for something. I hate that I always just have to accept this shit. I don't take my anger out on others who had nothing to do with it. But they do.",
post,boltaction,[Review] Ambush Miniatures E-10 & E-25 Tank Destroyers (28mm resin) – what-if Panzer prototypes,https://www.reddit.com/r/boltaction/comments/1uay9ha/review_ambush_miniatures_e10_e25_tank_destroyers/,2026-06-20 07:40:07 PDT,59,"Full review with build photos and scale comparisons:  
[https://www.chaosbunker.de/en/2026/06/20/review-ambush-miniatures-e-10-and-e-25-tank/](https://www.chaosbunker.de/en/2026/06/20/review-ambush-miniatures-e-10-and-e-25-tank/)  
  
We're taking a closer look at two tank destroyers from Ambush Miniatures' new Kickstarter ""Panzerdivision Cerberus"" — part of a six-vehicle line covering E-Series prototypes that never left the drawing board (E-10, E-25, E-50, E-75, Panzerkampfwagen Löwe, plus a Flak variant).  
  
The E-10 was meant to replace the Jagdpanzer 38, with a lowerable suspension to cut its silhouette by up to 40cm — and the kit actually replicates that, with track sections for both configurations. The E-25 is the more aggressive sibling, sized to take on medium armour, with a rotating MG42 cupola.  
  
Both are full resin, 31 EUR each. Casting quality is good overall, though the masters were clearly 3D printed and could've used more post-processing some visible layer lines, a bit of layer shift on the E-25's rear. Nothing that won't disappear under paint. Assembly is straightforward, good fit, minimal warping.  
  
1:56 scale, sits well next to Rubicon, Perry, and Artizan models. Given the what-if nature, these also work for Konflikt '47.",https://www.reddit.com/gallery/1uay9ha
post,u_EuphoricHighlight497,Derark / Apex Primals 🦖⚫️,https://www.reddit.com/r/u_EuphoricHighlight497/comments/1tmi9ji/derark_apex_primals/,2026-05-24 10:20:41 PDT,1,"🦖 ⚫️ Derark Centio — The Shadow T. Rex Hybrid of the Apex

Full Name: Derark Centio

Age: 18

Birthday: June 15, 2007

Race: T. Rex Hybrid & Shadow Hybrid, American.  
Alignment: Anti-hero

Role: The Shadow T. Rex Hybrid of the Apex, Ardoze’s greatest creation

Residence: The Great Peaceful Forest, Apex World

 👤 Personality:

Derark Centio is extremely quiet and edgy, a fighter who never fights soft and only fights hard. He possesses amazing battle IQ, with the ability to find an opponent’s weak points and their weaknesses without fail. He is highly focused, and when he gets serious his red eyes glow intensely. He does not talk much and always speaks in a deep, calm voice.

Derark treats all females with respect whenever he sees one. He is excellent at hiding within the shadows, and his presence is often unnoticed until it is too late. His tail acts as a natural alert system, sensing anything that gets too close, and can extend to extreme lengths to choke opponents until they suffocate, before slamming them into the ground to finish the fight.

Despite his dark nature, Derark loves traveling throughout the Apex World and especially loves the darkness of the night. He always remembers that he shares the same DNA as J Ander, and never forgets that his creator is Ardoze.

His main goal is to kill J Ander, however he spares J because he believes there is no point in killing an original while he himself is only a copy, even if created in different ways. Derark is settled, patient, and deeply understanding of people’s pain and emotions. When he sees someone suffering, he often comforts them by gently moving closer and softly petting their head, using a warm and calming touch that helps them relax.

🔥 Weakness: Fire Base Abilities 

🍗 Food and Drinks:

Water, Sprite, Rice, Bacon Hamburger, Fried Shrimp, Corn, Grapes, Watermelon, Mango, Whole Wheat Bread, Chocolate Cake (Birthday), Chicken Soup, Cooked Fish, Makizushi, Klobasnek, Cooked Potatoes, Cinnamon Ice Cream.

⚫️ Powers and Abilities:

Dominant Wrath Fangs (Special Move):  
A devastating biting ability capable of tearing through flesh and draining the opponent’s strength, causing their body to dry up and slow down. This bite can clamp down on powerful attacks such as psychic and dark abilities, stopping them entirely. Derark can bite down on the power itself, reflect it back at the opponent with greater force, and slow them down before finishing them with a single fatal shadow strike to the face.

Shadow Create:  
Derark can create multiple shadow-based abilities and attacks. Shadow Trap Distort: Allows him to trap attackers, preventing them from using any abilities or attacks once they get close, before stabbing them with immense force. This trap cannot be affected by reality rewriting, overwriting, universal attacks, or erasure.

Dark Copy: Allows Derark to zip into shadows, steal the opponent’s DNA, fully copy their body, powers, and abilities, and release an evil version of them to fight alongside it, draining the opponent’s focus and energy.

Shadow Corruption: Strikes with dark energy to corrupt opponents, reducing defense, poisoning them, causing dizziness, and allowing Derark to steal their energy to heal himself faster.

Unleashed Darkai T. Rex summons a shadow T. Rex: With unlimited regeneration, extreme speed, crushing fangs, steel-hard tail strikes, and the ability to suppress the opponent’s fighting limits. This summon cannot be erased or canceled by any attack or ability.

Huge Balions of Darkness: Summon massive shadow spheres from the sky that crush opponents with overwhelming pressure, trapping them and causing fatal wounds.

Shadow Instant Slice: Allows Derark to slice through all powers and abilities in one second, unleashing cursed slashes that cause intense bleeding, pressure, and weakening effects. Shadow Create is only weak to fire abilities, and can only be maintained for up to 20 minutes.

Dark Blade:  
Derark summons a razor-sharp dark blade capable of slicing opponents into millions of pieces in one second. This blade moves faster than time, light speed, universal limits, and space itself, and can reach a force of 9,000,000,000,000. It can erase powerful attacks such as fire, ice, ground, grass, and speed-based abilities.

Red Aurugai:  
When Derark’s eyes glow red, his strength, speed, and defense increase drastically. He stops dodging attacks and instead catches, erases, corrupts, and reflects them back. His defense grows stronger each time an opponent misses. His red stare emits overwhelming pressure, paralyzing opponents, stopping their bodies from moving, and inflicting fatal internal damage through corruption.

Tail Destruction Wave:  
Derark swings his tail to unleash infinite dark waves that grow stronger the more an opponent tries to dodge. The wave drains power, weakens the target, corrupts movement, and allows Derark to finish opponents instantly with a single KO.

Hex Domain Counter Strike:  
A hex-based domain attack that traps opponents in heavy darkness, stabbing them one hundred times per strike. It destroys regeneration, cancels powerful techniques, paralyzes, and confuses opponents until they stop fighting.

Electrical Body Absorb:  
Derark absorbs any attack that strikes him, grows stronger, regenerates faster, and releases powerful red blasts that drain energy instantly. Attempts to erase or cancel this ability only make him stronger, allowing him to break limbs and stop healing and regeneration.

Wisp Body:  
Derark’s body turns into mist, allowing attacks and abilities to pass through him without harm. This ability becomes stronger in darkness, illusions, and mist-filled environments.

Shadow Control:  
Derark can become an opponent’s shadow, controlling their body like a puppet, forcing them to attack themselves, choking them, and throwing them with immense force. This ability has no weakness, never misses, and is nearly impossible to dodge.

Dark Shadow Balls:  
Shadow spheres fired from his hands that stick to opponents, blinding them, disrupting their senses, and making it difficult to track Derark. He can create millions of these for offense, defense, shielding, and diversion.

Gieneoz Dark Kick:  
A devastating dark-enhanced kick that deals extreme damage and reflects abilities such as fire, water, ice, electric, absorption, and powerful attacks back at the opponent.

Dark Gene Blast:  
A concentrated dark blast that causes massive damage, breaks down regeneration, and can erase an opponent’s powers and abilities completely upon impact.

🤝 Relationships:

J (Great Relationship):  
Derark sees J as an older brother despite being created from his DNA. He deeply respects J’s kindness, understanding nature, and belief in second chances, and never disrespects him.

Dara (Great Relationship):  
He views Dara as an older sister, admires her calm and sweet personality, and finds her demon form to be her true self.

Gesheine 51# (Good Relationship / Sibling):  
A calm and pain-resistant sibling creation of Ardoze. Gesheine finds Derark worth protecting, while Derark finds her strange yet intriguing.

Aro 99# (Okay Relationship / Sibling):  
A rough and aggressive sibling whose wrath Derark dislikes, though he acknowledges Aro only targets true threats.

Ardoze (Neutral Relationship / Father):  
Derark sees Ardoze as a cruel tyrant father figure who creates hybrids for domination and destruction, something Derark strongly opposes.

Aishen (Rival):  
A rival he respects for kindness and cooking, but fears Aishen’s overwhelming Ultra form.

Stripes (Rival):  
A dangerous rival whose power Derark approaches cautiously.

Nava (Hate):  
Derark despises Nava’s cruelty, manipulation, and sinister actions, despite believing he hides a heart beneath darkness.

🦖 Summary Overview:

Derark Centio is the Shadow T. Rex Hybrid of the Apex, created from J Ander’s DNA and corrupted by Ardoze’s dark energy to become his greatest creation. He is a powerful T. Rex hybrid with dark abilities that disrupt nearly everything his opponents attempt to do. He is relentless, merciless, and capable of overwhelming countless enemies, yet can still spare lives when he chooses.

Derark has defeated over 900 opponents at once without tiring and has survived fire attacks despite his weakness, relying on luck and endurance. He proves that raw power and darkness alone cannot defeat him, as there is only one darkness capable of dominating all others, and that darkness is Derark Centio, the Shadow T. Rex Hybrid who brings immense pain, struggle, and fear to all who stand against him.

Created By: Dino

Date: 5/24/2026",https://i.redd.it/0yf6nsm1d43h1.jpeg
post,Padelracket,Cork Classic vs Cork Deus,https://www.reddit.com/r/Padelracket/comments/1rdg5eq/cork_classic_vs_cork_deus/,2026-02-24 05:24:39 PST,18,"I saw some confusion around some of the cork line up, so thought I’d share my experience having spent proper court time with both the Cork Classic and the Cork Deus 2.

For context = right-hand player, prefer control over raw power, play mostly right side, currently around a 3 level. I care way more about forgiveness and consistency than hitting highlight-reel winners.

First thing: these rackets feel VERY different

Even though they sit in the same Cork lineup, they are built for completely different types of players.

Cork Classic = the “make fewer mistakes” racket

The Classic feels like it was designed to help you play better padel, not harder padel.

What stands out immediately:

Huge sweet spot

Very stable on contact

Extremely forgiving on off-centre hits

Slows the game down in a good way when you want it to. 

The biggest thing for me was error reduction. My unforced errors dropped almost instantly, especially balls going short into the net (which used to be my main miss).

Defensively it’s honestly excellent. Blocks feel controlled, volleys sit nicely, and you rarely feel punished if timing isn’t perfect.

Where it’s weaker:

Doesn’t give you free power

Smashes require good technique

Not the racket if you want to dominate points through pace

If your game is positioning, control, and decision making then this thing rewards you.

Cork Deus 2 = performance but less forgiveness

The Deus 2 feels like the Classic’s more aggressive sibling.

You immediately notice:

Faster through the air

More explosive response

Higher ceiling for attacking shots

More demanding timing

When you catch the ball clean, it feels and sounds amazing. Viboras and aggressive volleys come off heavier, and overheads definitely have more bite.

But… it’s less forgiving.

Miss the sweet spot and you’ll know about it. I noticed more edge hits and more inconsistency early on compared to the Classic for my level.

It almost asks you:

“Are you technically good enough yet?”

So if you’re slightly rushed or out of position, the racket exposes that more than the Classic does.

The real difference (in simple terms)

Cork Classic

Helps you play consistent padel

Forgiveness first

Control & stability

Great for improving players or control-focused styles

Cork Deus 2

Rewards aggressive, confident play

More performance upside

Less margin for error

Better once your timing is very reliable

What surprised me most

I actually played better matches with the Classic, even though the Deus 2 felt more exciting in warmups.

Against stronger players especially, consistency mattered more than power.

Relaxed decision making and fewer mistakes = occasional big winners.

Who should choose what?

Choose the Classic if:

You want maximum forgiveness

You’re reducing unforced errors

You value control and placement

You’re progressing through intermediate to advanced levels

Choose the Deus 2 if:

You already strike clean consistently

You play aggressively at the net

You want more attacking output

You don’t mind a smaller margin for error

Personally, the Classic feels like the smarter racket for most players, while the Deus 2 feels like the one you grow into once your game is really settled.

Curious what others found, especially anyone who switched between them long term.",https://i.redd.it/7uespj7t1glg1.jpeg
post,KamenRider,"For Gotchard, would you have personally let the sisters live or die by the end, and for Gavv with the Stomachs, how do you think the show could have used them a little better since I know some people have issues with some of them not getting as much Focus?",https://www.reddit.com/r/KamenRider/comments/1qa3utr/for_gotchard_would_you_have_personally_let_the/,2026-01-11 08:35:29 PST,22,"Gotchard I am very torn on because I understand why they were killed off: like either all of them live or either all of them die, personally I have like a very weird middle ground where, correct me if I'm wrong but at least Rinne and Spanner and trying to see if they can revive the sisters in some capacity going forward right?  Cuz I could be selfish and admit that I would want Clotho and Lachesis to live but it would feel a little off.

 to be fair it's not like their deaths weren't terribly written: Atropos gives her life to protect with and work with the person who cared about her more than her own father, Lachesis finally becomes human (really she and Spanner just needed to fight more together before that) only to get killed by Glion, and Clotho tries to avenge her family but gives Houtaro encouragement after losing them both, i guess if we were me writing it I would have had aspects of all of them still remain in the final battle so the three riders can fight with them in spirit somehow or have Houtaro's new driver also have parts of Clotho's outfit mixed in with the driver.

But I do think if there's going to be any future media involving them I would be okay with them getting revived.

The stomachs are a weird bag for me, like Nylev's actions make sense but I don't know what I would do with his death outside of just making sure that he had a bit more agency in regards to it or protecting Shouma in his final moments. Glotta just needed to be more active in between the 20s and the 30s  and see her be more conflicted about shouma since I feel like her searching for Jeeph would've at least make sure that her complicated feelings were her family didn't feel last minute, I feel like with Siita have they made her the more aggressive sibling in the beginning parts of the show and Jeeph realizing Her death is partially because he wasn't strong enough like she was It could have worked or if We actually saw him through the late 10s and 20s struggling to find his way. Lango being a fraud was stupid discourse anyway, like someone pointed out compared to Glion he lacks a lot of entertainment though he actually did make me laugh a few times but actually kind of wish the show played on that a little bit more.

Also here's a fun question who do you think is worse as a parent: Bouche or Glion?",https://www.reddit.com/gallery/1qa3utr
post,u_EuphoricHighlight497,Derark / Apex Primals 🦖⚫️,https://www.reddit.com/r/u_EuphoricHighlight497/comments/1q96a0l/derark_apex_primals/,2026-01-10 07:03:21 PST,1,"🦖 ⚫️ Derark Centio — The Shadow T. Rex Hybrid of the Apex

Full Name: Derark Centio
Age: 18
Birthday: June 15, 2007
Race: T. Rex Hybrid & Shadow Hybrid, American.Alignment: Anti-hero
Role: The Shadow T. Rex Hybrid of the Apex, Ardoze’s greatest creation
Residence: The Great Peaceful Forest, Apex World

 👤 Personality:

Derark Centio is extremely quiet and edgy, a fighter who never fights soft and only fights hard. He possesses amazing battle IQ, with the ability to find an opponent’s weak points and their weaknesses without fail. He is highly focused, and when he gets serious his red eyes glow intensely. He does not talk much and always speaks in a deep, calm voice.

Derark treats all females with respect whenever he sees one. He is excellent at hiding within the shadows, and his presence is often unnoticed until it is too late. His tail acts as a natural alert system, sensing anything that gets too close, and can extend to extreme lengths to choke opponents until they suffocate, before slamming them into the ground to finish the fight.

He is extremely weak to any fire abilities. Despite his dark nature, Derark loves traveling throughout the Apex World and especially loves the darkness of the night. He always remembers that he shares the same DNA as J Ander, and never forgets that his creator is Ardoze.

His main goal is to kill J Ander, however he spares J because he believes there is no point in killing an original while he himself is only a copy, even if created in different ways. Derark is settled, patient, and deeply understanding of people’s pain and emotions. When he sees someone suffering, he often comforts them by gently moving closer and softly petting their head, using a warm and calming touch that helps them relax.

🍗 Food and Drinks:

Water, Sprite, rice, bacon hamburgers, fried shrimp, corn, grapes, watermelon, mango, whole wheat bread, chocolate cake (Birthday), chicken soup, cooked fish, makizushi, klobasnek, cooked potatoes, and cinnamon ice cream.

⚫️ Powers and Abilities:

Dominant Wrath Fangs (Special Move):A devastating biting ability capable of tearing through flesh and draining the opponent’s strength, causing their body to dry up and slow down. This bite can clamp down on powerful attacks such as psychic and dark abilities, stopping them entirely. Derark can bite down on the power itself, reflect it back at the opponent with greater force, and slow them down before finishing them with a single fatal shadow strike to the face.

Shadow Create:Derark can create multiple shadow-based abilities and attacks. Shadow Trap Distort: Allows him to trap attackers, preventing them from using any abilities or attacks once they get close, before stabbing them with immense force. This trap cannot be affected by reality rewriting, overwriting, universal attacks, or erasure.
Dark Copy: Allows Derark to zip into shadows, steal the opponent’s DNA, fully copy their body, powers, and abilities, and release an evil version of them to fight alongside it, draining the opponent’s focus and energy.
Shadow Corruption: Strikes with dark energy to corrupt opponents, reducing defense, poisoning them, causing dizziness, and allowing Derark to steal their energy to heal himself faster.
Unleashed Darkai T. Rex summons a shadow T. Rex: With unlimited regeneration, extreme speed, crushing fangs, steel-hard tail strikes, and the ability to suppress the opponent’s fighting limits. This summon cannot be erased or canceled by any attack or ability.
Huge Balions of Darkness: Summon massive shadow spheres from the sky that crush opponents with overwhelming pressure, trapping them and causing fatal wounds.
Shadow Instant Slice: Allows Derark to slice through all powers and abilities in one second, unleashing cursed slashes that cause intense bleeding, pressure, and weakening effects. Shadow Create is only weak to fire and water abilities, and can only be maintained for up to 20 minutes.

Dark Blade:Derark summons a razor-sharp dark blade capable of slicing opponents into millions of pieces in one second. This blade moves faster than time, light speed, universal limits, and space itself, and can reach a force of 9,000,000,000,000. It can erase powerful attacks such as fire, ice, ground, grass, and speed-based abilities.

Red Aurugai:When Derark’s eyes glow red, his strength, speed, and defense increase drastically. He stops dodging attacks and instead catches, erases, corrupts, and reflects them back. His defense grows stronger each time an opponent misses. His red stare emits overwhelming pressure, paralyzing opponents, stopping their bodies from moving, and inflicting fatal internal damage through corruption.

Tail Destruction Wave:Derark swings his tail to unleash infinite dark waves that grow stronger the more an opponent tries to dodge. The wave drains power, weakens the target, corrupts movement, and allows Derark to finish opponents instantly with a single KO.

Hex Domain Counter Strike:A hex-based domain attack that traps opponents in heavy darkness, stabbing them one hundred times per strike. It destroys regeneration, cancels powerful techniques, paralyzes, and confuses opponents until they stop fighting.

Electrical Body Absorb:Derark absorbs any attack that strikes him, grows stronger, regenerates faster, and releases powerful red blasts that drain energy instantly. Attempts to erase or cancel this ability only make him stronger, allowing him to break limbs and stop healing and regeneration.

Wisp Body:Derark’s body turns into mist, allowing attacks and abilities to pass through him without harm. This ability becomes stronger in darkness, illusions, and mist-filled environments.

Shadow Control:Derark can become an opponent’s shadow, controlling their body like a puppet, forcing them to attack themselves, choking them, and throwing them with immense force. This ability has no weakness, never misses, and is nearly impossible to dodge.

Dark Shadow Balls:Shadow spheres fired from his hands that stick to opponents, blinding them, disrupting their senses, and making it difficult to track Derark. He can create millions of these for offense, defense, shielding, and diversion.

Gieneoz Dark Kick:A devastating dark-enhanced kick that deals extreme damage and reflects abilities such as fire, water, ice, electric, absorption, and powerful attacks back at the opponent.

Dark Gene Blast:A concentrated dark blast that causes massive damage, breaks down regeneration, and can erase an opponent’s powers and abilities completely upon impact.

🤝 Relationships:

J (Great Relationship):Derark sees J as an older brother despite being created from his DNA. He deeply respects J’s kindness, understanding nature, and belief in second chances, and never disrespects him.

Dara (Great Relationship):He views Dara as an older sister, admires her calm and sweet personality, and finds her demon form to be her true self.

Gesheine 51# (Good Relationship / Sibling):A calm and pain-resistant sibling creation of Ardoze. Gesheine finds Derark worth protecting, while Derark finds her strange yet intriguing.

Aro 99# (Okay Relationship / Sibling):A rough and aggressive sibling whose wrath Derark dislikes, though he acknowledges Aro only targets true threats.

Ardoze (Neutral Relationship / Father):Derark sees Ardoze as a cruel tyrant father figure who creates hybrids for domination and destruction, something Derark strongly opposes.

Aishen (Rival):A rival he respects for kindness and cooking, but fears Aishen’s overwhelming Ultra form.

Stripes (Rival):A dangerous rival whose power Derark approaches cautiously.

Nava (Hate):Derark despises Nava’s cruelty, manipulation, and sinister actions, despite believing he hides a heart beneath darkness.

🦖 Summary Overview:

Derark Centio is the Shadow T. Rex Hybrid of the Apex, created from J Ander’s DNA and corrupted by Ardoze’s dark energy to become his greatest creation. He is a powerful T. Rex hybrid with dark abilities that disrupt nearly everything his opponents attempt to do. He is relentless, merciless, and capable of overwhelming countless enemies, yet can still spare lives when he chooses.
Derark has defeated over 900 opponents at once without tiring and has survived fire attacks despite his weakness, relying on luck and endurance. He proves that raw power and darkness alone cannot defeat him, as there is only one darkness capable of dominating all others, and that darkness is Derark Centio, the Shadow T. Rex Hybrid who brings immense pain, struggle, and fear to all who stand against him.

Created By: Dino

Date: 1/10/2026",https://i.redd.it/6e3ogofeejcg1.jpeg
post,IndianPets,How to Protect a Gentle Community Cat from an Aggressive Sibling?,https://www.reddit.com/r/IndianPets/comments/1nr3ud3/how_to_protect_a_gentle_community_cat_from_an/,2025-09-26 08:08:22 PDT,4,"Not sure if this is the right place for answers but any help is appreciated. Or maybe even similar stories and how it turned out for you. 

We have a beloved, very gentle community cat in our apartment complex. Despite his large size, he never fights with other cats. Several residents feed him at different locations around the property.

The problem is his brother (they look identical) who is very aggressive with him. He is a sweetheart otherwise but seeing his brother seems to aggravate him . The brother tracks down the gentle cat's new feeding spots and attacks him. The gentle cat doesn't fight back or even try to run away.

I have tried bringing him indoors, but he is too accustomed to being outside and becomes distressed. Does anyone have advice on how to manage this situation and prevent these attacks? I don’t want to be cruel to his brother either but I don’t know how to keep them away from each other. ",
post,toddlers,Aggressive sibling,https://www.reddit.com/r/toddlers/comments/1lyw1x7/aggressive_sibling/,2025-07-13 08:48:12 PDT,1,,https://www.reddit.com/r/parentsofmultiples/comments/1lyv84t/aggressive_sibling/
post,parentsofmultiples,Aggressive sibling,https://www.reddit.com/r/parentsofmultiples/comments/1lyv84t/aggressive_sibling/,2025-07-13 08:13:52 PDT,2,"My twins (boy/girl) just turned 2 and probably about 3-4 months ago this started where my daughter has been picking on my son and pushing him down and just overall being a jerk. Especially when certain toys are involved. We do our best to redirect but sometimes it doesn't matter, she'll turn around and start smacking him again. This happens at daycare, too. She doesn't do this with any other kids at daycare, only her brother. We haven't addressed the behavior with our pediatrician yet as it isn't constant, I happens probably 2 or 3 times a day. ",
post,Millennials,Strange 2 part question if you have siblings and kids now,https://www.reddit.com/r/Millennials/comments/1lf5kdf/strange_2_part_question_if_you_have_siblings_and/,2025-06-19 01:25:05 PDT,3,"So just like it says I have a a 2 par question. I’m 39 f and I’m married have 4 kids (one is grown and one is her own) so I was thinking when I was a kid (mind you I’m one of 8 kids) we were hella aggressive. Physical fighting almost daily couldn’t get along to save our lives most days once I was a teenager the physical stopped but  we would then verbally lash out. 
So question one .. how many of you experienced this side like aggressive sibling fighting growing up. 

Part 2
I now have my own kids. They dont fight like we did at all. They are pretty chill sometimes they tease a little but nothing like how we were as kids. And I’m not saying “they are all on screens so can’t fight” we limit a lot of that stuff. So question 2 do your kids have a better relationship that you had with your siblings? My kids definitely do. It’s so wild ",
post,CharlotteDobreYouTube,^ AITA for blaming my SIL to everything and now I'm married because of her.,https://www.reddit.com/r/CharlotteDobreYouTube/comments/1kzh2hz/aita_for_blaming_my_sil_to_everything_and_now_im/,2025-05-30 15:12:48 PDT,15,"Hi Charlotte!! I've been watching your videos since 2023 you're the reason that I'm still keeping up until to this day and now I don't miss not even a single day only to watch your videos. <3 !! The story is a VERY Very Long and a emotional roller coaster  .... ps: English is not my first language so please bare with me..

In 2018, I (now 25F) was still living with my dad. My mom left us because she wants to go on a abroad since 2008 .Never divorced, just separated and it was always just me, my brother and my dad . One day, my brother suddenly brought his pregnant girlfriend home without telling us. She said she had run away because her mom found out she was expecting. My dad, who doesn’t handle pressure well, let her stay and later agreed to them getting married. Even though my brother and I weren’t very close, we’ve always had more of an aggressive sibling dynamic. I was genuinely excited. I had always wished for a sister, and I thought I was finally getting one. My boyfriend and I jumped in to help with the wedding. We made invitations, prepared souvenirs, decorated the aisle, pretty much handled everything because SIL was still at her 2nd trimester. We even stayed overnight near the beach where the wedding was held.

A few months later, while I was at school sitting on a bench with my boyfriend, I got an unexpected call from my SIL. She told me something that shook me. My dad had been in a relationship with our maid for three years. The worst part? She was my age. I was the only one who didn’t know, even though I was always at home.I felt betrayed. My dad was the one person I truly trusted, and suddenly I couldn’t even look at him the same way. I was studying architecture, a path he chose for me, but after that, I started skipping classes. Still, I somehow made it to my second year, second semester.

Around that time, my boyfriend and I decided it was time to introduce him to my dad. He’s Muslim, so we knew marriage would eventually be required. Both our fathers agreed we’d marry after I finished college.

But then the pandemic hit in 2020 and everything changed . As time went on, more secrets in our home started to come out. One night, my SIL pulled me aside, saying she had something important to tell me. We walked to a nearby bridge it was dark, and I couldn’t even see her face clearly. Then she said, “Your dad was supposed to tell you this after college… but I think you need to know now. You’re adopted.”

I was stunned and angry, but not surprised. My whole life felt like a lie. I had already endured so much: a home filled with abuse. My mom and brother were physically hurtful, and my dad constantly belittled me. Hearing I was adopted just made everything feel heavier. Like I had been surviving a life that was never really mine to begin with. Growing up, I always ran to my dad when my mom or brother hurt me, thinking he’d protect me. But he never did. After learning I was adopted, everything suddenly made sense ..the constant mistreatment, the favoritism, the emotional neglect.

I told her ..Not long after my SIL gave birth, I confided in her..I told her I was pregnant at that time. I kept it a secret because I didn’t want to take the spotlight from her new family. I wasn’t ready to be a mom, and neither was my boyfriend, so we made a difficult decision to end the pregnancy. I shared this with her, thinking I could trust her. But I was wrong. She forced me to tell my dad, and from there, everything spiraled. My dad and I fought for months 3 months to be exact. He blamed me for ending the pregnancy, while I called him out for neglecting us, for being with someone MY age, and for pushing me to ask my boyfriend’s family for a large dowry .. something I didn’t want and didn’t agree with.

The pressure, the arguments, the hurt.. It was all too much. I walked out, crying, and went to my best friend’s place. He’s someone I trust deeply and my only friend, and I told him everything. That night, my phone rang...

**Me:** *Hello?*  
**SIL:** *Hey... so we talked to your dad, and “we” decided you should stay at your boyfriend’s house. Don’t worry his dad already agreed. He’s picking you up tomorrow.*

I was stunned. They made a huge decision about my life without even asking me. No “Are you okay with this?” or “Do you agree?” Just... tell me. I felt numb. After everything I’d been through, it was like they were discarding me, pushing me out instead of helping me heal. I began to wonder if they ever saw me as a person, not just a problem to pass off.

But MY SIL didn’t stop there. I stayed at my boyfriend’s house for just three days… and suddenly, we were getting married. The dress, the catering, the venue.. it was all already arranged at their home. During a pandemic 2020. Months after the wedding, a close friend confessed something that crushed me.. They were in the car ,,my friend with my brother, sister-in-law, and others talking badly about me and my husband on the way to the wedding. All because they didn’t like his overconfidence. I had hoped my friends would stick around so I could explain why the wedding happened so suddenly. But I was too drained to even talk. And just when I thought it couldn’t get more uncomfortable… my dad brought his girlfriend to the wedding. People kept asking if she was my cousin, and I had to force a smile and say, *“Nope!, that’s my dad’s girlfriend.”*.. Later, when I finally escaped to a room to breathe, my dad had one more request: that we take a family photo with her in it. I didn’t say a word. No nod, no reaction just numbness settling in again.

Eventually, I hit a breaking point. I locked myself in a room for three weeks, sobbing, unable to face anyone or anything. When I finally came out of it, I decided it was time to move forward. My husband and I visited my dad’s house. Things seemed calmer or so I thought maybe, just maybe, the worst had passed. But Then, while hanging out with my SIL, it happened again. She sarcastically brought up private messages between her and my best friend. She mocked me, questioning if he was really my friend saying he told her I once said I hated my family and even her, because my father always took her side. She said he claimed the abuse I went through was all made up, that I married my husband because he's rich .. Mind you? I never recieved a single coin coming from him. the Dowry?. My father took it to himself and straight to his bank acc. That broke me. My bestfriend was there when my brother pushed me. He knew the truth. And yet, he turned on me too? I confronted him, but I was too angry, too hurt, to even speak clearly. I had stood by him, even been proud to call him my best friend. And now, I felt betrayed by the last person I thought would ever hurt me. Even after everything, my SIL just wouldn’t let the past rest.

One night after visiting my dad’s house, we stopped by her workplace just to say hi. I wasn’t expecting anything heavy—but of course, she couldn’t help herself. She said, *“Remember when you told me about being abused by your mom? Well, I talked to her. She said none of it was true. Actually, she was the one abused by your dad. You know how kids imagine things? Maybe you just believed it really happened.”*..It hit me like a punch. She dismissed everything I went through twisting it, planting doubt, as if my pain was something I made up. I couldn’t believe she kept digging at old wounds, as if the years of hurt and survival were just a child’s confusion. And now? My SIL has started talking to my MIL asking to borrow money behind my back.I KID YOU NOT. It’s humiliating. If she had any sense of boundaries or shame, she’d know how inappropriate that is. She’s borrowing from *my* MIL, without even letting me know.Honestly, I’m exhausted. I don’t want to deal with any of it anymore. But the sad part? I still have to. Because my mom sends money meant only for me and my brother, and somehow, *I* end up using that money to pay *her* college tuition with my brother’s share. So even when I want to step away, I can’t. I’m still stuck cleaning up, still carrying responsibility for someone who’s done nothing but hurt and manipulate me.After five years of staying silent, I finally built up the courage to talk to my brother—this year. I told him everything. About how they decided, without me, that I should stay at my boyfriend’s house. He was surprised and said *he* never agreed to that .. it was just our dad and SIL. I told him how she talked badly about me to my friends, revealed personal things, and how she had no right to be the one to tell me I was adopted. I laid it all out. But his response left me speechless. He said, *“Why are you putting your anger on my wife?”*

No acknowledgment. No accountability. Just more deflection. After everything, I realized—not only had she crossed the line, but the people around her were still willing to protect her, no matter how much damage she caused.

So AITA for blaming my SIL to everything and now I'm married because of her.

Sorry it's too long.. Anyways I love you guys ..

Edit\*\* SIL is my brother's wife! I honestly can't leave here I just can't leave my husband and my baby alone, She still coming here with my brother everytime we get money that my mom sent, EVERY 15 days. Idk why she has to come and leaving their 5 yr old son in there home. They always left the child alone. plus hubby told me not to trust his own family, since we also had a history with them, toxic. Plus since we're still staying at his parents house ( we can't afford to own a place, yet)... Idk why he doesn't want to leave here just because his family told him he owns the place now ( His father is great though his mom is a little difficult to handle and always stick her nose to everybody's business including her side family).. and he's going a little far to where our house is to take his review and board exam for about 6 months. Goodluck me dealing with them. yay.",
post,DogAdvice,Need advice on an aggressive sibling post attack on her partly lame younger sibling.,https://www.reddit.com/r/DogAdvice/comments/1kdm5j2/need_advice_on_an_aggressive_sibling_post_attack/,2025-05-02 23:08:42 PDT,1,"This may be a little long but I feel context is important. My parents gave 2 black mout Kerr mixes that we got about 9 years ago when our other dog passed. They have for the most part been sweet, great dogs. But the older one has had aggressive episodes. The older one initiated an attack on our older smaller dog we had on a few occasions. They were always related to food or attention so we changed things up to limit this potentials for confrontation. And while both of these sisters would gang up it was almost always the older one initiating. 

Two things happened. The younger of the two sisters went lame in her back legs. No incident, just had a disc slip essentially, though she has found a way to spinal walk and get around to a good degree. Our smaller dog got older and had a large mass on his side that was starting to hinder his comfort and quality of life but one day while I was at work I got a call that the two sisters had attacked him. My elderly grandfather for some reason had fed the smaller dog out of this sisters bowl, in front of them, in the middle of the day. Our smaller dog was pretty messed up, had he been in good health I would’ve opted for him to recover but even though I believe he could have recovered he was in so much pain and it would have been so hard on him, so we opted to put him down. 

This was over a year ago and the only incident since was food related because someone got sloppy and there was no major issue or injury. It involved the older sibling and my sisters tiny bichon. 

Ok, set up over. Hopefully the context is all there. Tonight I get a call from my mom (I live directly up the road from my parents who have our two, now older, dogs) and she frantically tells me to get there quick as the girls attacking each other and my dad cannot get them to separate. I sprint up the road, hop some fences, and get to our dogs who are completely locked on each other tearing one another up. Our one dog is lame so the older dog was on top dishing out the brunt of the damage. I used the technique I learned long ago to grab the back legs and spin. They had been fighting for almost 3-4 minutes at that point so they were spent. I was able to get the older one off and pinned to the ground while my parents picked up the other one and got her inside. 

Our lame pup has tons of bites and scratches on the back of her neck, shoulders, top of her head, and upper back, only one deeper puncture but it wasn’t bleeding profusely, just a clean straight puncture. She got fairly beat up. But she was alert, tail wagging, and giving us love and licks. The older received most bites and scratches to her front left leg (basically the only thing the younger could get at from the ground as she was pinned) and she is also limping on that leg. I slammed her pretty hard in my effort to get her off of the other one (adrenaline and fear and reaction) and I’m pretty sure my dad had also hit her and done literally whatever he could to stop her but to no avail. As soon as I let her up she walked away and went straight to the door. I backed her off and yelled at her. Again, I was upset and I just drove her back so there was no chance of her getting in when we opened the door. According to my dad they were both standing in the back part of the yard going potty for the night when they kind of squared up like they do when they play or tussle which just isn’t very often, especially since the younger one went lame. My dad said they did that, he called for them to
Come in, and they just went at each other like he hasn’t seen before. He tried to separate them for (according to him) 2 minutes before he realized he couldn’t and went and got my mom who called me. The only new stimulus we found was they met someone new who was staying at our house tonight. They were both equally at each other but the older one had such and advantage she became the aggressor. By the time I got there the lame dog was pinned and yelling which was the first time she had done that according to my folks. 

I am truly sorry for the length. I just wanted to include all details and background so anyone who can provide advice has the context going forward. What do we do? I haven’t been able to sleep. My dad feels terrible and helpless because he couldn’t stop them. My mom feels awful because we can’t afford the vet so we disinfected the wounds and cleaned them and kept the girls separate for the night. This pattern of aggression that keeps popping every year or so used to make sense when it was related to food or and overwhelming stimulus but there was nothing tonight. And it’s easily the worse they have ever fought. It’s always upsetting when your dogs fight but the length and the severity of the fight was just unreal, I’m genuinely surprised they weren’t more torn up for fighting almost 5 minutes. I used to work at a pet lodge so I’ve seen my share and separated my share but it’s just….harder when they are yours. The first idea was honestly that we may need to put the older one down as she’s the aggressor and the pattern is there. Plus my sister and I both visit with our smaller dogs (corgi and bichon) but we never leave her alone with them or let them really play with her outside of supervised indoor play. She’s usually ok but she doesn’t really seem to know how to play gently. But now I won’t let that dog near my corgi. If she’ll launch on her own sister who she has been with her whole life I just don’t trust her. 

And that’s the other thing, outside of still loving this dog and not wanting her to go, the lame pup will be devastated if we take away her life long partner, won’t she? It’s a very hard situation and my family is trying to figure out the best course of action. I’m tired, I can’t sleep, and I feel nothing but guilt that I couldn’t get there sooner and that I didn’t handle it correctly. If anyone has advice or suggestions I would be deeply appreciative. And thank you for reading this novel if you take the time to do so.",
post,magicbuilding,Phone/Calling based Power System,https://www.reddit.com/r/magicbuilding/comments/1j05qvt/phonecalling_based_power_system/,2025-02-28 03:41:21 PST,12,"My friend and I every now and then brainstorm with each other different and unique power/magic systems because it's really fun to do. A very memorable one that me and my friend made a few months ago is based on the idea of utilising phones. Just want to let you know that this isn't fully polished nor are the named final in any way, we've only discussed this system like three times. I just wanted to share this to see what everyone thinks.

The basic premise is that every human or living being in this verse is assigned a unique ""number"" to their very soul, basically their own ""phone number"" you could say. This is basically a unique identification code for each person's soul. This is something every soul has when a person comes into existence, it's basically their ""true name"" you could say. We'll call this their ""Soul number"". Every person intrinsically knows their own ""Soul number"" upon first being conscious. Something they will always remember no matter what as it's inherent to their very being. Each Soul number/Soul (I'll be using these interchangeably since they're basically the same) also contains an ""ability"" unique to that soul number, for example fire manipulation. All souls are also ""connected"" in a way, like a network. Basically imagine telephone/data networks but for souls. They are all passively bound together, sending and receiving ""soul signals"" to one another. Now I'll move onto the actual power system itself, the phones. 

Basically, humans decided to research into the phenomenon of the ""Soul number"" & ""Soul network"" trying to find the truth behind our existence and how we could benefit from these. And so, unlike the phones of our universe (real life), they created phones that tapped into this so called ""soul network"". The phones basically function mostly the same as normal phones, allowing people to speak to each other in long distances through the soul network. All you do is just type in a person's ""Soul number"" and you can call them. However, the main benefit of these phones were that they could also send and receive abilities. For example, Person A has the ability of Fire Manipulation and Person B has the ability of Ice manipulation. Both people call each other and send their unique ""Soul Signals"" to each other through the network. By doing this Person A receives the ability to USE Ice manipulation and Person B receives the ability to USE Fire manipulation. The main idea of this system is that it will always require at least two people and functions on the idea of cooperation. You aren't actually able to USE your OWN ability but instead you can use your partners ability. Both people can use each other's abilities for as long as their call lasts, but as soon as it ends they will no longer be able to access each other's abilities. We also thought about the idea of group calls/multiple calls. The same idea would still apply to them.   
  
Abilities can also ""develop"" over time in a unique way. Essentially, you cannot develop/train your own soul's ability, since you cannot use it. However, people who are able to call you can. Depending on your relationship/bond with the person it will improve their effectiveness and usage of your ability. It's also largely influenced by their personal perception of you and their relationship with you. For example, you have the basic ability of Fire manipulation. Person A and B can call and use your abilities. Person A is your older brother who is close to you and knows you as a very silly, goofy and aggressive sibling. While Person B is your classmate who is your good friend but knows you as a mild mannered yet kind friend. Person A has much more access to your ability but their perception of you also ""skews"" how your ability works. Your ability is an aggressive, searing blue flame, and it cannot be thrown/emitted only envelop their body in flames. However, with Person B they don't have as much full control over your ability and their perception of you causes your ability to act less aggressive and much weaker. It also can only be thrown/emitted from their body medium - long range. As you can see, both people's perception on you, causes the way your ability functions to change and differ, but still fundamentally follow the core concept of the ability itself. If it were a more complex and specific ability these changes would not be as big as these.

The invention of phones in this verse also emphasised the importance of Soul numbers. People in this verse are extremely cautious about sharing their numbers to people as it would obviously allow them access to their ability.",
post,RunningShoeGeeks,Mizuno Wave Rebellion Flash 2 400km Review,https://www.reddit.com/r/RunningShoeGeeks/comments/1hjc5xq/mizuno_wave_rebellion_flash_2_400km_review/,2024-12-21 07:32:59 PST,79,"The less aggressive sibling of the crazy wave rebellion pro 2. I saw these on sale for £90, about 50% off. Given that I had decent success with the wave rebellion pro 1s, I figured the flash 2 should be a pretty decent choice. 

Fit: my feet are normal/narrow in width. The shoes fit true to size for me.

Upper: comfortable and stretchy. Tongue is thin and not gusseted. Laces are flat and work well. Pretty breathable. No real complaints about the upper.

Ride: these feel fantastic with a midfoot-early heel strike. Right where the apex of the bevel is. Ride is soft and bouncy when you land at the apex of that stack on foam. You get a nice sink in and smooth launch as you roll through the stride. The less aggressive geometry doesn't pitch you forward as much as the racing version. I found these good for daily miles and long runs. I think a heel striker might feel these may force them to adopt a more aggressive gait and go too fast. They can pick up the pace a bit, but I don't think they're best for that. They are pretty versatile, comparable with the best of what's out there with regards to premium daily trainers/super trainers. 

Stability: these are not stable shoes. I have fairly neutral mechanics and sometimes find myself almost rolling an ankle on uneven terrain. I avoid rocky trails because of this, also the cutout on the bottom is a rock magnet. You will feel it if roads have an aggressive camber.

Outsole: despite the instability, the outsole is fantastic. Ran through rainy weather on very wet roads, pavement and track without any issues.

Durability: fantastic. They will probably last a long time. Still going strong.

Summary: good versatile road cruiser if you are a midfoot striker with neutral mechanics. You can probably find these on sale for good prices. Mizuno has had pretty interesting releases lately and I'm quite excited to see what they put out in 2025.",https://www.reddit.com/gallery/1hjc5xq
post,CATHELP,How to get aggressive sibling to get along with others?,https://www.reddit.com/r/CATHELP/comments/1gpg06s/how_to_get_aggressive_sibling_to_get_along_with/,2024-11-12 00:14:58 PST,9,Here I am taking a video of them eating their new food and Ginger (middle) swipes her paw at Mimi (right) who's just minding her own business getting some food...Ginger has always been aggressive towards the others and I'm not sure why..I really started to notice it more last year when we adopted 2 kittens and she was no longer the youngest one. It seems she fights with them on a daily basis and I am fed up with it. Is there a way to train her to get along with the others?,https://v.redd.it/68lgt2c0jf0e1
post,CATHELP,How to get aggressive sibling to get along with others?,https://www.reddit.com/r/CATHELP/comments/1gpflly/how_to_get_aggressive_sibling_to_get_along_with/,2024-11-11 23:44:58 PST,5,Here I am taking a video of them eating their new food and Ginger (middle) swipes her paw at Mimi (right) who's just minding her own business getting some food...Ginger has always been aggressive towards the others and I'm not sure why..I really started to notice it more last year when we adopted 2 kittens and she was no longer the youngest one. It seems she fights with them on a daily basis and I am fed up with it. Is there a way to train her to get along with the others?,https://v.redd.it/p6wrd1ondf0e1
post,Catbehavior,Aggressive sibling ,https://www.reddit.com/r/Catbehavior/comments/1fysds7/aggressive_sibling/,2024-10-07 22:16:39 PDT,1,"I have a bonded pair of brothers, 3 months old. I’m kind of worried because when they play-fight, the bigger of the two will grab his brother around the neck and bite him, sometimes till his little brother squalls. Is this a dangerous behavior and if it is, how in the world do I stop it?",
post,AITAH,Is this sa or am I overreacting? ,https://www.reddit.com/r/AITAH/comments/1e2mdoa/is_this_sa_or_am_i_overreacting/,2024-07-13 15:16:32 PDT,1,"Hey, so I’m currently 18f and I was just wondering if I could get a third party look at this situation to see if I’m overreacting because I feel like I am. There are 3 “incidents” I want to go though so just please let me know what this counts as. 

This involves my brother who at the time was 8 and I was 6. We were in my room at it was at night when my parents were not home. We were on the bed and he had me pinned against the wall with his arm while he shoved his foot into my private area and began to rub it. I told him to stop and it hurt but he just kept laughing like we were playing? I remember him laughing but the force he was pushing his foot into me felt like he was angry. After a min of that he flipped me onto my stomach and spread my legs and started to jam is foot into my area over and over again. I would have flown of the bed if I wasn’t holding onto the foot board, that’s how hard he was “stomping”. He kept digging/rubbing it and I told him that it hurt and to stop but he just kept laughing. He then like sorta punched/dug his hand into my area (I’m still on my stomach) and after a min of that he let go. I just remember it hurting and being sore but after that he just laughed and then left because my parents got him. I’m confused because is this just really aggressive sibling play?? Was it even sexual? Idk, I just feel gross when I think about it and I can still feel his hands and foot but I don’t want to be dramatic as to call this sa. To be clear nothing penetrated me, just dug in?

The second incident has been happening since I was 14-18(now). So he’s 15-20. Basically what he’ll do is anytime he’s behind me he’ll start lightly jabbing my butt or knee in between my legs. And I’ll push him off and tell him to stop and he’ll come back and just continue. He’ll sometimes jab my sides and the side of my chest as well. He does it in a playful way, so that’s why I’m confused as to if this is normal sibling play. He’ll do this infront of my parents and they’ll say nothing, but when he does it in front of family my mom told him once “guys don’t touch girls like that so stop” but he shrugged it off.  Another thing he does is he’ll grab my thigh. Like if I’m sitting next to him randomly he’ll grab just above my knee and squeeze it and then move to my mid thigh and then my upper thigh and squeeze. He’ll say “I’m looking at your fat”. I’ll just smile at him and look away and he’ll let go but I just hate it. When we were younger, maybe when I was 12 and he was 14 we were in the car and he picked up one leg and put it on his thigh and put his hand on my thigh so high up I could feel his fingers brush against my private area. The thing is idk if he’s just “looking at fat” or if this is weird. I just don’t know if siblings touch each other in those places because for me this has been happening for years so it’s normal. It’s not like he’s slapping my butt or letting his hand linger on my thigh, that’s why I’m confused.

The last thing happened when I was 16 and he was 18. So we were in his room and I was on his bed and he was on his chair. We were just talking when he asked me to “put my elbows together” I was confused and I laughed and said “why” and he said “I just wanna see something”. I was confused but did it and when I looked down I saw how my chest was pushed together. I froze feeling uncomfortable and I looked up and he was smiling and then he leaned forward and grabbed my chest. I again froze and he squeezed it and after a few seconds let go. I just sat there and he was like “oh ok I get it now” or something like that I can’t fully remember. I then just left his room and forgot about it. 

Ok that’s it, all this came back to me a few weeks ago and Iv just been so confused on what this means. I don’t think he was trying to harm me or make me feel uncomfortable, he never said anything creepy or weird which is why I’m confused. Pls be honest don’t worry about emotions I just want to know what this counts as, if it’s even anything. Thanks :)

Update: truly, from the bottom of my heart thank you all for your responses. This is all so normal for me so hearing your perspectives lets me know that it’s not. I don’t really have the option to tell my parents because they favour him and will say “I’m trying to make him look bad” or than I’m being dramatic. I’m ok now and I’ll for sure protect myself, I was just so confused because his nature is a very kind, gentle and innocent one, but this really helped, thank you all for being so kind. ",
post,TrueOffMyChest,Is this sa or am I overreacting ,https://www.reddit.com/r/TrueOffMyChest/comments/1e2m50k/is_this_sa_or_am_i_overreacting/,2024-07-13 15:05:59 PDT,9,"Hey, so I’m currently 18f and I was just wondering if I could get a third party look at this situation to see if I’m overreacting because I feel like I am. There are 3 “incidents” I want to go though so just please let me know what this counts as. 

This involves my brother who at the time was 8 and I was 6. We were in my room at it was at night when my parents were not home. We were on the bed and he had me pinned against the wall with his arm while he shoved his foot into my private area and began to rub it. I told him to stop and it hurt but he just kept laughing like we were playing? I remember him laughing but the force he was pushing his foot into me felt like he was angry. After a min of that he flipped me onto my stomach and spread my legs and started to jam is foot into my area over and over again. I would have flown of the bed if I wasn’t holding onto the foot board, that’s how hard he was “stomping”. He kept digging/rubbing it and I told him that it hurt and to stop but he just kept laughing. He then like sorta punched/dug his hand into my area (I’m still on my stomach) and after a min of that he let go. I just remember it hurting and being sore but after that he just laughed and then left because my parents got him. I’m confused because is this just really aggressive sibling play?? Was it even sexual? Idk, I just feel gross when I think about it and I can still feel his hands and foot but I don’t want to be dramatic as to call this sa. To be clear nothing penetrated me, just dug in?

The second incident has been happening since I was 14-18(now). So he’s 15-20. Basically what he’ll do is anytime he’s behind me he’ll start lightly jabbing my butt or knee in between my legs. And I’ll push him off and tell him to stop and he’ll come back and just continue. He’ll sometimes jab my sides and the side of my chest as well. He does it in a playful way, so that’s why I’m confused as to if this is normal sibling play. He’ll do this infront of my parents and they’ll say nothing, but when he does it in front of family my mom told him once “guys don’t touch girls like that so stop” but he shrugged it off.  Another thing he does is he’ll grab my thigh. Like if I’m sitting next to him randomly he’ll grab just above my knee and squeeze it and then move to my mid thigh and then my upper thigh and squeeze. He’ll say “I’m looking at your fat”. I’ll just smile at him and look away and he’ll let go but I just hate it. When we were younger, maybe when I was 12 and he was 14 we were in the car and he picked up one leg and put it on his thigh and put his hand on my thigh so high up I could feel his fingers brush against my private area. The thing is idk if he’s just “looking at fat” or if this is weird. I just don’t know if siblings touch each other in those places because for me this has been happening for years so it’s normal. It’s not like he’s slapping my butt or letting his hand linger on my thigh, that’s why I’m confused.

The last thing happened when I was 16 and he was 18. So we were in his room and I was on his bed and he was on his chair. We were just talking when he asked me to “put my elbows together” I was confused and I laughed and said “why” and he said “I just wanna see something”. I was confused but did it and when I looked down I saw how my chest was pushed together. I froze feeling uncomfortable and I looked up and he was smiling and then he leaned forward and grabbed my chest. I again froze and he squeezed it and after a few seconds let go. I just sat there and he was like “oh ok I get it now” or something like that I can’t fully remember. I then just left his room and forgot about it. 

Ok that’s it, all this came back to me a few weeks ago and Iv just been so confused on what this means. I don’t think he was trying to harm me or make me feel uncomfortable, he never said anything creepy or weird which is why I’m confused. Pls be honest don’t worry about emotions I just want to know what this counts as, if it’s even anything. Thanks :)

Update: truly, from the bottom of my heart thank you all for your responses. This is all so normal for me so hearing your perspectives lets me know that it’s not. I don’t really have the option to tell my parents because they favour him and will say “I’m trying to make him look bad” or than I’m being dramatic. I’m ok now and I’ll for sure protect myself, I was just so confused because his nature is a very kind, gentle and innocent one, but this really helped, thank you all for being so kind. ",
post,writers,Sibling nicknames,https://www.reddit.com/r/writers/comments/1e18270/sibling_nicknames/,2024-07-11 20:52:27 PDT,0,"Hi! I'm writing my first novel and I need some help with a few things because every source seems to say something different.
So right now I'm trying to come up passive aggressive sibling nicknames for my characters. One (A) is a stoic motherly type and the other is a strong, loyal type (B). Their relationship is a little complicated since A practically raised B but I still want them to have a fun and realistic relationship.
I was thinking the nickname for B could be a dog breed or maybe even just ""puppy"" but I'm not sure what dogs existed in 1800s Germany. A's nickname should have a similar connection to her personality.
I myself do not have a good sibling relationship so it's hard for me to imagine these kinds of things",
post,theloudhouse,How should Lynn Junior's Character be Portrayed?,https://www.reddit.com/r/theloudhouse/comments/14v9ivj/how_should_lynn_juniors_character_be_portrayed/,2023-07-09 13:55:37 PDT,13,"**SPOILERS FOR RECENTLY RELEASED SEASON 7 EPISODES NOT YET AVAILABLE IN SOME COUNTRIES ARE FEATURED IN THIS DISCUSSION POST. DON'T READ IF YOU HAVEN'T SEEN ""BYE BYE BIRTHDAY"" AND ""TOUGH GUISE"" YET, OR CONTINUE READING ON YOUR OWN ACCORD.** 

&#x200B;

Whilst writing my ""Lynn and Order"" review, I knew I'd have to include a sister post to go with it. The thing is, Lynn Loud is a character that I often refer to as my favourite in the entire cast, and yet in reality, my stance on her is more complicated than that.

I really like this character, or perhaps it's more like... I've always been a fan of the ""potential"" surrounding the character. Some of that potential has been reached, in all fairness, and she has had many strong and solid limelight episodes in the show's run so far... but not all of it has been exploited. There is still a lot of improvement to be found when it comes to LJ's portrayal as a character in this series.

The thing is, I've been doing this for years now. I'm the guy who's been dealing with all the controversies within the Loud House fandom, addressing every big problem it has ([https://www.deviantart.com/justsomeordinarydude/art/So-about-the-recent-Loud-House-controversy-671929025](https://www.deviantart.com/justsomeordinarydude/art/So-about-the-recent-Loud-House-controversy-671929025)), and one of the biggest recurring issues has always been the character of Lynn Junior. As such, this is certainly not the first time I've had to talk about this ([https://www.deviantart.com/justsomeordinarydude/art/Is-Lynn-Loud-Jr-a-bad-character-673609648](https://www.deviantart.com/justsomeordinarydude/art/Is-Lynn-Loud-Jr-a-bad-character-673609648), [https://www.deviantart.com/justsomeordinarydude/art/Why-Lynn-Loud-Jr-is-Not-the-Worst-Character-Ever-730391036](https://www.deviantart.com/justsomeordinarydude/art/Why-Lynn-Loud-Jr-is-Not-the-Worst-Character-Ever-730391036)).

I'm honestly sick of the whole situation, but since it just doesn't ever seem to die down for good, it looks like I'm going to have to continue saying my piece on it all.

Most of you probably just came from my ""Lynn and Order"" review, which this post technically acts as an analytical extension of. In that, I promised further elaboration on how to make Lynn's character perfectly (and consistently) likeable to the point where this whole ""fans vs haters"" civil war can finally be laid to rest once and for all.

So... let's get to it.

&#x200B;

**Roughhousing is Okay... Generally Speaking**

Lincoln and Lynn's relationship in this show has always been a little bit messy, to say the least. Sometimes, they can be on the same page, and have healthy and fun interactions that make them an absolute powerhouse of a sibling duo to watch. Episodes like ""Diss the Cook"" and ""Sofa so Good"" prove that Lincoln and Lynn can be a very good (non-romantic, get your minds out of the gutter XD) pairing.

In a vacuum, Lynn's moments of roughhousing with her brother are absolutely fine. While some people get overly sensitive whenever Lincoln even slightly suffers in an episode (mainly because they still can't move on from ""No Such Luck"" back in 2017), I don't mind seeing Lynn give him the occasional noogie or elbow slam in an episode... provided the gags are well-timed, set-up and executed efficiently, and that the mean-spiritedness isn't taken too far. It was pretty much set up as far back as ""Space Invader"" that Lynn was more like a tough and aggressive big brother figure of sorts to her baby bro, and Lincoln even claimed he saw Lynn in a similar manner to his make-believe brothers in ""One of the Boys"". Obviously, Lynn's shtick is to be the tough and aggressive sibling, and believe it or not, despite what so many people in this fandom would have you believe, this character archetype is absolutely capable of being likeable and fun to watch on a consistent basis.

When her character is done right, Lynn is easily the standout of any episode she's in. She was hands down the most entertaining part of many recent episodes like ""Sofa So Good"" and ""Diss the Cook"". She also highly elevated the comedic strength of many episodes featuring the family as a whole, such as ""Camped"", ""Washed Up"", ""Time Trap"" and even some slightly weaker episodes like ""Ruthless People"".  She was also really good in some of her own focal episodes like ""Hero Today, Gone Tomorrow"", ""Hurl, Interrupted"" and the somewhat overlooked comedic gem, ""Singled Out"". In some of those aforementioned stories, she exhibits roughhousing behaviour, like in ""Sofa So Good"" when she jumps on Lincoln and takes him to the floor. But in instances like that, it's fine. It's mild, it's played for laughs, it's not taken too far, and it's not in a context where it particularly comes across as annoying or unnecessarily mean. Scenes like that, or the ones seen in ""Space Invader"" (still the best episode of the show, by the way) are sibling roughhousing done right.

But there are other scenes in episodes that seem a little less humourous and more mean-spirited for the sake of it, like when she tackles Lincoln in ""Diamonds Are for Never"" just for doing a magic trick with her socks. This feels less like innocent roughhousing and more like Lynn just being a general jerk, hence why this scene doesn't work quite as well as the one from ""Sofa So Good"", for example. And those are just the small moments. What about her insanely over-competitive and petty behaviour in ""Lynner Takes All"" or her downright mean portrayal in ""Schooled""? These really haven't done the character many favours in terms of critical reception from the show's following. It's such a shame, too. I remember a time when she was on track to be a fan favourite alongside Luna Loud back in 2016 during the show's early days. I mean, does anyone else remember a time before the two episodes-that-shall-not-be-named of this show came out and FirstDrellSpectre was the only one who didn't like Lynn?

Oh, how times have changed...

&#x200B;

**The Unfortunate Mis-Use of Lynn's Role as ""The Tough One""**

***Minor Spoilers Ahead*** *for recent season 7 episodes.*

After watching two recent season 7 episodes, ""Tough Guise"" and ""Bye Bye Birthday"" back to back, it hit me exactly what the problem is. Let me ask you guys a question? Before watching either of these episodes, given what they're about, which one would you expect Lynn Junior to make an appearance in? Which one would make more sense for her to have some kind of role in it? ""Tough Guise"" is an episode that easily could have featured Lynn in some capacity. Given how the whole plot of that story is based around Zach's friends teaching him to be more of a tough guy, and also the fact that none of those said friends are actually tough themselves, it would make perfect sense for Lincoln and the gang to employ the services of Lynn Junior. Hell, maybe Lynn could even stand up for Zach in detention and defend him from the other bad students in there. But of course, that didn't happen. So many season 5, 6, and 7 episodes starring Lincoln and his friends would have made more sense if Lynn was included (like the episode where Lincoln and Clyde compete with Rusty and Zach to determine which of them are the best friends of the school. Are you really telling me Lynn and Margo wouldn't compete in that?). That's why ""Diss the Cook"" was such a breath of fresh air for so many fans. Because it actually remembered Lynn exists in an episode about Lincoln in middle school (and didn't make her character go down the ""Schooled"" route).

But while she didn't appear in ""Tough Guise"", she did appear in ""Bye Bye Birthday"", even if just briefly... purely to exercise her brute strength and brash force on her brother. See, this gag in a vacuum is funny enough, but given everything surrounding it; the controversy surrounding Lynn's character, the way people incessantly overreact whenever Lincoln gets hurt by her, and all the bile and outrage that seems to come from everyone watching (both fans and haters of the show alike), it just feels like the show is shooting itself in the foot with moments like this... especially when Lynn's strength and aggression are only ever portrayed and used in this negative light. Maybe these moments of her hurting her brother wouldn't feel so bad if they were coupled with moments where she's doing something nice for him or standing up to bullies on his behalf. Suddenly, it wouldn't feel like Lynn's brutish attitude is purely a bad thing to so many people. See where I'm getting at?

Watching these two recent season 7 episodes made me realise something about how Lynn's character is portrayed within the series that causes her to constantly be a target of controversy or vile bashing. The show doesn't always make the best use of her role as ""the tough one"" of the Loud House. As previously stated, in a vacuum, the moments of Lynn attacking Lincoln or throwing her weight around against the other weaker students of Royal Woods Middle School aren't so bad, especially since it's all in character for Lynn to be a bit too abrasive for her own good. The problem comes from the fact that all these moments make Lynn come across as a bully, especially since her strength is only used in negative ways, and usually against people who don't deserve it.

What I mean by this is that we never get to see Lynn use her toughness to do something noble like protect Lincoln from a real bully (seriously, it's been 7 seasons and we still haven't seen that). Even when Lynn is standing up for one of her siblings, like for Lincoln in ""Heavy Meddle"" or Lori in ""Lori Days"", it usually ends up being Lynn misreading the situation or her overreacting and responding to it in the wrong way. In episodes like ""No Bus, No Fuss"", she could have been a part of the story where she sticks up for her brother and his friends and contributes to the defeat of Taylor's gang. But instead of that, the episode just finds a convenient way to write her out of the plot (by saying that she's running to school instead of taking the bus) so that she doesn't know anything about her brother's predicament. Now, to be fair, that episode was trying to go with a very different approach, and have Lincoln and his friends find a way to resolve the matter themselves. While I do admire the episode for doing that, the problem is that Lynn's role as the tough Loud is NEVER used for good actions like this. In seasons 5 and 6, she contributed to more of Lincoln's hardships (mainly through her role as the hall monitor in ""Schooled"")  than anything else. The subplot in ""Schooled"" always rubbed me the wrong way because it undid so much of what ""Middle Men"" had accomplished beforehand. All that stuff about Lynn wanting to help her brother make it through his first day of middle school unscathed, all of her efforts to prevent him from suffering the same traumatic experience she did, and everything that represented about her character in the process... undone for the sake of an awful comedic subplot in a special two seasons later.

And that's the biggest problem with Lynn's portrayal in the show... inconsistency.

&#x200B;

**Consistency**

Consistency is key. But with Lynn, it seems that one episode has her coming across totally fine in terms of her attitude and personality, and then the next will literally make her look monstrous. For example, we have the aforementioned contrast between ""Middle Men"" having Lynn want to help her brother with his middle school experience, and ""Schooled"" involving her stuffing him and his friends into lockers. It's a pretty jarring difference.

Then there are more recent examples. ""Cheer Pressure"" is easily one of her most tame appearances in terms of how brash and aggressive she behaves in it. Then that was soon followed by ""Snow Escape"", which had her look like a savage wild animal out for her own family's blood.

In an ideal world, none of this would matter. Because in an ideal world, our fandom would be more mature about the odd badly written/produced/directed/storyboarded episode, chalk it up to nothing more than the show having an off-day, and then forgive, forget, and move on. In such a world, Lynn wouldn't be so hated, because in all fairness, it's really only a minority of her appearances where she genuinely comes across as unlikeable. About 90% of the time, she's really great... but like it or not, history dictates that the bad 10% eclipses the other 90% in terms of significance. As such, the handling of the series and of Lynn's character specifically must take this into account.

The thing is, I should like ""Snow Escape"". It's hilarious, it's suspenseful, it has some of the best animation the show has even produced, and even some decent, underappreciated moments of sibling co-operation and bonding. And yet... I can't fully enjoy this episode because the minute I finished watching it, I knew exactly what its effect on the fandom and on the character's reputation would be. I've had the thankless task of managing this fandom and it's over-the-top reactions and behaviour these past 7 years, and I'm sad to say it's still not getting any easier (the worst part is I don't even get the respect and recognition for it, either). I can't fully appreciate everything that episode does so well, because it's bogged down for me due to the simple fact that it contributes to this ongoing problem with Lynn's character.

I should just be watching the episode and enjoying it, but I can't, because I'm all too savvy with how things play out in the aftermath of any episode coming out that features Lynn expressing hostile behaviour.

Because of Lynn's character always fluctuating in terms of likeability, she ends up being reasonably liked and tolerated for a while, then a new episode comes out that makes her look like a jerk again (whether it be a major appearance of even just a quick gag of her taking her roughhousing too far with one of her siblings again), and then the whole situation reignites and off we go again. Honestly, isn't everyone sick of this same old cycle of erupted emotions followed by temporary calm periods? I sure am. I'm now always worried whenever a new episode comes out because it might make the ""Lynn Wars"" erupt all over again. I shouldn't be having to watch the show with that mindset... but sadly, I do.

Speaking of ""Lynn Wars"", I recently came across a deviation posted by TheAmazingPeanuts (artwork done by Alejindio) with almost that exact title (Link = [https://www.deviantart.com/theamazingpeanuts/art/Lynn-s-Wars-970385871](https://www.deviantart.com/theamazingpeanuts/art/Lynn-s-Wars-970385871)). This deviation was both brilliantly made... and depressing to look at simultaneously. This was obviously meant to be a parody of the more hysterical side of the fandom that relentlessly argues with each other over whether or not Lynn is a good character. This image captures the essence of the entire situation perfectly.

But here's the thing... isn't it just so deflating that this situation even exists to begin with? I certainly think so. It feels like Lynn fans will finally start to win over some of the detractors and things will finally die down for the last time... and then the show will come along and reload all the ammo for the Lynn haters (via a new episode that once again portrays her in a bad light) and the whole thing kicks back into full gear.

I wish this whole controversy surrounding her character, one that has lasted for YEARS at this point, would just go away forever.

But when (just when) will it happen?

&#x200B;

**Lynn Doesn't Need a Complete 180, Just Better Ways of Having Her Rough Traits Be Displayed On-Screen**

The thing is, I suspect a lot of people want Lynn to change so much to the point that she's not even remotely the same character anymore. They want her to go down the same route Ronnie Anne's character did in The Casagrandes, where she softens up to the point where her rough brashness and energetic toughness is all but a thing of the past. For many haters of the character, either this or her just being written out entirely are the only outcomes they will be happy with.

For many watchers of the show, this is what should happen, but as for me, I honestly don't want to see this transpire. Sure, I'm all for character development, but I actually like Lynn's tough and energetic personality... when it's done right, that is.

While I'm not against the idea of her having some softer and more tender moments with her family, Lincoln especially (in fact, I'm definitely in favour of that), I don't want her to become a completely different character entirely. Love her or hate her, Lynn brings to the show a very unique flavour of humour, and when her character is portrayed correctly in episodes like ""Space Invader"" and ""Middle Men"", she is an absolute blast, and easily the most entertaining aspect of that particular episode.

So, you're probably a little confused here. I'm saying I'm not all that satisfied with the way Lynn's character is handled in the show, but I'm also saying I don't want her to change too much. So, what exactly am I getting at here? Well, here's the thing: There's a good way to write and portray a rough and tumble tomboy girl... and there are not-so-good ways.

But how do we go about keeping Lynn as boisterous and tough as she's always been without her coming across as an unlikeable jerk or bully? Well, let me explain the ideal way to write and handle Lynn Junior's character... through my own experience.

&#x200B;

**The Ideal Way to Handle Lynn Junior's Character: A Universal Guide**

I'm just going to come out and say it... I honestly think I write her character better than anyone else, including the show's writing staff. I've written her to be both likeable and entertaining whilst completely keeping her in character, and I've managed to uphold that standard consistently.

So, for both writers of the show and fandom content creators, this applies to all of you. Read and learn.

*Note: The next part won't make much sense unless you've read at least some of my stories, so I suggest you go and do that so you understand the necessary context behind my following points. Honestly, you should just go and read them anyway if you haven't already. Seriously, you're missing out otherwise.*

So, let's briefly cover a series of writing techniques to employ to make sure that a character as brash and aggressive as Lynn is still likeable and fun to watch:

* Show the positive side to her strength and aggression: Instead of just having Lynn show off her tough and brash behaviour in bad ways, why not actually utilise this role of hers to have her do good things on behalf of the other characters? In the canon series, she mostly just uses her strength to push around Lincoln and some of the weaker students of Middle School who don't even really deserve it, particularly in the episodes where she is a hall monitor. In my story ""The Loud's Finest Hour"", she uses her toughness to defend Lincoln Loud from danger when a livid Viribus tries to attack him. In ""Lynn and Order"", Lynn fails to overpower a small Bobcat because it seems her strength only works when she's pushing around nerdy students and fails to be of use when dealing with any kind of actual threat. In my story ""Survival Instincts"", Lynn saves Lincoln's life when she wrestles with a wild mountain wolf that has him cornered. In ""No Bus, No Fuss"", Lynn is completely absent from the episode's central conflict, despite the fact that she with all her might and aggression would be absolutely ideal in helping her little brother deal with his bullying dilemma. In my story ""Ronnie And Tumble"", Lincoln goes to Lynn, who willingly helps his friend Ronnie Anne deal with her bullying problem by preparing her to have a final confrontation with Becky. In my stories, I make use of Lynn's strength and toughness to have her do good things for people, showing that a rough-and-tumble tomboy like her can not only be entertaining, but also useful. So, why doesn't the show ever do this? It only ever uses her roughness for quick one-off gags that don't benefit the overall reputation the character has one bit. Again, these one-off gags would be FINE... if that wasn't all they did with the ""tough"" aspect of her character. Show the positives as well as the negatives, that should be obvious.
* Give her a rival to play off: Part of the problem with Lynn's roughhousing in the show is that it sometimes comes across as bullying, especially considering the people she does it to are either significantly weaker than her, don't like her rough antics, or both. An easy fix to this is to introduce a character who can give as good as they get. Ideally, Ronnie Anne once could have filled this role, but given how much she's changed, I don't think a rivalry between her and Lynn would really work anymore. So, I gave Lynn a rival in Babs Bestie, another tough and rambunctious, competitive tomboy character to compete with her and engage in rough play. The two often combat each other with their strength as well as bravado-filled attitudes, and this makes for good comedy that utilises Lynn's and Babs's character traits in a way that makes their interactions come across as funny rather than vexatious. I also have Maxie, Lynn's macho boyfriend who fills a similar role. They may be in a relationship, but they're not above getting rough and competitive with each other, either. But because in both cases, these characters can and will give as good as they get, it doesn't come across as bullying or annoying behaviour from Lynn. Maybe if the show introduces characters like this for Lynn to work with, her rough attitude won't come across as so bad to the fans.
* While not taking it too far, give her warm and tender moments when the story calls for it: While I said I didn't want Lynn's character to completely transform beyond recognition like Ronnie Anne's did, that doesn't mean I'm against the notion that having some warm and gentle moments wouldn't do her characterisation some good. Lynn has plenty of these in my stories, in fact. One notable example is at the end of ""Survival Instincts"" where Lynn realises she's been too harsh and unfair on her brother during their time spent together on the mountain hike. She apologises, he accepts, and the two share a heartfelt moment that shows that Lynn not only cares about her brother, but she admires him, too. Sometimes including a caring moment from Lynn would show that while she is a rough character, she still has a heart and is a good sister and person at the end of the day.
* Never take her rough and tumble ways too far: Admittedly, I did run into the same trap as other writers during my first attempt. My first Loud House story was one that I don't draw much attention to anymore called ""Game On"". It was a decent first attempt, but far from being one of my best works. One of its biggest problems was the fact that I really made Lynn come across as a huge jerk in some chapters. Meaning that if this story ever became canon, it would likely have the same effect on her character's reputation as ""Lynner Takes All"", where the small redeeming scene at the end wasn't enough to make up for all the obnoxious and douchey attitude displayed beforehand in the story. The difference is I learned from this early mistake and haven't screwed up on writing her character since. I just wish other people writing her character would learn this, too.
* DON'T BE TOO INCONSISTENT. Don't do episodes like ""Schooled"" which completely contradict everything that ""Middle Men"" did beforehand without good reason. Just doing it for the sake of a cheap gag or insignificant subplot does not count as a good reason, by the way.
* Perhaps even provide a plausible justification for all her behavioural difficulties and relapses: A criticism people often hurl at Lynn's character is how when she learns a lesson, she sometimes forgets it by the next episode and she's back to square one. But let me ask you all this... is it really realistic for someone as emotionally damaged and set in her ways as Lynn to just miraculously and permanently make a complete 100% character change after one or two small everyday isolated incidents? Lynn's brashness and aggressive behaviour aren't just going to completely dissipate away after the events of a single slice-of-life episode. That's just not believable. It took Walter White 5 seasons to Break Bad, after all. Lynn Junior isn't going to go the opposite way after a single 11-minute story... ""Baby steps"" is a fine way to point it. She should change a little after each experience, but still fundamentally be the same person. That way, she can learn her lesson and grow as a character while still being an entertaining addition to the cast with a lot of entertainment value to add to every episode she's in. Lynn would become boring if she just became a completely nice and mellowed-out kid who's just into sports...
* ...but that's where my backstory for Lynn comes in. You see, I don't believe what we saw in the flashbacks of ""Middle Men"" were anywhere near the full story. I have an extended backstory where Lynn was vulnerable after her horrible first day at middle school, and she ended up under the wing of a mentor who taught her all her tough ways of thinking and acting. For those of you who have read my most recent works, you know that I had her meet Viribus, who is basically just a much more exaggerated and extreme version of herself, who strictly taught and implanted her aggressive and forceful ways into her psyche. A past like this would explain why Lynn is changing very slowly, but is struggling to make those changes stick, thus explaining why her changes are slower than the other Loud siblings. Her problems are much bigger and so heavily ingrained into her that they won't just go away overnight. This way, she can receive her development, but still remain the rowdy and fun tomboy that we (well, some of us) all love. There, I even provided a much more valid reasoning behind her development backtracks in the series.

I wish that the things I've done with and added to Lynn's character would just be made canon, already. The thing is, if I ever get confronted by a Lynn hater (and thankfully, this doesn't happen to me personally very often), I could talk about how Lynn has done good things for her brother like defend him from a mountain wolf, or protect him from Viribus, or help his friend Ronnie Anne deal with her bullying problem. But then they could just turn around and say that it's ""not canon"". I could explain all the development I've given her that makes her infinitely more interesting and lovable... but again, they would just say ""not canon"". It honestly makes me sad. If my works were canon, the ""Lynn wars"" would cease forever, and so would a lot of other controversies within the fandom, for that matter.

Many people often argue ""The Loud House"" has declined in quality over the years. Some people only like the first few seasons, they claim that the show ""jumped the shark"" at some point or suffered from quality degradation (or as TV Tropes puts it, ""seasonal rot""). I personally don't think this is the case. The show improved in many areas while also developing new flaws over time. Unlike almost everyone else in this fandom, I don't think one era of the show was especially stronger than the other. I like both the early and later seasons of the series, albeit for different reasons. That being said, while I obviously like the show a lot, I acknowledge it isn't perfect. It has room for improvement, quite a lot of it, in fact.

As a fan of the series, it is my duty to point out the show's flaws, as well as its strengths, in order to encourage further betterment. That is why I'm here.

And when it comes to Lynn, that is especially the case. I like Lynn, but I'd like her a lot more and have a far easier time being one of her fans/defenders if she were handled in the show as well as she is in my works.

&#x200B;

**Conclusion**

Lynn is a character that requires a certain precarious balance in order for her character to function at its best within the series. Her rough and competitive antics can't be taken too far, but the answer isn't just to remove all those traits and make her a bland, generic sports lover, either. Rather, it's how these tough and boisterous attributes of hers are written and portrayed within the series that counts. Episodes like ""Schooled"" and ""Lynner Takes All"", while fun, take her abrasive and mean qualities a little too far for the character to be likeable. On the flip side, while ""Cheer Pressure"" is a relatively nice story that sees Lynn learn a lesson, it almost feels like it goes in the opposite direction. She didn't have that many amusing moments in the episode because her abrasive traits were toned down significantly. It's all about finding the balance between the two. Keeping her character rough and tumble enough to make sure her comedic potential is fully realised, without going too far and making her come across as a jerk.

Also, have her toughness and strength be used for more good acts. Having her roughhouse with Lincoln and the other nerdy kids at school is fine... so long as those aren't the only moments where her aggression is on display. Show some of the positive qualities of having someone with all the brawn of Lynn in the Loud family. Have her defend Lincoln from a bully. Have her do something that shows that she cares about those close to her. There are enough moments in the series to show this as it is, but the problem is that it's inconsistent. One minute, she's trying to help her brother make it through his first day at middle school, and then the next, she's relentlessly chasing him down the halls to shove him in a locker. Be more consistent with her characterisation (and don't take the bad stuff too far), and she'll be fine.

That may sound like a rather complex thing to do, but it really isn't. It's actually very easy... well, I've always found it easy, anyway. I don't know why everyone else struggles with it. From official show writers to fandom content creators, it just feels like nobody really gets Lynn's character.

While I like almost every focal episode she's had in the last few seasons, there's always at least one fairly significant flaw I can find with how Lynn was handled. ""Cheer Pressure"" was a very good episode that had Lynn and her friends learn to appreciate cheerleaders by learning what they do for themselves... except that while the episode was very good, I almost feel like Lynn's character was maybe just a tad too toned down here, as she didn't really generate that many laughs from me in this episode, personally. ""Lynn and Order"" was a good episode where she learned something, but I would have personally had the second half of the story go in a completely different direction. And once again, it didn't paint her strength and toughness in a good light, as she's only able to use it to push around weak and innocent students while failing miserably to wrestle Bolhofner's Bobcat. In ""Snow Escape"", I should find her gimmick as this wild animal-like antagonist hilarious as well as a bit intimidating, and I should enjoy the episode a lot more than I do. But I can't, because I just know it's an episode that contributes to this ongoing ""Lynn War"" situation. \[\[*God, why does it have to be this way?\]\]*

For me personally, I wouldn't want to see all of Lynn's rough traits be stripped away for the sake of eliminating the controversy. That's not a necessary move to make, and besides, Lynn's love for sports is honestly the least interesting thing I find about her. I honestly like her more for her tough and abrasive attitude, as unbelievable as that may sound to some. I just think there's a better way of representing that kind of personality via the show's writing process. I'd love to see the show (and hell, maybe even the fandom if I'm really lucky XD) pick up on this.

But hey, if all else fails, just take my works and make them canon. Honestly, that's the reason why they exist.

&#x200B;

**Side note:**

But for all the criticisms I have against how the show sometimes portrays Lynn's character, I'll admit that even the show's worst is 100 times better than almost anything the Loud House fandom has made (at least that I've seen, as I don't really care much for FanFiction myself). But from what I have seen, it just feels like a lot of stories out there written by both fans and haters of her alike often portray her in an absolutely vile and incorrigible manner. What boggles my mind here is how so many people will criticise how much of an aggressive, bullying, arrogant jerk they think she is in the canon series... only to write her in a far worse and much more toxic way in their own projects.

Seriously, most FanFictions that include Lynn seem to have her do things like outright break her brother's bones, put him in the hospital, bully and attack him in such severe ways that the antics she does with him in the show are downright tame in comparison. Not to mention privately bully, mock, and scare Lucy for her own purposes, dial up her competitive streak to eleven and go completely mental, and terrorise all her siblings. I don't get it... these are the same people who hate Lynn for all her brutish aggression and nasty moments, and then they go and write her like this? It's like they're not even trying to write Lynn in a better way. It's almost like they're writing her to be as monstrous and irredeemable as possible just to make their own hate towards the character feel more justified or something.

Honestly... that's just sad. It makes me annoyed that my works have to be grouped into the same category as all that garbage.

Just thought I'd throw that last little tangent in there while we're on the wider subject of how Lynn's character is written in general. XD",
post,raisedbynarcissists,How to deal (or not) with a passive aggressive sibling living in the house as me?,https://www.reddit.com/r/raisedbynarcissists/comments/xlt26r/how_to_deal_or_not_with_a_passive_aggressive/,2022-09-23 02:48:49 PDT,6,"I don’t know if I’m in the correct community but I’ll try to anyways because maybe some of you may have some good advice. I’m older than him but he’s in the age where he can decide whether to act like an adult or not. So we both stopped talking ever since we were teenagers, and then we grew and I got used to it honestly and then I reached the point where I let go of any resentments towards him and just let it be so I can be at peace, but then his passive aggressive behavior is just starting to bother me since it’s constant. It’s like he’s always have something against me or angry at me when we don’t even talk, it confuses me to the point that I get angry and I don’t know where to take my anger out because one, I’m older, I don’t want to get into an argument anymore but it is so irritating, to feel someones negative energy towards me everyday, specially still living in the same roof. Any advice on what or what not to do?",
post,aww,"Meet Lilac and Malu, aggressive sibling snugglers",https://www.reddit.com/r/aww/comments/t6gg37/meet_lilac_and_malu_aggressive_sibling_snugglers/,2022-03-04 02:56:04 PST,199,,https://v.redd.it/2znthdb9lcl81
post,JUSTNOFAMILY,My parents shit relationship ruined my idea of love,https://www.reddit.com/r/JUSTNOFAMILY/comments/rph0ae/my_parents_shit_relationship_ruined_my_idea_of/,2021-12-26 22:37:51 PST,3,"
As a preface maybe love isn’t like it but living in a broken home distorts your idea of love.

Firstly my mom = affection stay at home mom

My Dad = does most of the work,pays most of the bills, but unaffectionate and insecure


Majority of the time my parents get into it as 1) my mom still doesn’t have a job 2) my dad having kids outside the house


I’m always on my toes bc they’re always arguing middle of the night I’m sick of it. My mom subconsciously talks shit abt him to me. Which actually proves her point bc my dad doesn’t talk to me at all and if he does it’s negative, he said one time “You’re just like your mom, you won’t achieve anything and I never liked you anyways .I’ve tried to go out of my way to talk to him he keeps it short and ends it early. At the same time my mom would tell me that I should keep on trying to build a relationship w him or else his other kids would have it.  



Back to the relationship thing. My parents have never been on vacation w each other, majority of the time, sleep in different beds and argue. At the same time it fucks me up bc is this marriage. They keep on saying she’s staying for the kids but that’s fucking bullshit. I’m sick of both sides I just wanna graduate and get the fuck out of here (I’m 17). They take the smallest things and blow it up for no reason. I’ve seen some shit myself which I’m not gonna bring up. But never everrr ever take accountability. Neither sides. I sometimes say you guys really fuck up the way I interact w others, but they turn and deflect saying their marriage is fine and I’m just “imagining things” darrg I need to get the Fuck out of here man. I got 6-9 months left. Should I cut off my entire family?

I have no friends anyways. I’m a senior never been in a relationship but seeing this shitshow I don’t even wanna get married….what the fuck should I do after high school go nc on everyone…even passive aggressive sibling?",
post,memes,"Passive aggressive sibling rivalry, I think",https://www.reddit.com/r/memes/comments/l1a9q3/passive_aggressive_sibling_rivalry_i_think/,2021-01-20 06:31:13 PST,55,,https://i.redd.it/hfmwhfbrzhc61.png
post,felinebehavior,Aggressive Sibling and Unprovoked Attacks,https://www.reddit.com/r/felinebehavior/comments/j1ln5d/aggressive_sibling_and_unprovoked_attacks/,2020-09-28 14:43:06 PDT,3,"I am having a problem similar to the poster a few days ago about unprovoked attacks. I have two indoor cats who are brother & sister, 6 years old, and have been together since birth.

Brother cat is a giant lovebug and not a fighter. Sister cat is the hunter & fighter of the two. A few months ago, I picked up Brother cat to give him some medicine. He let out a ""mew"" and completely unprovoked, Sister cat comes running in and attacks him while I'm holding him. I ended up dropping him, they scuffled, and Brother cat ran downstairs to hide. Sister cat was loudly meowing and growling for about 20 minutes, staring at me and hissing with dark eyes (she was basically Satan). And then she just stopped. She came up to me purring and licking me and being sweet as could be. Brother cat tried to come upstairs and she turned into Satan again and chased him downstairs. They acted like this for about 5-7 days until all of a sudden things were calm and they were fine.

Then on this past Saturday (2 days ago), again - completely unprovoked, Sister cat ran after Brother cat and attacked him. It's weird though. Like, this morning when I woke up, they were both on my bed as they normally are. We got about 10 minutes of cuddle time together, but I tried to not bring attention to Brother cat since he's the bullied one. I just pet him so he knew I was there, but Sister was sitting on me for her morning cuddles. But as soon as I got in the shower, I heard them fight and when I got out, she acted like everything was fine and Brother was hiding in the basement. 

The only thing I found that stops her is my dry shampoo. If I get it out and spray it towards her while she's psychotic, she'll immediately run away and calm down. I'm walking around my house carrying dry shampoo everywhere I go as if it's a weapon.

I haven't called her vet yet, but I'm thinking I may need to this time. I also haven't tried any of the calming diffusers or sprays. Does anyone have any good results from using them? I don't want to waste my money on them and the reviews are all over the place. I don't know how well to trust some of the reviews on Amazon, but would love to hear someone else's experience using those products.",
post,avengedsevenfold,Best album,https://www.reddit.com/r/avengedsevenfold/comments/gr101u/best_album/,2020-05-26 10:05:40 PDT,13,"Super new to reddit so I don’t know who sees this and who doesn’t but I’m happy to find fellow A7X fans. Which album is their best? (Imo there are 5 right answers) 😂


Edit: Saw everyone throwing in their reasoning so I’m gonna add to this 

1. The Stage - I didn’t like this album at first, and frankly couldn’t even finish it. I thought Matt’s vox were too raw to fit their otherwise melodic sound, but after the 2nd-3rd listen it really clicked, especially when I finally got to exist. The super experimental prog sound, brooks and syn being a match made in heaven, the maximalist take, the gloomy futuristic subject matter you could tell they had fun again with this album and they needed to blow off A LOT of steam after the low BPM stinker that was HTTK. 
Best Track - Exist

2. Nightmare- It’s so tough to rank these albums from year to year I swear it changes but I think Nightmare was really the culmination album especially when The Rev passed away. They had to pick themselves back up and try to put the pieces back together which after losing a literal family member I couldn’t even imagine but they did and really took a bigger step into what commercial hard rock could be after the white album. Also, not everyone might agree but I feel like the prime years for Matt’s voice we’re from 2007-2012 before he obviously hurt himself, so this falls right in that zone. 
Best track - Save Me 


3. City of Evil/White album
I’ll go with City of Evil here not only for the fact that it was my first Avenged album but also for the sake of it being the album that really propelled these dudes. So much freedom and melody, from tracks like burn it down and sidewinder. I love this album sooo much syn and Matt SHINE. If waking the fallen is the dark, twisted, aggressive sibling this album is like its faster, sexier, more outgoing sister 😂
Best Track - The Wicked End 


4. White album/COE
My first CD I ever purchased when I was 10 years old, the cover looked cool and I was like “hey I know these guys from Guitar Hero!!” Hearing the incredible polish and more commercial sound really opened my eyes to not only rock music, but music in general. From a nostalgic standpoint this album really stands head and shoulders above the rest for me but I didn’t wanna be THAT biased. Plus watching the behind the scenes documentaries really helped me get into the headspace of these guys and through that I fell in love 😍 I’ve always loved A7Xs accessibility to their fans, it’s why they’re the best band out here. 
Best Track- Little Piece of Heaven  

5. Waking the Fallen 
Waking the fallen is a GREAT album however, it has always kind of sat as the 2a to the 1-4’s 1a in my opinion. (If that makes sense lmao) They were a different band when this album came out, heavy, dark, metalcore with a pinch of balladry. As a whole it’s super raw and blown out which helps me understand why a lot of you seem to like it so much. I can 100% respect it, just not the A7X I personally fell in love with. 
Best Track - IWSYT pt.1/2

6. STST
I’ve only heard this album through once, I don’t really count it but in making a point here it sits above the only album I DONT like from Avenged. 
Best Track- Warmness on the soul 

7. HTTK
Nope. I refuse. Coming home and Acid rain, burn the rest.",
post,TalkativePeople,/u/adhesivel0ve on What is the most aggressive sibling fight you remember from childhood?,https://www.reddit.com/r/TalkativePeople/comments/c2y73t/uadhesivel0ve_on_what_is_the_most_aggressive/,2019-06-20 09:31:50 PDT,1,"I was squabbling with my brother about who's turn it was to watch TV, he pushed me and started choking me with so much anger, I kept calling my grandfather (since he was the only adult in the house) so he could get him off of me but well, my grandfather is deaf on one ear and my screams could be barely heard. Finally, I got the strength to push him back and he landed on a lattice window and broke one of them. I ran quickly to the living room where my grandpa was and well, to not make it any longer, my brother and I didn't talk for months, I was about 10 and he was 15.",
post,AskReddit,What is the most aggressive sibling fight you remember from childhood?,https://www.reddit.com/r/AskReddit/comments/c2xkob/what_is_the_most_aggressive_sibling_fight_you/,2019-06-20 08:41:49 PDT,3,,
post,mentalhealth,Treatment... is there really a cure for chronic MDD? I am stuck; what should I do from here?,https://www.reddit.com/r/mentalhealth/comments/bjamk0/treatment_is_there_really_a_cure_for_chronic_mdd/,2019-04-30 17:02:04 PDT,1,"Hi all, just wondering if anyone could help me come to a decision about what to try next, as I am really stuck. This is going to be kinda long because there are some complicated factors, but I hope someone will have some time to hear me out and perhaps throw a few ideas at me.  


First, some context for my situation: I grew up with family violence, an alcoholic parent and a violently aggressive sibling, which means that I had ongoing exposure to regular traumatic experiences as a kid. In addition to this, I seem to have a much more sensitive personality than the others in my family, my emotions and experiences were usually ignored/overlooked/dismissed because of other things going on. I was basically ""on my own"" all through childhood, I had no adults for support, no safe places to go (except for school when I was little; as I got older school also became an unsafe place because I was bullied).  No doubt all of this stuff set me up for depression which set in during my early teens. I was diagnosed at 19 with depression, went on my first medication at around 20 (fluoxetine). I'm now in my early 30s. The most prominent psychological symptoms tend to be that I hate myself, I feel I'm an inferior person to everyone else, I'm never good enough, have a REALLY harsh inner critic etc. In a nutshell, I guess I wasn't raised in an environment that let me learn I'm an OK person and that I am loved. Instead my mind became very self-hating. Physical symptoms tend to be that sleep a hell of a lot, and feel tired and fatigued all the time.  


Most recently in my life I have been diagnosed with treatment-resistant major depressive disorder, by my local hospital's mental health department. Since my early 20s I have tried a bunch of the SSRIs (fluoxetine, citalopram, venlafaxine, sertraline, escitalopram, and some others I can't remember) and none of them have been all that satisfactory. Some of them I couldn't stay on for long because I couldn't cope with the side effects. I recall fluoxetine being great to begin with and then ""pooping out"" after a year or so. Because I was scared of going on really high doses of it, I opted to start trying different medications. A bunch of meds didn't agree with me, and in my mid-late twenties I was on sertraline. I found that out of all of them, sertraline really gave me the best mood boost most of the time, and I think a bit of an energy boost as well. 

About a year and a half ago I went to my doctor and told her I wanted to find a drug that would work but wouldn't cause the sexual side effects I have (which is, basically no sex drive and no ability to orgasm). I am married and have been on antidepressants pretty much my entire marriage, so we have not really ever had a time that we enjoyed a loving and active sex life together. My doctor switched me to escitalopram to give that a try. I think it made me tireder than sertraline ever did, and I don't believe it improved my sex drive at all. She looked into more options for me and decided to refer me to a psychiatrist at the hospital, plus a therapist because I was having really bad bouts of depression still. So currently I've been trying some different meds with the approval of my psychiatrist; last year I tried a combination of escitalopram and aripiprazole (Abilify) which was meant to help get my sex life back and give me some more energy. Aripiprazole was HORRIBLE to start up on (I had migraines and fainting), and then once I was on it for a while I found it didn't do anything for my energy, and only a very little for the sexual side of things (my orgasms came back but they were SO DULL). Most recently my psychiatrist let me try bupropion (Wellbutrin to some of you). I had really high hopes for it because I've read about it helping sexual side effects and energy levels. I came off escitalopram completely before starting bupropion. I was on bupropion for 4 weeks, and stopped about a week ago because I just can't tolerate how fast it makes my heart beat. My anxiety also went way up and I found myself constantly fretting about my daughter's wellbeing (I kept convincing myself she was going to stop breathing at night, or that any mild symptom of illness meant she was going to die). I got so jittery and worried about things that I just decided to stop. The ONE good thing about bupropion though is that it helped my energy levels amazingly, and my sex drive went back to normal. 

&#x200B;

Now, this is where I'm stuck. I am currently not taking ANYTHING, and I don't know if I should continue taking nothing, go back to sertraline, or try something new. In the past I have attempted to come off medication, and failed miserably. I thought then that it was my depression relapsing, BUT I know now that it could have been withdrawal symptoms that made me feel so bad. I have read these symptoms can last for months for some people. Currently I have been off escitalopram for about 5 weeks, and off bupropion for 1 week. I could still be at risk for withdrawal effects impacting on my mood. I am feeling okay, but have found myself feeling more ""doom and gloom"" about life (anxiety about everything, I've been more teary and crying, I've been more irritable etc). I'm certainly not as ""happy"" or coping with things as well as I was on sertraline. I am worried about the potential consequences of having untreated depression. My daughter is three, and needs a loving and caring mother; I am worried about the impact of my mood on her psyche. Also about the impact on my relationship with my husband and friends/family. 

My hesitancy to try something new (which would be tricyclics) is that I am SO SICK of going through all the starting/stopping symptoms associated with trying new meds. Also the disappointment of yet another one not working out. I think I may have even mentally 'primed' myself to expect failure, and I'm not sure if that affects my overall results with any of the meds. Also I know that with tricyclics they have even MORE side effects than SSRIs do, and I don't think ANY of them come without the sexual side effects. I really just don't see the point in trying another med.

My hesitancy to go back on sertraline is that even though I know it probably gave me the best mood boost, I KNOW it will take me back to having a dead sex drive, and I hate that. What is the point in having a sexless relationship with my spouse. I know that sex isn't everything but it is an important part of a romantic relationship. I know that many sexless marriages end up being cold and distant or they just, well, end. This in itself contributes to depression.

  
I just want a treatment that will allow my body to continue working as it should, and I don't feel any of my medication options allow me that. I want to return to work soon, so I also don't want to be back on anything that's going to make me really tired.   


Is there hope for MDD \*without\* medication? I mean I have read a lot of stories of people who say they ""beat depression"" without medication, but were they suffering from chronic major depression and anxiety? I should mention I researched and tried a bunch of supplements in the past but none of them helped me as much as SSRIs did. Would intense therapy help me be happier? How do I train my brain to stop hating on me and instead be more loving? Would that give me more stable feelings? I'm not looking to feel happy all the time, but to have more of a sense that life isn't frightening and that I am actually capable of functioning as a normal human being on society. I have an opportunity to train for my dream job soon and I don't want to fuck it up because of my mental and emotional instability.   


Has anyone else been in this situation? What did you do, and why?",
post,relationships,"Me [24F] recently taken to hospital for stress induced chest pain, aggressive and autistic brother [22M] is making situation worse.",https://www.reddit.com/r/relationships/comments/7xce81/me_24f_recently_taken_to_hospital_for_stress/,2018-02-13 12:29:43 PST,87,"On Friday morning I was experiencing chest pain, my lungs felt bruised like I'd had a heavy cough for a week but I've not actually been sick at all, it hurt to breathe properly and expand my lungs. Work ended up calling an ambulance (more of a precaution I guess.)  Hospital told me I'm physically healthy, the pain is down to stress/anxiety. 


I had a horrible break up in December, was dumped 500 miles from home and was stuck with my ex (30M) until my 7hr+ journey home at the end of the weekend. Since, I've had vivid nightmares of him, struggling to sleep, waking up constantly, always tired. - This could be a whole relationship post in itself. I'm trying my best, but I'm still incredibly heartbroken. 

In January, a pay rise that I was promised has likely been taken away (my manager's budgets were slashed). Management acknowledges I'm doing work way beyond above my pay grade to a high standard, but now the promised raise (which still wouldn't reflect the work) is unlikely to occur.


I've been trying to cope with these issues and disappointment, but I currently live with my parents and younger brother, we'll call him Jon. He's gotten increasingly aggressive and controlling with me over the last 2 years. 

He has: 

*Picked up scissors and threatened to kill me, 3 separate times. 

*When angry: hits, kicks and punches me. 

*Pours water on my chair

*Stolen my stuff from my room and hides it. Denies he has it. 

*Kicks my door

*Bangs on our shared wall

*Trashes the bathroom every single time I clean it

*Stands outside my door in the dark for several minutes at a time

*Bangs the bathroom radiator that shares the wall with my headboard. 

*Demands to know where I am if I leave the house, see a film, etc

*Slams his door as hard as he can any time I enter the house

*Jumps up and down so he can stamp on the floorboard as hard as he physically can. 

*Screams

*Disconnects the internet router in his room constantly (only me and him really use it).


The stamping one he's been doing since I got home from the hospital. Today I had to go back to work, last night I was struggling to sleep. Jon came and put our cat on my bedroom chair. I politely asked him to keep my door open so she wouldn't be trapped in at 4am when she wants to go out and meow until I wake. He did and left.

At 1am, he woke me up by shutting my door knowing she was in there. I called for him to open it back up, he ignored me and went past to the bathroom. I got up, opened it, got back in bed. Within 5 minutes Jon was back, stood outside for several minutes then closed my door again. I admittedly snapped here: I was trying to sleep, I'm exhausted and in pain. I told him to fuck off and leave my door alone. He demanded to know why I wasn't sleeping, annoyed I'd heard him creeping outside. For the next 2 hours, every 15 minutes he went back and forth to the bathroom to keep disturbing me. (Wasn't actually even using the toilet.) I got around 3 hours sleep. 


My parents [57M/54F] won't do anything. I've begged for a lock on my room to which they said no because he'd kick the door down... My safety < door. 

I've asked for them not to ignore me when I tell them he's harassing me. They've said I'm not allowed to call the police, they can't change him, won't institutionalise him (never asked for this, wtf?). Because of his autism, he's allowed a free pass to abuse me. I've been nice, polite, ignored his tantrums as best I can. Regardless, he takes his anger out on me because he can't do it to our parents besides swearing at them.
 

It's like walking on eggshells, he can't work and is diabetic. He won't self administer. His whole world is his bedroom and video games. If he dies in a game - violent mood and tantrum for days, same for if he sleeps in and misses a show. He can't be reasoned with, his logic is the only thing he'll stick to. 


I can't keep doing this, but my parents don't want me to move out. I don't feel safe around him but they just guilt trip me as if I don't understand his autism. He could be depressed - but they say medication is not the answer and won't get help for him. I've always made allowances for him, at 24 I'm used to having him as a brother but I don't want to compromise my safety - this makes me 'difficult' to my parents and that I'm overreacting. 


I feel emotionally and physically exhausted with all this piling down on me. I don't know what to do. I was hoping for the pay rise to move out, now I feel hopeless.   
  ---   
  **tl;dr**: Break up/work stress/aggressive sibling is negatively affecting my health. Parents won't help with brother, feel stuck and hopeless. What do I do? ",
post,getting_over_it,I want to get better without medication. Please share what has helped you in your recovery.,https://www.reddit.com/r/getting_over_it/comments/3gb0c6/i_want_to_get_better_without_medication_please/,2015-08-08 18:55:48 PDT,3,"Some context: I've struggled with depression and anxiety since my early teens. I grew up in a violent family situation - had an alcoholic parent and an aggressive sibling; lots of turbulence and walking on eggshells. Also was bullied at school. I grew up with incredibly low self esteem. 

I'm almost thirty now and doing better than I have been in previous years, but it is still really hard. I have no motivation. I don't socialise much. I avoid things I feel anxious about. My creativity has fizzled out. I spend prolonged periods of time feeling agitated and uncomfortable and not knowing why. I often feel like I hate everything. On days off from work I spend a lot of time in bed. I go through periods of emptiness and extreme fatigue. A lot of the time, nothing in life feels worth it, even though I have heaps of wonderful things going on for me. 

I've tried various medications since I was nineteen. They all seem to go the same for me: I feel better for a few months, then I just go back to being how I was. I am sick of medication. I don't see the point in taking it if I just end up being the same. Meds give me uncomfortable side affects too. Dry mouth. Very diminished sex drive, making intimacy with my partner difficult - which of course adds another reason to feel depressed about things. I feel like being on medication = next to no benefit, with stupid side affects that contribute to depression. So in this way, meds kind of make everything worse for me. Also, it seems more and more studies are cropping up these days showing that antidepressant medication is flawed and not as helpful as previously thought. 

So, I have personally decided I want to get better without the meds, and I am wondering if anyone else here has done this and could offer advice or encouragement. What has worked for you in your recovery, and what hasn't? I realise everyone's situation is different. But I do like to hear from many different perspectives. 

Also, I'd like to say that I am not at all implying people shouldn't take medication for depression. If it works for you then that's awesome. For me personally, I feel I am not getting any benefit, and that is a very hard thing to deal with.

So, I am open to recommendations of any kind - fitness routines, books to read, dietary and lifestyle tips, sleep tips, tips for getting some relief when in the middle of a depressive episode, anything. I guess the only thing I ask you don't give advice on is anything to do with religion/faith/finding God. I went down that road, it didn't do anything for me, so I respectfully ask that you refrain from giving religion-based advice.

One thing in particular that I think would be a good starting point for me is figuring out a way to get more restful sleep so that when I wake in the morning I am not covered by a fog of mental despair. Mornings are the toughest time of day for me. 

Thank you in advance!",
post,offmychest,Tangled web,https://www.reddit.com/r/offmychest/comments/2mhk2i/tangled_web/,2014-11-16 11:24:11 PST,2,"So this mess is messy - and very convoluted. But in the end - I cannot find a solution to the problem. I'm hoping a fresh fair of Reddit eyes will give a new image.  Sometimes you can be too close to a problem to see the solution. And a thank you for reading this; I'm trying to keep it super brief. 

My good friend (20+ years) is happily married and several children.  Let's call him John, and his wife is Mary.  Mary and I are also very close - calling ourselves sisters.  Mary's brother is also married. Let's call him Joseph and his wife Jane.  These are the source of the problem.

Here's the abbreviated problem:  Joseph and Jane (brother, hubby/wife) are actively trying to destroy Mary (sister, wife to my friend). This isn't simple sibling bickering - but a full fledged, non-stop, continuously running smear campaign. It's been ongoing for years. I've seen first hand the explosive blow-outs, the non-physical attacks.

The sibling rivalry could as simple as Joseph acting offended when people declare he and his sister look so much alike.  Or it could be non-proven attempts at ruining Mary's reputation in the eyes of her parents. Once there was a theft; and Joseph flat out declared he saw Mary in the vicinity and she was the only one possible of stealing it.  The problem with this one scenario was that he didn't realize John had installed video cameras in his own home for security purposes - and therefore there was proof Mary was NO where near the theft. (and there wasn't enough evidence to show that Joseph had stolen it, so the family brushed it under the rug).  The last campaign was pretty serious. Both Joseph and his wife Jane have been telling friends and family of John and Mary that Mary was having an affair. They've been telling friends (including myself) that John was emotionally destroyed, crying and confident that Mary was cheating.  

Mary and John are fine in their marriage. John knows that Mary isn't cheating on him - and that the campaign was based on lies.  However, because they pulled in people from outside - many folks may not know that Mary is the victim here.  John wasn't aware that this was going on for months. Mary only just discovered the problem and is destroyed. She's dealt with her brother's jealousy and pettiness for years. But this was a maneuver that struck too closely to ignore.  She can't move past this.  and I understand her feelings.  She is conflicted by the passionate need to fight them against their claims, to prove them wrong and initiate a reversal campaign to show them for who they are - the liars and schemers causing trouble.  

Here is where the logistics of the problem cause serious issues.  Reddit: these two siblings live in small houses next to one another. Neither pay rent/mortgage. The homes are owned by their parents.  Both siblings also work in the family business that is on the same property parcel. So as you can see, things are tangled!  Also - both siblings have multiple children. There are nearly 10 grand children that live on the parent's property.  They are not exactly isolated - they do live in a very congested neighborhood. They are well known and well liked in the area - their small business is a success.  Everything is good! Except the sbiling relationshiop. Bro and Sis live next to one another, work in the same family, share the grounds, etc.  Their kids share a giant yard with playground equipment, pool, etc.  

I don't know the brother's financials - but I know John and Mary can't leave. They were living a tightly budgeted life without rent/mortgage. It would quite literally break their finances entirely.  They won't be able to make enough to pay for a large-enough house/apartment for their many children. They are stuck there. Plus, because of the close proximity to the grand parents, she has built-in child care.  Something she would immediately lose if she left. John doesn't make that much money in his job.  He has a good job, good bennies - and flexibility that allows him to be a Daddy (his priority).  So they are living their budget, with the help of the grandparent's home/land. 

So Reddit. My friends, John and Mary (and their kids), are trapped. And they are the victims of an aggressive sibling, Joseph. No one in the family seems willing to stand up to Joseph. For anyone who is curious, it seems the cause of the brother's aggression is partly due to the parent's raising their children in a very sexist manner. Joseph was the boy and was younger than Mary. But their dad insisted on raising him as if he was the sole heir of the family business.  As the siblings grew up, Joseph was essentially spoiled and Mary raised very conservatively. Over time, Mary was allowed to join in the family business and she was the rock star of capability.  Joseph - who simply expected everything handed to him - continued to grow jealous.  As adulthood approached, this appears to have resulted in a spoiled-child (Joseph) who acts out whenever things do no go his way, and Mary who takes responsibility and family very seriously.  

As an outsider, I can give a neutral opinion: I never liked Joseph, even before I knew Mary as well as I know her today. When John starting dating Mary, I was eventually introduced to her family. I found Joseph petty, with a strong pinch of cruetly.  He isn't a good person. A blind man could tell.  His wife? She must have thought she bagged the winner (she got pregnant prior to marriage when they were very young). She got the best looking asshole around. 20 years later? She rotates between hating him and showing him off (Joseph is physically beautiful). Jane's not too bright, and peaked in high school. Now Jane is starting to take her anger out onto Mary's youngest child. The past year, Jane has shown unfiltered anger at Mary's youngest son (4yo) - by screaming ""I fucking hate you!"", or telling him (and only him) to get out of her house - while the rest of the kids remain. She is targeting a child!  I witnessed this - it wasn't just Mary's word against Jane.  

Ahh. That's the scope of the drama. In summary: Mary can't afford to get away from the situation. The parents know they made a mistake in the way they raised their son, but they don't seem capable of correcting their mistake with any action now. They just ignore the problem. The brother and his wife are increasingly growing aggressive in their attempt to hurt Mary and John.  Mary and John are pretty happy people who seem to enjoy life, and they have fun with their kids, etc.  Joseph and Jane seem to resent this and want to take it away.

My only thought was to remove themselves from the toxic relationship. But she asks: how to do this when she lives near and works with them both?   Plus their kids have been raised next door and are super tight - playing together every day. Mary thinks she'll be hurting her kids by taking them away; it will force to her abandon her kids in childcare (which they can't afford - remember there are several kids, including a 6mos baby).  John doesn't make enough to cover her staying home. And that doesn't even consider the cost of renting or taking on a mortgage. Financially - they are stuck. And they will be stuck until their kids get older.

The grandparent's provide a job and a home for both of their kids. They have a big safety net in this set-up. But as you can see, with one child trying to hurt the other, the safety net has become a trap. A horrible trap. I've proposed therapy for John and Mary to help them cope. They are considering it, but it hasn't happened yet.

That's it Reddit. I don't know what else to suggest. Does anyone have any ideas or suggestions to help us come up with a better idea?  I'm at a loss.  Is there some idea on how to encourage the grandparents to get involved? and if yes, what do you think they should do?  My earlier advice to ignore/avoid Joseph and Jane resulted in Joseph and Jane taking the problem out to a broader circle - involving outsiders and forcing Mary and John's hand. They  have to react to these accusations, and loved-ones are calling John to see if he needs help recovering from his wife's betrayal. 

In the end. There may not be any solution. But - I share this heart breaking situation to see if anyone can see outside the box we all find ourselves trapped in. If anyone had experience like this - share!  

I'm trying to talk Mary into starting her own business. This was the only idea I could come up with.  

If there are no answers, then I thank you for letting me share this.  I love John and Mary; and their kids are like my own.  To see this happening, and to know the intimate details, it breaks my heart.  I'm too close to think clearly; but I appreciate the chance to share. 

EDIT: wordings
",
post,lgbt,"because it's always the Christians going gay instead of the other way around, I've never come across anyone anywhere who can relate:",https://www.reddit.com/r/lgbt/comments/n2ike/because_its_always_the_christians_going_gay/,2011-12-06 06:30:05 PST,19,"tl;dr at end. 

First off my brother and I were emotionally abused throughout childhood/adolescence by our father. We would do anything for his approval. I was the more aggressive sibling and often acted out on my brother to deal with the abuse. My family is conservative Christian, but not pushy about it. We never really went to church.

My brother identified as gay & atheist (liberal, too) in middle school through first years of college. He never told me, tried to hide it, but I wasn't stupid. In the beginning I didn't know how to handle it. I didn't think he was really gay. Rather, I felt like he was so afraid of disappointing our father he self-prophecied into being gay. Plus he was the type to go along with whatever a group wanted to do. The gay crowd was so accepting (and my brother had a problem with bullies, low on the totem pole), I think he was drawn to them. So I resented him for being ""gay"" and ""going along with the crowd"". Wrong, I know now, but we were both children. 

Long story short, when he finally did come out to me at 19/20 (I am finally living on my own, brother still at home), so much anger and resentment had been wrapped up inside me for so long that I couldn't even thank him for telling me. I just said, ""okay"" like he was telling me he was going to a football game. That was all I could manage. Looking back I am ashamed and think of that conversation as one of my great, great failures as a sister. 

Then a couple years later, my brother suddenly becomes a Christian. (Side note: I have zero problems with Christians. I carried the title myself for a time, before slipping back into the familiarity of agnosticism.) In full My Brother fashion, he is very vocal about this and how much better it makes his life. He tells everyone about his newfound faith. I actually in the beginning think this is a pretty brilliant tactic while he is living at home. My parents can't disapprove and it gets them off his back about being without a girlfriend. I think it's a phase, like all the other phases he's gone through. I comfort myself by believing when he moves out, he will find people who accept him for who he is and finally be able to heal from the abuse and be free to be himself, just like I did. 

It's not a phase. He still lives at home, this is 3 years later. And it's not gentle Christianity, it's fundamental stuff. He now ""abstains from the homosexual lifestyle"" because it is immoral. I said I was voting for Obama, he asked me why I would vote for a Communist (from my once liberal brother!). He talks about how science is just a tool that tries to disprove God, when I am a scientist, working on my PhD. He posts facebook statuses about how Satan uses the people closest to Christians to lure them into sinning, and it gets 20 likes by his church friends. 

Basically, even if I came to him now to atone for my sisterly failings and told him it was okay to be gay, he would see me as a tool of Satan, trying to get him to rebel against God. 

I have told him many times how sorry I am for how I treated him when we were kids, but he just looks at me blankly, and assures me nothing I did ever hurt him in the slightest. It's like he's repressed all the years of what a bullshit sister I was. I can't even apologize for it, because he won't admit I hurt him. 

tl;dr. My brother was once gay and atheist, I didn't disapprove but didn't support. Now he is super-conservative, super-Christian to the point of being a stereotype, and I relate even less. I miss the gay atheist he once was, I miss my brother. I don't know how to talk to him or what to say because all I get is Christian robot responses. Do I just give up and let him be what seems to make him happy? ",
