type,subreddit,title,url,datetime_pst,score,body,media_url
post,familydrama,Aggressive brother in law,https://www.reddit.com/r/familydrama/comments/1uzro2c/aggressive_brother_in_law/,2026-07-18 02:49:45 PDT,1,"my fiancé and i are 22 and were temporarily living with his family until an apartment is available and his brother has been getting aggressive and rude toward my fiancé and threatening to punch him when he did nothing wrong, or yelling at him for no reason, this has been going on for about a month now. we are also getting yelled at for staying in our room, but we feel unsafe to leave the room most times, plus we have cats in the room that need to be separated from the rest of the house and they don’t always get along so we like to be in the room to prevent a cat fight etc.  we have been getting yelled at for doing nothing sround the house when we clean everyrhing we dirty and help out when nessesary plus we mainly make sure that our current space is clean the best we can, but we’re still getting yelled at. my fiancé had tried many times to have a calm and collected conversation with his family but it still happens. the brother has been getting more and more aggressive and if we don’t hear him call once, he will slam his fist against the door and yell at us, more specifically yell at my fiancé. I don’t know what to do to handle the situation, it’s not exactly my place to speak up against his brother, especially since I’m afraid of him taking my words wrong, and it doesnt matter how much we try to do everuthing right, my fiancé is still getting targeted for everuthing and yelled at. pls help ",
post,cats,What’s with the aggressive brother mönching?,https://www.reddit.com/r/cats/comments/1unntd7/whats_with_the_aggressive_brother_mönching/,2026-07-04 17:01:22 PDT,17,"The loml Mira recently turned 3! Her lil flamepoint bro Kiro is under 6mo and has been with us for just over 2mo! They adore one another and are inseparable- he constantly jumps into her lap and they give sweet kisses. She chunches his face though during their love sessions and I don’t know why? He is clearly always unbothered by it, but I’m interested in any explanation! All cats are very clean and I brush the long haired kids in home (3 out of 4 cats- Kiro is the only true short hair) 2x weekly minimum. I doubt it’s an assertion of dominance? Maybe he’s just a tasty baby? Tysm in advance!",https://v.redd.it/ogs5p35wxabh1
post,relationship_advice,My (30F) parents' marriage is suffering because they won't stop enabling my brother (34M),https://www.reddit.com/r/relationship_advice/comments/1u1bkku/my_30f_parents_marriage_is_suffering_because_they/,2026-06-09 10:21:44 PDT,9,"My (30F) older brother (34M) moved back in with my family about a year ago. Previously, he was living in his van but he got drunk and totalled it (my parents bailed him out). The family dynamic is that he has mental health and alcohol problems, does not get along with my step dad (65M) and my mom (65F) enables him.

Examples of this is by allowing him to drink in the house even though he becomes rude to us. In the past, he has been aggressive to every single one of us and police had to get involved. 

My younger brother (25M) and I explained this to my mom and she said she won't put him out to be homeless. My dad suggested they pay for the first few months for him to live in a rooming house and my mom said no because he is just started working now and is fine. However, he has a pattern of working the summers to save up and then drink it away in the winter.

Another thing is my stepdad and my mom were supposed to retire and travel, but they don't trust him to be home alone. And my younger brother and I don’t want to be responsible for ""babysitting"" him. This has caused tension in their marriage because my step dad told me he hates living in this house and is now very cold with my mom.

My issue and where I need advice is I feel guilty because before he moved back in I talked to my parents about going back to school. I have 1-2 years left and I am also part of the financial reason they cannot retire. 

However, at the same time I know my brother is being enabled and I want him out. Anytime I talk to my mom about this she will either immediately start crying or start saying things like, ""well you're 30 and we still support you.""

How do I have this conversation with my parents without it turning into an argument?

TL;DR: My parents' retirement and marriage are being strained by my alcoholic, aggressive brother living at home, but because I'm also 30 and still financially dependent on them while finishing school, my mom dismisses my concerns and I'm not sure how to address the situation.",
post,ToxicFamilyMembers,Aggressive brother,https://www.reddit.com/r/ToxicFamilyMembers/comments/1tzi7bj/aggressive_brother/,2026-06-07 10:25:13 PDT,1,"Today, I was brutally assaulted at home by my 14-year-old brother, and my family’s reaction broke my heart.  
He threw a sharp box at me, breaking my nail, and then literally kicked and beat me. In pure anger and self-defense, I threw a tray back at him, ran to my room, and locked myself inside to stay safe.  
Instead of protecting me, my dad blamed me for the fight. Worse, my mom cared more about my screaming and the loud noise than the fact that her 20-year-old daughter was being physically abused by a teenager.  
The physical pain is nothing compared to the victim-blaming and injustice I'm feeling right now in my own home.",
post,whatsthatbook,"Trying to find a book: turquoise cover, boy watching squirrels in classroom, rebellious older brother",https://www.reddit.com/r/whatsthatbook/comments/1tjyq0x/trying_to_find_a_book_turquoise_cover_boy/,2026-05-21 14:35:28 PDT,2,"I’m looking for a youth/coming-of-age novel I read years ago. The cover was dark turquoise/blue with white text and I think a small kite on it. It was translated into German. The story started with a boy sitting in a classroom watching squirrels outside the window. He had a best friend with an older rebellious/aggressive brother. I think Mark Twain and maybe the name Tom were mentioned, and the main boy wanted to become a writer. Does anyone know this book?",
post,whatisthatmovie,Low budget psychological thriller about an orphaned girl who wears diapers,https://www.reddit.com/r/whatisthatmovie/comments/1tckyho/low_budget_psychological_thriller_about_an/,2026-05-13 19:34:00 PDT,5,"I saw this movie about 15 years ago and it was an OnDemand free film. The basic premise is a young teen who is now living with her aggressive brother and trying to figure out who she is along with trying to fit in while knowing she is different. 

She cuts herself to relieve stress and wears diapers because she's developmentally stunted. I know there is one scene where she murders one of her ""friends"" by taping them to a chair and duck taping their mouth and nose and watches them suffocate to death. The movie ends with her taking off the bandages from her wrists and walking into the ocean. 

It's probably a long shot I know. Any help is very appreciated. ",
post,japanlife,Lawyer didn’t really want to handle it unless it becomes formal asset management,https://www.reddit.com/r/japanlife/comments/1snr13s/lawyer_didnt_really_want_to_handle_it_unless_it/,2026-04-16 21:49:22 PDT,33,"My wife and I are dealing with a difficult elder-care and family conflict situation in Japan.

My father-in-law is in his 80s and has cognitive decline. He lives in senior housing, where expenses are mostly paid by bank transfer or automatic withdrawal, and receipts are kept. So the daily spending itself is fairly transparent.

The problem is my wife’s younger brother.

There are concerns that he may have used some of their father’s money improperly in the past. My wife also paid some hospital expenses on her father’s behalf, but has not been reimbursed. Some utility bills are still being withdrawn from the father’s account, and the brother says he will change them himself, but nothing has been clearly resolved.

The bigger issue is that he yells at my wife and emotionally wears her down. She feels responsible as the eldest daughter, but direct communication with him is becoming too stressful.

We contacted a lawyer because we hoped a third party could become the contact point, send written notices, and help resolve these practical issues.

But the lawyer did not really take it up. The impression I got was: “This is still a sibling/family dispute, not a legal case yet.” They said they might consider it if the focus is the father’s asset management, but not simply as a conflict between siblings.

That made me wonder whether the problem is incentives. If it becomes adult guardianship or formal financial management, there is a clearer fee structure and continuing work. But if the request is “please protect my wife from her aggressive brother and help sort out reimbursement and utility payments,” maybe it is too vague or not profitable enough.

We are also planning to meet with the securities company with my father-in-law. He holds securities, and the goal is to convert them to cash and deposit the proceeds into his own bank account, if the company confirms his understanding and consent.

Adult guardianship was mentioned, but I am hesitant. Once started, it can be hard to end, and if relatives are in conflict, the court may appoint a third-party professional guardian. That may be necessary someday, but it feels heavy-handed when the current daily spending is already transparent.

What we really want right now is limited and practical:

* stop my wife from having to deal directly with her aggressive brother;
* keep all assets in the father’s own name;
* request reimbursement of hospital expenses in writing;
* confirm utility account/payment changes in writing;
* avoid jumping into guardianship unless truly necessary.

Is this just the reality of family disputes — that lawyers do not really get involved unless it becomes litigation, guardianship, or formal asset management?

Has anyone dealt with something similar?",
post,Autism_Parenting,advice needed for aggressive brother.,https://www.reddit.com/r/Autism_Parenting/comments/1smp8z2/advice_needed_for_aggressive_brother/,2026-04-15 18:23:32 PDT,4,"this is a rant, i am coming here because hes a diagnosed autistic. i also need tips on how to get him to behave. THIS CONTAINS CENSORED SWEARING! i don’t know if censoring it is allowed or if swearing is not allowed in general so i just censored it because a major point in this is how he’s using disgusting language.

so my younger brother (11m) is autistic, im unsure how severe it is but he has major behavioral issues. 

he has massive anger outbursts at his phone and people when he is corrected. (he’s had like 26 phones over 7 years.)

recently he’s been saying the N WORD when he loses in his game. example being: “f\_\_ you you stupid n\_\_\_”  which is absolutely disgusting. 

when me or our mom tells him to be quiet he will flat out say “No.” and turn his phone up LOUDER. he’s called me and her both many variations of “stupid b\_\_” 

as i’m writing this, he called me an “ugly a$$ stupid b\_\_” because i called him out for saying the n word. 

i’d like to note how we are NOT black, making this even worse.",
post,SchizoFamilies,Need advice on how to help my aggressive brother find a healthy outlet,https://www.reddit.com/r/SchizoFamilies/comments/1s911es/need_advice_on_how_to_help_my_aggressive_brother/,2026-03-31 14:39:40 PDT,10,"My brother (20M) was diagnosed with schizophrenia last year. Prior to his diagnosis, he was extremely paranoid and starting fights with strangers on the street. These fights got pretty bad, as he is strong and well built. Anyways, after his diagnosis he started taking risperadone (3mg) and sometimes (rarely) lithium. He was stable for a few months, but in the last 6 months his aggression and paranoia started back up again. He is a heavy heavy drinker, so I thought perhaps that's why he had this sort of relapse. 

My mom told me that he has been punching doors and walls nonstop for months, and goes outside in the yard to fight imaginary people... I know he has to get his drinking under control, but he drinks to fight off the depression... I just want him to find an outlet to let his anger out and am looking for suggestions. Thanks",
post,AskMenOver30,"Anyone else's adult sibling/s address your parents by their first-name, and not ""Mum"" or ""Dad""?",https://www.reddit.com/r/AskMenOver30/comments/1qnmykd/anyone_elses_adult_siblings_address_your_parents/,2026-01-26 09:41:49 PST,3,"I'm the youngest of four. My bachelor 60yo very passive aggressive brother, who I feel is a bully as well, does this to our elderly mother and has done for years. He has never had a long term partner, no kids. Dotes on her continually when she is more than capable of dealing with things herself. 

I've never come across anyone else who doesn't call their parents by the traditional term you learn from birth. ",
post,NoDamageDecember,Please I’m already going through withdrawals and I’m about to fail,https://www.reddit.com/r/NoDamageDecember/comments/1plzesr/please_im_already_going_through_withdrawals_and/,2025-12-13 15:38:41 PST,8,"I’m so fucking close to giving up. Sure, my friend has my blades and hot glue gun and pins, but I nearly lost while taking a shower because I turned the water too high for a moment before realizing and stopping myself.

I live with narcissistic parents and an aggressive brother. I don’t know how much longer I can handle this without doing something, \*anything\* to hurt myself. Please, I feel so guilty about this and it only makes me want to hurt myself even more because I feel like I need to punish myself for everything I do. 

I don’t want to eat because it’s self destructive, I want to bite my tongue until it bleeds because it’ll make me shut up, I want to scratch myself to take out my negative feelings, I want to cut my tongue on soda cans because nobody will notice and it’s so easy.

Blood is like the negative feelings in me, and I need to bleed to release them. Please I’m so close to hurting myself and I don’t know if I’ll make it through the night without help. 

I have nobody I know for a fact can turn to because every time I open up everyone leaves. I don’t want to hurt my only two friends with my burden, but I’m about to be crushed by it myself.",
post,Nightwing,If Jason and tim don't exist in dcau how is dick a good brother in the dcau new 52 series,https://www.reddit.com/r/Nightwing/comments/1pi3qs4/if_jason_and_tim_dont_exist_in_dcau_how_is_dick_a/,2025-12-09 02:06:08 PST,0,"I know dick isn't a bad brother but, I feel he wouldn't have the same growth without Jason and tim to be a good brother to damian specifically. Or more alike the brother Jason needed. My reason based on what I know about the characters

 frist off when dick quit or got fire from being robin depending on the current canon he was mad at Bruce. Not like give it day to blow over type of mad like I'm outta here of mad. 

Which leads to batman getting a new robin later. Aka Jason (at least in the comics not in the dcua)  dick is a good brother to Jason but isn't present much because he lives in bludhaven and has problems with Bruce. 

Then Jason dies which makes dick regret for not being there for Jason more. Which leads him to be there more for tim. Who although seems to be the most normal and, adjusted one is the most likely to to become a villain if he wasn't a hero. 

Then Jason returns from the dead there is a lot of fighting and distance. which I think dick needs to go through in order to become the brother damian needs.

To sum it up dick learn things from being Jason brother when he was robin the basic of not letting  his relationship with Bruce get in the way of his brother. Then learning to spend more time because of Jason death. Learning to deal with his brother quirks because of tim. And handling angry aggressive brother because Jason came back from the dead. Which all really prepared him to be the brother damian needed.

Maybe it not necessary although I think the dcua makes him seem like the perfect brother to damian whichout reason when yes dick was always a good brother, but that because of regrets and things he learned being the big brother of Jason and tim before damian got the brother he needed which other way may have not existed if it weren't for them.

What do you think? Am I looking at this wrong or is this a valid opinion. 


Edit
Sorry I try to change the title I am talking about the dcamu not dcau.
Also I am not a jason todd fan. I just use him as an example because it is an important relationship he had had as a big big brother. So was tim but people seem to go over what I said about tim and his relationship. Also this more about how they take away dick relationship with his brothers. When they are important to him from being a good brother to great one. Anyone can be a good brother but not everyone is a great one. If you know the difference.  
Also I just like the character robin weather it is dick, jason, tim, Stephenie, duke, damian, even map. They all bring something to the character robin. 

One last thing the title is ragebait. No one would have read it other wise. Or not as many.
 
Edit 2
I see I Reread my post I meant to put dick is a good brother just the not present.  Instead I put isn't when I meant is. sorry about that it was 2am when I wrote this. I understand why people thought I was a jason fan fixed it.",
post,guitars,Seymour Duncan Nazgul VS DiMarzio D-Activator (or even D-Activator-X)?,https://www.reddit.com/r/guitars/comments/1pf2orc/seymour_duncan_nazgul_vs_dimarzio_dactivator_or/,2025-12-05 10:27:43 PST,8,"Hi folks,

for a long while have I been looking for a new humbucking pickup for my guitar. Why? Why not!

I play mostly in Drop B on a 6-string, rarely any higher. If it helps: Slipknot, Killswitch Engage, Poppy. Genre-wise I sit somewhere between nu-metal and metalcore.

I'm all about rhythm, solo-work are reserved for neck humbuckers, so let's focus on chugga-chugga here.

Versatility is not needed. This guitar is solely used for metal, so #onetrickponiesunite!

I researched the topic with Gemini beforehand. He says Nazgul is the tightest of all and generally best-aligned for my tastes. D-Activator is more open-sounding, D-Activato-X is a more aggressive brother of D-Act. Do you agree?

Which would you recommend? Thanks and cheers.",https://www.reddit.com/gallery/1pf2orc
post,Advice,"Move out and be broke, or stay in a toxic situation?",https://www.reddit.com/r/Advice/comments/1p671la/move_out_and_be_broke_or_stay_in_a_toxic_situation/,2025-11-25 00:16:03 PST,1,"Reddit may not be the best place for this, but I am stuck at a crossroads decision and need advice. This is long because I feel like the situation is pretty nuanced, so I will leave a TL;DR at the end.

I am currently living at home with my parents and adult brother. I have had a typical relationship with my family - no abuse, not very strict, lets me go at my own pace, we have civil holidays together - until around 2-3 years ago. Things started getting tense when my brother had issues with me bringing my partner over (even though he lets his girlfriend live here, which I am uncomfortable with, but trying to express that has been met with dismissal, so I've just made my peace with it. My parents allow us to have guests). Although we tried to talk about it over the course of months, my family is very avoidant and non-confrontational, so it was mostly me asking to have sit-down conversations about how everyone feels and what boundaries should be set. Even then, we struggled to come up with compromises. 

It came to a head when my brother started harassing my partner (tossing our personal belongings, sending me vague threatening texts, slamming doors when he'd see my partner). We got into a yelling match, he said he disowns me and that I'm dead to him and he never wants to talk to me again. Our mom got us to sit down and talk, with the resolution being that we'd notify each other if we are bringing a guest over (I did this for 2 months. He did not. Eventually I just stopped because he was ghosting me.)

That was a year ago. I've been away from home doing seasonal work, which just ended so I moved back with my parents. I thought maybe things had settled, and I'd have my partner over for the weekends. This past week, my brother escalated and got physical with my partner, followed by berating texts to me. When I asked him to talk to me unaggressively and tell me what he wants from me, he ghosted me again. I've been having bouts of anxiety in my house, trying to stay out and avoiding my brother. 

I know the first thing I should have done a long time ago was stop bringing my partner over. But I feel like even if I do that now, after this whole history, I can't shake this anxiety of living with someone who is acting aggressive and cold towards me. I've been to therapy consistently the past two years and tried to de-center his behavior, and not let his actions affect me, but I still get triggered into anxious and paranoid thinking. 

So here comes the plan to move out. 

In the past, living away from home has lessened my anxiety about this whole thing. I found a place with a roommate, but it would cost more than half my paycheck. My total living expenses would eat up pretty much all my income, even living frugally (no fun money, cheap groceries, no eating out). I do not have debt, and I have about a 3 months emergency fund, and about $10K in savings on top of that (I just paid off my car, so that's where all my money has gone). Financially, it would be tough to move out, and I know I need to get a better paying job, but the market for my degree has shrunk with governmental budget cuts so it has been hard to find. But, moving out would give me room to breathe, and potentially let this problem defuse. 

\*\*TL;DR I have bad anxiety living at home with an individual who hates my guts, and I want to move out but am wary of the poor financial position it will put me in. My two choices are:\*\*

1) Living rent-free in my family home, saving up financially and getting to be close with my parents, but having to deal with an aggressive brother. Needing to regulate a constant anxiety I have, which leaves me emotionally exhausted and lessens my productivity.

2) Renting elsewhere and lessening that anxiety, having more freedom and independence, hopefully having more spirit and drive to get my career in check. But, being in poor financial straits and not being able to save up for retirement or anything, I'm projecting at least for the next year. 

NOTE: I do take responsibility for not addressing this issue sooner, which I think let it fester and set in. I was also selfish/petty in continuing to bring my partner over, because my brother was still bringing his girlfriend over, and I thought, hey tit-for-tat. So it's not like he's mad for no reason. But, my attempts to talk about it while still wanting to bring guests over haven't been fruitful, and I'm afraid it's too late to stop him from being aggressive towards me, even if I do what he wants. Sorry I'm rambling!!!! I've been ruminating on this decision for the past few days. I just need outside input.",
post,MurricsContent,Preach Gaming Drama Time Story (unfinished),https://www.reddit.com/r/MurricsContent/comments/1oyvu6j/preach_gaming_drama_time_story_unfinished/,2025-11-16 12:13:11 PST,1,"My WoW MMO Journey From Classic to Current Day 

 

Hello to you Preach, the ever hard-working staff, and the wonderful, glorious and completely unbiased chat. I apologize for the bad English. Yes, it may be my first language, however I am a product of the American Education system. I come to you from the great land of USA, more specifically, the southern state which homes the headquarters of Coca-Cola; Georgia. As a truck driver, I tend to drive from 8-11 hours a day, given this, I need some entertainment. One day while on Youtube (no I was not driving) I just so happened to stumble upon your Drama Friday and instantly fell in love with the show. After watching Season 10, I decided to go back and start from the beginning and by GOD preach, I can say this show has come a long way. I wish to share with you my own personal story. I don't have 1 specific story, rather a conglomerate of era’s. If you want to split this up, you can if not, cool, either way, its your show and who am I to tell you how to read it. 

My journey goes all the way back to the era of Classic, and I mean the OG classic. Back when everyone was a newb and no one had any iota of an idea what was going on. I remember the day like it was yesterday. One of my friends from high-school came up to the lunch table, sat down and pulled out a very ornate box. Inside that box was a game, not just any game, it was a game called, World of Warcraft. Now Preach, This was not my foray into wow, rather, it only put it on my radar. At this time I was still an X-Box loving, Halo playing God, and when I say I was a GOD at this game, I was a God. Well, as much of a GOD as a 15-year-old could be. I was owning newbs and having passion time with their mums. Thats right, Preach, I was one of “those” kids. Anyways this story isnt about that, this story is about WoW. Fast forward to late 2006 and that same friend that showed me WoW invited my brother and I over to spend the night Friday after school. When we went to his room to chill out, I noticed he had no X-Box to play, which I thought was super lame, “how are we to play Guitar hero or halo without an X-box?” I asked. “Fear not,” my friend replied with a cheeky grin, “For I have a game that is far superior to those dumpster wannabes”. He booted up his computer, his very own personal computer, double clicked on the “W” icon on his desktop and said “Prepare to have your lives changed forever boys”. Preach and audience, If only I never went over to his house that night, this story would not exist. If only I never would have been his friend, this addiction never would have taken hold, but alas, he was my friend, and alas, I did go over to his house, and alas, I did watch him play WoW for hours, from sundown to sunup the next day. He never let us play, instead, I think he wanted a live audience before live streaming was a thing. Looking back writing this, I can't remember the exact details of what he did on WoW, but I do remember the fire it set in me. I HAD TO HAVE THIS GAME! There was only one problem, my mother, brother, sister and I lived with my grandparents at the time and my mother had the only somewhat gamer friendly PC. This PC was in her room, and she went to bed fairly early in the day, I’m talking about 7 or 8pm. Not only this, but we were poor, just scraping by. How could I convince my mom to not only spend money on a game, but also pay per month to play it. This was not going to be an easy task, so one day while at the store, I picked up the box containing WoW, ran over to her and in as innocent of a tone I could muster asked, “Mom? Could you buy this game for me?” She grabbed it from my hands, looked at it, examined the front and the back, flipping between both. Front, back, front, back, looked at the price, looked back at the box, looked at me, placed it back on the shelf and said “We cannot afford it. If you want it, you can get a job and pay for it”. I was heart broken. How could this happen? How could she say no? I was a model of a teen. I was in JROTC for 2 year and started their color guard team. I was active in life, and she said no.  

After that, I let it go for a few months. Fast forward to mid 2007, I had a job washing dishes at a restaurant, so I had plenty of disposable income. Another friend of mine, one from my color guard team and a fellow dish washer, invited me over to his house. His family was relatives of the county commissioner, his mother worked for an internet software developer and his father was retired military. Needless to say, his family was rich. That afternoon he invited me inside, we went up to his family’s game room and when inside, I saw not only his computer, but also his mother’s and his father’s. On their monitors was that game, the very game I have been wanting  for a long time. I asked them what they were doing and my friend said they were getting ready to raid. I can’t remember what raid they were getting ready for, just know It was in Burning Crusade and they were flying around the beautiful city of Shatt. “Can I watch?” I asked them. “Nah, but you can play my x-box while we raid"" my friend replied. I was hurt, I didnt want to play, I just wanted to watch. I get it though, looking back, there is nothing more annoying then when you are trying to concentrate and your annoying friend keeps asking “what was going on”, “why is eveyone’s screen gray”, “why do you have so many buttons on that mouse?”. So I booted up his x-box, turned on his huge screened tv, and started to play Call of Duty, sure, it wasn’t Halo, but was something to play. After a few hours, I would hear random phrases coming from not only my friend, but also his parents. They would say phrases like “I’m OOM you noobs”, “I can’t heal you if you are LOS”, or the beauty of “GOD D\*\*M, STOP PULLING TRASH HUNTER!” among other things. These phrases were not as bad as what you would hear in a random x-box lobby, but it was still interesting. After that night, I had my friend take me to the game store so I could pick up a copy. He told me to not only pick up the base game with the brown cover, but also the expansion with the green cover, so I did. I was super excited to play this game, super excited to do what his family were doing, super excited to talk banter like they were, and excited to place those disks into my very own computer in the room I shared with my older, bigger, and much more aggressive brother. When I got home, I tore open the brown box, placed disk 1 into the CD ROM reader, and saw the UNGODLY amount of time I had to wait, this was going to take a while. Some days later, after all the disks where installed, patches downloaded, multiple energy drinks by my side, and a full weekend ahead of me, I booted up WoW. AH, that glorious intro, AH, that wonderful music, THOSE GRAPHICS!!! When I got to the character creation screen. I was met with many choices, Alliance or horde? “Ok, so good guys or bad guys?” I asked myself. Well, I am a good hearted Christian man, so I guess Human.” Now what class? Warrior. Why did I choose warrior? No clue, but I chose it, and other than evoker, I still main warrior to this day. Now, I’m not going to say that I didnt know the basics of what was going on, my friends gave me a rundown when I watched them play, what they didnt tell me was how to properly warrior. Countless times I would meet my fate of the grave due to murloks, candle wearing beasts in a cave, and random wolves and bears I did not see at the time. Even though I died many times, I still overjoyed it. That was the beginning of my NOOB journey.  

 

A few months after playing, I watched videos from Swifty and Athene and thought, I could do that, make videos and post them, possibly become rich and famous by playing a game I love. So I downloaded FRAPS and read how to use Windows movie maker and started a group for Scarlet Monastery. At this time I was a tank, I wasnt a great tank, but I understood my job was to keep aggro and take all the damage. When someone dies, I felt completely responsible for it. Back then, my understanding in warrior tanking was to put out the most AOE damage I could by placing rend on my main target, hitting them with a Thunder clap, and in doing so, placing a rend bleed on all of the other mobs. A few heroic strikes and thunder claps later, mobs died. So, I decided to make videos showing how to tank. Now, I really wish I could show you these videos, but sadly, I deleted all of them years later for an unrelated vision. Looking back, I enjoyed making these videos. I would record and edit, just to watch my character facing the wall as I tanked, wait, why do I face the wall? Is my tunnel vision that bad that I dont know where my character faces? Ok, I can fix this. A few videos later, I rarely had that issue. That is one reason it good to record your game play and go back and analyze how you did. Many early on issues can be resolved in doing that. My fondest memories in making videos was the community of other video creators I met early on. Creators that no longer exist for one reason or another, people like , TSHADDZ, Gary the Coconut, GREEDEE VIDS, and James Earl PWNS, to name a few. I remember being apart of Athene’s “Together to the Top” hype, thinking, this could be the boost I need, but there was only 1 issue, my videos didnt stand out enough, so I had an Idea. Make a PVP video, but not just any PVP video, because I sucked at PVP. My plan you may ask? Embrace the SUCK and call the videos, NUB V P. I would put game play behind dubstep tracks and get my face pwned. Thats fine, I had a few hits on my videos, but I loved playing a druid and blasting people off cliffs in BG’s. After this foray into making videos, I grew up, life happened, I graduated, and got a big boy job. I had little to no time for games like I used to. So I dropped it. 

 

 ",
post,EstrangedAdultChild,Looking for reassurance and support around going NC with my brother...,https://www.reddit.com/r/EstrangedAdultChild/comments/1opurz7/looking_for_reassurance_and_support_around_going/,2025-11-06 01:49:03 PST,10,"This might sound weird but I'm looking for support and for people to tell me what I'm doing is ok. I'm not interested in people who have opposing views at this time because I have them in my life already. 

Some background... Since about 12yo I've felt basically hatred from my older brother. As a teenager, he would always try to get me in trouble. Over the years, he's gone on a path of destruction - he drinks heavily and drink drives, has had two failed marriages and his second wife left him after only a few weeks, he's been let go from jobs, he's angry most of the time, and incredibly bigoted. He gets angry at me a lot and explodes over minor things, and then my mom rushes to calm him down. 

Something happened last week - essentially he sent me a really horrible text in our family group chat. It was like a ""hallelujah"" moment for me and I realized I don't want anything to do with him ever again. He's very tall and overweight so he's physically very intimidating. The rest of my family are scared of him so they would never stand up to him or say anything that would upset him. 

Some of you might understand this, but I just realized I'd hit a wall and I literally have had enough with him. He doesn't bring anything positive into my life; I only feel afraid when I'm around him. I have a young son with additional needs and I've realized I don't want him to be around my son at all. 

My brother never contacts me, so NC would just mean not going to family events where he is at. I don't intend to make a big announcement about it as my family would all kick off. But, as people realize what I'm doing, the comments will start coming, because I know my family. Things like: 

You're ruining things for the rest of the family.
You're being really selfish. 
I can't believe you're treating the family like this.
He's your brother, you can't do this. 
This is upsetting your mother; how can you do this to her. 

And on and on. So if you've got to this part haha, what I'm really looking for is support or ""permission"" to go NC with my brother. Because I have so many people in my life - immediate and extended family - who will tell me I'm doing the wrong thing and I'm a terrible person. So I need voices or people to counteract that, if that makes sense. 

My brain collects all of my family's views and makes me feel like I'm doing the wrong thing.
But my gut says, ""Get as far away from him as you can"".

TL;DR: Looking for support for going NC with aggressive brother and to know I am doing the right thing. Thanks",
post,whatdoIdo,What do I do about my aggressive brother?,https://www.reddit.com/r/whatdoIdo/comments/1o332by/what_do_i_do_about_my_aggressive_brother/,2025-10-10 07:52:24 PDT,2,"My brother (12) and I (15F) have always had a complicated bond. Up until last year, he’s been reluctant to talk to anyone, except our father (who he felt closest to). Since our father left to be with someone else and doing nothing to keep in contact with us, my brother’s behavior escalated. He is consuming red pill content, following right-wing extremist public figures and has adapted a harmful mindset, including things like supporting misogyny, racism, homophobia and terrorism (we’re biracial - our father is white and our mother is black). I’m terrified of him. He’s become aggressive towards me, using every opportunity to insult me, threaten me with knives, dangerous objects etc… and occasionally hit me with those things. He’s given me a black eye before, cut a piece of my shoulder and choked me several times. I’ve been very vocal about his behavior, reporting it to my mother, but she views it as “playful fighting”, advising me to “not do anything that could upset him”. I’ve learned how to defend myself, but it always backfires. So much so, that he hits me more, calls me all kinds of names and rips out chunks of my hair. My father doesn’t know anything about it, since my brother and I both haven’t been in contact since he left and he’s asked us to be absent in his life. I’ve made attempts to talk to him, ask him what’s bothering him or why he doesn’t seem to care for me at all, yet he’s aggressive when I do show compassion. I love my brother and there are times when he’s sweet, but under these circumstances there’s only so much I can tolerate. 

What do I do about my brother? ",
post,ADHDparenting,I’m just so tired,https://www.reddit.com/r/ADHDparenting/comments/1nr5lel/im_just_so_tired/,2025-09-26 09:15:16 PDT,49,"This is simply a venting. My son (7) has been a lot since the age of 3. He is now diagnosed officially with ADHD. At first I thought “wow 3 is hard but manageable.” It quickly became, where did all this anger come from? Where is all this aggression from? We do not hit our kid, we provide so much love, care, and we used to have more patience. 

We have always poured ourselves into him. We try to make things like birthdays and holidays magical, special. We have taken him on vacation. We have given him the life we always wished we (my husband and I) had as children. We used to read to him every night and we’ve never denied him a book. But it’s never enough for him. It feels like he’s a spoiled brat that is never satisfied with anything. Granted I know that this is a symptom of his ADHD. I know he’s a good kid and I see that shining through sometimes. Yet, there is a darker side to him. Sometimes it feels like an abusive relationship where I’m walking on eggshells, trying to avoid conflicts or yelling. 

Sometimes the most nominal thing will set him off, like a nasty scent or a seam in his sock. This will cause him to yell and be upset, sometimes blaming us for “the problem.” Obviously we can’t control what things smell like or his socks feel on him and there are times when these things don’t set him off. It’s just SO hard to navigate. 

He’s had issues in school. Not academically. Academically he’s intelligent and is reading a grade above his class. He says “he knows everything and isn’t learning.” Where he struggles is with emotional regulation and impulse control. He hits, yells, and he’s been known to just run off—which is so dangerous. Every time the school calls I’m relieved when it’s “oh he has a nose bleed” or “he feels sick” and not “we had an incident and he slapped his friend.” I feel like every week he have to deal with something. 

I’m tired. I’m overwhelmed. 
I’m having a harder time regulating my emotions now. I don’t ever start a conversation with him by yelling, but it feels like lately it’s taken less to get there. I go with him to every psych appointment, every doctor visit, therapy and o try to show up for every soccer practice and games. We’ve explored medication and he’s currently on guanfacine for impulse and 3rd week of setraline. I’m just tired. I feel like a terrible mom and I have a 9 month old that I fear will live in the shadow of his louder and aggressive brother. I just need to vent after this morning where I got kicked and screamed at. Ultimately I know he’s a kid and I know he has a processing disorder. I know it’s not going to get easier but I just needed a moment to scream into the void. I’m doing everything I can and it feels like it will never be enough. ",
post,FriendshipAdvice,How do I fix this Friend group?,https://www.reddit.com/r/FriendshipAdvice/comments/1npkipo/how_do_i_fix_this_friend_group/,2025-09-24 11:49:14 PDT,2,"Hi so I have a big conflict in my friend group and I'd like to know how can I help and sort this 

So there’s 4 people in my friend group: me, A , B , and C

At first it was just me, A, and B, and we were really close. Two years later C joined us.

B’s life has been really hard (trauma, parents’ divorce, aggressive brother, ED, autism, etc.), and A and I always supported her. She’s the softest one in our group and has a hard time saying no.

C was very shy and awkward before she met us, but when she joined, it’s like she flipped. She started acting loud and “playfully aggressive,” but it’s gone too far. She hits people “for fun,” tells B to shut up, doesn’t let her speak, and even told her to commit suicide as a joke — knowing B has struggled with that before.

A and I stopped her when she tried it with us, but B just takes it because she doesn’t want to hurt C’s feelings. Privately B told us it really hurts her, but in front of C she is acting like it's no big deal. It feels like C is taking her insecurity out on B and using her as a punching bag.

How can I fix this friend group?
",
post,Austin,My friend suddenly has to care for her brother with severe mental challenges - any advice on local resources welcome,https://www.reddit.com/r/Austin/comments/1ml35op/my_friend_suddenly_has_to_care_for_her_brother/,2025-08-08 11:32:53 PDT,70,"tl;dr - My friend's family just shipped her schizophrenic, aggressive brother to town for her to care for.  He won't cooperate enough for her to be able to get him declared a dependent (for her health insurance) or get him on Medicaid.  She's wondering if there are any other options/resources

Forgive the long post, but I want to be thorough.

I realize mental health services in this country are woefully inadequate, and in Texas they're borderline intentionally cruel, so hopes aren't high.

My friend's family in DFW has been dealing with this and exploring options for years - they finally reached the end of their rope and literally just put him on a bus to Austin to make her take care of him.  She's now the only thing standing between him and homelessness (which would then be jail because he is aggressive - he's also very large and intimidating)

He has been diagnosed with schizophrenia, ocd, ptsd, and bipolar.  His condition is progressive and the family was told he will never be able to live alone or hold a job.

He has been arrested many times, many court orders, lots of docs, and lots of facilities holding him. They all do the bare minimum required by law.

He was court ordered to be on meds for the schizophrenia (which kind of helped but basically turned him into a zombie). His free state mental health stuff stopped covering it so the doctors stopped giving it to him. When they have been able to get him in facilities he's been able to sign himself out.

She said:   


  
 *""The best bet would be for me to successfully complete his disability so that he can be claimed as an adult dependent. I get him on my insurance. The state help supplements my insurance for his mental health coverage.  (He won't consent to do the things he needs for Medicaid)*

*He has to consent to me having medical authority. He has to consent to the doctors, but he thinks nothing is wrong, lies to the docs, gets out of a moving vehicle to run away, signs himself out of facilities, refused doctors, and refuses to sign anything. (and at a point now where he freaks out if he even thinks they're going near a hospital or doctor's office)*

*Go to get his licenses (back before they knew how bad it had gotten) and he walks up to a police officer there to say “she has kidnapped me” and then my sister gets questioned while he is running out the door.  Go to take him to get his eye checked for glasses because he can’t see 10’ in front of him, but then caused a scene and says the nurse ruined his left eye and severed his ability to move it.*

*And this is why so many unhoused people are in the state they are in. Even having a social advocate to help with the process can do so much. That’s how we found out about the shot, but he was only able to get it for 3 months or so. ""*







I ran this by her and she said it was an accurate description.

I think where it's at now is just waiting for the next crisis that will justify police intervention (and hope that crisis doesn't lead to harm of himself or others) and then hope that results in him being declared incompetent (or whatever the term is) and her assigned as guardian.

Again, not having high hopes this post will lead to her finding more help, but there doesn't seem to be a lot else I can do to help (I can't even meet him, he's bad with strangers, even at the store he will walk up on other men trying to show his dominance) so I'll at least do this little bit.",
post,Advice,what to do about my aggressive brother?,https://www.reddit.com/r/Advice/comments/1m2lf2s/what_to_do_about_my_aggressive_brother/,2025-07-17 15:29:43 PDT,1,"

so basically, my (16f) brother - 20(m), we’ll call him keith has always been really aggressive, physically and verbally to me, my brother, and mum. 

he’ll shout a lot, i walked into the house yesterday and he started screaming at me screaming “what the fuck am i doing.“ even when i hadn’t looked at him. 

our house is quite messy for context, it’s typically me cleaning - if i stop cleaning, because i’m sick (chronically ill) or working it piles up. keith will only clean when it gets bad, then to proceed to send photos to our dad and play the victim, acting as if he’s the only one doing the housework so then i get lectured - and i’m sick of it. 

he’s also hit my other brother, broken glass on drawers from slamming them so hard and he uses weed pretty often. 

i don’t feel safe at home, and everytime i talk to my mum about it she ignores me. i’ve been thinking about staying at my nans for a while but she has a student right now and no spare room to my knowledge. 

any advice? i have tips on self defence incase he gets physical with me. 
",
post,AmIOverreacting,AIO? I feel like my husband has emotionally hijacked my dad's alzheimers diagnosis,https://www.reddit.com/r/AmIOverreacting/comments/1lfu4c5/aio_i_feel_like_my_husband_has_emotionally/,2025-06-19 20:36:30 PDT,0,"My dad has been really confused and out of it for the last 6 months or so, we haven't known what was going on with him, they said it wasn't alzheimers but after a bunch of tests and stuff today they're saying it's early onset, rapidly progressing alzheimers and he only has about 6 years at the max before he passes and there's no getting better from here. Needless to say it's been a very hard, very emotionally charged day. I have three siblings, one of which just doesn't seem to want to really bother himself with dealing with my dad except when the other brother involves him, one who is overbearing and arrogant and tries to bully everyone into doing what he wants, and my sister who can be very caring and cooperative but can also be like my more aggressive brother. I tend to be the mediator of the family and also the punching bag for the more opinionated two siblings. Today I came home kind of numb and upset after a day with my dad and being there for his appointment where we got the news, trying to process everything. My brother called and of course was rude and dismissive because i didn't wholeheartedly agree with his desires for my dad's care going forward, I wanted to come to a compromise and he belittled me over the phone until our conversation ended. I was talking with my husband and telling him what happened, I told him I'm just in my head and kind of numb and not feeling great and just needing to process everything. He then proceeds to go on and on about how he should call my brother and say this and that and tell him it's not ok how he treats me. I said I appreciate that he's trying to protect me, but that just creates more work for me because then I would get nonstop harassment from my brothers about my husband overstepping and involving himself in family issues. Which would just make helping my mom take care of my dad harder. He continued on saying how hard it is for him for me to be treated this way and how it hurts him to see me treated this way. This just really upset me because I am not in the mental or emotional position to be catering to and soothing my husbands feelings. I felt like this was his ego and that I needed him to be supportive. He said that he was just trying to express his emotions and I wasn't listening and that's why he never feels comfortable expressing his emotions with me (an issue in our marriage for quite some time). This really pissed me off and made me feel like everytime I'm in a big emotional place, he suddenly brings up his feelings, they're not received well because I'm already upset and going through a lot, and then it's my fault that his emotions aren't addressed and validated, then we fight and ultimately I have to pull myself out of what I'm going through to console him. I just feel like this is a big deal, this is my dad slowly marching toward death, this is me not getting to say goodbye, not being able to remember what the last real conversation I had with my dad was, watching him get crazier and decline more until he dies. And it feels like my husband is hijacking it and making it about himself instead of supporting me and being there for me. After I really lost it and walked away to go cry by myself, he came in and told me he knows how I feel, when both his parents are in fine health. His dad is a recovering alcoholic and has had some scares, but as of now is sober and on the mend. He then brought up that he understands how our 1 year old will feel because his grandparents died when he was young and it hurts him that he didnt get to know them. I feel like he has been the one talking 90% of the time that ive been home and its been about him and his point of view of what i must be feeling. I feel like he should be asking me how i feel and letting me talk and being here to support me in my time of need and I'm honestly disgusted by his behavior. AIO? Or is what I'm feeling valid? Should I be concerned that my partner will always steamroll my stuff and I'll never feel supported or get the love and support I need?",
post,Christianity,Is it a sin to cut contact with a toxic family member?,https://www.reddit.com/r/Christianity/comments/1leq2vm/is_it_a_sin_to_cut_contact_with_a_toxic_family/,2025-06-18 12:23:40 PDT,2,"I fully cut contact with my aggressive brother who harmed me emotionally and mentally. I didn’t want this to happen but I don’t think I had a choice. I don’t hate him, I just don’t want to be anywhere near him because I’m scared of him. Is this a sin and what does the bible say about it? I know that family and forgiveness is important. I have forgiven him in my heart but I don’t want to get back in contact with him",
post,CharlotteDobreYouTube,AITH if i dont want my stepfather in law back in my life? Even if my boyfriend and MIL are in between us? + update 3 years later,https://www.reddit.com/r/CharlotteDobreYouTube/comments/1kv0zgf/aith_if_i_dont_want_my_stepfather_in_law_back_in/,2025-05-25 05:07:26 PDT,143,"Hi, this is an old story of mine. years ago I asked for advice on platform like reddit. I eventually deleted it. but now 3 years later I have an update for the people who still remember and would like to know how it ended with my mentally abused mother in law.

AITH if I don't want my stepfather in law back in my life? + more updates

Hi people, first of all English is not my first language and I also suffer from dyslexia. So sorry if I make some mistakes. I (female 27) have been in a relationship with my boyfriend Mark (male 26) for about a year and a half now. Very soon after a friend introduced us, the spark flew and we started a relationship. Also very soon we met each other's family. His side consists of his father Harry and new girlfriend Jane, and mother Wanda with her new husband Albert. Mark's parents divorced years ago because Wanda fell in love with Albert. She often tells me that she never cheated, but that she just fell in love with Albert and therefore divorced Harry, and moved in with Albert. This all happened years before I met Mark. His father was single for years and had a new girlfriend Jane half a year before I met Mark.

Now the story is about Wanda and Albert. At the beginning of our relationship I used to come to their house for dinner every week. And now for half a year I haven't been there, because of a fight I had with Albert half a year ago. 
That infamous evening I had dinner with them again and we were now having coffee before Mark would drive me home and will sleep at my place. We were just chatting and at one point flying came to talk about vacation. I don't dare to fly, I have a slight fear of being locked up in spaces, no matter how small or big. If I know I can't get out the walls close in on me. Elevators are therefore really something for me that I do go in but the fear is always with me. In the car on the highway where we drive fast I also find it quite excusting. 
This is also one of the reasons why I don't dare to fly, and then after a few episodes of air crash investegation I am even more afraid of flying. That evening I told him that I'd rather not fly and would rather go by car. Wanda, Mark and I just kept chatting. But Albert kept shouting under his breath ""chicken, chicken, you're a scared chicken"". At first I ignored him, but he kept going.

My mother, who was mentally and physically abused by her first husband, raised me with the attitude of standing up for yourself. So, at the umpteenth time I heard the ""you scared chicken rhyme"", I was fed up and I shouted quite loudly that he should shut up. In my country that is a bit of coarse language and therefore quite rude and not very nice of me and certainly not towards your in-laws. He was surprised at first, Wanda and Mark were also a bit uncomfortable and tried to talk over it. 

When Albert had recovered from the shok, he said that I should shut up or leave his house. Wanda tried to calm her husband down and said that I didn't mean it like that, I was fed up with his arrogant attitude and I left there house. 
Mark drove me home and on the way we had an argument that I didn't feel supported by him or his mother and that they just allowed Albert to bully me.

Eventually me and Mark talked it out, and I knew before that Mark and his mother had always walked on eggshells when it came to Albert. The next day I sent Albert a message that I was going to have low contact because what he did was just bullying and instead of having a calm conversation with me he immediately threw me out. And that he, as someone who did the course to help people find their strength in the workplace like HR, was a disrespectful way of dealing with people. Everyone has fears and bullying someone there is simply not acceptable. 

Months went by and I didn't go there anymore, Mark was more at my and my mother's house than at his mother's. 
I still had contact with Wanda, and we often met in the city, often I got stories about what sweet things Albert had done for her or Mark. Wanda tried to convince me a few more times to talk to him, but I didn't want to have much to do with Albert, but if he would send me a message to talk I would be open to it. 

But I wasn't going to crawl back where I wasn't welcome. I also told her that I don't understand what she sees in Albert, she had a very sweet husband in Harry, Mark's father and she left him for Albert. She said she liked Harry but he was a bit boring, had his rituals and often wore the same kind of clothes for years, and with Albert it was more about traveling, shopping and eating out. The feelings she had for Albert she never had for Harry. I still didn't get it but respected her feelings and choices. (after all they are hers.)

For me and Mark the relationship has become strong, and we can start a new chapter, namely we have found a house for us together. It is not big but it is ours. Now Wanda tried to convince me again to talk to Albert, because he could help us with paperwork. I told her that I am getting a bit tired of her pushing me to talk to him. I understand that she and Mark are in the middle of this conflict, but that I do not need a man like Albert in my life. 
So AITH?

answer to the question why Mark and Wanda walk on eggshells with Albert. He is a very big guy and with a big mouth. I once said to Mark that it seems that his mother may not be physically abused but more mentally. An example of this is when I was there one evening, I was helping my MIL cook in the kitchen, Mark was still add work and Albert came into the living room (house has a fairly open kitchen to the living room) Albert saw that the sound system was straight on the cupboard. He shouted very loudly and angrily why it was like that, it had to be diagonal and not straight, otherwise he would not take the whole room. My mother-in-law immediately came running, her head low with ""oh sorry honey, I put that like that when I was dusting the room"".

He shouted a bit more that she should put it back properly next time. I was so surprised how that went, she huddled, not looking at him en lookt scared. When he went upstairs, I asked if she was okay. And she said ""yeah sweaty, it was my fault and he's a bit stressed"". I said that that wasn't normal, and she said that every house has its things and that I shouldn't worry too much about it. I also discussed this with Mark but he also said that it happened more often. Mark who has lived with them since he was 8 years old, didn't know any better. I tried to tell him how mentally abusive Albert's attitude was. But neither of them wanted to listen, it was just how Albert is. I let it go.

Update: First, Thanks for the responses, they are very mixed from people who think I should be the bigger person and talk to him, there are people who said I should stay away and people who even say I should do something about the abuse. Unfortunately in my place of residence you can do little about mental abuse if the abused person not want the help. 
Now the update: I am pregnant, Mark and I are expecting our first child in the fall. I am busy preparing for the baby and even though I have been prescribed bed rest due to my health, I am enjoying it immensely. We have a lot of help from Mark's father, Harry, Jane and my mother. From painting the nursery to assembling the crib, chair and stroller. My mother-in-law is still not with us much because of the fight, but she would like to babysit once ore twise a week when I go back to work. 
She tried to convince me to talk to Albert again. I got so tired of this, that every time I had to hear the stories about how good Albert is and how he can help us. And that he can help much better than Harry. After the umpteenth comment I lashed out at her a bit, telling her to leave it alone. Albert has his own phone, I haven't blocked him and he can message me if he wants to talk. And that she should leave it alone for now. I have no contact with my own father after his wife wanted to embarrass me on social media and blocked me after my confrontation and I'm fine with that, I don't need people in my life who treat me like that. 
Mark wasn't too happy about how I lashed out at his mother, but he understood my frustration, especially with the high hormones and health pain in my body. For now we focus our attention on the little miracle.

Comment on its me because i have no contact with my father, go somewhere else, i dont need it..
My father and stepmother, that's a completely different story, my father has always been difficult, cared more about my brother than about me because I was a girl. 
Even when my mentally unstable and aggressive brother beat me up because he was in a bad mood and I apparently sang along too loudly to the music, My father stood by him. So that has always been a difficult relationship and my stepmother who is antisocial and never really accepted us didn't help either. Anyways, hopefully to explain briefly ass i can: Because of the corona epidemic there were many guidelines that had to be adhered to. My father and his wife were terrified of the virus, now they are more anti-vex. When I called my father because i had a fall and if he could take me to the hospital. He only wanted to do that if I had done a test, wanted to sit at the very back of his big bus with a face mask on. He would drop me off and he would immediately drive on. I was desperate to get to the hospital, so of course I did.
Later thad month was my birthday, with the guidelines we celebrated my birthday in a safe way. But my father didn't want to come, because of the virus. I respected this, even though I felt said because we adhered to the guidelines of that time. I only received a text message with congratulations from him. Only that word. Father's Day was not much later, the guidelines had been tightened again. So I thought we couldn't come to visit ourselves because he didn't want to risk that on my birthday a few weeks earlier. I sent him a card by post with the message that I wished him a happy Father's Day and that we would quickly catch up when the guidelines allowed it again. My stepmother, with whom I always had a messy relationship, posted on social media that her husband had such bad children that they didn't even show up on Father's Day. This made me angry and eventually led to a further argument in which he blocked me.

Update: Maybe it was the hormones, maybe because I felt sorry for my mother-in-law. She was afraid she wouldn't see us or our baby much because of the fight with her husband. But I'll be back at their house again. Albert and I haven't talked. But it was more of a we don't talk about it anymore and try to treat each other respectfully. So far it's working. We would never be friends, but for my mother-in-law, Mark and baby we try to keep it nice. My father also unblocked me because he was afraid he would never meet my baby. There too is a we don't talk about it and try to treat each other nicely. We'll see how it goes!


Update: 3 years later. 
A lot has happened, first I had a baby boy. I had a terrible maternity period due to human error in the hospital during my c-section. I almost bled to death alone at home with the baby in the crib, luckily I was able to get help. I had eventually lost more than 50% of my blood. Furthermore, my beautiful son was perfectly healthy and despite the scary start and the trauma and depression that followed. I now enjoy our son wonderfully and even plan to get married! 

Now my in-laws! 
OMG im shocked myself but my MIL is getting divorced from Albert. Even though I knew their relationship was bad, I never expected her to take the step. But apparently she had not realy been living as husband and wife for a year. Because she had been in a traffic accident she was taking therapy for the fear she was dealing with.
Eventually, she also tackled deeper fears with therapy and stood up for herself more. 
She eventually realized that life could not go on like this. He treated her more like a housekeeper than a wife. When he got sick a year ago, he did little. He did nothing at home anyway because he had his wife for that. But he also did not work anymore and he did not walk the dog either. The doctor advised him to continue walking as much as possible and to eat healthily for his illness. But he did not listen to this. Even when my mother-in-law had agreed to come to our place for brunch, she had to leave early because he refused to walk the dog and she had to come back to do it. Even at work, she had a late lunch to walk the dog at home.
She remained positive to the world, but it was already gnawing at her inside. 

So she finally put an end to it. Now, a few weeks later, she and their dog moved in with a friend, lets name him Bob, she moved in with Bob to get out of the house as quickly as possible. This friendship started years ago as a dogwalking friendship when they were both still married to their partners. They went for walks in the woods with there dogs and first with their partners to, but partners didn't want to spend more time with the dogs. When Bob got divorced, he bought his own house, and because Wanda still didn't have a place where she could go with her dog. He invited her to move in with him temporarily until she found something.

Maybe you know where this is going. But when they lived together,  both in sorrow and pain of their divorce, found support and love with each other. From friendship to a beautiful relationship. It is still young and fresh, but we can already see how well it is going. She has a partner and not a boss like Albert was. 
Someone who helps her in the house, also cooks for her now and then. Dances with her in her house and just takes very good care of each other. We are going to see where this leads.

And Abert? he now lives alone with a house that he has to clean himself, cook for himself, and take care of himself. We planned to let him be a kind of bonus grandpa for our son. But after he did childish things (like he didn't accept a present that I had arranged for his birthday, while my MIL was still living there she was not allowed to receive visitors anymore, not even her sister or us, and a few other things) i was quickly over him being my sons bonus grandpa and I am glad that he is out of our lives. My son saw him too little to really remember him well. Now we move on and look positively to the future!",
post,DigivolutionTrees,Twin Veemons,https://www.reddit.com/r/DigivolutionTrees/comments/1jyt1tx/twin_veemons/,2025-04-14 00:23:50 PDT,22,"Had an idea of a set of twins with twin Veemons. One hotheaded aggressive brother with the crest of courage and another coolheaded analytical brother with the crest of friendship. 

Gave them their own solo lines, a DNA digivolution line for when they work together and alternate lines for if the brothers have to swap crests.",https://i.redd.it/f4s2wzyd5rue1.png
post,MentalHealthSupport,Friend spiraling into paranoia?,https://www.reddit.com/r/MentalHealthSupport/comments/1jmk1er/friend_spiraling_into_paranoia/,2025-03-29 04:15:33 PDT,1,"*\[This has become a long post <sigh>. But I am really stressing out here, and would appreciate if you folks can give it a go, and share some advice/ insights. Thanks in advance.\]*

I am 35M, based in Bangalore, India. I have a college friend, \~30F, whom this post is about – let’s call her Nikita. We were in college together during our master’s degree, and graduated in 2018. While I and her have never been particularly close friends, we were in a common friends’ group. All of us hung out together all the time, went on many trips, and even though it’s been 7 years since graduation, we’ve managed to stay in touch and meet up every now and then.

I won’t go into the smaller details, but Nikita has always seemed just a little bit… jittery, fickle… like she’s trying a bit too hard, but trying not to show… a bit difficult to explain without examples, I guess, but let’s not go into it. Suffice to say that this impression was formed from isolated ‘incidents’, well spread out. It’s just like each of us in our group has our own little confusing ‘Nikita stories’ that we would mostly just laugh about.

Back in college, I interned in a certain company, under a guy named Arjun. My internship turned into a placement offer, and I worked in that company for 4 years, although in a completely different team – never talked to Arjun again after the internship (weird, I know, but I am a big introvert). Incidentally, a few years after graduating, Nikita went on to work in the same company, and Arjun was her manager. Worked there a couple of years, then left. Came back from Delhi to Bangalore (where her family is located), took a few months’ break, then joined another company in Mumbai. Worked there for a few months’ and then left that as well, and back to Bangalore – taking a break, figuring out what’s next.

That’s the background. Long, sorry. Now, couple of months’ back, we met at a common friend’s party. I was there with my wife, who is also from the same college, was in the same friend’s group, and was actually Nikita’s room partner for a while – they’re not particularly close though. Whenever we are planning something together, Nikita contacts me rather than my wife. Anyhow, all three of us talked about jobs in general, and we gave her our opinions on what she might want to do next. Very generic conversation. Later we dropped her home in our car, continuing in the same vein. One thing that later became important was – at some point, we talked about managers sometimes saying weird things, and I casually said, “But Arjun would have never said something like that, right? I remember him being very polished,” and she said yes. That’s it, we dropped her, everything was fine, we went home.

Next day, I woke up to some late-night WhatsApp messages from her. Her tone was accusatory, and she asked why I and my wife were manipulating her into going into startups, and what exactly had I discussed with Arjun. This was completely out of the blue for me, and I responded as such. She told me not to play games, saying she knows Arjun is trying to manipulate her, directly as well as through others. I reassured her we were not doing anything like this, and repeatedly asked if she is okay. Alarm bells were already going on in my head, because this seemed like a very long, and very weird leap of logic. After a few messages back and forth, she apologized, saying there’s been a “ton of shitty things” going on over the last few years, and she thought this was the same. I asked if she wanted to talk. She said no, but then later in the day asked if she could come over to talk to me and my wife. We were out that day, but asked her to come over the next day, but it never happened. I told the whole thing to my wife, but she didn’t become particularly concerned, just saying that Nikita can be a bit strange sometimes.

I decided to keep checking in on her though, in the hope of getting her to talk about what’s going on, and eventually convincing her to see a therapist. We had a couple of short WhatsApp exchanges, spaced 7-10 days apart, where I asked her how she was, reminded her that we’re here to talk, and suggested that even if she doesn’t feel comfortable sharing with me in particular, she should share with *someone* – a friend, family, therapist. Both these conversations were cordial, friendly. After the last one, she even got some desserts delivered to me and my wife.

A few days later, when I WhatsApped her again, the message didn’t get delivered, and long story short, I realized that I had been blocked. I waited a couple of days, then tried to call her – no answer. Waited a couple of days then SMSed her, not even sure if it would get delivered. Received a message back saying she’s in no mood for friendly banter, and will reach out once things are better. I message her reiterating that neither me nor my wife will ever do anything to hurt her, that she should talk to *someone*, and that I’m here to talk/help if she wants. She says Ok.

Now, there’s a common friend #2 (CF#3) who’s getting married, and the group is making plans to attend. We create a WhatsApp group, and start adding people who are planning to join. Another CF#3 mentions Nikita won’t be joining. A different CF#4 calls Nikita up to ask why, and she literally shouts at him to stop colluding with me to manipulate her. He has no idea about any of this, and is taken aback, tries to reason with her, but she shuts him down. He then calls me and tells me about it, and I tell him what I know. Both of us are concerned, and we call up CF#3. CF#3 was in Mumbai when Nikita was there, and while she is conflicted about sharing things Nikita told her in confidence, she is concerned too, and does end up disclosing some stuff.

Nikita has a twin sister, and an elder brother. Nikita told CF#3 that the older brother is a patriarchal, male chauvinist type asshole who believes women are inferior to men, should stay at home to serve, and has said repeatedly that ‘allowing’ Nikita to pursue higher education was a mistake. The parents are mild, and tend to fall in line behind the aggressive brother. Per Nikita, since childhood, he has been sabotaging her and her sister’s success, in a behind-the-scenes kind of way (no further details). And lately, Nikita has been seeing the same pattern in her professional life. Per her, she had to leave companies A and B because someone somehow reached out to her managers and maligned her character (no further details). She feels that she is being spied on – that her devices might be hacked into, and someone might be sending things from her email, then deleting them off. To the extent that when she had this conversation with CF#3, it was out in a park, and she had left her phone at home. But she could not show CF#3 any evidence, because that would be “going against her family”. In Mumbai, she briefly dated a guy, but became convinced that he was coming over to her house behind her back; got cameras installed, didn’t find anything.

I am not trained in psychology or anything. But after that first initial weird WhatsApp exchange itself, the first thought that had come to my mind was she might be verging on a mental disorder. The word that appeared in my mind was schizophrenia, but on reading up a bit more, it seems to me more Paranoid Personality Disorder than schizophrenia. To re-emphasize though – I have no formal knowledge of these disorders, only what I could quickly gather from the internet. But this last conversation convinces me that something is wrong. To add to the complications, it turns out that when she left for Mumbai from Bangalore, she did not even tell her family she was leaving. Currently, she’s not living with her parents, but with her sister (for my non-Indian friends – this is not as obvious a choice in India as it is in Western countries), and I now doubt if she’s even told her family she’s back in Bangalore? Another detail: back in 2021, she was set to get married, but eventually the marriage was called off – maybe because Nikita was not able to trust the guy enough.

Sidetracking just a little bit to talk about myself. I think I am a fairly empathetic person. While I am not very social, and a bit too “proper” or even “diplomatic”, my friends and family often divulge their problems with me; and I feel I am able to offer them emotional comfort at least. I am bad at keeping in touch though.

Against all of this backdrop, now, what do I do?

While I have not been super close with Nikita, I do have a soft spot for her. As in, even before all this, I hoped she would find whatever she was looking for, that she could be happy. The thought of her struggling with whatever this is, is deeply disturbing for me. The more I read about PPD, the scarier and sadder it sounds. I imagine her sitting in her apartment, unsettled by everything that she perceives as threats. And what makes me want to do something the most, is the fact that I don’t know if anyone else is there for her right now or not. Had there been a husband, or her family, or even a boyfriend in the picture, I might not have felt about it so strongly. But as things are, it seems almost like my responsibility to try to do something.

Since I was not yet blocked on SMS, couple of days back I sent her a long, heartfelt text saying clearly that we – me, my wife, CF#4 – all care for her, and are concerned for her. While we respect her space, we think whatever is troubling her is becoming more serious – and as her friends, it should be our right as well as responsibility to help her. Practically begged her to trust us. She said “All that’s fine, but right now I need my space. Please do not think of it as rude”, and blocked me.

Now, I have no way of contacting her. I know the building she lives in, but not the exact apartment. None of us have contacts to her sister or parents. Next weekend, incidentally CF#4 is here in Bangalore as well. It seems like a desperate measure, but I am half in the mind to just turn up at her place with CF#4. I am aware that this can backfire completely. But I can’t just leave her be. Things seem to be unravelling quickly.

Am I overthinking? Am I panicking too much? What the hell do I do?",
post,u_New-Stretch4401,Friend spiraling into paranoia?,https://www.reddit.com/r/u_New-Stretch4401/comments/1jmjloi/friend_spiraling_into_paranoia/,2025-03-29 03:45:30 PDT,1,"*\[This has become a long post <sigh>. But I am really stressing out here, and would appreciate if you folks can give it a go, and share some advice/ insights. Thanks in advance.\]*

I am 35M, based in Bangalore, India. I have a college friend, \~30F, whom this post is about – let’s call her Nikita. We were in college together during our master’s degree, and graduated in 2018. While I and her have never been particularly close friends, we were in a common friends’ group. All of us hung out together all the time, went on many trips, and even though it’s been 7 years since graduation, we’ve managed to stay in touch and meet up every now and then.

I won’t go into the smaller details, but Nikita has always seemed just a little bit… jittery, fickle… like she’s trying a bit too hard, but trying not to show… a bit difficult to explain without examples, I guess, but let’s not go into it. Suffice to say that this impression was formed from isolated ‘incidents’, well spread out. It’s just like each of us in our group has our own little confusing ‘Nikita stories’ that we would mostly just laugh about.

Back in college, I interned in a certain company, under a guy named Arjun. My internship turned into a placement offer, and I worked in that company for 4 years, although in a completely different team – never talked to Arjun again after the internship (weird, I know, but I am a big introvert). Incidentally, a few years after graduating, Nikita went on to work in the same company, and Arjun was her manager. Worked there a couple of years, then left. Came back from Delhi to Bangalore (where her family is located), took a few months’ break, then joined another company in Mumbai. Worked there for a few months’ and then left that as well, and back to Bangalore – taking a break, figuring out what’s next.

That’s the background. Long, sorry. Now, couple of months’ back, we met at a common friend’s party. I was there with my wife, who is also from the same college, was in the same friend’s group, and was actually Nikita’s room partner for a while – they’re not particularly close though. Whenever we are planning something together, Nikita contacts me rather than my wife. Anyhow, all three of us talked about jobs in general, and we gave her our opinions on what she might want to do next. Very generic conversation. Later we dropped her home in our car, continuing in the same vein. One thing that later became important was – at some point, we talked about managers sometimes saying weird things, and I casually said, “But Arjun would have never said something like that, right? I remember him being very polished,” and she said yes. That’s it, we dropped her, everything was fine, we went home.

Next day, I woke up to some late-night WhatsApp messages from her. Her tone was accusatory, and she asked why I and my wife were manipulating her into going into startups, and what exactly had I discussed with Arjun. This was completely out of the blue for me, and I responded as such. She told me not to play games, saying she knows Arjun is trying to manipulate her, directly as well as through others. I reassured her we were not doing anything like this, and repeatedly asked if she is okay. Alarm bells were already going on in my head, because this seemed like a very long, and very weird leap of logic. After a few messages back and forth, she apologized, saying there’s been a “ton of shitty things” going on over the last few years, and she thought this was the same. I asked if she wanted to talk. She said no, but then later in the day asked if she could come over to talk to me and my wife. We were out that day, but asked her to come over the next day, but it never happened. I told the whole thing to my wife, but she didn’t become particularly concerned, just saying that Nikita can be a bit strange sometimes.

I decided to keep checking in on her though, in the hope of getting her to talk about what’s going on, and eventually convincing her to see a therapist. We had a couple of short WhatsApp exchanges, spaced 7-10 days apart, where I asked her how she was, reminded her that we’re here to talk, and suggested that even if she doesn’t feel comfortable sharing with me in particular, she should share with *someone* – a friend, family, therapist. Both these conversations were cordial, friendly. After the last one, she even got some desserts delivered to me and my wife.

A few days later, when I WhatsApped her again, the message didn’t get delivered, and long story short, I realized that I had been blocked. I waited a couple of days, then tried to call her – no answer. Waited a couple of days then SMSed her, not even sure if it would get delivered. Received a message back saying she’s in no mood for friendly banter, and will reach out once things are better. I message her reiterating that neither me nor my wife will ever do anything to hurt her, that she should talk to *someone*, and that I’m here to talk/help if she wants. She says Ok.

Now, there’s a common friend #2 (CF#3) who’s getting married, and the group is making plans to attend. We create a WhatsApp group, and start adding people who are planning to join. Another CF#3 mentions Nikita won’t be joining. A different CF#4 calls Nikita up to ask why, and she literally shouts at him to stop colluding with me to manipulate her. He has no idea about any of this, and is taken aback, tries to reason with her, but she shuts him down. He then calls me and tells me about it, and I tell him what I know. Both of us are concerned, and we call up CF#3. CF#3 was in Mumbai when Nikita was there, and while she is conflicted about sharing things Nikita told her in confidence, she is concerned too, and does end up disclosing some stuff.

Nikita has a twin sister, and an elder brother. Nikita told CF#3 that the older brother is a patriarchal, male chauvinist type asshole who believes women are inferior to men, should stay at home to serve, and has said repeatedly that ‘allowing’ Nikita to pursue higher education was a mistake. The parents are mild, and tend to fall in line behind the aggressive brother. Per Nikita, since childhood, he has been sabotaging her and her sister’s success, in a behind-the-scenes kind of way (no further details). And lately, Nikita has been seeing the same pattern in her professional life. Per her, she had to leave companies A and B because someone somehow reached out to her managers and maligned her character (no further details). She feels that she is being spied on – that her devices might be hacked into, and someone might be sending things from her email, then deleting them off. To the extent that when she had this conversation with CF#3, it was out in a park, and she had left her phone at home. But she could not show CF#3 any evidence, because that would be “going against her family”. In Mumbai, she briefly dated a guy, but became convinced that he was coming over to her house behind her back; got cameras installed, didn’t find anything.

I am not trained in psychology or anything. But after that first initial weird WhatsApp exchange itself, the first thought that had come to my mind was she might be verging on a mental disorder. The word that appeared in my mind was schizophrenia, but on reading up a bit more, it seems to me more Paranoid Personality Disorder than schizophrenia. To re-emphasize though – I have no formal knowledge of these disorders, only what I could quickly gather from the internet. But this last conversation convinces me that something is wrong. To add to the complications, it turns out that when she left for Mumbai from Bangalore, she did not even tell her family she was leaving. Currently, she’s not living with her parents, but with her sister (for my non-Indian friends – this is not as obvious a choice in India as it is in Western countries), and I now doubt if she’s even told her family she’s back in Bangalore? Another detail: back in 2021, she was set to get married, but eventually the marriage was called off – maybe because Nikita was not able to trust the guy enough.

Sidetracking just a little bit to talk about myself. I think I am a fairly empathetic person. While I am not very social, and a bit too “proper” or even “diplomatic”, my friends and family often divulge their problems with me; and I feel I am able to offer them emotional comfort at least. I am bad at keeping in touch though.

Against all of this backdrop, now, what do I do?

While I have not been super close with Nikita, I do have a soft spot for her. As in, even before all this, I hoped she would find whatever she was looking for, that she could be happy. The thought of her struggling with whatever this is, is deeply disturbing for me. The more I read about PPD, the scarier and sadder it sounds. I imagine her sitting in her apartment, unsettled by everything that she perceives as threats. And what makes me want to do something the most, is the fact that I don’t know if anyone else is there for her right now or not. Had there been a husband, or her family, or even a boyfriend in the picture, I might not have felt about it so strongly. But as things are, it seems almost like my responsibility to try to do something.

Since I was not yet blocked on SMS, couple of days back I sent her a long, heartfelt text saying clearly that we – me, my wife, CF#4 – all care for her, and are concerned for her. While we respect her space, we think whatever is troubling her is becoming more serious – and as her friends, it should be our right as well as responsibility to help her. Practically begged her to trust us. She said “All that’s fine, but right now I need my space. Please do not think of it as rude”, and blocked me.

Now, I have no way of contacting her. I know the building she lives in, but not the exact apartment. None of us have contacts to her sister or parents. Next weekend, incidentally CF#4 is here in Bangalore as well. It seems like a desperate measure, but I am half in the mind to just turn up at her place with CF#4. I am aware that this can backfire completely. But I can’t just leave her be. Things seem to be unravelling quickly.

Am I overthinking? Am I panicking too much? What the fuck do I do?

\#mentalhealth #mentaldisorders #schizophrenia #paranoidpersonalitydisorder",
post,CatAdvice,"Just got an auto-feeder to keep cats from waking us up at 4am, but obese cat swallows dry food whole and throws up even with the slow-feeder bowl. In search of a solution.",https://www.reddit.com/r/CatAdvice/comments/1iekm5s/just_got_an_autofeeder_to_keep_cats_from_waking/,2025-01-31 09:48:38 PST,1,"Hey guys - as the title states my boys have been waking us up earlier and earlier. It's our fault for condoning the behavior. We're trying to get them to both lose weight and stop with the 4am wake ups.

Dax is extremely aggressive with food (eats his and then quickly goes to his brothers (Metro) dish, while his brother is more timid about it.) 

We bought [this](https://www.amazon.com/dp/B0DB8CTTK8/ref=sr_1_8?crid=2L9U3YOQT9YKY&dib=eyJ2IjoiMSJ9.JFyxqHglh2XVDoiRtSbWYHGtx5GbgL__mPWRQB5VA7WVzZasMFQQ_PkDcUFb8NipwDrcB-ldoSzitP1vEh3XoRNcLk8vvd8gw8LWN0uAfEFcGEP7xFLJgdEfJL6zr8UEIQsSXr_-RUUI0sgu--UrmntULabFIKZ5D9AsoZEe7udhVtNWWRs4U2RzCHN-L6VaR3bPOCBf4qpfUPZsJa-LVUF8w5upP-3MRJnWNcbMaykVv7YtIw8dHdoHNIZ6DlfPl_hypGv2y0njT24CMgf4L94kLTZVtTImbI-O-p8iHWV3V-CyNRLYsF5whXWk7aGe69yIb7iVH1oL2ryiz2xVuDjJp5ddhJJDw7g7VksXGBt4Ygu5Rt6c5USTMBVh8SnZlrzNjb-wP9ka6ez_4eyQTiMzqVcl28v4xBe9byOfysgPlItTE5BywpUe4BAFq1I3.FTlr6AS52Flg_5WG7DSm_9mVyHek2-yxbY-KmK3MTIE&dib_tag=se&keywords=honeyguaridan+slow+feeder&qid=1738345048&sprefix=honeyguaridan+slow+feeder%2Caps%2C102&sr=8-8) on Amazon, but this specific slow feeder bowl doesn't work and Dax still wolfs it down. On top of that, I think Metro feels uncomfortable with having to eat right next to his aggressive brother, so we have to coax him to go eat. Not very conducive to not waking up at 4am. So, we're planning on returning this double feeder. 

We're basically at square one. I'm looking for (2) single auto-feeders, but I want the slow-feeder bowl option. Does anyone know of any auto-feeder/slow-feeder bowl combo that fits together? 

I found [this one](https://www.amazon.com/Petory-Timed-Automatic-Cat-Feeder/dp/B09L15DBFF/ref=sr_1_3_sspa?crid=3AR8W97113HK7&dib=eyJ2IjoiMSJ9.DmHrGXLnkKvpsPJ4LxE8giWs8-c-9ca6ekib2sJjiXPi4xCc9n4ghWCZzzfRP1A0K6TPUqW5HSB8_rYzUS3g_l3_hxhLwrMEshOVGbu5H3UxGs1LPrHB8F8bRdM-es-oVylIm2AKiRtWsmh8AHcWkJg2iEZZtsSqtJCL0KLf1gwMbJHP6cosUnLVLWUgZbyVDYVbPDA9XZYmFOGxdJ6NucE5g4Yu6_PpSNTkC8zthxZWjIG4_Xi8dHD7F6ZA4IYOvLQnrnV6o1e67b49t3qUqFziqPjbmDrDFB-WzJe40G8.lF3gEM7_9otB0BDjJNJ5ME3lo7UY3FVMd4M3RwyVrsA&dib_tag=se&keywords=automatic%2Bcat%2Bfeeder&qid=1738344742&sprefix=automatic%2Bcat%2Bfeeder%2Caps%2C127&sr=8-3-spons&sp_csd=d2lkZ2V0TmFtZT1zcF9hdGY&th=1) which seems to have a ""slow feed"" option built in. Has anyone used this? Does it just dispense a few pieces of kibble at a time? 

Thanks for any help you can offer! ",
post,mentalillness,Need help with aggressive brother behavior is escalating,https://www.reddit.com/r/mentalillness/comments/1hr68q4/need_help_with_aggressive_brother_behavior_is/,2025-01-01 08:25:57 PST,2,"Hi everyone, I’m seeking advice about my 25 year old brother, whose behavior has become increasingly aggressive, paranoid, and destructive. He has ADHD but has only recently started acting like this, and it’s deeply concerning. He lives with my mom and younger sister, and while I’m away at college, I’m constantly worried about their safety and well-being.

On New Year’s Eve, he got into the face of one of my sister’s teenage friends, yelling and intimidating him for no reason. When I stepped in to try to de-escalate the situation, he turned his aggression on me, stepping toward me angrily my mom stepped in, trying to talk to him, but he started going on a rant about how the police are watching him and how my mom “knows” what’s going on. I genuinely thought he was going to hit me but I guess me standing up to him surprised him and he backed down. Over Thanksgiving, when I was home, we had a Wi-Fi technician at the house, and my brother became extremely aggressive with him for no apparent reason.

He’s done other alarming things like breaking my mom’s phone because the dryer wasn’t working (he had broken it) and taking my sister’s iPad to the police station, claiming he saw an inappropriate picture on it. He’s been removing all the lightbulbs in the house because he insists they’re “too bright,” even though he lives in the basement. My mom has repeatedly asked him not to sit on the stairs leading to her bedroom because it makes her uncomfortable, but he refuses and says he doesn’t care. He even crumpled up a picture of her and threw it by the front door.

My mom has tried everything. She’s called the police multiple times, but they refuse to do anything and just tell her to get him committed. When she did manage to have him admitted for a week, he acted “normal” while there, so they released him without providing any medication or treatment. She also tried to evict him through the courts, but the judge ruled against it.

His behavior seems to be escalating, and my mom is now considering moving out entirely just to escape the situation. I’ve recently told her and my sister to start recording his outbursts for documentation since we feel like we’re out of options.

Does anyone have advice on what we can do or know of resources that might help in this situation? Any guidance would be greatly appreciated.",
post,AITAH,AITAH for adding a cat into my household? ,https://www.reddit.com/r/AITAH/comments/1hc296a/aitah_for_adding_a_cat_into_my_household/,2024-12-11 11:49:58 PST,1,"Settle in, Reddit. It’s gonna be a long one. 


I’ve lived and rented a place with a roommate for about 8 years now. I’ve known him for probably around 15 years and he has always been a great dude and great friend but recently things have gotten rocky. 

When we first moved in together, I knew of his cleanliness habits and they weren’t great to say the least. I came from a household where my family was super anal and would clean up constantly. I got used to cleaning up after myself and keeping a tidy place. I would vacuum every week or two weeks, keep up with trash, dishes, the yard work, litter box, most things. They would bother me but not him. As time went on I would try little experiments like “if I don’t take the trash out, how long will it take before he does?” And not to my surprise, trash would pile up on top of and around the garbage can. He cooks more than me and would leave dirty pans/dishes/whatever he used as well as food on the counter, empty wrappers NEXT to the trash, and then still wouldn’t clean it up for a day or two and sometimes he’d wait until I needed the pan(s) and dishes to cook knowing that eventually I would clean the stuff. I even made a dry erase board chart on the fridge with check boxes for certain tasks and I was willing to pay out $20 every time 5 small “chores” were done, even though it should be just his casual responsibility. Safe to say he’d rather not make money and wait til I clean things. This isn’t even the problem, we eventually grew into agreement on certain things. I take out all trash in the house (even in his bathroom), clean the toilets, vacuum, do yard work and buy cat litter. He scoops the box (he has 2 cats I have one and I said he could buy it and I’ll scoop but I ended up buying it and he would scoop). I thought that was a solid divide of work around the house (not really). I do 90% and buy stuff and he does 10% and doesn’t need to buy anything. I provided bleach and brushes for the bathrooms, paper towels endlessly, and he never cleaned. We agreed he just needs to scoop the litter box (which needs done way more often) and keep the sink clear of dishes and dishwasher empty. If the sink is empty, I move the rinsed clean dishes to the dishwasher and I keep it empty and as easy as can be. I also provided detergent pods for a long time other than a few instances that I wasn’t aware we were out. 

When we moved in, the deal was I get the basement for a music studio and he gets the detached garage. The garage today is absolutely destroyed and is infested with rodents like raccoons, possums and groundhogs. Instead of finding solutions, he boarded it up and it now can’t be used. He claimed he was going to rent a dumpster and clean it out in October but October came and went and it never happened. I asked him about it in October and he said he still planned on doing it. Now it’s December, it’s cold and I know for a fact he’s not going to rent the dumpster at this point. 

I bought Bluetooth speakers for the bathroom for music while we shower and over time, one of the speakers stopped working. So I purchased a bigger and nicer set of Bluetooth speakers which gave us problems when it comes to connecting. It latches onto the last phone that was paired. We got in the habit of texting each other to turn our Bluetooth off which was annoying so I brought the old set of speakers back in and wanted him to use those. He refused and would rather still ask me to turn off my Bluetooth. I shower in the morning while he sleeps so I couldn’t do the same to him which drove me crazy considering I bought both sets of speakers and he ended up being able to always use the better set. But moving on. 

When we first moved in, he had 2 brother cats and a chihuahua. It was a nightmare to train the cats with a litter box. I put a big one in the basement and they used it for a while. Then I tried to switch to an automatic litter box and the one cat started peeing on the carpet in the corner of our living room. We tried a bunch of stuff and ended up just moving the litter box to that corner and it’s been there ever since. I had to rent a carpet cleaner to get the smell out and it drove us both crazy. Eventually it calmed down and was fine, even when I got my girl cat about a year later. His chihuahua doesn’t like the rain or cold and sometimes we work long hours so for years I’ve been finding his pee and little poops all over this house. I tried to litter train, puppy pad train and figure out how to make the pup happy to no avail. I even bought little diapers for him but my roommate refused to use them and said it’s degrading. He would rather have pee on everything. My girl cat is a little feisty but stays in my room 90% of the time so is never really a problem. The pup would go into my room to eat her food and over time, she didn’t like him. One day she scratched his eye and now he can’t see out of it, which is horrible and sad and I’ve always felt extremely bad about it but my roommate never even took him to the vet when it happened, which really surprised me. It did heal well and quickly so there wouldn’t have been anything they could do but still, I would’ve made sure he was as okay as he could be. 

In August I started dating a girl and things were moving fast since we genuinely seem to be perfect for each other. I prefer my home and bed so we stay here most nights. He doesn’t really say hi to us when she’s around and passive aggressively walks around acting like we’re affecting his life, which isn’t true at all considering he is always in his room, cooking in the kitchen or outside smoking. It was always how he acted when I had girls over in the past so I thought nothing of it. Then one night we all hung out and drank together and my girlfriend asked him “why do you hate me” to which he responded “you’re here too often and I don’t like it. You have your own place and you should go there more often. I feel like I’m not even home in my own house.” Which was crazy for me to hear since he never said anything at all about it. He could’ve shot me a text like “hey man, this has been on my mind and I gotta let you know, I’m annoyed.” And we could’ve/would’ve figured something out. We still stayed at my place most nights to monitor the cats which is the real part of this AITA post. So here goes. 

A couple of months ago I considered adopting an adult cat  and texted my roommate “hey I’m considering adopting an adult cat” to which he responded “as long as it’s not a kitten, they’re spawns of Satan.” I  adopted a year and a half old boy cat from a shelter the next day. He’s a saint and calm as can be, a lap cat with a dumb personality and he happens to be FIV+ (Feline HIV). The shelter didn’t tell me about him being FIV+ until the end of the paperwork and they asked if I still wanted him. They told me he will live a normal life, I’ll just need to keep watch on any sickness or respiratory problems since he would need immediate care in the case of any sicknesses. I asked about it spreading to other cats and she said the only way it will is if the cats get into a bloody fight and blood is shared. He is so cool and calm that I assumed it wouldn’t be a problem at all. I looked up techniques for introducing cats to each other and found the Jackson Galaxy technique. I kept Alfredo, the new cat, separate and in the basement with his own food/water/litter box and would trade objects every couple of days between the basement and the rest of the house to ensure they get used to each others’ smells. I had a barrier up so they couldn’t see each other and would feed them at the same time so they associated food with each other. I paid close attention for weeks and slowly did all the right things to ensure there wouldn’t be any problems or fights between them. Alfredo would have small fights with the other boys and my girl cat didn’t like him at all. I would keep Alfredo in the basement every night while I slept to ensure he could be monitored with the other cats. Over time I’d let them mingle together and give them treats together and things were getting better every day. Then the one brother cat started getting aggressive toward the other brother cat and I would hear them get into loud fights. The brothers turned against each other which I never expected since they’re 12 years old and were always together. I’d find hair under their claws all the time and the one brother cat was stressed to the point he was losing some of his fur. One of the fights led to the aggressive brother cat’s canine tooth falling out. We looked at the tooth and the root was rotted. My roommate said he was always sensitive about those teeth and it wasn’t bleeding so maybe it was just gonna happen one way or another. The other tooth fell out a few days later. My girlfriend brought over antibiotics and told my roommate the dose to give them. He didn’t give him antibiotics at all and didn’t take them to the vet. I bought laser pointers to distract them from each other, plugged in pheromone calming plug-ins all over the house, bought scratching posts, extra litter boxes, toys, and everything I could find to make the situation more comfortable for the cats. 

Then we started finding cat pee in places, which is the biggest problem of all. It smells so bad and is extremely potent. It started in the basement shower where I would find pee on the shower curtain. Showering with cat piss smell was absolutely horrible. I bought a new shower curtain and rug and closed the door. I told my roommate to keep it closed from now on. The next day he left it open and guess what, fresh piss on a fresh shower curtain. I told him about it and he said it was a habit to leave it open, which I totally understand. He didn’t offer to replace the shower curtain so I cleaned it up, which he should’ve done. I found cat pee on my curtains in my room and on my girlfriend’s pillow. This can’t happen. That pillow was expensive down and I had to throw it away. 

I bought cat urine cleaner spray as well as spray/marking deterrent spray. I bought Bully Drops and Peacemaker Drops from Jackson Galaxy and was dosing all of the cats daily with calming medicines. Nothing changed. Then I was finding cat pee in the laundry room and on my clothing. I decided to move a ring camera inside to see if it was Alfredo, which we both assumed it was. I told myself if I catch him spraying on camera then I would take him to a vet and see what they say. After a few days I finally caught the more aggressive brother cat spraying in the laundry room. I told my roommate and he said “he has been the most wild card of the bunch and I close my room now which he doesn’t like” and suggested we put a gate up blocking the cats out of the laundry room. I put another litter box in there. Then I started smelling cat pee in the living room where I have two new couches. I found they were spraying the back of the smaller couch. I cleaned it and moved the camera to see if it was still the same cat. It was the other brother cat this time. He started getting into a habit of peeing on the back of that couch every single day. I put foil down, spray deterrent spray, and kept cleaning it. Meanwhile my roommate is mad about all of this but has yet to contribute anything at all. I assume it’s because he thinks it’s my fault since I brought a new cat home that sparked all of this. But he never actually told me that’s what he thinks. I’ve been dosing them with the calming stuff, changed their food type multiple times on automatic feeders to try and nail down a schedule and food type that they like. I was hoping maybe it was something simple like that. My roommate never offered to pay for the foods I bought or anything I’ve bought to help the situation. And at this point it’s gotta be hundreds and hundreds of dollars. He passive aggressively walks around without talking or eye contact and doesn’t bring anything up to me. I send him videos of his cats peeing and he doesn’t even open them. They are meowing for his attention more than ever yet he hasn’t changed anything at all other than closing off his room and the third bedroom (which are both places they like to hang out). I asked what we should do about it and he said he wants to move out asap. Which I’m more than fine with. I even said he could swap places with my girlfriend and rent her place in the meantime while he looks for a house since it’s not going to be an immediate process and he’s looking to purchase, not rent. He declined. 

He walks around slamming doors and being loud at night while my girlfriend and I sleep. He’s more passive aggressive than ever and still non-communicative about everything. He’s has never once said thank you for trying so hard to fix the situation and has never said sorry for not helping with cleaning or helping with any of the purchases after we figured out his cats were being the problem. If my cat(s) were the problem, I would be taking them to the vet and getting consultations about the situation and what could be done as soon as possible. I’m running low on urine cleaner and told him about it hoping he’d say he’ll buy more and his response was “we’re just gonna have to keep the brothers in the basement” which is full of exclusively my possessions. And not cheap possessions, tons of high-end audio gear (guitars/drums/pedals/speakers/board/an iMac) which would be ruined with any moisture damage. 

He’s supposedly been looking for a new place but with his lack of communication, he hasn’t told me anything about the progress. I’m at a point where I don’t know what to do next and I’m looking for advice as well as the answer to this question - 

Am I the Ass Hole for buying a new cat and having a girlfriend here most nights or is he being as big of an Ass Hole as I think he is? What should I do?  TIA",
post,raisedbynarcissists,I think I'm done with my whole family,https://www.reddit.com/r/raisedbynarcissists/comments/1exbutk/i_think_im_done_with_my_whole_family/,2024-08-20 17:33:39 PDT,19,"I rarely felt safe growing up. My Dad and brothers created rage-filled holes in our walls and doors regularly. Mom covered those holes up with stickers. My older two brothers took their emotional frustration out on my youngest brother, beating the shit out of him. They liked to mostly do this downstairs, because that was the kids space in the house. I couldn’t watch, but I couldn’t listen either. I would scream down from the top of the stairs at the older ones to please stop. I remember screaming in agony. I hated hearing my brother in pain. But I think part of me also knew that the worse they beat him, the worse he would take it out on me later when the older ones weren’t home.

I grew up having the shit kicked out of me by my one of my brothers. This was not cute wrestling between siblings. This was an unprovoked kick to the back that left me breathless for minutes, a kick to the vagina so hard I could barely walk, or a session of him sitting on my chest slapping my face for 10 minutes straight. This was frequent. My older brothers would be punished for giving out their beatings. They were grounded, screamed at, etc. The brother who beat me? He never saw or heard a consequence for his actions. I was told by my parents when I went to them after being beaten that “no one likes a tattle-tale.” This is all before I was 5. None of us were put into therapy to address our obvious behavioral problems… probably because my parents were too emotionally immature to even see a problem.

Eventually, I learned to stop going to my parents and my older brothers were my only form of protection. And the only form of protection their child-minds knew to provide was more physical aggression. Beatings led to more beatings which led to more beatings. Until I hit puberty before my brother that used to hit me. Then I started winning for a while, and he left me alone. That was until I was a senior in high school and he was left in charge while my parents went to the Caribbean.

He was beating me whenever I wouldn’t properly serve him. I don’t know how, but I still had the fortitude to tell him “I’m not making you a sandwich just because you want me to and I wasn’t even in the kitchen anyway. I’m not doing the chores our parents told you to do while they were gone.” It got bad enough I had to lock myself in the bathroom and call another brother to come help me. I was 18, the aggressive brother was at least 21 and, once again, much larger than me. My parents said there was nothing they could do about it when I called. That’s when I left my parent’s home for the first time. It was not a safe space for me physically, and they did absolutely nothing to try to make it one. I still have nightmares where I am desperately trying to jam a door shut that doesn’t have a lock on it, but he is slowly pushing it open because he is stronger.

Clearly I needed therapy for just even this one aspect of my childhood, and trust there are many more. So I beg to get into therapy and am set up with someone who knew my mom as a kid and thought she was still an innocent child. She should have denied seeing me upon first knowing she knew my mom, that’s an obvious conflict of interest, but she was clearly not a professional. My parents loved sending me to half-professionals. Like the physician I saw for my depression, who was not a psychiatrist, who told me there is no magic pill and I will continue being sad until I find Jesus. Surprisingly, the combination of horrible medical treatment with mediocre therapy sessions actually kept me going for a while, but then my Mom decided we couldn’t afford therapy for me anymore and I was pulled out. She bought a brand-new flat screen TV for my Dad’s birthday the next week. This is something she now adamantly denies and has replaced with a fabricated story more favorable to her position, but I have no reason to make this up. I also have friends from the time it was happening that remember and collaborate my story exactly.

So I go off to college entirely emotionally unprepared. I am on birth control because I’m sexually active with my boyfriend of a couple years. I get a UTI, go on antibiotics, do not know nor am told of the contraindication with my contraceptive, and get pregnant. I did everything right, but a male doctor failed to tell me I needed to use a secondary form of birth control when prescribing the medication. No one should expect a 19 year old girl to know that information off the top of her head. But instead of receiving support from my family for this matter, my Mom called me a murderer for quite some time because I chose to terminate early in the pregnancy instead of ruin my fucking life. I was NOT capable of raising at child at that time. She told me I was the reason she and I are now both going to hell. Of course, she only thought of herself and her feelings during this time. None of it was about my struggle, just how it made her look and feel. My Dad went ahead and let her do this even though he is pro-choice. Happy wife, happy life, right? Only if you don’t want a relationship with your daughter!

So I get a real psychiatrist and therapist once my depression gets bad enough that I am threatened to be kicked out of school. Guess what? There is a fucking magic pill, it’s called Lexapro. My psychiatrist was able to prescribe it to me immediately, knowing it would be the best fit, based on how I told him all the other medications my previous doc had put me on made me feel. My world changed in a matter of weeks and I felt like I could see again. This allowed the licensed therapist I was seeing twice a week to really dig deep in to outside factors contributing to my depression. Guess what we figured out? The outside factor causing my depression is my Mom, not a big surprise. I was advised to remove her from my life completely. I was made to understand that someone does not need to hit you to be abusive.

Your lack of protection was abuse. Your refusal of mental health services was abuse. Forcing me to pay for my own transportation and food in high school was abuse. You don’t know how many days I went hungry all day in school, then went to practice hungry, then went to work hungry, and then had to try and find leftovers late at night or buy myself junk food. And all of the horrible things you’ve said to me during my childhood and young adulthood that I cannot forget no matter how hard I try were abuse. I don’t care that it was the past, there are consequences for your actions, and I will not forgive if a real apology is never given. But I’ve learned to never expect this from a narcissist.

My mother thinks that I am an extension of herself that she owns. She does not see that I am my own person, separate from her, that she must be kind to in order to have a relationship with. She thinks she deserves my praise simply for birthing me. Well, I’ve thanked her for my life, and if that’s all she had to offer me then I think I’ve done my due diligence. She does not care about how her words or actions affect other people. She is stuck in adolescence where only her thoughts and feelings are real and valid. I have had to go through so many years of therapy to undo what she has done to my mind. And it’s still a struggle to live in my body because of her.

I feel sorry for my Dad all the time, because he barely upsets me. But then when I think about it, he never reaches out to me or really cares to talk to me, so I think I’m just not worth his time either way. That’s fine, he chose his life. But I am also choosing mine. I am exiting this toxic family. I often want to keep contact with my brothers, but then I remember they are just like my dad. Enablers of my mom’s abuse toward me. They all were for my entire life, if not also perpetrators of physical abuse toward me. Even now that they know our mother is not normal and targets other women (only noticing because their significant others felt it, they never had enough empathy to see it for me), they still go along with her shit. Literally all of them are mentally insane, and I don’t want anything to do with it anymore.

  
I've tried having this conversation with my parents many times. They love to say ""we failed another one"" while looking at themselves with victim eyes. Yes, you did fucking fail another one. You failed my eldest brother by not putting him into therapy when he had serious behavioral problems and drug addiction starting in middle school. You failed my other two brothers by not treating the first, because they just followed in his footsteps. All of my brothers were, and still are, drug dealers. Two of the three couldn't finish high school with their graduating classes and had to get their GEDs later. You allowed them to trash their lives before they were even adults. Sure, they own small businesses now and can manage themselves, but you severely limited them in what they could do with their lives. 

So, now I life halfway across the country from all of them. I try to mend my relationships with my brothers because none of this was really their faults, but my parents hooks are still so deep into them that I cannot see my brothers without my parents being involved. And no, none of them are interested in coming to visit me, instead. So my choice is have my family or have peace, and at least for now I choose the latter.

I wish I had a biological family that cared about me and loved me, but that just isn’t in the cards for this life time. ",
post,alcoholism,How can I stop my overly aggressive brother from getting worse?,https://www.reddit.com/r/alcoholism/comments/1efid03/how_can_i_stop_my_overly_aggressive_brother_from/,2024-07-29 19:37:10 PDT,3,"I'm not sure if this is the right place for this post, but if anyone recommends another community please let me know!   
  
I'm (33 M) from Ontario, Canada.  I have a brother (43 M) who is drinking very excessively and wondering what would be the best resources to get him help? I think I'm seeing some signs and wondering if it is too late, maybe someone can shed some light?

A little backstory, this started about 10 or so years ago when my brother divorced from his ex wife and ever since then he's gotten into trouble with drinking. From DUI's, crashing into someone while under the influence and sued, losing his job, he still continues to drink almost every day. After COVID, it got significantly worse when he moved back home, we both currently live with our parents, and because he feels he has no responsibility he pays nothing towards rent, food, or anything to the family. A lot of the money goes to his drinking and playing Call of Duty.

Every time he drinks, he plays, and he hides from us when he drinks but we always know he is drinking from his aggressive yelling while playing COD. He doesn't talk to us anymore and he's also starting to smell, like sweaty alcohol or sour milk? It's just very off putting. Sometimes in family gatherings we drink, and he would talk about a story but then retell the story as if in a loop like he forgot, and this also happens when he's not drinking. He plays all night while drinking, and sometimes drinks until 3 am and go to work for 7am, which I worry he will hurt himself on the field (He's like a field maintenance/electrician). I don't think he even gets sleep, its always so random because he's always drinking and playing.  
  
 We've also tried to tell him to stop but he gets very erratic, tells us off, slams doors, and does not look us in the eye if we speak to him. I even tried making him pressed juices for him, but he tells me to go F myself every time. He has even grabbed me by the neck after a shouting match and threatened to kill me. My family has given up on him, and are pretty much scared of him and not going near him. My parents who are the nicest people ever, has tried to tell him multiple times to pay rent which results in a $100 - $300 a month, but only if he has a job going. But they don't know that he has about 65K in debt, and his poor choices has gotten him in a bad spot. So I don't expect him to pay at all, which leaves me to cover it.

Has anyone dealt with such aggressiveness? I feel like I'm the only one hoping to turn this around since everyone gave up, but he is very macho, loud mouth - anti feminist - mega negative person, but I still care for him regardless. Is the only way for him to realize he's going down a tough road is a health scare? Or is this really up to him in the end. Any advice here?",
post,Eldenring,DLC final boss influences?,https://www.reddit.com/r/Eldenring/comments/1dvryix/dlc_final_boss_influences/,2024-07-05 00:08:08 PDT,4,"I noticed that their moveset is an amalgamation of other different bosses from the series.

1. Slave Knight Gael (Dark Souls 3) – Second phase beginning right around the the same time Slave Knight Gael's second phase begins. Also, the after effects after swings. Gael has the flames shooting out occurring after the swings, Consort Radhan has the beams of light coming out of the ground after his swings, and a flame explosion as well after the flaming slash almost identical to Gael's. Gael also teleports.
2. Knight Artorius (Dark Souls 1) – Repeated downward flip jump slashes. Consort Radhan's teleporting repeated downward attack is a more dangerous variation of this (and the teleport downward swings can switch gears and attack multiple people)
3. King Allant (Demons Souls) – Arena wide AOE blast.
4. Aldia (Dark Souls 2) – Start running right away as he charges his sky attack to outrun it and or jump/dodge to avoid it, akin to having to run as Aldia charges his forbidden sun to be able to jump and or dodge  it at the last second. Also, Consort Radhans beams start emitting from the ground after his arena wide AOE, are reminiscent of Aldia's ground root attack where you can see little fire puddles forming on the ground telegraphing where a root will emerge, much like in Consort Radhan's fight where one sees bright energy spots on the ground telegraphing where a beam will emerge. Aldia also teleports with an immediate AOE attack afterwards.
5. Twin Princes (Dark Souls 3), as Turbulent-Advisor627 pointed out - The physically weaker and more effeminate brother on the back of the much stronger aggressive brother aiding them when they are down with soothing words, adding magic to their repertoire, the teleporting aspect where he teleports towards you and possibly other multiple targets akin to the twin princes teleportation.

Can anybody spot anymore influences on Consort Radhans boss fight? I'd love to read your observations. Thank you for your time :)",
post,whatsthemoviecalled,Movie about drug addicted girl and aggressive brother,https://www.reddit.com/r/whatsthemoviecalled/comments/1dab44x/movie_about_drug_addicted_girl_and_aggressive/,2024-06-07 06:46:50 PDT,0,"My friend watched this not long ago. A strung-out girl and her boyfriend are meth heads, and the boy shoots her brother. Good movie- scary too. Not a very old movie at all. The brother tries to kill the spaced out boyfriend for getting his sister strung out ( I would too), but somehow the brother gets shot.

Every guess will be helpful.",
post,raisedbynarcissists,I’m ready to go no contact ,https://www.reddit.com/r/raisedbynarcissists/comments/1d8p8ag/im_ready_to_go_no_contact/,2024-06-05 05:54:38 PDT,9,"I’m extremely emotional and anxious as I type this and I’m sorry if it doesn’t make sense. 
My mum showed up today at the toddler group I take my daughter to. It was uncomfortable as it always is when I see her (a few hours every other week usually so she can see her grandchild). 
She’s never made any real effort with my daughter but puts that all on me, she hates me and today she finally told me.
 I said I wasn’t comfortable with my daughter staying over at hers because she doesn’t know her routine (or anything about her really) and things just blew up. 
She told me I’m a narcissist and that my husband is narcissistic and that he’s controlling me and kept me away from my family (because she can’t comprehend that I think for myself and don’t want to be around my aggressive brother or emotionally abusive stepdad). She told me I’m a nasty girl (I’m a 34 year old woman) and I’m a disgusting and vile person who doesn’t care about her feelings. She defended all my brothers aggressive behaviour towards me and said I’m constantly trying to keep my daughter away from her. 
I said I don’t want anything to do with her anymore, I’m sick of the accusations she spreads about us and the victim mentality. It’s all about her. She hates that I go to therapy and also said “fuck your therapist “ . 
I can’t do it anymore and her speaking to me like that just brings up so much trauma from when I was younger and we used to fight constantly. She’s never liked me. 
She finally left my house after a lot of telling me awful and I blocked her number. I’m so done. 

I’m a mess and I just need any positivity or support anyone can offer right now. ",
post,AmItheAsshole,AITA for leaving my screaming and aggressive brother at the beach?,https://www.reddit.com/r/AmItheAsshole/comments/1c3m01r/aita_for_leaving_my_screaming_and_aggressive/,2024-04-13 22:32:31 PDT,324,"My brother (35)  and I (37) used to be very close, but our relationship is also difficult and communication often missing. We grew apart because our lives are very different and lately I've been dreading to see him. But I do, because he is still my brother.  
Last weekend my husband and I were meeting him with his family (wife and kid) and another couple with a kid at the beach.  
We decided to meet at the parking lot, a 10 minute walk from the beach. We were on time, the others were going to be 15 and 20 minutes late. We have a dog so we decided to go to the beach and wait there (and texted the others of course). Ans yes, we don't like it if people are late and yes, my brother is often late. He has always been like this, coming late, not keeping his appointments, .. I'm quite the opposite, so obviously we had discussions over this.   
They showed up at the beach an hour after we agreed to meet (one of the babies needed feeding at the parking so it took them longer there). My husband and I saw them coming and were saying to each other, never mind that they're late, let's just try to have a nice day.  
We said hello and my husband asked which way they wanted to go, upon which my brother asked if we were in a hurry and I said no, but we have been here for an hour. He started freaking out. Yelling that we should have waited at the parking lot, that's it's always the same with me, that I'm too difficult. He was very aggressive (with his words) and I couldn't explain that we went to the the beach so our dog could already run and play. I also got angry and he kept yelling so I decided to leave and he said; well, then this will be the last time I see you. AITA for leaving? ",
post,Arrangedmarriage,Declining a bio data: Best method?,https://www.reddit.com/r/Arrangedmarriage/comments/19c8ny7/declining_a_bio_data_best_method/,2024-01-21 09:33:10 PST,2,"This is a Rant/seeking advice post.

So my cousin, like me, is also searching for a bride but he is a lot older than me.
Normally when I don't want to progress a rishta, I stay quiet and stop all contacts, which gives the other side the hint that I am not interested in and they stop contacting after a while. Sometimes I do let them know, if I feel things progressed too far for me to ghost.

My cousin does opposite and recently decided to reply to an email who wanted an answer. His family replied nicely saying he will not be progressing but wished them all the best etc. He didn't even say anything bad like the girl was overweight, really dark, short, ugly etc because he didn't want to hurt anyones feelings, which I agree with too. But the crazy, aggressive brother of the bride replies angrily : ""Did you see the groom, he is plain bald, you should try to find a bald girl for this bald guy"". 

My cousin replies thanking him for the insults, wished him well and says he prays that bride finds a good groom. Bride's brother again replies: ""We don't need your prayers, why do you ask for bio data from country X, when you were going to opt for someone local to your country abroad Y? Are you a joker?""

When my cousin was seeking a bride, it was clearly stated that my cousin prefers someone local to where he lives abroad but welcomes bio data from other countries too because he doesn't mind travelling to country x. 

But he got loads of high quality response from both country x and y, so I am sure he is allowed to make a choice- unfortunately the crazy guy's sister wasn't one! Is it a sin? Both me and my cousins have been rejected loads of times before but we have never been this crazy aggressive to the other side!

So my question is, what's your method of informing someone that you dont want to progress any further with the rishta? My cousin thinks ghosting is immature, but I feel his new method could bring him more trouble than he can handle! Any advice, experience you want to share feel free to, thanks. 🙏",
post,GachaFnaf,facts about Michael and Foxybro in my Mikenone AU (body text),https://www.reddit.com/r/GachaFnaf/comments/191h1j3/facts_about_michael_and_foxybro_in_my_mikenone_au/,2024-01-08 01:08:01 PST,8,"Foxybro is Evan McNally from The Real Jake.

Evan acts like he's tough shit when he's actually a sweetheart, and Michael is the *actual* aggressive brother.

Evan was born 5 minutes before Michael and likes to brag about it, Michael wants to and most likely punches Evan in the face every time he mentions it.

Michael works as a waiter at Fredbear's Family Diner. He was originally an entertainer, but switched positions after a springlock failure.

William attempted to kill Michael using a purposely faulty ""prototype"" Springlock Foxy suit.

Both of them like Foxy, and the color red.

They're identical twins, their hair and skin colors are based on Foxybro's sprite from the FNaF 4 Bite minigame. (not a 1:1 replica!)

They inherit their hair color from William's father, and their skin color from Mrs. Afton.

Michael gets scooped in 2000 and Evan dies in 1997.

The bat Michael is holding in the image attached above is actually a present Evan got for Christmas. (The bat is made out of foam, so Evan can't use it to hurt anybody)

After Evan and Jake died, Michael realized nobody in his family was alive anymore and started feeling su>!icid!<al.

Michael has the exact same mindset and thought process as William.

Michael hates William with every atom in his body.

Michael is crazy about money.",https://i.redd.it/ujzpgp1um6bc1.png
post,RATS,Rat lightly biting while trying to reintroduce rats,https://www.reddit.com/r/RATS/comments/18j8m9i/rat_lightly_biting_while_trying_to_reintroduce/,2023-12-15 11:51:11 PST,2,I'm trying to reintroduce my simase rat with his albino brother. The simase rat has always been aggressive towards his brothers but i'm trying to change that. It was fine at first until the simease brother bit and I separated them. Now the non aggressive brother is lightly teething at me and his brother. I read online that it can be a playful notion. Is this true? How can I get them to get along? They're both about a year and a half old.,
post,CATHELP,What else can I do???,https://www.reddit.com/r/CATHELP/comments/188x5d0/what_else_can_i_do/,2023-12-01 22:01:10 PST,1,"I have 2 short haired male cats that haven't been fixed yet (I know I need to. Having transportation issues for them). They're from the same litter. Anyways, is there anything other than getting them fixed that can help one with aggression towards his brother? It's getting worse. Now the one that is getting bullied is so scared, he wont come off his little window shelf because the aggressive brother will literally wait for him to jump down to attack him. The aggressive one also will just stare at the other one like hes in a trance. I dont know what to do until I can get them fixed. :( Would catnip help maybe? Or would it make it worse? 
Any advice is would be awesome. Thank you in advanced.",
post,poker,How to beat loose aggressive brother who’s main mission is to bust me.,https://www.reddit.com/r/poker/comments/184sog8/how_to_beat_loose_aggressive_brother_whos_main/,2023-11-26 18:53:44 PST,49,"I’m sure something similar to this has been asked a million times and I apologize. However, i am a new player and I really need some guidance.

I play poker 1 or 2 times a week with my brother and close friends. We started this 3 month ago and we typically play 1/2 low stakes cash games.

For the life of me I cannot beat my brother. His entire game plan is to take all of my money. He plays almost every hand and plays super aggressive. He constantly raises high pre flop and will continue betting on the flop and turn. I try to play tight and only make the call when I have a good hand but I still end up losing it all to him every time. If he notices I’m in a hand he will make it a living hell and will play even more aggressive compared to if it’s just him and another friend in the hand.

Any handy tips or advice you could give this newbie? I would really appreciate it.",
post,AITAH,AITAH for not pretending to like my brother?,https://www.reddit.com/r/AITAH/comments/1844l30/aitah_for_not_pretending_to_like_my_brother/,2023-11-25 22:33:27 PST,2,"Context: I've never used reddit. I (16F) have a very aggressive brother (18M) who has treated me poorly since we were young, pushing the boundaries of sibling rivalry. He would always pick on me, and respond to any teasing with disproportionate anger.
He would get physical often. Family blamed it on his adhd. I've always tried to be nice to him for that reason, despite the usual sibling teasing. A couple days ago, he tackled me to the ground. He's a little over 6 foot and strong, and I'm about 5'6 and admittedly pretty weak. He did more, but I'm not sure if I can say. I'm okay, the worst that happened was a slightly swollen lip and a headache from itting my head. He did this in front of our whole family. Since then, I haven't even pretended to like him. My parents have told me to leave it, and my mom thinks I'm cruel because I don't think he deserves to be coddled or deserves my sympathy.
I'll admit, I haven't been nice. But I think it's fair after what he did. Am I wrong?",
post,amiwrong,Am I wrong for not pretending to like my brother?,https://www.reddit.com/r/amiwrong/comments/183rj9f/am_i_wrong_for_not_pretending_to_like_my_brother/,2023-11-25 11:34:11 PST,44,"Context: I've never used reddit. I (16F) have a very aggressive brother (18M) who has treated me poorly since we were young, pushing the boundaries of sibling rivalry. He would always pick on me, and respond to any teasing with disproportionate anger.
He would get physical often. Family blamed it on his adhd. I've always tried to be nice to him for that reason, despite the usual sibling teasing. A couple days ago, he tackled me to the ground. He's a little over 6 foot and strong, and I'm about 5'6 and admittedly pretty weak. He did more, but I'm not sure if I can say. I'm okay, the worst that happened was a slightly swollen lip and a headache from itting my head. He did this in front of our whole family. Since then, I haven't even pretended to like him. My parents have told me to leave it, and my mom thinks I'm cruel because I don't think he deserves to be coddled or deserves my sympathy.
I'll admit, I haven't been nice. But I think it's fair after what he did. Am I wrong?",
post,Advice,"Brother-In-Law threatened mom, sister doesn't care",https://www.reddit.com/r/Advice/comments/16syvoi/brotherinlaw_threatened_mom_sister_doesnt_care/,2023-09-26 13:24:34 PDT,1,"I (32) have an aggressive brother-in-law (39) who threatened my mom, and my sister doesn't care. I'm having difficulty with what to do in the situation. His threat was not explicitly physical, he told me mom to 'look him in the eye and tell me you don't have a problem with me.' He's said the same thing to me before and I have a feeling he only says these things in a desperate attempt to get my attention. I've asked my mom what she wants me to do about it, and she said nothing.

My sister doesn't care at all. She's witnessed her husband fly into drunken rages at me and my mom before and acts as if nothing ever happened. My sister and I have our own issues so we can't talk about it because she denies everything. Her and my om get along better, but even then she takes no accountability for any of her husband's bevhaviour, denying everything to our mom.

I attempted to establish some boundaries with him by saying that I wasn't comfortable talking to him if he was going to treat me and/or my mom this way, to which he flew into a rage and told me that I have no value as a person and that I'm not a 'man'. A few months later my mom and I were spending a weekend with my nephew, and after a couple of drinks my brother-in-law came into my mom's house unannounced to get his kid, knowing I was there and trying to provoke me. I ignored him completely and he left soon afterward.

In the past when I tried to confront him about his behaviour my mom would tell me that I was 'poking the nest' or whatever, essentially causing conflict because I wasn't okay with him yelling at her to give them money.

This is really frustrating me. I haven't been in many fights in my life but I feel the very strong urge to punch him in the face and live with the consequences. I am bigger and taller than him for what it's worth. I'm not sure if that's the right thing to do and if I'm being a 'wimp' by not using physical violence against him already. What compounds the frustration is my sister's moods, that she acts friendly or cold to me whenever she pleases. It's starting to affect my mood and I get angry about it and dwell on it often.  Any advice?  Thanks.",
post,LiesOfP,Black Rabbit brotherhood: pt2,https://www.reddit.com/r/LiesOfP/comments/16qeh9e/black_rabbit_brotherhood_pt2/,2023-09-23 13:32:08 PDT,36,"I don't post on Reddit much, but I really hope the devs see this. Some people may have gotten lucky and had an easy time, but I've attempted this fight over 60 times and I just simply cannot win. No throwables have done enough damage to burst all the siblings down, getting crowd jumped by 2 (maybe even all 3 if you're unlucky and the A.I goes weird) of the siblings at the same time, getting grapple pulled by the battle maniac while also getting flip kicked by the youngest, inconsistent A.I making them incredibly erratic and unpredictable, having to go through all 3 of the siblings simultaneously before big brother comes out or risk getting permanently 2v1'd for the rest of the fight with an even more aggressive brother, it's just.. awful. 
I have maxed out weapons and the stats to back it up, and can't get a single bit of headway in this fight. I've loved every boss so far, and haven't struggled much, I love their designs and the ideas behind the fight, but this fight.. it was fumbled pretty hard. I've never had a souls boss actually make me wanna quit the game, not Midir in the ringed city from ds3, not the nameless king, not Gael, not manus, not Artorias, but this fight just feels cheap and hard to want to even finish the game. I hope they nerf or patch this fight soon to make it more bearable, because even if I try solo or with specter using wishcube I can't think of a way to make this fight work without finding some way to cheese it.
Maybe this is soly my experience, but this fight just isn't good or fun or balanced in my opinion. Hope y'all are having an easier time with it than me.",
post,CATHELP,Need help managing aggressive brother cat after his sister’s grooming!,https://www.reddit.com/r/CATHELP/comments/14w8zff/need_help_managing_aggressive_brother_cat_after/,2023-07-10 15:45:24 PDT,1,"
We have two cats - 10 year old litter mates - brother and sister.  Been together their entire lives. Always mostly tolerated each other. Domestic short hair, gray. The girl has long hair, we live in a hot climate and periodically have her clipped. When she comes home from the groomer, her brother is in attack mode.  We understand she smells and looks different. He chases her down, terrorizes her into hiding, hissing, spitting, etc. This typically lasts 3-4 days and they’re fine.  The last time she had a hair cut, we ended up getting the Feliway diffusers and calming drops for the boy because he’s so aggressive. It’s been a week now and it’s been worse than ever. The last brawl ended with the two of them under the bed, tufts of hair missing, and the girl scared into peeing all over herself and him.  So far we have…
Kept them mostly separate but have tried small periods of reintegration, but it’s less than 10 minutes before he attacks her
Installed fresh Feliway diffusers
Given him calming drops twice daily
Bathed both of them in Natures Miracle odor neutralizing shampoo
Washed all the bedding where they both have been to eliminate any noxious odors
Used Nature’s Miracle cleaner under the bed where there was pee
We have had them separated for the majority of the last week, as within 5 minutes of contact, he is in full attack mode

We have no idea what to do from here or how to restart the integration process.  Every attempt has ended in him stalking her and aggressively chasing her into hiding. 

Any advice/tips/tricks would be grateful appreciated! Thank you!",
post,cats,Need help managing aggressive brother cat after sister’s hair cut!,https://www.reddit.com/r/cats/comments/14w8qmn/need_help_managing_aggressive_brother_cat_after/,2023-07-10 15:35:16 PDT,3,"We have two cats - 10 year old litter mates - brother and sister.  Been together their entire lives. Always mostly tolerated each other. Domestic short hair, gray. The girl has long hair, we live in a hot climate and periodically have her clipped. When she comes home from the groomer, her brother is in attack mode.  We understand she smells and looks different. He chases her down, terrorizes her into hiding, hissing, spitting, etc. This typically lasts 3-4 days and they’re fine.  The last time she had a hair cut, we ended up getting the Feliway diffusers and calming drops for the boy because he’s so aggressive. It’s been a week now and it’s been worse than ever. The last brawl ended with the two of them under the bed, tufts of hair missing, and the girl scared into peeing all over herself and him.  So far we have…
Kept them mostly separate but have tried small periods of reintegration, but it’s less than 10 minutes before he attacks her
Installed fresh Feliway diffusers
Given him calming drops twice daily
Bathed both of them in Natures Miracle odor neutralizing shampoo
Washed all the bedding where they both have been to eliminate any noxious odors
Used Nature’s Miracle cleaner under the bed where there was pee
We have had them separated for the majority of the last week, as within 5 minutes of contact, he is in full attack mode

We have no idea what to do from here or how to restart the integration process.  Every attempt has ended in him stalking her and aggressively chasing her into hiding. 

Any advice/tips/tricks would be greatly appreciated! Thank you!",
post,CPTSD,Why do people respond to trauma differently?/more severely?,https://www.reddit.com/r/CPTSD/comments/10idtat/why_do_people_respond_to_trauma_differentlymore/,2023-01-21 23:19:13 PST,9,"I share a lot of traumas with my sister. Although I was sexually abused by my cousin while she was an observer and tried to be a protector (as a kid which breaks my heart) he abused her too but I was his target. But we do share that. We also share growing up in a neglectful home, and having an aggressive brother. And a sick mom. And yet I seem to carry a lot more trauma and a lot more memories. Maybe it’s age or the additional trauma or Co-morbid disorders. I dunno. I feel fucking crazy tho when we’ve gone through almost the same shit and yet I seem more fucked up. Who knows.",
post,Vent,my mom and older brother are drug addicts and I'm tired of acting like they're not,https://www.reddit.com/r/Vent/comments/xctvnt/my_mom_and_older_brother_are_drug_addicts_and_im/,2022-09-12 18:12:26 PDT,1,"
(warning: obviously from the title im ranting about drugs) 


MY mom God I love her but fuck- I remember when I was younger I would always be in ym room and she would bring junkies and assholes into my home and they'd sleep there and always be in the laundry room at the time I had no fucking clue but come later on I find out she's doing fentanyl in a home with a 4 year old that only stays in diapers and an 10 year old thats already overweight

Sure she may have improved since then but just recently I see my long lost older brother and he's now a schizophrenic drug addict and who's his drug partner? None other than his god damn mother. She's once more letting guys sleep in our home and now sometimes all I can see from her is a heroine zombie jsut completely unable to stay awake. And I know if I say anything about it my older brothers gonna punch my face in so I just let it happen cause its not hurting me. A stupid move on my end

Meanwhile we get kicked out of that home and we sleep in a hotel where I have to stay with my older aggressive brother while he has a major freak out cause his lighter and cigarettes are missing. I'm thinking this is gonna be the last night of my life cause he managed to think I'm the one who stole them even though Im not a smoker and I'm a teenager so why would I in the first place? 

I have to hear how my older brother is homeless on the streets and how my controlling and manipulative father (he is) beat him when I was younger and yelled at him alot which amde him turn into this-

This was isn't a normal fucking teenagers life. I shouldn't have to suffer like this at the hands of fucking opioids and shit like that. I jsut need to get this out of my system.",
post,Bondedpairs,Checkers and Creamsicle. Aggressive brother bath.,https://www.reddit.com/r/Bondedpairs/comments/v0c3qb/checkers_and_creamsicle_aggressive_brother_bath/,2022-05-29 07:16:49 PDT,122,,https://v.redd.it/f9w0sqagbf291
post,automationgame,"Alto Gukumatz. A Mayan god of creation, this convertible coupe creates an experience of once in a lifetime. The base trim based on a 2.5L TCI4, and it's more aggressive brother, the RS, with a heart of a flat plain 4.6L TTV8. An expensive pleasure, but a pleasure nonetheless.",https://www.reddit.com/r/automationgame/comments/u67e72/alto_gukumatz_a_mayan_god_of_creation_this/,2022-04-18 00:32:12 PDT,8,,https://www.reddit.com/gallery/u67e72
post,HFY,"The Daughter that Followed: Will of Stone, Heart of Fire Part 5",https://www.reddit.com/r/HFY/comments/tq0x2w/the_daughter_that_followed_will_of_stone_heart_of/,2022-03-27 21:11:50 PDT,37,"*Disclaimer: Registered trademarks and copyrights are properties of their rightful owners. As this series jumps realities very often it is hard to track that info.*

The multiverse is large.  Infinitely so.

Within the realms, dimensions and sub-realities of each part of the multiverse there man who can breach the barriers and leap to other sections of the multi-verse.  These individuals are often gifted or cursed with such power.

But a select few breach through of their own will.  Often fueled by immense will power and natural gifts beyond most understanding.

Among those infamous in the multiverse is the “Cursed Jumper”, Alan Quain, a psionic from “Super Hero” world.  He angered a parasite natural to the realms between realities and now it shunts him from one world to the next after each death.  In one of these world far into his “punishment” he found love and had a daughter, but he would not outlive this child as had with many others.  A Tyrant of hate would end his life early and leave his daughter in a rage unlike she had ever known.

I broke the rules of my kind to guide her to a way to find her father.  I watch her journey's now, guiding when I can, sending aid in unlikely places and making sure she returns to her father.  These are the chronicles of Annalise Quain;

**The Daughter that Followed:**

**Will of Stone, Heart of Fire**

**Part 5**

Earlier in the evening Goliath had split off from the group with Leonardo, Raphael and Brooklyn to discuss their enemies and possible ways to combat them should they align.  To Goliath's great pleasure Leonardo was a polite and talented leader, and much to his surprise the temperamental Raphael was insightful and would back up his brother when needed and counter him when he thought necessary.  He very much saw a good deal of personality similar to Brooklyn's.

“I'm tellin' you Leo, Shred-head will see it coming.  He's gonna know we're working with them.” Raphael was arguing against an air drop into a possible lair location.  “Add the height and if we miss we're street pizza.”

Leonardo put his hand to his chin.  Then mulled the points over and nodded.  “You're not wrong, but I don't see any other way in.”

“That's cause you're not thinking like we're taught.  The sewers Leo.” Raphael nodded.

“We don't know them here.” Leonardo sighed.  “If we had a way to know their layout.”

“Labyrinth Clan.” Brooklyn said.  “Talon would love to put Thailog in his place.”

“Friends?” Leonardo asked.

“Mutates, humans mutated by a madman, and cloned gargoyles.” Goliath nodded.  “They are led by Elisa's brother.”

“I'm gonna assume he's not normal anymore.” Raphael stated it rather than asked.

“Looks like a jaguar with bat wings.” Brooklyn nodded.  “They're mostly feline, Sevarius has or was a weirdo.”

“Oh that's not a great sign.” Raphael sighed.

“I know.  You can just feel him watching and laughing at times.” Brooklyn shook his head.

“We have a guy like that, Baxter Stockman.  He's a brain in a jar now.” Leonardo said.  “Or did he clone a body?”

“Both.” Raphael sighed.  “He wanted a companion who wouldn't betray him.”

“Please tell me the clone betrayed him.” Brooklyn laughed.

“Faster than the New York metro.” Raphael joined the laugh. “'Course Baxter saw it coming and put a control chip in him.”

“Always a catch.” Brooklyn sighed.

Goliath looked at the information before them and stared.  “I believe, Leonardo, you may have a merit in both plans.”

“We hit high, they hit low?” Brooklyn asked.

Goliath nodded.  “But first we need to confirm they are working together.”

The lights then cut off.

Raphael sighed.

Leonardo sighed.

Brooklyn and Goliath stood with their eyes aglow.

“We see you.” Goliath said coldly as he stared at several ninjas clad in blacks and grays move inward.  He also noticed the turtles had completely hidden themselves in the few seconds it took for his eyes to adjust.

(T)(D)(t)(F)

“So, what are we looking for?” Lexington asked as he showed his computer to Donatello.

“Oh no.” Donatello swallowed as he saw the machine.  “What's the year here?”

“1996.” Lexington said, then realized what Donatello was hinting at.  “I assumed your communicator was advanced tech.  Is that common in your world?”

“Standard cell phone modified.” Donatello nodded.  “Which explains why I can't get Wi-Fi.”

“Wi-Fi?” Lexington blinked.  “Wireless?”

“Yeah, you're pretty sharp.” Donatello smirked.

“Well we can see if Xanatos will let us use his connections.” Lexington said.  “I wanted my own, but I guess that's a handicap isn't it?”

“Well that rig isn't too bad for right now.  I'd look into investing into wireless when you get it, it's gonna change everything.” Donatello laughed.

“Right.” Lexington said.  “Come on.”

Lexington then lead the techie turtle to Xanatos' office and opened the door.  He went to the desk and pressed a button on the phone.

“*David Xanatos.”* The voice responded.

“Can we use your computer for research?” Lexington asked.  “We may need the speed you have.”

“*Of course Lexington.  Let me activate it for you.”* Xanatos said and seconds later the computer booted up and Xanatos let them have access.

“You have wireless.” Donatello said.

“*Business models right now.  Should be available commercially next year.”* Xanatos laughed.

“I'll need to look into it.  Donatello says it'll be big.” Lexington said.

“I'll have the standard specs for you later Lex.” Xanatos, “But I have to go now.  Alex is fidgeting and Fox is asleep.”

“Where did you go anyway?” Donatello asked.

“*Fox's father wished to speak with us.”* Xanatos said.  *“But I really do have to go now.  Best of luck on your hunt.”*

“Okay Donatello, we have a whole internet to look at.  It's not much right now.” Lexington said with a nervous chuckle.

“Give it time and avoid 4chan.” Donatello laughed. “And call me Donny.  Only our father calls us by our full names.”

Lexington nodded.  “What do we need.”

“Chemicals.” Donatello said with a nod as he began to list multiple chemicals.

Lexington dutifully put the chemicals into searches.  Most came up as no existing until they hit a few in a specific order.

“Most of these here can be found in Xanatos' companies.” Lexington smiled just as the lights went out.

When his eyes adjusted Donatello was gone and four men in ninja attire were in the room.  Lexington growled as he let his eyes glow.

(T)(D)(t)(F)

Broadway pulled out multiple pizza pans and set them on the counter.  Mikey just stared for a moment and then happily danced in place.

“Please tell me we can make our own.” Mikey almost pleaded.

“Well we have plenty of toppings you can definitely add on.” Broadway said with a smile.  “I like the chicken and pineapple myself.”

“Dude.” Mikey smiled.  “We are pizza bros.” He nodded happily.  “Just don't tell Donny.  He thinks Pineapple on pizza is a sin.”

“Who took his joy.” Broadway blinked.

“To be fair, he puts on anchovies.” Mikey made a face.

“Got those.” Broadway held up a tin. “I'll put them on.”

“Leo likes spicy stuff.” Mikey was then handed several cases of dried or cut up peppers.

“What about Raphael?” Broadway asked as he place the last anchovy.

“Dude Raph just bums off all of us, but I happen to know my most aggressive brother is a great fan of the supreme.” Mikey said with a joking “sage like” gesture to a frozen supreme pizza.

“Neat.” Broadway pulled it out.  “Huh, we should make some for the others.”

“Standard Cheese and Pepperoni then, no one hates the classics.” Mikey said with a nod.

“That's true.” Broadway laughed.  “You know you're fun.”

“Thank you I try.” Mikey bowed.  “I've been told I have a special connection to fun and I try my best to bring it with me.”

“It shows.” Broadway said as he opened the multiple ovens and loaded the pizzas in.  “Should be about  fifteen minutes.”

“Radical.” Mikey smiled.  “So what do you do for fun here?”

“Mostly watch TV and occasionally play a game with the others.  But that's when I'm not spending time with Angela.”

“Ah, love's a killer time dude.” Mikey continued to smile.  He never seemed to stop, but Broadway noticed that unlike Xanatos it wasn't a mask, Mikey was just happy.

“You got anyone?” Broadway asked.

“Nah.” Mikey sighed.  “Bummer of being a mutant in our reality is how few of us there are.  Raph's got a girl he's on and off again with every so often but we haven't met this illustrious mystery woman.”

Broadway laughed.  “He seems easily provoked so best not to pry I guess.”

Mikey laughed.  “Raph just puts the world on his shoulders.  Think it's his duty to keep us safe from ourselves. But he's the heart of us.” Mikey turned his head and stared.

“Something wrong?” Broadway asked.

“Down.” Mikey dropped to the floor and vanished.  Broadway did the same as the lights cut off.

Broadway's eyes adjusted just in time to see Mikey drop onto three ninjas who had been watching them.  Broadway let his eyes glow and his growl loose as he moved to help his new friend.

(T)(D)(t)(F)

Hudson was gliding around the castle when he saw the lights cut out.  He knew better than to approach in haste and circled a few times.  He men in odd costumes at several points, ninjas were his bet and he dove to meet the group outside.  Two of the men turned to face him, but one ordered the other into the window they had set up to enter the castle from.

“You'll find that to be a mistake human.” Hudson said calmly as he drew his shortsword.

The man tilted his head and drew a blade as well.

Hudson watched the man cautiously as each stood, tense moments passed and the ninja moved first dropping into a roll that the older gargoyle parried.  Hudson also caught the man's hand as they brought a clawed gauntlet to his legs and bashed it with his tail.

“You'll need better tricks than that in order to best me.” Hudson grinned.

Then he felt the pain and cold as he watched a blade slide through his chest.  He fell forward and saw the man who had done this to him.  He was tall and covered in blades.  Hudson forced himself to stand.

“And you'd be the Shredder.” Hudson groaned.

The Shredder turned to him. “You beasts are strong.”

Hudson noted the man's voice was clearly impressed, but oddly sad.

“I have researched your kind in but a day, had I thought I possible to control you we might have been allies.” Shredder nodded to his subordinate who then went to the window and disappeared.

“I must admit, you honor me with your defiance.” The Shredder said.

“You'll not take a thing from this castle.” Hudson groaned.

“I have not come to take, but to leave.” The Shredder said flatly.  “You are the first message.”

Hudson struggled to maintain focus, but would not let himself fade and had to lean on a wall to stand.  The Shredder merely watched and then turned to enter the window.

(T)(D)(t)(F)

Anna saw Hudson as she approached and her focus was locked as she came screaming down on the location.  She could see the gargoyle had a blade in his chest from back to front.  It was a wound the likes of which she was sure would be fatal.

“Hudson!” Angela roared as she and the other got off Hong Long and rushed to his side.

“Help the others!” Hudson gasped.  “There are more inside!”

“Angela, Talon, go.” Elisa said as he took off her jacket.  “You're not going anywhere on us you old codger.”

“You can't tell me what to do lass.” Hudson put his hand on Elisa's face gently.

“She's not wrong.” Anna rushed to the gargoyle's side and focused.  She would not let him be taken from his family.  “Compassion for healing...” Anna repeated the old mantra trying to pull all of her compassion into the act of healing the internal damage from the blade.

“Anna...” A voice spoke to her but she ignored it.

“I won't let you die.” Anna looked to Hudson who smiled.

“Lass...”

“No.”  Anna barked.  “You need to be here with your family.”

“Anna.” The voice spoke again and Anna froze.

“You can't take him.” Anna said as tears filled her eyes.

“He has held on longer than I could have asked him to.” The voice of Wraith, the Scion of Death spoke as a hand gently found her shoulder.

“You're death.” Anna hissed.

“Yes.” Wraith nodded.  “And I must take those whose time has come.”

“Lass.” Anna looked to Hudson once more.  His body was still but a an ethereal version of himself was standing proud and younger.  “Tell them I died guarding the castle.”

Anna let her tears come.  She had barely known the gargoyle two days, but knew he was a crucial part of his family.  He was the heart of them and now he was gone.  She looked to Wraith whose eyes told her he understood the pain all to well.  Then her mind tuned to the fact that more ninjas were here, more had come to hurt these good people. And all she saw was red.

Elisa watched as Anna froze and slowly put her jacket over her friend and Goliath's mentor.  Elisa then looked back to Anna whose eyes were glowing red.  She then noticed Hong Long whose scales had taken a dark purple hue and who grew a mane of fire.  She watched as Anna stood and  Hong Long shrunk and coiled around her like armor.  She saw the distant look of pain in Anna's eyes and all at once realized how wrong she had been.  The shadow lived in her rage and Elisa was convinced that right now, it was in control.

/////

[Previously on!](https://www.reddit.com/r/HFY/comments/tpym29/the_daughter_that_followed_will_of_stone_heart_of/) /// [Next Episode!](https://www.reddit.com/r/HFY/comments/ttfbsu/the_daughter_that_followed_will_of_stone_heart_of/)

/////

You have no idea how hard that was to write.

Wraith: I do.

Yeah.

Perfection: (Hugs Wraith.)

Yeah. (Hugs Wraith.)

Wraith: I hate hugs.

Liar.

Perfection: He's got you there.

Wraith: (Internal screaming)

&#x200B;

And to answer the question: Teleporters.  Ninja Teleporters.",
post,DogTrainingTips,Advice on 6y/o aggressive brother keeps attacking the other?,https://www.reddit.com/r/DogTrainingTips/comments/ti3iz0/advice_on_6yo_aggressive_brother_keeps_attacking/,2022-03-19 13:03:09 PDT,1,"Hi, i could really use some advice. I have two french bulldogs and they are from the same litter have had them since they were puppies. The younger one Chase keeps growling and attacking his older brother Milo.
To specify, whenever Chase and i are lying down, Milo will come to join and Chase will start to growl an get aggressive which leads to him attacking his brother. 

They both are neutered. Milo only had 1 testicle when his was removed, so he from the beginning was already lacking testosterone, Chase never had that problem, hes never been short of testosterone. 

A few people recommend giving him CBD but I am sort of against it because it won't really solve anything. But idk... Any advice/thoughts/ideas?",
post,fnaftheories,Sort of a useless theory: Why the Foxy plush is missing it's head,https://www.reddit.com/r/fnaftheories/comments/t25srg/sort_of_a_useless_theory_why_the_foxy_plush_is/,2022-02-26 12:05:49 PST,67,"Alright i had this theory after analyzing Lonely Freddy and Coming Home. Alec's sister buys him a ""Yarg Foxy"" plush, but since Alec hates her, he rips off it's arm. Alec is a parallel to Mike, because of the obvious, bad relations with his sibling, but also: Alec's body is stolen by an animatronic, just like Mike when he's scooped by Ennard. Let's quickly jump to Coming Home. Susie has to make her sister Samantha, find a doll they used to fight over, so she can ""move on"" or whatever. 

So how this relates to Fnaf 4:  I believe at some point, BV was at Freddy's, and he decided to get Mike a Foxy plush, since he knew Foxy was Mike's favorite, perhaps Mike was already bullying him at that time, so BV did that in the hopes of trying to make peace with his brother, but similar to Alec, Mike ripped off the head of the plushie, and threw it back to BV. Now he keeps the plushie, as a sad memory of when he tried to befriend his aggressive brother. And maybe, just maybe, a way to release BV, just like Susie, would be to Mike to find this Foxy plush, and accept it as BV's gift. What you think?

&#x200B;

https://preview.redd.it/b3zryhuph8k81.png?width=127&format=png&auto=webp&s=33bf7cc18a5b989e1b1ab571e2939aa4e69eb2d6",
post,QAnonCasualties,My husband’s found a fantastic way to manage pushy Q-Anon conversations,https://www.reddit.com/r/QAnonCasualties/comments/sg5m8j/my_husbands_found_a_fantastic_way_to_manage_pushy/,2022-01-30 01:33:55 PST,3438,"My husband has been so great at dealing with my Q-Anon family. We don’t live near them but speak on Skype and messenger moderately often (except for my brother who we’ve both had to block on everything because he’s just gone too far).

Anyways after he found that disputing their claims with evidence would either go nowhere or lead to a big fight, he’s found kind of a workaround to disagree and push them towards more rational thinking that’s been working really well. We call it “Maybe, But”.

Examples:

Q-Person: Covid is really mild, it’s just the flu and nobody actually dies from it!

Husband: Maybe, but I think there’s enough of a risk of it being serious that I’m going to get fully vaccinated anyways

&#x200B;

Q-Person: Theres a global network of pedophiles kidnapping kids to harvest adrenochrome for celebrities! Save the children!

Husband: Maybe, but staying up all night researching it at the expense of your health isn’t going to help any kids. Are there any local charities helping victims of sexual abuse or trafficking that you can donate to or volunteer with?

It stops my hyper-aggressive brother from getting the satisfaction of us being the “bad guys” in the argument because we’re being too reasonable and has helped my mum (who isn’t full blown down the rabbit hole but is way to influenced by other Q family members for my liking) think a bit more rationally about things.  It’s also been super helpful for gently pushing back against extended family and acquaintances on Facebook or strangers on Reddit without it turning into a massive nightmare argument.",
post,BackYardChickens,"Nursing an injured roo, feeling guilty.",https://www.reddit.com/r/BackYardChickens/comments/s2203m/nursing_an_injured_roo_feeling_guilty/,2022-01-12 01:11:57 PST,2,"I'm just having a hard time tonight. I have a bachelor flock of 3 roosters who were raised together, out of the blue 2 days ago one of them attacked another and now he is very injured. It's my first time nursing an injured chicken - he's in a crate and needs to be hand fed for now. I feel really guilty for putting him in a situation where he was trapped with his aggressive brother. Just needed to get it off my chest. Hopefully I can get him some analgesics in the morning, I imagine he is in so much pain he can barely eat or drink.",
post,yugioh,"How good is Contact ""C"" in today's meta?",https://www.reddit.com/r/yugioh/comments/rx8ury/how_good_is_contact_c_in_todays_meta/,2022-01-05 23:39:55 PST,2,"Looking at beetrooper and its very good use of Retaliating ""C"" I was thinking of its other aggressive brother in Contact ""C"" and if it could earn itself a spot in the sidedeck for today's meta. 

Against swordsoul which seems to be the most representated deck it does nothing except facilitate them getting into Baronne so it's already not looking good.

Versus bird-tri it may be able to stop them at some choke points but it may just end up becoming material for simorgh, may be worth considering but I'd need to think more about it.

With invoked dogmatika you could summon it after they summon Gardna and cut off access to Mechaba and DPE, unless they have Ecclessia which just converts it into an extender to go into verte. 

Sky Striker can also just use it to go into Zeke, verte or even go into halq, Selene, accesscode.


PK can just link it off into anything at any point, same as D-Link.

Floow and Drytron don't even use the summon methods it blocks as part of their main strategy.

Overall I think it's not good at all against most strategies and even being as searchable as it is in bugs it's not worth it since it won't do anything.",
post,offmychest,I am ashamed of my family,https://www.reddit.com/r/offmychest/comments/ro04j9/i_am_ashamed_of_my_family/,2021-12-24 18:06:18 PST,4,"I feel so bad. I feel shame for even feeling the shame. But I cannot help it. Every holiday I’m home it’s the same old nonsense. Abusive mother. Absent and lost father. Aggressive brother. It gets so old so fast. This time was worse than usual. And when we go out they’re so aggressive and unpleasant. They throw anger tantrums, they’re so selfish and greedy. 
But they can’t help it. They were raised and brought up like this. I somehow escaped the curse or whatever. But I really just want to escape this, and then I feel bad for wanting to not be like my family and not be around them. I can’t focus, I slip into the same old lazy habits. I hate it. But the cycle continues, year after year. 

No more holidays I swear to god.",
post,Rants,Im angry and am continuing to be aggressive with my parents and siplings for quite some time.,https://www.reddit.com/r/Rants/comments/ra6eq5/im_angry_and_am_continuing_to_be_aggressive_with/,2021-12-06 04:42:16 PST,3,"Some background first.
Im the youngest of my brothers and sister 23/m.
 A lot of them grew up fine and some grew to resent my parents.
As the youngest i tried to have the least issues.
I was doing a lot of mistakes as a kid and during my adult life.
A mistake as in going opposed to common sense and having to burden someone with task of fixing my mess.
My brother (currently living with under same roof) is prone to anger outbursts and hostility at slightest inconvenience, and im beginning to immitate him despite my best efforts, because a lot of his anger outburst were caused by MY slightest inconvenience to him.
Now recently i got stressed out at my job and quit. Having done that i felt i should do more at home but i didnt...
I felt like i wanted to study yet i didnt...
My parents try to help me i snap at them...
I feel guilty all the time and for a good reason...
I dont regret quitting my job yet my mom thought that was a mistake...
Ok enough back story.
Few days ago i was put on a padestel and asked to help my sister in her doctorate with my ""very limited"" programming skills.
I was eager to help but i realize this project is big and might be quite differe and stressful.
I'm under orders from my psychiatrist to not make any major decisions for the time being, despite being eager to help.
A. I don't want to disappoint my sister by poor craftsman ship cuz i have very limited base knowledge i had practiced programming for 2 active months in the past 3 years (a degree is there but useless).
B. I want to get better and follow my doctor instructions.
C. I have fear of dropping the project like a hot potato at any point due to stress as it was the reason i dropped several jobs before. Hence why I'm seeing a psychiatrist.
So i have that to deal with.
Also im snapping back at my parents whenever they contradict me or ask me to help them do something and want me to be there, at my core i know its the right thing to help them or be there for them but i just feel like i want to be an asshole and have the time they want from me to myself.
TL;DR i feel very aggressive to my family after recently becoming unemployed, and I'm asked to help on multiple occasions but i feel like being an asshole and resisting helping them, which is very similar behavior to my aggressive brother.",
post,OverwatchUniversity,"Tanking Design Space and Synergy, A Swansong For Overwatch",https://www.reddit.com/r/OverwatchUniversity/comments/q2h84k/tanking_design_space_and_synergy_a_swansong_for/,2021-10-06 02:56:50 PDT,234,"# [The Tanking Problem](https://www.youtube.com/watch?v=uA-DtErZJ3w)

I've been coaching overwatch for the best part of 9 months now, and clearly if anyone's going to identify a problem or hot topic in the game over the past 5 years, it would be the tank role.

It universally confuses new players much more than the Dps or healer roles, and Blizzard has struggled both with design space for new heroes and desirability of the role since the games release.

Unless the blizzard management structure has completely burned down in the past month or two, we're still going to 5v5, but I think there's way too much beauty in the 6v6 format to let it die without giving it a proper swan song.

So here's it is, all synergies, why they work, what's good and what's bad, and most importantly, a proper landscape picture of the potential design space still available for new tanks in the 6v6 format.

You could call this quite simply, a love note for overwatch 1, and 6v6 in general.

The [link to the video format is here](https://www.youtube.com/watch?v=uA-DtErZJ3w), where I can give you visual queues instead of links.

===========================================================================

Now, Overwatch is a game about Timing and Angles, Its a game about systematically finding positions which allow you to find faster or better solutions to the current game state, whilst the opposing team fights for map control over those positions in order to do the same to you.

# Solutions

Solutions here are anything which presents your team a possible way to win.

We don't use the term win condition anymore for the most part because we understand overwatch is a bit of a messy game, and when ultimate's and abilities start flying, sometimes things go a bit wrong.

Solutions can be a positional advantage, ultimate, dive, or a call such as ""just grav their Winston when he jumps"", anything which gives your team something to each contribute to and work around.

===========================================================================

# Individual Hero Placement

Now, I've already said this isn't going to be about balance as it currently is. I don't particularly care about what character is good in a flavour of the week sense.

There's a lot of middle of the road compositions in overwatch and its pretty easy for any one of these comps to be bumped into popularity by either a trend, a hero becoming unfairly misbalanced, or something like hero bans.

Instead of organising the concept of tanking categories by what works this week, I'll be representing the design space, which is the available design area for new and current heroes, by what is able to synergise in a moba/shooter game with two tanking heroes.

Sounds a bit pretentious, but this is my love note for the game, so just let me be poetic.

So without further ado, here's the full overwatch tanking design space, in all its wonderful glory.

\---------------------------------------------------------------------------------------------------------------------------------------

# Initiators (Reinhardt, Winston, Ball)

""Initiators"", or what some refer to as Main tanks, are characters which excel at the nebulous term of ""controlling space"". They use pressure cycles within their kit, to firstly remove the opponents from advantageous positions, and also to give their team safe windows of time to move through dangerous areas of the map.

For an example of a pressure cycle, a Winston jumping in with bubble applies pressure to the team dependent on the amount of characters he's cleaving.

The more people he threatens to kill with his jump, the more pressure is exerted on the enemy team because they will have to devote more resources to stop him in terms of cooldowns and basic attention

He then has a period of time at which he can apply very little pressure apart from acting as a distraction until his jump, health, and bubble are back up.

This category is defined by the fact that their pressure cycles like this one, love being amplified by having additional resources pumped into them by the rest of their team, and in particular the other tanking partner.

Winston having a Zarya bubble or DM allows him to not only increase the length of time he can apply pressure and the safety of doing so, but also increases the peak pressure output.

Since I'm defining the initiating tanks by the fact having these extra resources pumped into them by their off tank not only increases the duration of their pressure cycle, but also the peak output of their pressure cycle, I consider only Reinhardt, Winston and Ball to exist in this category.

The interesting thing about this category is that many times, especially on defence where you start with a positional based advantage, or maps where the high ground is less emphasised,  taking space aggressively away from the enemy team and therefore having strong initiators isn't particularly necessary.

\----------------------------------------------------------------------------------------------------------------------------------------

For the other categories we need a bit of a distinction,

Now there's been  a lot of confusion on what an ""off tank"" is, High level players tend to define ""main tank"" and ""off tank"" simply in opposition to each other, because they generally have two people in the tank role, and those two people play certain heroes based on compositional synergies.

But thinking about the actual hero combinations from a synergy or design space point of view instead of a ""what hero pool will you be playing when you get to contenders"" point of view is much more stable against things like hero bans and the waves of ""balance"" blizzard has somehow thrown at us.

# Poke Enabling Offtanks (Sigma, Orisa)

What I'll define as ""Poke Enabling"" Offtanks, are tanks which root the Dps into whatever position they are in and have resources apart from damage to stop the Dps being killed in that zone,  These are Orisa and Sigma. They take space through creating enough protection so that them and their Dps pairings can create a threatening sightline.

Importantly, though these characters can initiate pretty well, they don't receive a multiplicative amplifying effect from having more resources put into them like the initiators do

They take space through creating enough protection so that them and their Dps pairings can create a threatening sightline, and root the Dps into good spots and strong off angles.

The Orisa here is the main thing which is going to be controversial on this, since she's played by the ""main tank"" player in high level play and is generally thought of by the community, as well as Blizzard, as one of the main tanks. Though Orisa can be played in certain compositions as the Initiating ""Main Tank"", honestly I think blizzard has done a massive disservice to the community by balancing a long range tank into this role

In terms of her role on a team, the normal designation of her as a ""main tank"" or ""Initiator"" has implied to the community that she is best played on the main pathway of the map, which has in my opinion been a major contributing factor in the confusion as to how ""poke"" comps should be played as a concept.

And In terms of her hero combinations, Its at once implied that she shouldn't be combined with Initiators such as Rein or Ball, which she's very good with, and at the same time implies that something like a Orisa Zarya might be a good pairing.

My affair with Orisa is long and storied, but we'll leave this for another time, she's a ""Poke enabling"" Offtank and you'll trust and love my categorizations.

# Tank Enabling Offtanks (Zarya, Dva)

The final category is ""Tank Enabling"" Offtanks. Zarya and Dva. Heroes which provide a large burst of increased survivability onto mostly a single target.

They can help the Dps and supports by peeling for low health allies, but since their peel is bursty instead of steady support, they can't sustain the Dps in an angle for a length of time.

These resources are best donated to an ""initiator"" who can leverage the increased survivability to increase the length or peak pressure of their pressure cycle.

And then we have Roadhog, an additional poking ""tank"", who can create a very hard to move threatening angle by himself, whilst having  no supporting abilities to either the friendly tank or Dps aside from the space his separate threatening angle creates.

These are all the tanks, there aren't many of them, but that's what we have to work with, so lets start popping these heroes into the real design landscape of overwatch.

\------------------------------------------------------------------------------------------------------------------------------------

# [The Design Space](https://imgur.com/f7HAUWo)

Brawl Dive and Poke are the fundamental ways at which any theoretical composition in a Moba/Shooter game can function. They are fundamental because they represent the general set of solutions teams can build their compositions around. If more heroes are added they will, by necessity, create teams which fall within these categorizations.

Brawl is defined by its short range and lack of mobility, Dive is defined by its high mobility, and Poke is defined by its range. These two levers, Range and Mobility really define the core of the games balance.

[Reinhardt is the sole brawling ""Initiator"" or ""main tank"".](https://imgur.com/N43KGCi)

[Winston and Ball are diving ""initiators” or ""main tanks"", though ball has great poking synergy and we'll pop him up here for reasons I'll cover later.](https://imgur.com/0Qz4X7o)

[Zarya and Dva are the True ""Tank Enabling"" of tanks with a lot of resources to donate to an initiator.](https://imgur.com/4pWCzg7)

[Orisa and Sigma are the ""Poke enabling"" off tanks.](https://imgur.com/LQtuCxi)

[And we have Roadhog, a rebel poking bad boy who doesn't care about his friends.](https://imgur.com/KBITo4J)

Here we're almost complete, but there's one more concept to add in order to have a complete picture of the design space.

Resources from ""poke enabling"" off tanks, which are best used to keep a Dps in an angle, can also be used in order to provide extra resources to an ""initiator"", and resources from a ""Tank Enabling"" off tank which are best used to allow a stronger pressure cycle from an ""initiator"" can be donated to keep dps in an angle, and specifically to peel when the enemy teams tanks or Dps cycles their pressure into your team.

To represent the entire design space clearly, [we could also show the sliding scale between the ""Tank enabling"" offtanks, and the ""Poke enabling"" Off tanks .](https://imgur.com/hmWqOV5)

If we decontextualize the characters from anything other than their defensive resources, the poke category could be organized as follows, with Zarya being the most ""bursty"" tank supporter, and Orisa being the most protective or long term Dps angle supporter.

I love this way of looking at the design space, because it shows space along this spectrum for other heroes, simply based on how favoured their resources are in holding and using a strong Dps sightline versus donating them to a tank.

There really isn't enough heroes to have a proper sliding scale, but you should be able to see some structure forming here.

This is the true lay of the land in terms of where tanks currently are.

\-----------------------------------------------------------------------------------------------------------------------------------

# The Four Compositions

Now, let's piece together the puzzle and show you how individual tanks fit into compositions.

There's two ways of looking at things here, firstly lets define by the solution the teams are looking for in terms of brawl dive and poke, then we'll simplify even further to the fundamental synergies being used by the comps.

I argue that there are four different types of fundamentally valid compositions in overwatch.

# [Brawl/Rush](https://imgur.com/w3zRdmP)

The solutions Brawl/Rush comps tend to look for include finding a target, locking them down and securing a kill, and as such, almost everything in the comp is picked for that goal. Their solutions involve using resources from the off tanks to increase the length and peak pressure of their tanks pressuring cycles, and position their back line, either winning through hitting things with a hammer, or sweeping and clearing angles to funnel the enemy into position which makes it easier to hit people with a hammer.

The core to Brawl is obviously Reinhardt, as the only Brawl tank ever released, supported by either Zarya or Dva in the off tank role, this comp has progressed through many variants, but has currently stuck on Dva Baptiste and Lucio, with flexible Dps options.

# [Dive](https://imgur.com/SnDmEmF)

Dive comps general solutions are to find an advantage against a specific hero on the enemy team and commit to finding a kill on a target.

To achieve this, and whilst they probe for vulnerable targets. They have to pressure the enemy team through soft diving attempts into a positional disadvantage, whilst rotating their core into a strong position. The ""hard"" dive attempt generally is made by a snap judgement such as seeing a low target, landing an anti, or properly timing a dive with Dps heroes, however almost all dives are done so that disengagement is an option.

The core of a dive comp is obviously Winston or Ball, supported by Dva in the off tank role.

The difference between Winston and Ball comps, is that Winston has stronger pressure cycle when fully supported, and amazing synergy with nano boost, but is incredibly fragile when overextending or lacking support, whereas ball has softer pressure cycles but more independence and safety, he can also set himself up in almost any position since his speed lets him live almost anywhere on the map without being chipped down

So, Winston is brittle but stronger, but ball is softer and spongier. Winston is kind of like a glass hammer, whereas ball is a rubber mallet.

We'll also talk about the double bubble comp shortly, so hold your horses if you're waiting for that.

# [Poke](https://imgur.com/ov0BYbP)

The general Solutions Poking comps tend to find involve setting up multiple defensible positions which put you at a positional advantage against the enemy, where each position is able to give ground and rotate around the enemies movements in order to create enough space for your team to burn the enemies resources until a poking Dps comes through or the other team are burned out.

These are great on defence, but when you're attacking there are many times where Orisa, Sigma and Hog's ability to take space in a linear path isn't good enough to cut the mustard, especially whilst playing into an opposing brawl or poking comp.

Poke comps can include any combination of Sigma Orisa and Roadhog, and generally utilize additional poking heroes in both the Dps and the healer category.

# Hybrid Types

Poking Hybrid comps are the fourth type of composition, and are the aggressive brother of straight poking comps.

The general solutions for poke hybrid comps are to use some kind of a pressure cycle within your team to force the opponent to give you space, allowing your team to set up a strong position for their poking core.

Although all brawling and diving comps also use pressure cycles to force space, their comps tend to look for more solutions around being lethal with the Initiator, whereas the hybrid comps tend to leverage the Initiator to find poking positions, which then generate a solution to the fight.

The hybrid comps include double bubble, the brawl hybrid comps, and all ball related poking comps.

# [Double Bubble](https://imgur.com/0wI8ms5)

In Double bubble, pressure cycles from Zarya, Winston, and Ana, allow your team to soft commit whilst either moving the opposing team from their good position,

or simply creating enough space to move your core into a more defensible or better position themselves, and from there find a solution through a strong enough pressure cycle, generally involving ultimates, and a positional based advantage.

Depending on how you define it, double bubble is either a full dive comp or a hybrid poking comp, people are a bit torn on where it goes since it comes with a ""Tank Enabling"" offtank but relies less on diving pressure to find solutions than the Dva variants. It instead has a neutral around ultimate rotations and a strong core. Here I've marked them together, mostly because it makes my picture a bit prettier, but be clear your priority in the solutions you're looking for with this comp might be slightly different from standard dive.

Double bubble can play Ball and we've seen a reasonable amount of it in the OWL, but Winston gets more from the additional resources than Ball does, and has stronger pressure cycles to throw at the enemy team. Ball gains an upper hand on less linear maps where he can pair with tracer for engagements. The simple fact is that Zarya once she's charged is an unstoppable peeling/murdering machine and if you can set up solutions with your dive anyway, whilst charging Zarya and having her protect your core, you're in the gravy.

# [Ball Poke](https://imgur.com/m2Wvwh9)

In the Ball poke comps, Ball generally pairs with Hog Orisa or Sigma as the Poking main tank to root the core.

Much the same as double bubble, Ball Poke comps rely on balls ability to safely pressure most comps to make space for rotations for their poking core, as well as his slam synergy with hitscan through pinning and knocking up targets.

These comps can't be played with Winston because he struggles to soft dive without additional resources into most comps without being blown up.

# [Brawl Poke](https://imgur.com/nP5YswI)

The standard Brawl Poke hybrid comp currently subs in Sigma/Orisa for Zarya/Dva, with worse off variants working with Roadhog. This comps solutions tend to involve using brawl to pressure out advantageous positioning from the opposing team, either matching their pressure or giving ground, whilst securing a strong poking angle for Sigma and the off angling Dps. It also leverages off angles in the brawl mirror in order to pressure the enemies brawl and force them to burn resources or give ground.

Sigma does have resources which can be expended like a normal off tank to allow rein to take space, but to be clear, the solutions found here aren't always around the brawl, and are instead around positioning the Dps with sigma.

\-----------------------------------------------------------------------------------------------------------------------------------

# [Everything Together](https://imgur.com/uWVpKqJ)

All three of these comps love playing from a positional advantage as much as any other Poking comp, but the Ball and Winston style teams are much stronger at taking a strong advantaged position away from the enemy team, whereas on flatter maps with no strong positioning advantage for each team, the brawl-poke style shines.

This is the current paradigm of all comps in overwatch which have strong inherent synergy.

But wait there's more.

\-------------------------------------------------------------------------------------------------------------------------------------

# The Things Which Don't Work

Now the other comps in the game have some merit, but the characters definitely work more of individual strength rather than synergy, and here you'll find the majority of comps which don't work at all.

# Poking Enabling Tank/Off Tank

So why don't ""Poking Enabling"" Offtanks work with ""Tank Enabling"" OffTanks?

The simple truth is that if we strip the defensive cooldowns from the ""Poke Supporting"" and ""Tank Supporting"" off tanks, the fact that they don't work in close range makes them all some flavour of poking tank, so surely poking tanks should given the proper context have some sort of synergy, right?

Well let's go back to the scale between them. The lower down you go, the more bursty the resources are from the ""Tank Enabling"" Offtank. ""Poke Enabling"" Offtanks generally don't require extra resources even when characters like Orisa are pressure cycling with shield or armour, 200hp is essentially nothing to them for the most part, so if you stack these two styles of tanks together you'll find yourself using their additional resources as ""peel"" almost exclusively, and lose a lot of the star power of Zarya and Dva.

Counter dive teams love additional strong peel, so there's some merit there, but against brawl/poke teams you'll find yourself worse off than other potential picks most of the time.

Hog/Zarya was famous for making everyone despise their life for a good month. That one in particular worked because Roadhog has a strong pressure cycle in his hook which can be bubbled, and Zarya is a strong character regardless of the comp if she has an easy time generating charge. Both of these characters had high natural pick rates in comp, especially with Roadhog players farming priority passes when the system first came out.

Dva/Orisa has popped up. Here there's analogies here to both Orisa sigma poke comps, and Dva Rein Brawling comps. Dva has become a reasonable sub for sigma in high pressure poking situations because of her incredibly high value ceiling when played perfectly, especially against brawl comps running Mei. The fact that her kit is shorter ranged, the way she is very hard to pin down, and her quite frankly ridiculous damage output don't exactly hurt.

Personally I think this comp is pretty degenerate, and shows something bad about the balance state of these two characters. Also something that reins little brother and sigma both being banned at the same time might have something to do with it. Dva certainly also shines more when she has an initiator to support. Neither of them are forced to play in good angles to make the comp work, you simply stack healing and damage until you can't be killed. Seems to remind me of something...

\----------------------------------------------------------------------------------------------------------------------------------------

# Double Initiator

The three initiator heroes can work reasonably well together in certain situations.

The Ball Winston dive is an interesting flavour of the normal dive pairing of Winston with Dva, and generally does not work quite as well as they would, though it does have some merit.

The Winston Reinhardt comp is an odd fish, sometimes called brawl cleave who simply intends to assassinate the other teams Reinhardt in a brawling scenario, Winston and rein do cross pollinate resources across each other in the form of stopping cc since bubble can allow Reinhardt to be more aggressive, but the comp is very much done and done in the first 3 seconds of the engagement, If the bubble does not help kill fast it's all over most of the time.

The Rein Ball comp has never worked particularly well in general.

These pairings are from a design perspective some of the hardest to balance in the game, and probably why blizzard claims to have such a hard time balancing tanks. I'll be looking in depth about how to make more tanks in this design space in another video, so watch this space.

\--------------------------------------------------------------------------------------------------------------------------------------------

# Winston-Poke hybrid

Winston poke hybrid was mentioned earlier when we talked about ball poke. This comp simply does not function because Winston needs extra resources or extremely careful play in order to not be blown up, you can imagine the difference between Winston engaging onto first point Gibraltar high ground with no tank support versus ball doing the same.

# Double Off Tank

And last but not least, double off tank, there's literally no situation where two tank enabling poking characters want to be paired together.

Now, this at long last sums up all the comps in the game.

All new heroes released in the tank role, will fill somewhere on the spectrum featured here, I have full faith and certainty that if the characters are reasonably balanced between each other, they will create either Poking comps, Brawl comps, Dive comps,  Hybrid Poking comps, or unplayable garbage.

\-----------------------------------------------------------------------------------------------------------------------------------------

# [Synergy Rankings](https://imgur.com/TJ4Z7jR)

So to spell this out a little more clearly, let's make a quick synergy tier list.

Now to be clear here, this isn't to represent the efficacy of running the characters as a comp, its to categorize the type of synergy between them.

# Initiator/OT

Any pairing between the initiators, Reinhardt, Winston and Ball, crossed with Zarya and Dva is amazing because the ""tank enabling"" off tanks can donate resources to the initiator to let them take more space.

# Poke

Any combination of the ""poking"" offtanks Is great together because they can set up multiple sightlines and really make use of the Dps enabling they're doing.

# Hybrid Poke

Here we have Reinhardt-Poke combinations and Ball-Poke combinations, where Reinhardt and ball both make space for the poking solution to work.

Double Initiator, Here's the combinations of the initiators working together, now I've yet to see a situation in which I'd not rather replace one of the diving heroes in any of these comps with a ""Tank enabling"" off tank, but these work fine in practice, especially if you're solo queueing tank and simply don't trust the other guy to do his job if enabled

# Poke/OT (Good Hero's)

Here's the few combinations in which the ""poking off tanks' ' work well with the ""Tank enabling"" off tanks, in which the Zarya and Dva simply act as poking heroes.

# Winston Poke

And now we get into the bad combinations, Winston paired with poke enablers is strictly worse than ball paired with poke enablers.

# Poke/OT (Bad Heroes)

Here's the standard bad comps you find in ladder every day and hate your life most of the time,

# Double OT

and double off tank, the most cursed comp in the game.

=============================================================================

Again, this is categorizing synergy, there's certainly better choices within these packs, for instance ball Zarya is strictly worse in many situations than Winston Zarya. This is where actual character balance comes in, which if you'll note I've made this entire video without referencing almost at all.

To sum up and give you a bit of context on how people at high level think of these characters, let's pop over to a couple peoples tank duo tier list and see what they think.

The rest of the video compares my tier list of tank synergies to the tier lists made by KarQ, Jay3 and Samito, none of this hands over to the text post medium, [so i'll leave the timestamp here for anyone who's interested](https://youtu.be/uA-DtErZJ3w?t=1726).

All in all, their tier rankings pretty closely track what I have laid out in terms of hero synergies.

The core of synergy in overwatch overall pretty closely tracks the simple categories of ""Poke Enabling OffTank"" ""Initiator"" and ""Tank Enabling OffTank"", which i propose is the best model for understanding and balancing new characters into the future

==============================================================================

Thank you very much for those who've read up to here, hopefully my pictures carry over to text format reasonably well and don't leave too much error for confusion.

Have a great day,

Realth",
post,Asmongold,Who Would You Like to See as Guest on AllCraft?,https://www.reddit.com/r/Asmongold/comments/p79kfy/who_would_you_like_to_see_as_guest_on_allcraft/,2021-08-18 23:40:59 PDT,162,"Hello peeps, **cast** your vote in and **upvote** the thread.

I've added all community suggestions I've seen so far. Now admittedly, some guests would feature better in the distant future rather than the upcoming weeks but I added them nonetheless.

Honorable mentions:

* **Naguura + Max**
* **Josh Strife Hayes**
* **Arthars**

Notes about names mentioned in the poll, as requested:

1. **CohhCornage** \- Popular variety Twitch streamer that plays FFXIV as well. Considering some of the most requested games for Asmon have been SPs like NieR: Automata and God of War, why not have Cohh shed some insight into what it takes to make an entertaining SP stream.
2. **Koji Fox** \- FFXIV lead dev on localization team that is media friendly when he has time for it. Most definitely a busy man but if Rich & Asmon could get him on AllCraft, even as a pre-recorded show, it would be quite insane.
3. **XenosysVex** \- FFXIV neckbeard. Basically Asmon's aggressive brother which has made quite a few appearances over here already. They could talk about all the nerd shit that exists in this game, including cat girls.
4. **Sfia** \- World First raider in FFXIV. Could offer interesting details about Ultimate raids as well as POTD preparation. Can extend the conversation beyond raids as well. Very articulate and chill guy which commands a good listen from people.
5. **Sywo** \- The most popular Lost Ark content creator. Given Asmon's anticipation for the game, it only makes sense that closer to Lost Ark release he could have him as guest and go through all the main points related to Lost Ark.
6. **Pyromancer** \- Your favorite WoW lore content creator that replaced all the old WoW posters on his wall with new FFXIV ones. Known for his healthy rant against Blizzard. Will probably be fun to see him and Asmon go ham at Blizz tbh.

[View Poll](https://www.reddit.com/poll/p79kfy)",
post,dogs,"How to stop my pups fighting over treats? Also, how do I get my stubborn pup to come inside when called?",https://www.reddit.com/r/dogs/comments/p667k0/how_to_stop_my_pups_fighting_over_treats_also_how/,2021-08-17 08:34:51 PDT,1,"I have two dogs, brothers from the same litter. Whenever we give them treats Martin (the smaller, more docile one) will sometimes hold the treat in his mouth and pace around and whine. He knows that if he drops the treat his more aggressive brother, Karl, will take it from him. But why doesn't he just eat it? They are small treats. He could easily just chew it and swallow it before Karl has a chance to get it. I've tried separating them so that there is no chance Karl can steal the treat, but Martin still paces and whines with it in his mouth. What can I do to make Martin stop whining and just eat it?

On a related note, we give the treats usually to entice the pups into coming inside after potty time. We have a big backyard and we put in a pretty long post chain so they can roam around. They know their names and have been coming when called inside the house for a while now. But outside, Karl just sits in the grass and stares at us when we call him in. Martin will come in without any problem. So we started trying to entice them with small treats, and still Karl doesn't come when called. We try to wait him out because we don't want to teach him that he can get what he wants this way, but sometimes we are in a hurry and have to just go out into the yard and get him. Sometimes I'll wait and after a couple of minutes staring me down he'll come inside. I can't figure out what is triggering him to come inside or why he's not coming when called, not even when there's a treat. We let them have a lot of time outside so I don't think it's just that he's not done. Unless he just *wants* to stay outside and is hoping I'll leave him alone? Can anyone help me figure out how to get him to come when called?

They are chihuahua-terrier-pug mixes, if that helps.",
post,fragrance,Which Tom Ford leather scent you guys prefer?,https://www.reddit.com/r/fragrance/comments/nifq5r/which_tom_ford_leather_scent_you_guys_prefer/,2021-05-22 03:30:28 PDT,5,"Between these 3 which do you guys like in your opinion? I prefer Tuscan cuz its the more “aggressive brother” than Ombre.

[View Poll](https://www.reddit.com/poll/nifq5r)",
post,u_CryptoRevolution11,Chihua New Meme Token that will melt Faces,https://www.reddit.com/r/u_CryptoRevolution11/comments/ngkrol/chihua_new_meme_token_that_will_melt_faces/,2021-05-19 16:40:19 PDT,760,"https://t.co/Z6KOEM4fdP

ChihuaToken officially mentioned on my Website! Check it out!
Dextools:
https://t.co/4vYjShYvN6

Be Radical! Revolutionize! We are all very early on this one! Small - but most aggressive brother of Doge Coin! 

#CryptoRevolution #Crypto #Chihua",
post,relationship_advice,How to support girlfriend that suffeted sexual abuse as a teenager,https://www.reddit.com/r/relationship_advice/comments/naka4r/how_to_support_girlfriend_that_suffeted_sexual/,2021-05-12 02:06:15 PDT,1,"My (31M) girlfriend (24F) recently opened up to me about being abused, physically and sexually, while in her teens (when she was 15-17). The abuser was a schoolmate, who came from a broken home and suffered violence from his family. He would cut her where no one would see (scars are still visible though), hit and kick her, force her into sexual acts in a very degrading manner, try to convince her that she ""deserves this"" because of how she acts or dresses, and then tell her if she told anyone he would hurt her or her family. 

I tried to mostly listen to her and acknowledge her feelings. She used to see a therapist but COVID made her stop (according to her - she would lile ro go back at some point), so I'm now the only person in her life who really knows what happens. I asked whether she would like me by her side when she goes to the police to press charges, but she wouldnt hear of it, saying its been too long, she's scared of public scrutiny, afraid of her abuser, and of what her parents and family (specifically aggressive brother) would think and/or do. I didnt push as its not my call to make, and only let her know if she ever changed her mind, I'll be right beside her.

May 18th is the date he first assaulted her, and he keeps trying to reach out to her every year on that date since. Regardless, it's an emotional day for her, for obvious reasons. I want to do something that would make her feel supported and loved and perhaps take away the focus from the pain that day usually brings. At the same time, I'm not sure where the line is between considerate and over-the-line and i worry my gesture might end up being perceived the wrong way.

Flowers and a personal note would be my go to but I figured people more experienced  than me could guide me on how i can be as supportive as possible.",
post,relationship_advice,Horrible and aggressive brother,https://www.reddit.com/r/relationship_advice/comments/n1dtxm/horrible_and_aggressive_brother/,2021-04-29 13:47:27 PDT,2,"Hi there, 
I live in Ireland. I’m in my 30s and still living at home due to financial situation. 
My brother who’s a year younger than me is verbally abusive. And he’s attacked me before. 
He doesn’t get along with my girlfriend and constantly insults her in front me me. And by constantly, I mean on a daily basis. 
I previously thought this was just a phase in his 20s but he’s been acting this way forever. 
He starts arguments over absolutely nothing, and he could turn physical if I keep responding to him. 

I’ve dealt with him by not speaking to him for ages. 

My father and sister say that since we are a family, I should let things slide....but I personally cannot stand aggression. 

Is it something I should deal with? Should I stay in touch with him at all? I cannot wait till I’m gone and move elsewhere.",
post,relationships,"UPDATE - Mom is angry because I don't want to design a Christmas card with a photo of my brother and his gf on it, after my ex was never allowed on it and brother was abusive",https://www.reddit.com/r/relationships/comments/kgrzyz/update_mom_is_angry_because_i_dont_want_to_design/,2020-12-20 02:37:59 PST,478,"Link to original post: [original post](https://www.reddit.com/r/relationships/comments/k78og2/mom_is_angry_because_i_dont_want_to_design_a/?utm_medium=android_app&utm_source=share)

I have tried to stand up for myself (26F) and told my mom (55F) that I'm upset about the whole Christmas card case. 

Tiny recap: 

* I ""design"" the Christmas card every year (combination of nice wallpaper, some photos, sometimes just views, sometimes our faces, always the cat, our wish...) for probably a decade now already. 
* my dad (57M) and me have been hit/beaten by my brother (25M) in September. 
* Mom didn't find it necessary to tell dad I got hit too, but she does find it good to share info about me (my wage, car loan, what colour of chairs I bought) with my brother.
* brother's girlfriend said I'm an autistic person. She said it to my brother, who told my mom, and mom told me.
* brother's ex was allowed on the cards. My ex (dated for 4 years) never was allowed. Brother's current girlfriend should really be on the card, my mom thinks. 
* because of the physical aggression and the lack of even the slightest apology, combined with the unequal treatment of partners, I don't want to make the Christmas card. No fake happy smiling faces while I'm stuck in a house with an aggressor 24/7 because of lockdown.


Some of you told me to just not make the card. So that's what I told mom today. She got angry. After a disapproving sigh, her reaction was  ""fine, I'll write some standard cards manually"" (mind you, she's got about 200 recipients) 

I told her that that doesn't solve my issue with the aggressive brother and his insulting girlfriend. She found it stupid that I was nitpicking about that. I told her that I could technically have gone to the police for what he did - domestic violence - but no reaction from her side. I told her how I go crazy since September permanently being stuck with a brother that could become aggressive again. Angry reaction ""what, you want me to tell him NOW that he shouldn't have done that?"" Like, I don't even know what I want. But I refuse to merge fake happy faces unhappily on a print. And I am not intending to forgive him anytime soon. 

Then. ""Yeah I try to do good for everyone, this is my thanks."" Um, hiding this is doing good for everyone? 

I told her about my ex versus his girlfriend and ex. Her reaction ""at least I talked to your ex, your dad didn't"", yeah I'm so grateful now. 


So in the end, I'm probably some ungrateful daughter nitpicking on having been hit by her brother, the result is that I'm fuming, and mom still seems to have my brother's back. My protest didn't get welcomed very well, and I feel like she only listened to the practicality of ""oh no, no card"" but that she didn't even TRY to understand how I feel since some months already.




Tl;Dr: I told mom I refused to make a custom Christmas card unlike every year, because of mainly a physically aggressive brother of which mom thinks I should perhaps just suck it up. She seems not to understand my feelings although I worded them, sounds like I'm ungrateful despite her ""trying to do good for everyone"" and her solution for HER problem is that she'll use some standard cards. Her problem is solved, mine remains.",
post,raisedbynarcissists,"Multiple panic attacks, my life story, rant",https://www.reddit.com/r/raisedbynarcissists/comments/je8gln/multiple_panic_attacks_my_life_story_rant/,2020-10-19 12:15:57 PDT,3,"Note: This is my story. It's a long read.

I am the eldest of 3 , have 2 younger brothers. I have been facing emotional turmoil ever since I was a kid - Parents fight, grandparents fight with parents. I can remember dad leaning on me for emotional support from as little as i was 8 yo. My mother would leave the house and disappear after a fight. Me and my father would roam the entire city looking for her. 

The only memory of my mother as a kid was fear. I believed she hated me. She only loved my brothers. I was 5-10 pounds overweight and she would serve me less food than my brothers. I felt I had to sneak food to get my share. I was good at school so she made me sit and study for hours since kindergarten. As long as i did well I was ok. There have been countless no. of times my school fees didn't get paid citing financial troubles. But i don't remember my brothers facing that. On one exam my school made me stand outside class while everyone wrote exam. Then my parents would take out their money and pay so that i could write exams. My parents had a bad habit of not returning money. Lenders would come to our house to ask their due, my parents would ask me to answer the door and lie to them that my parents weren't home. I have done this since I was 5-6 years old. 

I was scared to tell them about getting periods, needing bra etc. because i thought my developing sexual parts depicted bad character. Mother put me in a girls school at age 11. I didn't talk to boys fearing parents anger. My friends never visited me because my mother would scare them off. Mother won't let me play with neighbourhood kids citing bad influence. She badmouthed my uncle aunts and cousins since i was very little. I couldn't play with cousins too without my mother's prying eyes. So in my early life I made very little friends. 

My grandmother used to stay with us. She had developed dementia and schizophrenia. Instead of a medical facility, my parents decided to keep her with us. They thought it would look bad to put one's mother in a facility. Grandma would shout all night, bang doors, disappear somewhere, poop all over the house, collect stones etc. to throw at mother etc. and countless things. From the age of 9 to 14 this was constant until she passed away. 

At 15 my youngest brother who was 2 yo suffered burn injuries . It took a year of caring to get him okay. I had to study with him on my lap for my high school exams. I was okay as i was doing well. For the last 2 years in high school, i couldn't chose my subjects. I had to take what parents wanted. At age 17  I couldn't cope up with studies, so secured average marks. Parents were super pissed. They would now make bad expressions while looking at me, whisper among themselves that something is wrong with me, bully me, scold me for gaining 10-15 more pounds. They would make me sit and study till 11 at night and wake me up at 3:30 morning. They would check on me and if i fell asleep on my books they would shout and manhandle me. They would make me do yoga while at the same time they slept. They would get angry at my appearance. And this was the first time I planned on committing suicide. I wanted to hang from the ceiling fan with cloth. I made the loop and tried. Didn't go through with it as i felt the fan would fall as I was heavy. And I could bear the rebukes that would come with a failed attempt.

I think the only thing that saved me was me doing good in exams. All this bullying magically stopped when I got admission into a prestigious college for engineering. Parents did not allow me to chose  my major. They made me chose the one that enhanced their reputation. When I had to move to college, my father dropped me. My mother did not bother to even visit the college. In college I faced severe ragging by seniors. I couldn't make much friends in college too. Maybe because i was overly helpful to people and not vulnerable to make any real connections. 

In college during vacations I used to visit home. A few days at home and I will start fighting with mom. We had a male live-in help back then. My mom used to get very cosy with him. Dad didn't like it but she wouldn't listen to him. My dad and my brothers kept on complaining about it to me and planning on getting rid of him. Now slowly the help started crossing boundaries with me. Like barging into my room without knocking when i was not appropriate, getting my boyfriends number from my mother to spy on him i guess. On one instance i caught him having porn on his phone which my youngest brother (then 8 years of age) was playing with. There was no lock and my young bro could see it. My dad  and other bro was not at home. So I created some drama and fired the help and asked him to leave next morning. At around 3 am that night, i heard sounds and found mom talking to him about me and how crazy i was etc. When she saw me, she immediately charged me if i am going to tell on her to my dad. I genuinely thought that she would kill me that night. I got so scared , i took my youngest brother and locked my room. My mother kept in contact with that help, giving him money etc. We had many helps before and after him, but she acted this way with only this particular one. 

After a few weeks I started experiencing severe vertigo episodes that lasted for 9-10 hours. My parents took me to several doctors but noone could pinpoint anything. I had these episodes for 2-3 years and then it subsided.

After college I got a good job and moved to the same city as my fiance. I used to treat my parents and brothers with lavish gifts sometimes consuming my whole salary. Maybe I was trying to buy their love which i did not have. After 2 years me and my fiance quit job to open my our startup. We had to struggle for a year or two. I lost some weight and suddenly one day I got tinnitus (ringing in ears and head). I couldn't sleep for weeks. Consulted doctors and found a bit of hearing loss. This ringing stayed with me and I had to cope with it.

Around this time my brother who's 2 years younger to me got a job in my city. He came to stay with me. I left my flatmates and got a house for both of us. He stayed for 1.5 years and throughout this time he acted extremely passive aggressive towards me. This is when my panic attacks first started. My brother was cheap and didn't want to spend his money on food, utilities etc. I had to spend most of it. He did petty things like he would offer me a bite of his candybar and later ask me to pay for it. LOL. He forgot about all the gifts I gave and all the money I sent him while he was studying. Maybe he thought I would try to dig into his salary as I myself didn't hold a job. But he didn't know that my startup was already making me far more money. Still I tolerated this, sometimes fought or cried. 

Then bad luck struck and my fiance's father got terminal cancer. He had to care for his family and couldn't help me with our startup. He had to be away from me and our company for almost a year till his father passed away. I had to work alone, hold the ship together, while facing my brother's hostile behavior every night. I was so stressed, depressed, panic attacks became so severe that i had to make emergency doctor visits. I told my parents about my depression but they simply wouldn't accept it. They saw depression as a weakness and I cannot be that weak. During these tough times my brother decided to stay separately. So here I was alone in a city without help facing anxiety and panic in a house that I leased for him. But I accepted it and moved on.  

6-7 months later my bro lost his job, The company cited bad attitude problem as the reason. With this incident he starts getting in contact with me. I forgave him,supported him while finding a new job but did not let him move back with me. 

A year later things turned good, our startup was successful, making money. I was very happy and I told this to my parents. They didn't show much enthusiasm but my mother's attitude towards me changed completely. Now she called me everyday, being sweet, saying nice things. She asked me to loan her some money on a few occasions and i did. I gave around $5000 that year. she said she would return a month later, but she hasn't returned till today.

My marriage date got fixed and I told her I wanted a small court wedding. But she insisted on a lavish wedding . I refused but she kept on insisting. Parents said that they would bear most cost as it's the family prestige to have a lavish wedding. I agreed. I paid half and expected them to pay the rest. A week before the wedding when i went home, i found that they had no money for my wedding. They were renovating the house. I was shocked that they expected me to pay for their entire party. I refused. 2 days before the wedding she got out some money to pay as I did not budge. This reminded me of my childhood school fees incident. This broke my heart.

She continued asking for money citing my 14 YO youngest brother's school fees. I gave around $2000 again for this as loan. I took a written promise from her on this. She did not return this as well. At this point I decided I was not going to loan her anymore. For 2 years this worked. She kept asking and i kept refusing. But recently during my youngest brother's college admission, she called me up on the deadline date and demanded $1000. I was put on a spot, i had to give the money overnight or else my brother would lose the college seat. I paid. But this gave me a series of panic attacks. I felt I had no control over myself. I called her up crying and told her the situation. She acted as if she didn't understand. She kept asking me to see a psychiatrist for these panic attacks because something must be wrong with me. She said I used to get these when I was a child too. My dad suggested me to go to a neurologist to check my nerves.

Coming to my passive aggressive brother. I have always forgiven him for his mistakes and loved him same as when we were kids. I didn't hold any grudge.  He lived with a flatmate. One time I visited his house, I saw all his stuff like cooking utensils, vegetables etc. in his bedroom. When i asked the reason, he said that his flatmate might use his stuff. He was alone and with no friends. I felt bad and invited him on festivals and random occaisons  to stay with me, have fun. I was afraid that he will get into depression staying alone. I made him meet my friends. But one thing remain constant, ""not paying for stuff"". Whenever he was over at my house or if we go out, he never once paid for any food order or anything. We had to take the bill everytime. If we asked him to pay, he would say he ""forgot"" to get his wallet. 

This year we went out to celebrate my dad's bday, we invited around 20 people for it. Me and my brother decided that we would go half and half with the bill, he agreed. At the restaurant when the bill arrived, he vanished and went outside. I looked for him and asked him about paying, he said he ""forgot"" his wallet. I had to pay the entire amount. My husband at this point got super pissed. Later I asked my mother to discuss with my brother for what he had done. Don't know how that went.

Lately he has upped his passive aggressiveness. He got a girlfriend for the first time. He is 31 now. He is getting engaged in a few days and getting married next year. I am not bothered by  whats going on in his life, but he keeps lying to me about various things. I would much rather prefer being kept ignorant than being lied to. I don't call him that often, but last few months he has been calling me every 2-3 days telling one unnecessary lie after another. He wants to show his girlfriend that we are a very happy family. For. eg, I get cake for him on his bday every year, but he has never bought a single cake ever in my life. He has never actually gifted me anything. But this year he shows up on my bday with a cake. I was happily surprised. But later i found that he would video call his gf to show the celebration. He was not there for me, he used my bday as a marketing platform for his gf. He did the same with my husband's bday. 

Whenever I took road trips I always invited my brother. He never missed a chance to take a free trip. Now he takes family trips with the girl's mother, sister etc. while not even showing the courtesy of inviting me. I try to ignore it. Then he casually lies to me about going on such trips. I don't want to go on a trip with them, but this constant lying is making me irritated. When I confronted him about his lying, then he gaslighted me even more and dragged my husband into this. He denied lying and said that he had told the truth to my husband while i was in another room. I kept my calm and stood firm. Minimised contact. 

Few weeks later, a day before his gf bday he came to my house to apologise, I accepted and decided to move on. I wished his gf on her bday and he video called and showed that we are a happy family. A week after this he invites himself to my home for tea. That day he acted very passive aggresively towards my husband. His behaviour was so bad that my husband got up and just left. Few days later out of nowhere he messages me very rude things about my husband. I realised that he had zero respect for me and my husband. He only calls me when he is in trouble like losing his job, or his gf losing her job, or he getting sick etc. Other times when I am not required, i will have to be a doll to glorify his family. I feel used. If I act soft I feel taken advantage of, if I act stern I feel guilt of not being a good sister. This helplessness is giving me panic attacks.

 I am happy that he has got a new family. But what I fail to understand is why has he not even introduced us to this family. We were given just 1 week's notice for this engagement. I am thinking of not attending. But my mother and brother is now insisting that I have to attend, otherwise it would look bad in front of his gf family. They are asking me to leave my work behind to attend this sham. I accepted initially, but now when i think of it, if i do attend this engagement, I will again feel being used and get panic attacks. Because my brother mistreating me will continue till I don't cut him off completely. My parents couldn't care less about this.

Brother: I can understand some of his passive aggressiveness stems from sibling jealousy as I had always done better them him in school, career, relationship etc. But I can't take this shit anymore. I wish him happiness but i cant be a party to this anymore.

Parents asking money: My family is not poor. They are well off with 5 houses and ample money. The reason my mother asks for money is she doesn't want to dip into her money. She keeps her money in long term investments and intentionally doesn't keep cash in hand. I wanted to be a daughter who could take complete care of her parents in old age. But this constant abuse has changed my mind

I read about parentification and I had to understand all these abuses. It's hard for me to accept that I am actually an orphan. My parents never loved me like they should and they don't know that. They don't know how to love me. They don't have respect for my life or boundaries. The only way out to reduce this pain is to understand past abuses, forgive them, and maintain boundaries. But I am unable to do this as the abuse is ongoing. My mother questions me every day I don't call. I have to call her everyday. I tried setting boundaries but they simply won't accept. If I tell my mother to not do something, she will do that even more. Hence I face this abuse everyday. With my brother it's every week. They are my triggers and stressors. Nowadays thinking of death as a way of escape calms my anxiety and sadness.

Writing this has helped me calm down today. Thank you!",
post,UnearthedArcana,"Chromatic Stream, Chromatic Orb's older, faster, and more aggressive brother.",https://www.reddit.com/r/UnearthedArcana/comments/iel33m/chromatic_stream_chromatic_orbs_older_faster_and/,2020-08-22 09:06:23 PDT,16,,https://i.redd.it/lf3vvey2vki51.png
post,MichaelJackson,"SCREAM MEGAPOST. Origins, Similar songs, Janet, Jimmy Jam & Terry Lewis, Influences from The Jackson 5 in 1970, The Remixes, The Video, The Tributes, The Photography, The Covers, The Re-Interpretive Dance Video and on top of all of that, two of my own Remixes.",https://www.reddit.com/r/MichaelJackson/comments/iaxyde/scream_megapost_origins_similar_songs_janet_jimmy/,2020-08-16 11:49:28 PDT,15,"Who here likes the song Scream? It's marvelous isn't it?

[Official Uncensored Music Video](https://youtu.be/0P4A1K4lXDo)

**Origins**

Written by Michael with sister Janet, James Harris III and Terry Lewis, and recorded as a duet with Janet for his album, HISTORY: Past, Present & Future Book I released in June 1995.

As we all know, disc 2 (or part 2) of the HIStory album, *HIStory Continues* is Michael’s response to the turmoil and awful events and circumstances from the previous two years of his life. (That’s an entirely different conversation which of course gets touched upon here). Suffice it to say the lyrics to Scream are in response to the backlash Michael received from the media.

**Similar Reference Pre-Scream / HIStory.**

He had in fact written about his relationship with the media on the Bad & Dangerous albums.

From Bad, “Leave Me Alone”, Michael said: “I worked hard on the song, stacking vocals on top of each other like layers of clouds. I’m sending a simple message here: ‘Leave me alone.’ The song is about a relationship between a guy and a girl. But what I’m really saying to people who are bothering me is: ‘Leave me alone.’” [https://www.michaeljackson.com/track/leave-me-alone-3/](https://www.michaeljackson.com/track/leave-me-alone-3/).

From Dangerous, “Why You Wanna Trip On Me” – “It was inspired by the things people say about Michael. ""We knew people were after him, people all talking about him."" [said co-writer Teddy Riley](http://www.mjtunes.com/modules/mydownloads/singlefile.php?lid=251). ""But we didn't get too direct, we didn't say anybody's name, 'cause when you're too direct it gets boring.""  (The link used in this is weak, sorry - I couldn't find the proper source).

**Back to Scream…**

After more intense scrutiny from the media, a furious Michael is back, clearly evident with his new ‘New Jack Swing meets Industrial meets Punk meets Electronic” music style. This is a new, angry and pissed off Michael Jackson instructing the media to stop misrepresenting the truth, replacing his previous attitude of abstaining from commenting, to aggression and direct accusations to them: “Your bash abusing victimize within the scheme” & “You're causing confusion, you think it's okay, damn it”. Ultimately culminating in the excellent, groundhog day inspired, repetitive looping, screaming “Stop Pressurin’ Me”/ ”Stop Fuckin’ With Me” over and over again. ***(God, I love this song and everything it represents)!***

The report in the bridge section is just awesome, a moment of pause then in the background as Janet is talking about the news, a reporter is saying “…a man has been brutally beaten to death by police after being wrongly identified as a robbery suspect. The man was an eighteen-year-old black male…”. Words we still hear in news reports today, 25 years later. He would go on to articulate this in further in “They Don’t Care About Us” a track which can not be more relevant today than ever before.

“They Don’t Care About Us” was Michael’s statement against abuse of power and the political corruption that enabled it. Two main events inspired the song, the [beating of Rodney King in 1991](https://en.wikipedia.org/wiki/Rodney_King#1991_police_assault_in_Los_Angeles) (five white police officers battered him), five white jurors found them not guilty, riots ensued).  The footage made the nation news a few months before Michael Released Black or White. (Thanks u/Texas_Moonwalker for the correction).  Also, Michael, a black man not charged of any crime forced to submit to a [humiliating 25-minute strip search by the very same LAPD](https://youtu.be/asBwa5vzp8s). They Don’t Care About Us is a rallying cry. Providing a voice to the ignored and in a time of support for Black Lives Matter, [it’s a song that still strikes a chord with many today](https://youtu.be/XriRrhH4W0E). But that, is another story. Let’s get back to Scream.

Scream, marks the first time Michael swears in his music and it’s a departure from his previous work. When you think of the album Bad, it introduced a tougher, more street guy, a complete image change from lines like “…Life Ain’t So Bad At All” from Off The Wall and “…And don’t think maybe, if you can’t feed your baby” from Wanna Be Starting Something. Instead in the bad album we’re treated to “Your Butt Is Mine” (not feeling able to sing “Your ass is mine”). Tough eh? Lol

The events in 1993 obviously took their toll on Michael, thankfully for just a short period of time, but in this time, we got a punchier, more aggressive Michael Jackson, and I fell in love with him all over again! ([More info](https://hymiesrecords.com/when-michael-jackson-started-swearing/#:~:text=It%20wasn't%20until%20after,song%20%E2%80%9CThis%20Time%20Around.%E2%80%9D))

The music is polarized; clipped, choppy, digitized, messy and warped, when I first heard it on my Walkman, aged 15 in 1995, I panicked because I thought my tape was being chewed up. (Morphine, a year later made me feel the same about my speakers when I heard the intro for that, the first time).

With Scream being the first single (in fact, first joint Single with Childhood as the double A side) and deliberately, the first of the new songs for the first-person narrative of his own life, the “HIStory Continues” album can be considered to be Michael Jackson’s sequel to his written autobiography [“Moonwalk” released in 1988](https://www.amazon.co.uk/Moonwalk-Michael-Jackson/dp/0099547953). As Michael said himself: “The new songs are very different. They are autobiographical, I mean they came from the heart — they are myself. They are not my songs anymore, it’s the way I feel they belong to everybody now. Sometimes the only thing you can do is scream. Don’t you ever feel this way? You just wanna let it all out. People should listen and decide for themselves.”  ([More](https://link.medium.com/2agLahc5Z8))

**On Working with Janet, Jimmy Jam & Terry Lewis.**

Michael had previously wanted to work Jam & Lewis on Dangerous but never happened. On working with Scream, several tracks were compiled by Jam and Lewis and presented to Michael. Janet also took inspiration from some of the tracks presented and ultimately “Runaway” was born. ([https://youtu.be/dMCAacKA6zg](https://youtu.be/dMCAacKA6zg)). You can hear similarities in the musical style of both tracks, if Scream is the aggressive brother, then Runaway is the more meditated sister. For more ‘insider knowledge’ visit [this episode of JCsMusicology and skip to the 23:00 minute mark](https://jcsmusicology.fireside.fm/12) to hear the music and interviews with Lewis & Jam.

More information of the [discussions on the creation of the music, including the cross over with Runaway](https://www.idolator.com/7564139/janet-jackson-runaway-michael-duet-scream-jimmy-jam?chrome=1).

**Sly & The Family Stone Influence & Samples used in Scream**

The “Scream Louder” Remix features samples from [Sly & The Family Stone - Thank You (Falettinme Be Mice Elf Agin)](https://youtu.be/wj5VODa-eTY). In fact [Michael with The Jackson 5 performed Thank You (Falettinme Be Mice Elf Agin)](https://youtu.be/azHXWll86NQ) in 1970 to a then record-breaking show of over 18,000 attending.  With The Jackson 5 having only two albums and a couple of singles out, at the time, they were still able to draw such a big crowd. This concert is an example of a very early part of their career and all I see is defiance by Michael and his team in including this sample within Scream Louder.

The title “Thank You (Falettinme Be Mice Elf Agin)” is intentional it’s deliberately mis-spelled for special effect ([Sensational Spelling](https://en.wikipedia.org/wiki/Sensational_spelling)) and means, ""thank you for letting me be myself again."" The third verse in the original song contains specific references to the group (Sly & The Family Stone) previous successful songs which is exactly what Michael Has done with HIStory: Past Present & Future Book I disc one, with his most successful hits. Michael doesn’t just layer down harmony’s and music sounds, his artistry has many levels and referencing this track is another way of saying “Check out my back catalogue, I’m Michael Jackson, and I’m back with new songs, songs which finally let me be myself again”.

Contained within the individual multitracks you can hear isolated sections from Janet Jackson’s Rhythm Nation and The Knowledge (along with small sections from In The Closet).

I’m sure it has lots more samples than that but I can’t remember where from at the minute.. I think the ‘Scream’ sound is from the same Japanese anime as the character in the background of the Video.

Do you want the multi tracks? – there’s 30 of them over at [Navari Productions YouTube page](https://www.reddit.com/r/MichaelJackson/Navari%20Productions) enjoy!

**Music Video**

The music video was, at the time the most expensive ever made in music history costing over £4.5 Million to make (something which the director refutes). This was in part due to the huge stardom that was Michael & Janet Jackson combined, bringing together their own styles of dance choreography and personnel to the creation of the music video.

It was Janet’s choice of Mark Romanek as the director for Scream. [From Mark’s own words](https://youtu.be/RVKX1LjosNU?t=404):

“I got on the phone with the head of the record label and he had seen the budget and was apoplectic,” “He started screaming at me on the speakerphone”, “do you think I'm the fucking Bank of America? Are you out of your fucking mind?” I said “Michael and Janet want something huge, you've given me no time to do it, the song brings to mind images of a spaceship and if Michael Jackson has his own spaceship it's going to be really impressive”. There was this dead silence on the speakerphone and then I heard (puts on soft voice) “yeah, that's right” and I realised Michael was in the room on the other end of the line which I didn't know. From that moment the record executive guy knew he was pretty much screwed. **Hahaha!! Love MJ!**

* Futuristic short film, filmed in black and white, directed by Mark Romanek and cost $6 million – the most expensive music video ever.
* Premiered on 14th June 1995 on ABC-TV in the States.
* Grammy Award: Best Music Video, Short Form.
* Billboard Music Video Award: Video of the Year – Pop/Rock.
* Short film nominated for 11 MTV Music Video Awards, but won only three: Best Dance Video, Best Choreography and Best Art Direction.

[Get more detailed information on Scream from this link.](https://www.dazeddigital.com/music/article/24901/1/how-scream-became-the-craziest-video-of-the-90s)

**Making Of Scream**

Video: MTV’s Special “[The Making of Michael & Janet Jackson’s Scream music video](https://youtu.be/9H-BXQ6XwHg)”. 16 Minutes of BTS footage and information.

**Photography**

Photographer Steven Paul Whitsitt was the set photographer for Scream, you can find his work on his website: [https://www.spwhitsittphoto.com/](https://www.spwhitsittphoto.com/) He recounts a story of Michael singing for him over the phone, Childhood acapella for an audience of one. It brought him to tears. Read his story and check out his photographs of Michael from Scream and the HIStory era in his [Michael Jackson gallery](https://www.spwhitsittphoto.com/michael-jackson).

**Tributes to Scream**

Janet Jackson paid tribute to Michael by performing her side of the duet with him posthumously, removing her vocals and visual from the playback on screen and performing live with the audio at the MTV’s Video Music Awards 1995. The first major tribute to him after he died.  If you haven’t seen it, [you need to](https://youtu.be/ruG3g0PPIiE)! (Higher quality of this has been available before but I can’t find it online).

(In fact The entire VMA’s that year and the BET Awards 2009 are essential viewing for Michael Jackson fans, indeed for all music fans).

Moving away from bittersweet tributes and back to Scream and something more light-hearted. [The funniest Scream Tribute I can find is the Glee cover](https://youtu.be/6a-1PWr6VLc). I was a Glee fan at the time, and they dedicate a whole episode to Michael.

**Chart Information**

* Debuted at no.5 on the Hot 100 in the States – the highest ever new entry (the previous record holder, Let It Be by the Beatles, made its bow at no.6). Also achieved no.2 on the R&B singles chart and no.3 in the UK.
* UK chart rules, which stated only three formats could be counted towards a chart placing, meant one 7” and two 12” singles charted independently, achieving no.43.
* No.1 in Finland, Hungary, Italy, New Zealand, Spain and Zimbabwe

**Official Versions:**

* Album Version (Official Video Linked Above)
* [Naughty Main Mix No Rap.](https://youtu.be/3Abg6-b8Y_Y)
* [Naughty Radio Edit w/Rap.](https://youtu.be/SLq9oEomxbg)
* [Naughty Radio No Rap.](https://youtu.be/qImt28MXf9s)
* [Classic Club Mix.](https://youtu.be/wZKhmULfKLw)
* [Dave ‘Jam’ Hall’s Extended Urban Remix.](https://youtu.be/TrBERGc48ug)
* [Naughty Pretty-Pella.](https://youtu.be/1HxVO2MI4CQ)
* [Dave ‘Jam’ Hall’s Urban Remix Edit.](https://youtu.be/C-U68SM7nww)
* [Pressurized Dub Pt.1.](https://youtu.be/9KU8_cKVQNo)
* [Pressurized Dub Pt.2.](https://youtu.be/HYDzJKvnlLo)
* [Def Radio Mix.](https://youtu.be/WqjJ902CUJU)
* [D.M. R&B Extended Mix](https://youtu.be/c6BkJSY32cI)
* [Naughty Acappella.](https://youtu.be/u2mo2qfW93g)
* [Scream Louder – Flyte Tyme Remix. Naughty Main Mix.](https://www.reddit.com/r/MichaelJackson/Scream%20Louder%20%E2%80%93%20Flyte%20Tyme%20Remix.%20Naughty%20Main%20Mix.)
* [Single Ed it. Single Edit #2.](https://youtu.be/X07zixJQsHk)
* [Scream Louder – Flyte Tyme Instrumental.](https://youtu.be/thdbZMyYVlk)

Phew, still here? – Want some more remixes?  Here’s some of my favourite fan made remixes (in no particular order). (If you have favourite remixes of Scream, please link them 😊)

* [Scream (Javi Perera Djent Remix)](https://youtu.be/zMi98Esa0DY)
* [Scream (Funky Soul Remix)](https://youtu.be/LOYCx4MnLuk)
* [Scream (Le P Remix)](https://youtu.be/_c_xKOApJZs)
* [Audacity of Scream (4Motta Mash-up) (MadsElias Video Remix) (Jackson and Simian Mobile Disco)](https://youtu.be/S4ryLvsFMzs)
* [S C R E A M \[Demo ReMix\] 2016](https://youtu.be/dc4QN8zXtdA)
* [Scream (Immortal Version)](https://youtu.be/5NLfTL2MWok)
* [Scream (midnight. Deluxe Mix)](https://youtu.be/FLTSov2I1DI)

**Live Performances**

* [Scream/They Don't Care About Us/In The Closet Live in Copenhagen 1997](https://youtu.be/Bni6tTJY5ak)
* [Scream - Live Helsinki 1997](https://youtu.be/m2KWhFNoYjg)

If I’m honest, I’ve never rated the live Scream performances, (sorry). Has he ever sung it live? I’m of the understanding that he used an alternative studio vocal and lip-synced it when he performed. Can you recommend any good Scream live tracks?

* Here’s Janet performing an [“If”, “Scream” & “Rhythm Nation” medley](https://youtu.be/iIOeT4wTrVQ).

**Cover Versions**

* [Annisokay feat. Kiarely Castillo: Scream](https://youtu.be/4o3c2yJC80M)
* [Scream: Escaping A Haunted Mansion Cover](https://youtu.be/gIydcNzF_aE)

**Re-interpretive Dance Tribute**

Tobias Ellehammer, a creative who “aims to unite people by telling stories and spreading positivity, love & light through the arts”.

[SCREAM, presented By Tobias Ellehammer](https://youtu.be/i6EhGUOqb8U) is a choreographic arts video highlighting many of the issues that divide and fracture our society today. It’s the concluding part of a trilogy of works dedicated to peace and Michael Jackson.

**Personal**

I’ve often said on polls here and in general that it’s difficult to describe a favourite Michael Jackson track, because my favourites change with time and also depends on my mood or what music I’ve been listening too. I’d have to say though, if the choice were to define an absolute definitive favourite MJ track or sudden death, then of course I’d scream “Scream”. Then begin to point them to this article.

I love Scream so much; I've even tried to remix it. Now, I am by no means a remix artist by any stretch of the imagination, I’m also hard of hearing / a bit deaf. I don't hear base or speech very well, when I listen to music it’s always with quality speakers or quality headphones otherwise I have to turn the music up so loud that it begins to clip and the sound distorts.

These mixes were made from the multitracks mentioned above and in a way are mixed to my  'sound profile'. To you, they’re awful, to me they’re awesome lol – though nothing can ever beat the original album version.

* **Enjoy** [**Scream: Hard Of Hearing Remix**](https://youtu.be/rAEAhxqJqdc)

For the next mix, I wanted to reverse the sound by switching the counterpoints in the music, by this time, I got more patient with the software and decided to clip all the ‘Pressurin’ lines in the lyrics which allowed ‘Fuckin’ to seep through, overlaying more vocal tracks used, than in the album version.

* **Enjoy Scream:** [**Playful Vivisection Remix**](https://youtu.be/uEjH0ZasnAo)

Phew, thanks for reading 😊

One last thing, if anyone knows remix artists SWG or Remixed by Nick\* (or if you are here reading this), they should collaborate and make the best god damned extended, funky-dirty, remix while incorporating all remix types before it and putting all others to shame at the same time.

Such would be a ***Scream*** that would make me weak at the knees!",
post,family,My aggressive brother and my mom who does nothing about it.,https://www.reddit.com/r/family/comments/gvs04w/my_aggressive_brother_and_my_mom_who_does_nothing/,2020-06-03 04:10:04 PDT,12,"Welcome to my family, I live with my mom and two older brothers. The one that this story is about is currently 24 years old, has been unemployed for the last year and does not have a higher education diploma to do the kind of jobs that he wants. Besides this, he is extremely aggressive, to the point where I (17f) was crying with bruises on my body, phone in my hand with 911 on it and my mom begging me not to call them. 

The current situation is that I am currently studying from home due to corona. I don’t mind studying at home if it wasn’t for him. Usually around the house I avoid any kind of conversation with him as much as possible and I only speak with him when it is necessary (e.g. chores, walking the dog). Because he is unemployed, he is around the house 24/7. He constantly complains about anything (food that isn’t to his liking, chores that he has to do). Next to this, he smokes in the house, upstairs, in his bedroom which is next to mine. I have sensitive lungs (they only work for 80%) and every time he smokes in his room, I have to cough, open my windows and turn on a fan. I have told him several times to stop but then he just calls me “arrogant and a bitch.” 

My worst problem with him is that every time something like the smoking happens or a chore of his is not done. I have to ask him to do something about it and all hell breaks lose. He threatens to kill me, sometimes even slaps me and he calls me out for horrible names. I have begged my mother multiple times to do something about this but she hasn’t done anything yet for the past 2 years (that is when the problems started.) 

I am at a complete loss, I really want to keep living at home with my other brother and my mother but I don’t want to live with my brother anymore for even one single day. 

Does anyone have any advice for this?",
post,Advice,Should I (temporarly) break off contact with a friend who cheated on his gf with me?,https://www.reddit.com/r/Advice/comments/ght4k9/should_i_temporarly_break_off_contact_with_a/,2020-05-11 11:19:17 PDT,1,"I (f19) slept with a guy (m19). We have slept together before twice. Problem is, now he has a gf. We were very drunk when it happend, but to me that‘s no excuse. I know what I did was wrong, because I knew he was in a relationship, and I‘m not trying to talk my way out of it.

He, on the other hand, blamed it on the alcohol. Told me there was no point in telling her, that he still loves her and doesn‘t wanna end the relationship. I have a crush on him, have had one since 6 months, and I don‘t want to lose him, even if all he wants to be is friends. If he doesn‘t feel the same way, I‘m okay with that.

But I don‘t think it‘s fair to lie to his gf. I get that it‘s difficult for him to tell her. She has a really aggressive brother who never approved of their relationship, and he was followed by him and his friends multiple time and nearly got beaten up. If he found out that he cheated on his sister, he would probably end up in the hospital.

But if he was able to cheat, he should end the relationship, even if he can’t tell her why. He even admited to me that he thought about dumping her multiple times before. And as long as he doesn‘t do that, I find it really hard to be around him, and I don‘t know if he will ever grow the balls to do it.

So, should I break off contact, at least for a while? I really don‘t wanna lose him, and I‘ve made my peace with the fact that nothing will ever happen between us. But as long as he can keep lying to his gf and pretend he did nothing wrong, he seems like a totally different person to me.",
post,mentalhealth,How do I deal with my passive aggressive brother?,https://www.reddit.com/r/mentalhealth/comments/fek77l/how_do_i_deal_with_my_passive_aggressive_brother/,2020-03-06 13:05:04 PST,1,"So as of late, my older brother has been really passive-aggressive with me.  Just this morning, I asked him why he wasn't paying more rent, because I know our mom makes less money than he does, but she pays more rent. He responded with ""because it's none of your business"". It hurt a lot, and I'm not really sure why. It's been going on for a year, and I'm getting tired of it. 
How would you all recommend I deal with it? I'm trying to tell him, but I'm afraid he's going to be dismissive of my feelings, like he always is.",
post,exchristian,I just realized that the people who have hurt me the worst in life were all Christians,https://www.reddit.com/r/exchristian/comments/f0l2fr/i_just_realized_that_the_people_who_have_hurt_me/,2020-02-07 18:18:55 PST,116,"I was thinking on this a while back and realized that all the people who have damaged me the most in life all had one thing in common: their religion.

My abusive father? Christian.

My homophobic, aggressive brother who’s so right-wing that he’s toxic? Christian.

The man online who led me back to the church for a brief moment but also begged me for lewd rp and pics nearly every night? Christian.

Not only this, but the people who have rejected the church in my life have become my best companions.

My girlfriend who is the prettiest, sweetest and most fiery girl I know? Ex-christian.

My best friend who has talked me out of suicide quite a few times and always lifts me up? Ex-christian.

My grandpa who was called a curse by his church because he was never able to walk but does everything within his power to make my life less shitty? Ex-christian.

My trans friend who can make me laugh with ease and always lids my spirits? Ex-christian.

It’s funny how Christians are touted as such nice, holistic people and how atheists are painted as baby-sacrificing monsters when in my life it has been quite the opposite.",
post,customhearthstone,Lightspawn's overly aggressive brother.,https://www.reddit.com/r/customhearthstone/comments/eozav8/lightspawns_overly_aggressive_brother/,2020-01-14 23:40:49 PST,12,,https://i.redd.it/1o1zvl0bcwa41.png
post,raisedbynarcissists,is this narcissism,https://www.reddit.com/r/raisedbynarcissists/comments/ejfp68/is_this_narcissism/,2020-01-03 05:55:54 PST,2,"I'll try to keep it short and readable, but I have a lot to say. Also, this is kind of fucked up, so reader discretion is adviced.

I remember my life was good before my parents got divorced when I was 7. Before that they fought a lot, but I don't know about what. My dad told me later it was because my mom wanted him to earn more money.

I used to try to make them stop by shouting at them that they're being stupid. Once I drew a picture where me and my dad are happily standing on some grass field, and my mom was under the ground eaten by bugs. I don't know where I got that from, I think it was my mom who yelled the most, and I think I thought if I showed how much rage I have about them fighting all the time, I thought they'd stop. But my mom got shocked when she came to my room and saw the drawing. She then went to show it to my dad, who later came to my room and told me ""you shouldn't be drawing this kind of stuff. We're both sad about it"". And then he winked and smiled at me. O\_0

They had 3 kids aged 7 and 4 (times two). My mom also suffered from post partum psychosis. She said to me once when I was 8 that she thinks a demon tried to take me away when I was taking a nap.

My moms friend/acquaintance adviced her to divorce him, I don't know what the reasoning was, but she then did.

After that all I remember about them was

\- my mom yelling at me for not doing house duties (I was like 7 or 8 and I didn't know how to clean a house or use a vacuum cleaner. I would've helped if she had just told me to do it and showed how...- when we visited my dad every other weekend, he talked about how bad of a parent our mom is for not getting us clean clothes and brushing our hair etc. And that she is crazy and overall a bad person. Thanks for the info dad, but you never take care of us either.

I had untreated medical issues, I was bone-skinny and starving, I had lice which neither parent took care of, they just talked about how bad a parent the other one is...

I did well in school though and I had some friends and I talked to almost everyone. But then I got really sick when I was 13/14 because I was constantly stressed because I was sure my new stepdad was a pedo and I was always arguing with him to make him not want to do anything to me, and I was creeped out by him, and also I slept really poorly because he watched tv until 5 am really loudly. I was also still starving, so I self diagnosed that vitamin deficiency + stress + neglect caused me to loose my hair and fingernails, I scratched the skin on my arms until it bled, and mentally I was totally gone. I didn't know what was happening, it was like I was brain-dead, kind of, like I couldn't remember anything. I couldn't remember what happened right now 5 seconds ago. Also I got huge anxiety and I got suicidally depressed. It was a huge shock to me.

Then when I was 14 my dad had just divorced his second wife because she had started drinking. I'm pretty sure she was drinking because of how he was. I believe he is a narcissist and he is atleast very sadistic. I think he groomed me my whole childhood to think that our mom was to blame for the divorce, she was a horrible person and my dad loves \_me\_ very much. So when I was 14 he took me to live with him. He didn't do anything perverse though. But after I had moved to his apartment, which his mother bought for him. When he was 40. He trashed the whole place, never cleaned and used all his money on videogames and electronics. I was still starving, he cared even less about me starving than my mom and stepdad.

I was really sick during this period, and I had lost all my friends, so I just sat at home and I don't remember much about it. But my dad was now super mean to me, so the grooming was now over. Yuck he is so disqusting. How he was mean: Once he was teaching me how to fry steaks. I thought it was only one steak so I put it on the pan, and then he shouted at me ""are you a fucking idiot, you need to separate the steaks"" Like ok but why do you have to be mean. Fucking Gordon Ramsay ass bithc. I got so confused and surprised about this sudden verbal abuse so I didn't eat anything and locked myself in the bathroom to cry.

Another time I was in a lot of pain because of period cramps. He walked by my door and I knew he was going to the kitchen, so I asked him to make an extra sandwich for me and a painkiller, and he got mad at me and said something along the lines of ""make it yourself you dumb whore""

And I was desperate because it honestly hurt a lot so I offered to pay my younger brothers to get a me a slice of bread, don't have to put anything on it, just give me a slice of bread man. My brothers said to my dad like wtf can u not, and then my dad had made an extra sandwish for me.

Also after I moved to my dads, my (3 years younger) brothers started bullying me, like:- we were playing some videogame 2p, and I lost one game. My brother says ""haha you fucking suck at this game"" I answered ""yeah I guess"". He continued with the ""but do you like get it you are such a dumb whore bitch idiot you just lost a videogame like kill yourself"" and when he had continued with that until it got weird, I said ""what the hell are you on about, I don't appreciate you talking to me like that so please stop?"" And he then shouted in my face ""YOU DON'T TELL ME WHAT TO DO, YOU SCUM. FUCKING LOSER"". And then hit me on my face.

\- another time i was sick and needed to puke, but bathroom was taken, someone was in the shower, so i knocked once. younger brother said just a minute. I tried to not to puke on the floor, and after a minute i knocked again and said im sorry but this is kind of urgent. Their bullying had been going on for awhile now so i was really careful with what i do or say, so i tried to really be polite. But he was nice about it and said yeah sure I'll try to be quick. But then the other brother came out of his room and \*shouted\* on top of his lungs \*W H A T   I S   Y O U R   P R O B L E M!!!!!!!!!!!!!!!??\* ""

Terrified and trying not to puke I didnt answer anything. So he started kicking me while I sat on the floor. When the other one got out of the bathroom, he asked the 'older one' what the fuck is wrong with you. He also told my dad about what happened, the aggressive brother admitted it was true, but my dad still didn't do anything about it.

I didn't say anything about the incident to anyone, because whenever I tried to get help from my dad, he just called me a wuss and an idiot and it's propably my fault, I'm the oldest so I have responsibility over them etc.

I'm pretty sure he triangulated us, since before we lived at our dads house, we were like best friends. I'm pretty sure he enjoyed me being tortured like this. Also, two of his wived ended up drinking after they were with him. What a coinkidink.

Once I went to my dads moms house to ask her to help me when I was covered in bruises and in panic, and she just said ""it's the survival of the fittest"".

I wanted to write this here because I'm in so much emotional pain because of this, I'm traumatized and angry about how they treated me. I want to know why my dad would be like this.

And if he is a narc, I'm pretty sure I was the golden child, and my mom was the scapegoat.

It's so disqusting. I think you can compare that shit to what pedos do. FUcking YUCK. Thanks for letting me vent.

tl;dr: dad was a sadistic idiot",
post,Madden,Cooper kupp has one REALLY aggressive brother lmao,https://www.reddit.com/r/Madden/comments/dq0dg2/cooper_kupp_has_one_really_aggressive_brother_lmao/,2019-10-31 23:12:06 PDT,6,,https://v.redd.it/zrwmy791o0w31
post,Rainbow6,Smokes more aggressive brother smoke,https://www.reddit.com/r/Rainbow6/comments/cqokre/smokes_more_aggressive_brother_smoke/,2019-08-15 04:31:51 PDT,487,,https://i.redd.it/ozay12k3mlg31.jpg
post,soreloser,AB rages after I beat him at his own game,https://www.reddit.com/r/soreloser/comments/c04h2t/ab_rages_after_i_beat_him_at_his_own_game/,2019-06-13 04:10:18 PDT,6,"I showed my friend (F) Scratch (an app where you can make games) and he told his older brother (AB Aggressive brother). AB quickly got the hang of it. He designed a game where you hit the ball with a paddle and it goes back up. This repeats until you get a certain score or the ball falls past the paddle. I asked AB if I could have a go at his game and I beat it. Here’s how the conversation went:

AB: IMPOSSIBLE!!! YOU CHEATED!!!

Me: I didn’t cheat. I’m just good at these sorts of games (which I was because I have made 4 of them so far).

F: Maybe you just modify it. That way it will be harder.

AB: Ok. I’ll change the max score up to 1000.

*AB lost at his own game without even reaching 50*
*F wanted me to try to see if it was possible*

Me: (after completion) it’s possible. Maybe you just need practi-

AB: NO!!! YOU CHEATED!!!

F: AB, he played the game like he’s supposed to.

*F’s mother (FM) comes upstairs*

FM: What’s all this commotion about?

AB: (Points at me) He cheated my game!

FM: It’s only a game.

AB: But it took me hours!

Me: It took you 15 minutes to design the character, floor and paddle and then you chose a default background.

AB: So?

Me: I did most of the coding for you.

FM: So how long did it take altogether?

Me: Around 30 minutes.

F: That sounds correct.

AB: No! It took HOURS!!!

*FM looked very embarrassed*

FM: OP (me), please leave. You’re not in any trouble. AB, go to your room.

AB: You’ll pay for this dicksack!

*I would of said ‘That’s a new one’ but I didn’t want to start an argument so I just left*

This was about a week ago and I’m only typing it now because F told me AB was banned from computer games for a month. FM says he can play Monopoly but he’d probably rage and I really didn’t want to go back there just in case I was gonna get hit or something.",
post,MakingaMurderer,"My theory on things, one of them at least",https://www.reddit.com/r/MakingaMurderer/comments/btvy2u/my_theory_on_things_one_of_them_at_least/,2019-05-27 22:02:55 PDT,0,"Just an idea but perhaps Bobby killed her with the aid of Brendan. Most of what Brendan told police was true but it was Bobby not SA who was in the drivers seat during the whole ordeal. Then at the end of it all he tells Brendan if the police start grilling you tell them SA did it. Maybe even threatening Brendan in some way to make sure. (Which turned out to be unnecessary seeing as the cops were out to get SA anyways) Even though Brendan is “slow” that love/respect/protect your brother mentality is probably in his head somewhere. I would assume that the relationship he has with his brother is a lot stronger then the one he has with his Uncle who had been in prison for most his life. Maybe those scratches on Bobbys back were from his brother actually trying to stop him when it started to get real crazy with TH. But in the the end Brendan did what he was told by his smarter/stronger/aggressive brother. That list of porn searches on that cd, some of them were seriously disturbing. Some of that only a seriously F”d up dude would be looking for. People are big on motive but a true psycho’s motive might be because he just gets off doing it in the first place or Maybe Bobby heard through the family grapevine that uncle Steve wouldn’t be cutting him in on a lot or any of that money if he got it...and then and opportunity arose and he took advantage of it.... just another of the many theories and no matter what I can’t help but think some of the cops were in on this at some point regardless of who actually kill TH unfortunately.I dunno, any thoughts?",
post,RantsFromRetail,Customers I Hate,https://www.reddit.com/r/RantsFromRetail/comments/bswgzk/customers_i_hate/,2019-05-25 09:33:14 PDT,76,"The following is a comprehensive list of customer traits I despise. List follows:


- People that for any reason bring up going to a competitor. Don't have an item you want? ""Guess I'll have to go to XXX…"" (or its passive-aggressive brother ""Maybe I'll try XXX, see if they have it""). Something too pricey? ""These are so much cheaper at XXX!"" Store card doesn't take off anything? ""You know, at XXX, I always get money off and coupons…"" I think I conditioned my brain to shut down the moment I hear a competitor's name at this point. I don't care. Please go there and never come back.


- People that verbally gangrape me with questions. You can plainly see that I'm ringing someone up. You can also plainly see I'm holding a phone up to my ear. You can also plainly see the *other* person asking me a question. Do you not realize I can only help two people at a time (not just one, I'm pretty good)? And don't get impatient because I'm not ignoring everything else going on to help you IMMEDIATELY.


- People that can't read.


- People that claim any old thing is ""FALSE ADVERTISING!!!11!1"" What does 'false' mean – a lie, an untrue statement. A tag saying ""BUY 1 GET 1 50% OFF,"" with you ignoring the ""BUY 1"" part, is not false advertising. A sale on a brand of items, with fine print saying ""SELECT ITEMS ONLY"" is *not* false advertising. That's called ""Your Inability To Read"".


- People that blame us for stuff that's not our fault. If something is in the wrong spot that doesn't necessarily mean that we put it there. You do realize that other people shop here and they don't give a fuck where they put shit back, right? You can't just demand a discount if something is in one spot over where it should be. All the price tags have the name of the damn item on them. I've even had someone come over and point this out to me, so they actually read the sign, knew the price didn't match the item, and still wanted a discount.


- The people that feel I should always remember the exact cigarettes and how many packs they get. Do you know how many people I give cigarettes to a day? Do you realize how many different damn types we sell? Someone once just said ""my cigarettes"" and actually got offended when I asked which ones they got. ""Oh, sorry, I thought you knew me..."" I'm sorry, my sole purpose in life is not to memorize your filthy habit for your convenience.


- The people that point at the cigarettes they want instead of saying the name. They'll just say, ""pack of those Malboros."" This is usually followed by something like ""Up higher. No, down a li-- to the left. You just had 'em-- no, stop... sto-- those! No, the Lights! Two of those."" Oh my god.


- ""Y'all carry Black & Milds?"" We're a drugstore. No.


- The people that forget to add their damn cigarettes when buying their groceries.


- The people that ask me what the ""best"" e-cig is. I don't smoke, so I have no idea.


- The people that come up, with a cart overflowing with groceries, when most customers have less than 10 items, and I'm the only cashier. They wheel their wagon of loot over, and they utter the dark incantation that boils my blood and sends my mind into a frenzy: ""Would ya believe I only came in for one thing? Heehee!"" We are a relatively small, convenience drug store, and these people wanna shop like we're Coscos. 


- The people that steal and leave the empty packages in the impulse shelves. Just... the fact that someone stole from us and left the trash less than 3 feet away from me, AND were face-to-face with me seconds later is just...


- People that ask me the price of EVERY. SINGLE. ITEM. I scan something. ""What did that come up?"" I tell them. I scan the next item. ""Okay, what did that come up?"" I tell them. I scan the next item. They stare at me. I reach for the next item. ""*WAIT, WHAT DID THAT COME UP???*"" Like, do you just pick up shit without even looking at the price?


- People that leave their shit at the far end of the counter, so I have to fucking lean over and reach to grab it.


- People that shove their items on the counter towards me, like I don't notice it. I know, this conflicts with my last grievance, nothing customers do will please me.


- People that act like taking out their store card is a big bother. 


- People that are don't want to sign up for a store card because they don't want anyone to know their number. If you have a phone number, some entity somewhere already knows it, trust me.


- People that ask ""What does this card get me, anyway?"" This has levels. There's the people that are just asking because they feel owed something.  What should I say? The card gets you free drinks, a cruise to Hawaii and strippers? Then there's the people that genuinely want to know what the card gets them, and the second my explanation gets too long for them, they go ""Okay,"" and their eyes drift off. You asked what the card did. I was telling you.


- The people that comment on how much the card takes off. Takes off nothing: ""What's the point of even using it?"" Takes off under a dollar: ""What? That's all?""


- The people that tell me they don't have a card before I even ask.


- The people that give a curt, rude ""NO"" to me asking if they have a store card. Like it was a damn annoyance. It is, and I don't want to ask you either. And I often don't, but then I'd have to beware of…


- The people that condemn you for not asking for their store card. I've legit been shamed for not asking. Almost verbatim some one said ""You were *supposed* to have asked me for my card, isn't that right? What if I didn't get my sales?"" Bitch. If you care so fucking much, why didn't you have the damn thing out already? Coulda been a corporate spy, though.


- The people that lie to my face about not having a card. Every so often I'll ask for the card, someone will specifically say they don't have one, but oh no: the sale price didn't come up. Suddenly, they remember they actually *do* have one. Worse still if I *can see the damn card in their wallet*.


- The people that suddenly remember they have a store card the moment the receipt starts printing.


- The people that ask if they have points to use the moment the receipt starts printing.


- People that get all defensive when asked for ID for a return. ""Why do you need that?! I'm not giving you my ID!"" Okay, this one I can kind of understand, but it usually only triggers for returns over 50$, and those are rarely legit returns.


- People that ask me the total before I've even scanned anything.


- People that are shove their money in my face before I've even scanned anything.


- People that put their card in the machine before I've even scanned anything.

- People that shove their store card in my face before I've even scanned anything. I make a point to scan and bag all their stuff before scanning their card.


- People that throw their fucking items at me.


- People that throw their fucking card or money at me.


- People that inch their items closer to me when they're next in line, like that makes the register work any faster. Same thing with people that set their money down on the counter at transaction start, and when I tell them the total, push it closer. I saw your twenty, pick it up and hand it to me.


- People that act like they're mute when I say anything to them. No ""Hi"" back, no response when I ask for their store card. The moment their receipt starts printing, they're up and headed out without so much as a word. Especially annoying if they also do one of the two things mentioned above. I get you may be in a bad mood, but you don't have to act like I'm not a fucking human being.


- The people that are all chipper with their friends, then when the transaction starts, turn into an emotionless sod. Someone could be laughing it up, then they see my face, and my god, it just *pains* them to have to talk to this *lowly service worker*.


- The people that don't get the right price or something and threaten to sic the *local news station* on us. Just... ha ha... HAHAHAHA, what? *What*?


- The sons of bitches that shove their card in the pinpad, look at their phone, look around, look at the ceiling, then look at me wondering why it's taking so long when the thing's been asking for their PIN for the last 30 seconds.


- The people that forget their wallet at home or their car. THE SOLE REASON THEY ARE IN A STORE is to buy something. How do you forget MONEY? You are never ringing these people out with no one behind them either.


- The people that say their debit cards don't have a PIN, and want it as credit. Nothing wrong with that, but am I wrong in the assumption all debit cards should have a PIN? It's mostly the people that act like I should know how their card works.


- The people in denial that their card could possibly ever not work. ""That's impossible! I *have* money!"" One woman really tried to show off with ""This should go through. I got money in the bank. THOUSANDS."" Okay, girl…


- The people that ask me why their card doesn't go through. When payment fails, the register doesn't tell me why. So of course, I'm always asked why.


- The people that hand me their card instead of putting it in the machine themselves. Bonus points if they go ""Oh, I'm sorry, I could've done that!"" ...Why didn't you?


- The people that are just confuddled by the pinpad. Our pinpad will prompt certain cards for a language, English, Spanish or French. This screen confuses most people. Many people will throw their hands up in frustration and ask me what to press. They do this with the PIN screen too. And the cash back screen. Reading helps.


- The people that complain about the language options on the pinpad. Yes, this is a thing. They'll either go, ""Uh, English. What else?"" or a sarcastic ""Yeah, I want it in Spanish!"" One woman recently went on a tirade when this screen came up, saying something to the effect of ""THIS IS AMERICA! WHAT LANGUAGE DO AMERICANS SPEAK?!"" This is a rather diverse country, if you haven't noticed. I also looked this up, it's apparently because the pinpads are used internationally.


- People that pay in hundreds for small totals. Especially if I glanced *several twenties* in your wallet, and when I asked for a smaller bill, you said you didn't have any. Pull that shit, you bet your ass I'm calling for change, then waiting patiently while the line of customers starts forming behind you.


- People that ask for change from big bills, or rolls of coins. ""Hee hee, I don't want to go to the bank."" That's what banks are for, damn you.


- People that say ""Wow, you're all alone, huh"" when the line is massive and I'm the only one ringing. Yes. I am all alone. I am well aware.


- People that bitch about the five-cent bag fee.


- The people that ask me three-hundred times if I got their coupon. I got your fucking coupon. Don't worry, you're saving that $0.50 today. ""Every penny helps, haha!"" Shut the fuck up.


- The people that don't want their receipts.


- The people that throw their receipts in the empty baskets. Caused by giving receipts to the people above, but still.


- The people that leave their carts in front of my register. Bonus points if there's someone after them that has to move it.


- The people that leave their baskets in front of the register. Creates a chain reaction where every customer will see a basket at their feet and just stack theirs on top, often incorrectly. The specific spot they leave them in my store is a narrow path to an ATM, so they're fucking it up for other people.


- The fuckers that stuff their ATM receipts in the gaps on the ATM.


I'm sure there's more, but I can't think of any.",
post,respectthreads,"Respect the Gargantuas! (Godzilla, Showa)",https://www.reddit.com/r/respectthreads/comments/bmd3wm/respect_the_gargantuas_godzilla_showa/,2019-05-08 17:27:50 PDT,65,"#[Respect the Gargantuas!](https://i.imgur.com/V0y0TgH.jpg)

**Bio:** When pieces of the Frankenstein Monster broke off of his body, they began to regenerate, eventually growing into two gigantic, hairy, monsters: Sanda and Gaira. While Gaira is an evil and wantonly destructive creature, Sanda is good-natured and kind-hearted, due to the fact that he was raised by humans from childhood. When Gaira attacks humanity, Sanda steps in to end his rampage, but is nearly defeated by his more aggressive brother. The two monsters were destroyed by a volcanic eruption while battling.

**Powers:** Both of the Gargantuas are incredibly strong and durable, even for their massive sizes. They are also surprisingly fast for their bulk.

---

#Gaira

Gaira is the green brother. He is evil and extremely aggressive, and has a mouth full of sharp fangs, unlike his brother. Unlike Sanda, he is weak to [bright lights](https://i.imgur.com/y1dOx06.mp4) and [cannot spend more than a few hours out of the water at a time.](https://i.imgur.com/iKHZtbI.mp4)

**Strength:**

* [Collapses a large building by slamming into it](https://i.imgur.com/XFyFQMS.mp4)
* [Pulls a gigantic octopus off of him and throws it](https://i.imgur.com/tpXtEWr.mp4)
* [Throws large chunks of rubble to destroy some tanks](https://i.imgur.com/pJfDLCN.mp4)
* [Accidentally makes a large hole in a building by backing into it](https://i.imgur.com/y9lDjf3.mp4)
* [Destroys part of an airport by stepping on it](https://i.imgur.com/XFTyDjO.mp4)
* [Destroys a building by flipping Sanda into it](https://i.imgur.com/OAXaXHk.mp4)
* [Throws tanks to destroy buildings](https://i.imgur.com/NLT0EwL.mp4)
* [Destroys a bridge by stepping on it](https://i.imgur.com/DBeifbv.mp4)
* [Punches through the top of a bus station](https://i.imgur.com/Ti7pE4w.mp4)

**Speed:**

* [Runs at a decent clip](https://i.imgur.com/7mOkFAs.mp4)
* [Grabs a helicopter out of the air](https://i.imgur.com/KyGdkp7.mp4)

**Durability:**

* [Survives a lengthy maser beam barrage](https://v.redd.it/h48j1rdow2x21)
* [Survives artillery fire](https://v.redd.it/2mn0f7y0x2x21)

#Sanda

Sanda is the brown brother. He is friendly towards humans and an enemy of his brother.

**Strength:**

* [Throws his brother into a building, causing it to collapse](https://i.imgur.com/mRgp9Xi.mp4)
* [Uproots a large tree](https://i.imgur.com/dsdm8y2.mp4)",
post,anime,Faust and Dororo,https://www.reddit.com/r/anime/comments/b77h52/faust_and_dororo/,2019-03-29 22:14:35 PDT,1,"Dororo and Faust show the ambition and the pact with the devil to make desires, the pursuit of their satisfaction and the tragedies that are consequences.

&#x200B;

&#x200B;

Faust is a manga by Osamu Tezuka that was published in tankōbon form in 1950.

It is based on Goethe's Faust.

&#x200B;

Faust's Summary

&#x200B;

When it’s brought to God‘s attention that Mephisto, a powerful, cunning and mischievous demon is causing all sorts of havoc in heaven – including casting angels down to Earth – God has the troublemaker  brought before him and offers him a wager.  With the fate of his eternal soul hanging in the balance, God bets that Mephisto will be unable to damn the human known as Heinrich Faust to hell.  Supremely confident in his abilities, Mephisto readily accepts the wager and immediately heads down to Earth to begin putting his plan into action.

&#x200B;

Despite being a  well-respected professor, Henrich Faust has reached a frustrating impasse in his studies and research.  No matter how what he does, it just does not seem possible to uncover all the secrets of the universe.  Seeing his opportunity, Mephisto, in the guise of an anthropomorphic black dog, approaches Faust with an offer he can’t refuse – the satisfaction of all his earthly desires in exchange for his immortal soul.  Blinded by the promise of youth, beauty and infinite knowledge, Faust goes along with Mephisto’s offer and, as a young man once again, the pair set off together to start fulfilling the terms.

&#x200B;

After a visit to a witch’s lair returns Faust to his youthful appearance, he insists that Mephisto broker a meeting with the beautiful Princess Margarete.  Although the pair fall for each other, things are never quite so simple.  Once Margarete’s father, the king, learns of Faust’s magical abilities, he demands the near-impossible task of bringing back the goddess Helen – the most beautiful woman who ever lived.

&#x200B;

Over the course of his quest to retrieve Helen, Faust first travels to the Harz Mountains, on the annual Walpurgis Night, and then to Pharsalian Fields – facing off against a variety of demons and monsters along the way.  Although he’s successful, things go from bad to worse when Faust becomes implicated in the death of Margarete’s aggressive brother, Prince Valentine, and the king declares war on Faust!  Of course, with the help of Mephisto, Faust recruits the Three Mighty Men to his cause and the king‘s forces are defeated.

&#x200B;

As the dust settles Faust finally understands that what he has been searching for lies in the journey and not the destination – and inadvertently declares all his desires satisfied.  That, of course, is music to Mephisto’s ears and he moves in to collect on their agreement.  However, just in the nick of time, Margarete is revealed to be an angel sent to earth to protect Faust and she whisks him off to heaven, with the words “God grants salvation to those who strive with all their might” ringing in Mephisto’s ears.

&#x200B;

[http://tezukainenglish.com/wp/?page\_id=10896](http://tezukainenglish.com/wp/?page_id=10896)

&#x200B;",
post,raisedbynarcissists,Two hours,https://www.reddit.com/r/raisedbynarcissists/comments/a9acvm/two_hours/,2018-12-24 16:28:09 PST,2,"It took two hours to be yelled at that Im a ""fucking bitch"", ""ungrateful"", how he ""does everything for me"", ""how would you like it if you only got to eat food you buy?""(which I do and how I dont complain when they use my dishes, leave them dirty, eat my food, and disrespect all my things), and how I ""have an attitude"" because I hid the cookies that my kid and I made for Santa, half of which were already eaten by NDad, EMom (who's mentally unstable, and mirrors NDad) and my physically aggressive brother. 

I know theres similar posts on here to this but where do I start? Theres no companies in the area that help emotional abuse victims, just DV and sexual violence(which is still really important!). 

This area is unaffordable, but I dont know what major city to pick(Im in California). Any other abuse survivors in CA thatd be willing to give input? 

Note: my child is currently not abused, and he does receive counseling at school on how to handle all the stress. 

My long term goal is ROs against every one of these terrible people, go NC, and make sure they cant find us. 

Merry Christmas to everyone on this thread. May you all have a loving holiday! ",
post,DysfunctionalFamily,Aggressive brother with unknown mental illness is tearing my family apart,https://www.reddit.com/r/DysfunctionalFamily/comments/9dpgqz/aggressive_brother_with_unknown_mental_illness_is/,2018-09-06 18:31:19 PDT,4,"My brother who is 6 years old, has an unknown mental illness. He wants attention at the highest level and gets very aggressive. My parents do not know how to deal with him at this point. My mom is a stay at home mom, because he's very hard to deal with and my stepdad is working from 9-5. He doesn't know a lot about this type of thing and I want to help but I don't know how. We've had multiple therapists and evaluations on my brother saying he is not autistic, but there are big signs. If you know anything of what we can do, please let me know. We've been told he has dyspraxia.

Thanks.

TL:DR My brother who is on the spectrum has anger issues and is tearing my family apart. I want to help or possibly get him out of the house to a treatment center.",
post,JUSTNOFAMILY,Passive aggressive brother,https://www.reddit.com/r/JUSTNOFAMILY/comments/9a70te/passive_aggressive_brother/,2018-08-25 07:08:01 PDT,6,"Though he's not as bad as most people here, I'm just pissed of and wanted to talk about it.

So this started when our cat knocked over his monitor, which I was using last. He said that he told me to take it down at night, but I am 200% certain he never said that. So he's saying that I have to pay for it. Now if he did tell me to put it down at night, then yeah that's fair, but again I am positive that he didn't.

Now, he claims his Oculus is broken, and his proof, the rubber outer insulation has a minor cut on it. And on his mid-range desktop it jumps around a bit, but when he plugs it into his top tier laptop, it runs fine. Now he blames this one because the cord was underneath my microphone stand, which couldn't cause such a small cut in it. 

So hes telling me I have to pay for the monitor, which I'd kinda fair, as I was using it, even though the cat broke it, and for half of the already working Oculus.

And now comes the part that's really making me mad, he asked to see a game on my switch, so I gave it to him to try the game, then my mom comes out to drive him to work, and he asks if he could take it with him, I said if he would buy a new one if he broke it, then he said, ""you owe me so much money (for 2 things I didn't even actually do) that I might as well [break it]"". Obviously that didn't sit well with me so I went and asked for it back, and he would give it back, because I supposedly owe him money. He's 18 with a job, and I'm 16 without one.",
post,DestinyTheGame,The Story of The Reef and the Awoken,https://www.reddit.com/r/DestinyTheGame/comments/8w7k3m/the_story_of_the_reef_and_the_awoken/,2018-07-04 21:06:21 PDT,57,"Forsaken is coming and with it comes the Reef, home of the Awoken. With Forsaken there appears to be a great amount of lore about the Awoken coming as well. However, there is a lot of lore before Forsaken. 


***
#The Birth from darkness

The Birth of the Awoken is said to come from the Collapse. At the end of the Golden Age, the Darkness pushed in on our solar system and with it came our enemies. The Collapse came quickly and most people died where they were. Some tried to escape our solar system and one such group made it to the Asteroid belt between Mars and Jupiter, also known as the Reef. The fleet found the edge of the darkness in the Reef and became something more. They became Awoken. Out on the edge they strapped together ships and asteroids to create their home, which eventually became the Dreaming City and the Tangled Shore. The Reef isolated itself from Earth, going as far as to reject Awoken that had left for Earth. 

***
#The War that saved us

With the Darkness came enemy races. One race being the Fallen. When the Fallen arrived to our system they were split into multiple houses; Devils, Winter, Kings, Exile and the Wolves. The House of Exile kept to themselves but the other Houses made a plan. The Traveler came to us from another solar system, from the home world of the Fallen. It blessed their society as it did ours and became their great machine. The Houses wanted the great machine back and they planned to attack the City. At Twilight Gap, the Devils, Kings and Winter came together to take the city. They also had the aid of the Wolves coming to help them. 

Out on the edge of the Darkness, the queen of the Awoken watched the House of Wolves pass through her territory. She knew that the wolves would turn the tide at Twilight Gap and she intervened. Mara Sov commited the Reef to a war that we would not care about or know about. The War began with Mara killing the existing Kell of Wolves and creating a war within the Wolves for a new Kell. The Reef and the Wolves fought each other, constantly winning and losing ground. Eventually the Reef turned the tide using spies known as Crows. The Crows discovered that the Wolves miscalculated the movement of an Asteroid. The Reef used this to push the Wolves straight into it and gain a win. The Crows, led by Prince Uldren, discovered a Fallen that would change sides and help the Reef. This was Variks, of House Judgement. Variks led the Reef to victory and the House of Wolves to serving the Awoken. 

***
#The Workings of the Reef

The Reef itself is a matriarchy, meaning it is mainly run by women. Queen Mara Sov kept a group of mostly female Paladins and a female group of Techeuns that serve for more mystical reasons. In this society, Prince Uldren held a role serving Mara Sov directly. Not only that be he also lead the Crows, who follow only Mara above Uldren.

We also see a glimpse into a connection between the Nine and the Queen. Uldren sends Crows into the Nine Territory. The Nine become upset and as payment Mara Sov offers them Skolas of the House of Wolves. 

***

#Then we come in

During the events of the original Destiny story we meet Mara Sov and Prince Uldren in the Reef. We are treated to an aggressive meeting. We only get a glimpse of Mara Sov, her obedient but aggressive brother and her Fallen Servants. 
We then interact with the Reef again during the House of Wolves. The Fallen Wolves have rebelled against the Reef and one of the contenders for Kell of Wolves during the Reef Wars attempts to take over the other houses. We work with Variks and Petra of the Awoken Guard to stop Skolas from taking over and becoming the Kell of Kells of all Fallen Houses. We knock out Skolas and throw him in the Prison of Elders, where the enemies of the Reef stay. 

***
#Then Oryx comes to town

The next great chapter of the Awoken begins and takes a grave turn. Oryx, the great Hive God, arrived to enact vengeance on us for killing his son. Oryx lands his Dreadnought in the rings of Saturn and there the Awoken army rides out to meet him. Her Army attacks Oryx and Mara sends in all but one of her mystic beings, the Harbingers, to nest on the Dreadnought. The Harbingers hit their mark and Oryx is forced to pull out his ace. He launches a massive wave attack, completely destroying his own fleet around the ship as well as the Awoken fleet. 

The Queen vanishes, Uldren is stranded on Mars with his loyal Crows and Petra takes over as acting regent of the Reef. Variks takes the title of Master of Crows and the Reef begins to heal

***
#What is Variks up to?
Petra stays busy in the Reef but Variks picks up a few hobbies. The first is keeping an eye on the Fallen. When SIVA arrives and twists the Fallen, Variks watches as his brothers fall further away from the correct path to freedom. During the Taken War Variks begins messing with the Taken and infusing their power into guardian gear. 
During Destiny 2 we see Variks messing with Guardian Ghosts.

***
#Uldrens Quest

Once uldren lands on Mars he is rescued by Crows. From there he heads out in search of his sister. He searched the battlefield of the Dreadnought assault hoping to find her. All he finds is a feeling of her, somewhere out there.

The Next time we see him is when he appears to take over the House of Kings. He meets with them and forces their kell to kneel to him. As the Kell kneels Uldren feels as if Mara is out there somewhere, proud of him. 

***
#Then somebody dies

The Reef appears to be empty but Cayde-6 has been shoving bad guys into the Prison of Elders. Within the Keep of Voices strange voices call to Uldren as he still searches for his sister. He finds himself in the Prison of Elders. There he pushed out the current mob boss, the Spider, and takes over the Scorn.  Petra acts as our guide to the Dreaming City, now overrun by Taken, Scorn, Red Legion, Hive and maybe more. 

",
post,Advice,Aggressive Brother with Asperger's,https://www.reddit.com/r/Advice/comments/8rhdf4/aggressive_brother_with_aspergers/,2018-06-15 22:30:35 PDT,1,"I am posting this because I am desperate for a solution at this point. I am a college student who is living at home for the summer with my mother who has been undergoing cancer treatment and generally has minor issues dealing with emotion, and my younger, 18-year-old brother with Asperger's who is figuring out college proceedings.
In recent months, my brother has become extremely aggressive, sometimes even violent against my mother and grandmother. He has to get what he wants when he wants. Granted, the things he wants are usually not frivolous, but he obsessively and aggressively asserts that everyone bend to his will whenever he wants. Of course, this causes problems with my mother, who has her own anger difficulty which is worsened by recent cancer treatment. They often get into screaming matches, and my brother cannot at all be reasoned with. He ends up threatening and cursing us out. I try to mediate but often get yelled at as well when I say that his anger is an issue. Granted, my mother and I have said negative things to him at times in the heat of the moment during his meltdowns. 
Of course, as to be expected, he usually acts as though nothing has happened the next day, but the sequence tends to repeat itself every single day. Obviously, he cannot think that he can act this way, as he is 18 years old. 
I feel terrible because I know that there is more I can do to help both of them, and I know that he is probably suffering more than anyone, and does not understand how he causes us to suffer. He has had struggles with anxiety and depression in the past few years. The thing is- for the past few months, He has refused to take any medication or see any doctor. I know he needs help besides us just being nice to him. He is 18, so I don't know if there is any way to force him to be treated. I apologize for the long post.
",
post,elderscrollslegends,Discussion: Riften Lawkeeper,https://www.reddit.com/r/elderscrollslegends/comments/7ljf4v/discussion_riften_lawkeeper/,2017-12-22 10:51:13 PST,9,"Most every set has its mix of really splashy cards that make you go 'ooh', perhaps inspiring creative juices on how best to use them.

And some cards are just kind of a good solid set of stats and simple abilities.

I think Riften Lawkeeper is another overlooked card from Clockwork city. It's pretty much the aggressive brother of Knight of the hour, but with substantially better on curve stats. A 4/4 for 4 often will be able to make an advantage trade, or at least an on par one.

But the real value of the card is that it will often let you keep the pressure up on the opponent while preventing them from winning a race against you. In mid range decks this is a fantastic trait - remember that most times when you play a moonlight werebat you are hoping to hit just once before it trades, whereas the lawkeeper gets his health boosting ability right from the get go.

Of course both the cards I've compared him to have prophecy so let's not blow things too out of proportion.  Anyhow, I think that if we see the meta shift a little more towards midrange decks, we may end up seeing this guy start being a powerhouse.


TL:DR

1. A good enough play on curve based on stats alone
2. Great at racing opponents by both representing good damage and consistently getting heals.
3. Probably not quite good enough in the current meta, but may suddenly jump in if mid range starts being more popular.",
post,customhearthstone,"Bone Drake's smaller, more aggressive brother.",https://www.reddit.com/r/customhearthstone/comments/7htfr4/bone_drakes_smaller_more_aggressive_brother/,2017-12-05 14:35:30 PST,1,,https://i.redd.it/7uwut472l6201.png
post,relationships,Things got out of hand with severely aggressive brother (17) . I'm (F21) very scared of this situation.,https://www.reddit.com/r/relationships/comments/6if4ck/things_got_out_of_hand_with_severely_aggressive/,2017-06-20 09:25:32 PDT,3,"Hi, I'm Aylin. I posted something 5 months ago about the violent affairs at my home. My very violent brother, who is 17 years old, smokes weed (a lot). Hits us, insults us etc. Back then, we didn't know he had a mental problem. 


Now things have become even worse .First three weeks ago, he told us he wanted to change and succeed in life. He said he smoked too much weed (way too much, more than a gram a day) 
He admitted to the psychiatrist that he physically and mentally abused my mom, me and my little brother. He told the psychiatrist that it's due to the fact he stopped smoking weed and he felt very angry at times. His mood changes constantly, like every 10 minutes or so.  

Litterally everything revolves around him, we're stressed out, scared to death. These last two weeks, things got worse. He started to insult my mother to the point my mom got epileptic (she started getting seizures everytime he started) I was not home, I was studying at my boyfriend's house 'cause I have an exam. But I can't focus. Yesterday, apparently, he insulted my mom and told her he was going to kill us all. He was going to burn down the house. I'm so scared to go home now. My mom is physically very sick and all he does it hurt her, so I want to be there for her. 

My mother also started to do something about it, she called the police and several services. He will be placed in a mental hospital (probably this week) and I can't cope with this. This shit started like a year ago, and things have gotten so bad, that I feel like I could break down any moment. I'm so scared, and I need advise. Please...

TL;DR: Brother is severely aggressive and we're out of options. We're thinking of sending him to a mental hospital. We're very scared. ",
post,FAITH,Darwinism and Creationism combined to solve Human Evolution,https://www.reddit.com/r/FAITH/comments/62rfds/darwinism_and_creationism_combined_to_solve_human/,2017-04-01 00:54:28 PDT,2,"Enders Game - When I understand my enemy well enough to defeat him, then in that moment, I also love him. A.E. Wiggin

When you are able to empathize with a being to understand them completely through no means of physical earthly communication, we will be brought back into the Galaxy.
Humans are the exiled species sent to earth to survive due to the love of other galactic beings not being able to destroy a species entirely.
When we evolved to survive we forgot how to love and be one with all the other sentient beings in the Galaxy and when they realized we would destroy ourselves before allowing 

another species to be our equal they exiled us to live amongst ourselves until we could figure it all out again.
My theory is that the species prior to humans were all interconnected amongst eachother in one mind that allowed the flow of communication and knowing to just be. There was 

no need for physical confirmation of belief because everything was known. Our 5 senses while enabling us to act freely individually will never allow us to co exist with 

another species as it's equal for with our senses we constantly search for a reason of superiority over one another. Without our senses we would all just BE. What they are or 

what we were or what everything is is still the great mystery but I believe that in the defeat of our physical boundaries we will once again be accepted into the galaxy. The 

acceptance of my theory is merely a staging point for discussion as I could be completely wrong and missing many core values and would love to hear your take on my thoughts.

I believe that Enders Game is a film made by these hive mind capable beings and that they have been trying to provide us with hints throughout history to show us the way back 

to what we once were, it is just our decision on whether or not we wish to accept these things. It is our decision to determine if we are ready to no longer live as 

individuals but to be part of something more. It is a very difficult concept to grasp but it is far from out of reach given the following interpretation of Enders Game.

So with all that crazy talk being said I'm going to go into something perhaps a little bit strange for someone this far out. I'm going to use science, many sciences actually, 

to try and convey my reasoning. Firstly, we must understand that if we truly are an exiled species sent here to destroy ourselves as depicted in the film then we must also 

accept that whoever sent us here could not destroy us and provided us with a beautiful home to absolutely demolish. I'm talking about Earth. Humans are destroying the earth. 

Can we argue against that?

Ok. My next point is that in Enders Game their is one core value that is accentuated throughout the film that allows it to be seen to what I believe to be the fullest 

interpretation provided by what I'll call the others. The characters in the film are a young boy who is the whom I believe meant to be Jesus if we use our representation of 

an Earthly being. But I believe that the others meant him to be a representation of Empathy. Throughout the film the boy is bewrought with scenarios where he is threatened 

with violence, humiliation, he is outcast, he is hated, he is small and scrawny and easily defeated physically. Yet the boy is not meant to get through any of the tests 

through violence, the only way he passes the test is if he is able to use the spoken word to convey feelings that will both save himself and his aggressor from violence. In 

essence he must empathize with his aggressor, determine what is causing them this pain and anger towards him and find a way to both diverge conflict to save not only himself 

from the pain but from the aggressor as well. The way the others truly wanted it. No one should be in pain and to inflict pain on others should cause you pain. For we are 

one.

As the movie progresses the boy has peers who are like minded and believe that there is one individual amongst them great enough to defeat the invasion of the Fromid's whom 

are an alien lifeform that are portrayed as to have attacked us first in the war that will destroy the humans. Constantly the boy is fawned over by his superiors and deemed 

to be the greatest person alive for the task. This naturally encites envy and jealousy from the peers who already deemed themselves as better than him for no reason other 

than societal position. Again he is able to defuse the situation and despite being socially unfit to lead his empathy and natural abilities to prevent violence and appear as 

an equal to those who others may consider themselves better than naturally draws everyone to him as the new 'leader'. He does not accept the role throughout and always 

considers himself to be one of them and no better.

Harrison Ford plays the antagonist of the film in my eyes as the others portray him as the highest in the human societal structure because he is the one who is to determine 

which person is capable enough to destroy the invaders. He constantly berates everyone with messages of hate and anger towards the enemy. He is the reminder that they were 

the ones who attacked first and they must be destroyed to save ourselves. If we are to survive, the others must die. That is Harrison Ford's role in the movie.

Then there is a nurse woman who acts as the boys psychological therapist and is constantly badgering Ford to allow her to talk to the boy as she can sense his immense 

psychological pain but Ford does not allow it and it is not until further into the film we can understand why.

In the film there is an interesting psychological test done called 'the mind game' wherein a fierce monster much larger than the rat has two cups of green liquid in front of 

him along with the accompanying riddle ""One is poison, one is not. Choose right and you'll go to fairy land"". The boy begins by logically assuming the left cup because the 

monster says ""Choose right and you'll go to fairy land"" as such the boy chooses the left cup and his manifestation of the rat dies. Confused, he tries again, this time 

obviously logically choosing the right cup as it is 50-50 and it must be the safe choice. Unfortunately that is not the case and again the boy dies. This may seem 

confusing... but look at it this way, the giant monster is a representation of fear and uncertainty and he is forcing a choice upon a much weaker opponent who believes 

because of the physical differences that there is no other way to get past such a beast. On the third attempt he chooses nothing and his rat flies into the huge monsters eyes 

killing and defeating him. The correct response here is none of the three, but because of the societal structure there cannot be a peaceful resolution between such different 

beings and so the decision to do nothing results in violence everytime. In all scenario's the boy emphathizes perfectly with his aggressors and yet still must resort to 

violence merely for survival. This is the key to understanding that humans are here to destroy themselves because we cannot do nothing and co exist peacefully we must be the 

strongest and the smartest and best at everything. It is in our biological DNA. The most interesting part about this scene to me is that no one interprets it the way that it 

was meant to be because it is a message that humans as a species are unable to comprehend... Why would doing nothing win you the fight? It makes no sense to us. And yet this 

boy can empathize so deeply with the meaning of the test that he understands that no matter what he does... it is going to end in violence. That is his curse. Just like 

Jesus.

Now referring to the nurse who is the representation of compassion, care, and what we are trying to understand as love, there is a scene during this test where Ford asks her 

""Who gave him access to this?"" and she responds with ""I did."" to which Ford says ""To what End?"" meaning he has to know her motives and what she is planning and if she could 

possibly undermine what his true goal is with the boy and nothing can stop him from his true goal. The nurse quickly comes in with ""Not every battle can be won, the way he 

plays the game reveals his state of mind. If you won't let me access him 1 on 1 I need some other way to know what he is feeling."" The key words here are not every battle can 

be won. I need some other way to know what he is feeling. We have lost our ability to empathize with others and she requires tests and science and observable methods to 

physically see the emotions that are going on in the boy. This is something that the others do not need. They have no requirement for science and tests and proof because they 

are selfless and what they know is what they know. They all feel the same. They are a part of more than just one species. Ford's response to this is ""I don't care how he is 

feeling, I want him to toughen up, to learn how to lead."" As the highest member of the human society in this particular society Ford clearly states that he has no interest in 

the boys feelings who is meant to save the entire species. Interesting.

There is a very significant point made in 'the mind game' a scene of a giant moth like creature insectoid type thing. Before I go any further on that I would like to hear 

some common connotations associated with the vast majority on bugs and other creepy crawly type creatures. Many people are grossed out they think theyre disgusting and ugly 

they are physically gross. I would assume that is fair to say; not everyone has it but it is almost a natural like reaction to seeing that type of creature for many people. 

Interestingly enough this disgusting physical creature is meant to depict the love that the boy has for the sister he left on Earth when he went to train to save the human 

race. The bug is LOVE. When the creature transforms into his sister he says ""What do you want me to do? ... VALENTYNE?"" Valentyne... the ugly moth creature disguised as his 

sister that is portraying the emotion of love. The scene then erupts in fire as missiles reign down destroying the home of ""Love"" or Valentyne. But luckily, she survives and 

hides away in the building. He follows love into the remnants of its ruined home to find it nestled in an egg like structure wherein a red carpet is laid leading up to it. 

The rat that was portraying the boy transforms into his human self and begins approaching the egg containing the emotion of Love. The carpet transforms into a red snake that 

attacks the boy before he has gotten close enough to the egg and he wrestles with it eventually killing it. After this moment we see that the Emotion of Love portrayed by the 

sister Valentyne turns into his over-aggressive brother who had failed the test to be the one to save the human race and he congratulates the boy saying 'congratulations, 

you're a killer now' 

Throughout the movie the boy is constantly reminding himself that he does not want to be like his brother and that he takes no joy in taking life and in this scene he feels 

like he is becoming him.

The dialogue between the nurse and Ford is mind-boggling to say the least and truly confirms the representation of the nurse as the guiding voice for the human race to return 

to its home but it is constantly denied and belittled and made to feel unimportant by Ford's need to destroy the enemy and protect the human race. I will go no further into 

the film as it is open to interpretation and these are merely my beliefs but if empathy is used as the underlying tone of all the characters we can attempt to feel what each 

of them is trying to do to the boy in his development in preparation for this one final conflict.

The last point I will make in an attempt to tie our physical manifestation of Jesus as being the boy in the film is that at the very end when he chooses to save Love and take 

it with him to fly through space until he finds a home willing to accept both species to co exist. Jesus dies for our sins. In the film, the boy takes what makes us human 

with him to save us when we are ready. We just have to find him and truly be ready for his return.

So yah that's just the one film of Enders Game. Now the really wierd part for me and why it made it such a draw and an interesting project for me to tackle is that it was 

just another regular day for me. I went out and got groceries made some dinner played some video games and then smoked more dabs than I probably should have, felt sick and 

went to lie down and watch a movie. I was scrolling around for nothing in particular because I didn't know what I wanted to watch and I was drawn to the film because it 

incorporated a young boy naturally gifted at tactics and video games which I am also. I saw the part about the alien invasion and wasn't really too excited about that part 

but I decided whatever I'm gonna watch it... So as soon as the film begins it was almost like a euphoric lightbulb went off in my head where I knew the plot. I knew what the 

entire film was about I knew what would happen and I knew what they were trying to say. I have never seen it before but I continued watching thinking to myself ahhh I'm just 

being dumb but scene after scene i empathized with and my interpretation from beginning to end was correct. To my beliefs atleast. I'm sure there can be infinite amounts of 

interpretation and that is where the true meaning of the film comes out. There is no right or wrong interpretation of the film, you can believe whatever you want to, and I 

will accept that because I have my own beliefs and you have yours and that is FINE. I would love to hear any of your interpretations or beliefs because there is no right or 

wrong there just IS.

Now that all of that faith mumbo jumbo and belief is out of the way I want to try and tie this into a lot of fields of science because I feel that our reliance on our senses 

to interpret information is where a lot of our problems are stemming. Of course they also provide us with a great wealth of information and knowledge as well but when you 

only have 5 ways of interpreting information between 7 billion people who consist of trillions of cells sending information back and forth you can imagine that as an organism 

we are quite complex. How come then we only have these 5 words that we created to communicate? Taste, Sight, Touch, Smell, Hearing. It is interesting to think that despite 

all of the technology in the world that has been developed and all of the total understanding we have accumulated of the world around us there is NO WAY to share all of this 

information with our fellow human beings except through long studious courses in which we have proclaimed experts deciding what is right and wrong when really no one really 

has any fucking clue.

So into the fun stuff now I'm going to try to explain my theory on the possibility of human evolution with faith and science. So if we break people down into what we really 

are at a molecular level is just a bunch of cells and chemicals. At present day we are a compilation of trillions of different interconnected cells that work together in a 

way that make us function and able to survive in our envrionment. Our lungs allow us to breathe air, blood carries the nutrients around and are absorbed throughout our bodies 

and utilized to allow us to exist as a sentient living organism. So that sums that up, we're a shit load of cells that all talk to eachother within ourselves. Now through DNA 

mapping it has been found that their are similarities between protein strands dating 4 BILLION years ago that are STILL found in humans today. Imagine that for a second... 

you can't even wrap your head around that amount of time because to us 80 years is a life span. That is it. We are done. But let's just pretend for a second using Darwinism 

that the world and everything in it began as single celled organisms of different types and species and they all floated co existing throughout the galaxy. Through time each 

of these organisms will encounter one another, and different environments, and have to adapt to survive. This is science. Cells exist to multiply and survive.

My theory is that perhaps across that vast unimaginable amount of time we call 4 billion years there were also an unfathomable amount of interactions and actions that would 

carry on throughout space and time until through survival instinct and the need to multiply humans developed. Imagine the amount of evolution required to go from a cell 

floating around in nothing to an organism of our sophistication. Herein lies a lot of the failings of science and a lot of the superiority of faith. I truly believe that if 

the natural order of life is to exist and multiply that as single celled organisms our sentient thoughts crossed to other likeminded cells comprising our organism that 

allowed us to survive. There was no such thing as Touch, Taste, Sight, Smell, Sound because we hadn't evolved to require such things to survive. There were no other organisms 

who could see us and manipulate that for an advantage. They could not smell us. It was just organisms multiplying and surviving by any means necessary all conveyed somehow 

amongst one another and that is the communication we call 'faith'. These cells didn't need proof or a scientific method telling them they had to do something to survive. It 

was natural order. If the cells deemed it necessary to destroy itself and rebuild as a new organism that is what would happen and there was no complaining between cells going 

man I don't wanna do that shit come on! It just was. It was survival instinct before the physiological associations were evolutionized.

So with that in mind now look at us as these beings so complex that we cannot even understand our own minds most of the time let alone the mind of others. Isn't that a 

strange paradox? As simpler organisms we were connected through something that cannot be explained now and if we attempt to try and understand it using what we have become it 

seems insane to think that there could have been one mind amongst all of us, connecting us, sharing information learned from everywhere and anywhere as a supreme sentient 

thing free of ego, greed, lust, jealousy, envy, etc. All of these negative emotions developed because of our overwhelming need to be the best. To be the supreme being. An 

interesting notion to explain this superiority complex is human nature. As a species we believe ourselves to be superior to every other species. We ourselves are mammals. 

That is science and it is true and we are mammals. Monkeys are also mammals. That is science. Yet within this group of mammals we call monkeys there are big monkeys we call 

gorillas and small monkeys we call chimps. We have made a physical distinction between a species that is not so different from our own and yet we do not make this distinction 

amongst ourselves. If a big monkey is a gorilla then what is a big man? If a small gorilla is a chimp then what is a small man? A simple example but one to think about; why 

do we believe that we are all humans and we are all the same when we too have the same physical distinctions amongst ourselves? 

Well, for one, the societal structure we have developed allows us to forgo the failings of physical evolution by ways of technology and as such is not necessary for survival. 

The societal structure for monkeys is the biggest monkey gets the most attractive or most fertile female. The big monkeys instill fear and intimidate smaller monkeys in order 

to assert dominance as the leader or the most matable male monkey. Humans have a far more complex and deep need for connection that we cannot find through such means because 

our mates (females) do not find fear and intimidation to be attractive characteristics. Truly a fascinating quirk in the evolutionary process. Our physical boundaries that 

allowed us to be dominant in times where such things were required attracted females but now that we have advanced technologically and comfort is readily available our mates 

have evolved in search of other things that fit more along the lines of societal norms. Women want to feel comfort, security, belonging, LOVED (we'll get to it), and are 

attracted to men who can offer them these things through normal societal means such as owning a house, having a job, a nice car, and of course there's the emotional side but 

we're not really that good at that as a species for some reason. And society is constantly evolving forcing people to evolve; instagram, facebook, all these social medias are 

a form of connection we are trying to find again amongst one another and yet the only true emotion being developed is lust. No guy looks at a girls instagram to see how she 

is doing. No girl checks a dudes instagram to see what he had for lunch. It is all related to human nature and our search for love. But we lost it and are slowly moving 

further and further away from our psychological understanding of love and closer and closer to the physiological understanding of sex. Sex feels good. We like sex. We don't 

know why. But it feels good. Sex is the closest we get to having that psychological connection of love in a physiological form and that is why we like it so much. The problem 

here is that it's like chasing a high. If you have sex with a girl you absolutely 'love' when you are 16 that bond is going to be stronger than anything you've ever 

experienced for both parties and it will feel like the psychological feeling of 'love' that humans lost during our evolution to ensure survival. If you have sex with someone 

when you're 35 it will be nice you'll both feel good and sex is good but that same psychological connection will never be the same because you are losing that feeling the 

true feeling.

When I talk about feeling I think it's a very complex word and in all reality the 5 senses we have cannot truly explain the word at all. The problem with our 5 senses is that 

they are all related to a physiological determination of meaning that humans created in an attempt to understand the actual FEELING. The best way I can describe this to 

people is that when you are 8 years old your attachment to your mother is a feeling that you know. No one has ever explained to you that this is your mother and she cares for 

you more than you'll ever know and she will alwyas love you unconditionally no one has to say that to a child about their mother. The child just knows. That feeling of 

attachment and connection deteriorates over time as we as humans are exposed to more and more interactions and relationships with other people because as we grow old our 

knowledge of what a feeling is supposed to be grows but our ability to actually feel it diminishes. We think we feel love because we know what love is right? But really... 

have we ever felt love? It's a big question to think about and I do not believe anyone in this room can say they have because as a naturally evolving species we sacrificed 

our ability to love in order to meet our natural instincts as humans. I do not claim to know WHy we sacrificed this bond of psychological connection but I can tell you that 

it is going to come back to destroy us if we cannot find our way back.

Here is why: Look to the person beside you, assuming it isn't your brother sister dad or mom, would you willingly come up here right now and give your life for theirs? 

Someone you do not know whatsoever you have no idea what they have experienced in their life you have no connection or FEELINGS of empathy towards them other than your desire 

to not hurt them? No you don't. And despite the fact that you will feel horrible about it there is not one person in here who would willingly die for a stranger of their own 

species. Does that show you how disconnected as an organism we really are? Before the physiological senses when all beings were sentient and could communicate albeit without 

any sense or anything, they would sacrifice themselves to save the whole. That is natural instinct of love for your own kind and you'd be happy to do it because it meant the 

survival of your entire being. Where did this connection go for humans? Why are we the only species that while we act compassionate and kind to eachother most of the time we 

do it because we know it is what we SHOULD be doing but we rarely feel these true emotions of care and love for someone right beside us. I'd classify our species not as one 

organism but 7 billion seperate organisms attempting to survive in a societal structure designed for us to be able to go through the motions of our lives in a manner that 

will not insight violence against one another allowing us to co exist. Yet we are still every year becoming more and more unhappy or depressed or unfulfilled or unmotivated. 

No one knows what their purpose is and everyone is desperately trying to find it through something that fits into a societal norm such as having a nice car, having a good 

job, having a nice house, having the appearance of a loving family. For some these physical manifestations of a feeling we have lost are enough of a substitute for us to 

contently live our lives but for some they feel trapped in a world that doesn't seem to fit to them. That part is all just an assumption on the state of the world but I'm 

trying to empathize selfishly because I've felt these same feelings and writing this definitely gives me some feeling of purpose and that could be all it is or it could be 

more I don't know.

So in conclusion the reasoning behind how I decided to write up this paper came from watching a film called Enders Game. This is where it may sound like a conspiracy theory 

and really get me sent to the looney bin but what if all along this sentient all knowing perfect species that co exists with everything around it in an unfathomable 

connection has been trying to create physical manifestations that we can see as hints to get our minds working towards the possibility that maybe just maybe everything that 

we see isn't everything that there is. A deleted scene from ET was revealed on March 30th, 2017. The same day that I happened across the movie Ender Game. I didn't just watch 

this movie I connected with it on every level. I felt exactly what the boy felt I knew exactly what each character was trying to get across and in all honesty I knew how the 

movie was going to go after the first 5 minutes. I thought I was crazy and it was just some wierd feeling but as it continued everything I thought was going to happen 

happened. I searched everywhere online for a similar theory or interpretation of the movie and couldn't find anything and I thought it was really strange since it seemed to 

make so much sense to me. So I did some research on the Ender Games and a man named Orson Scott Card has written MANY books in chronological order (in the books it's 3000+ 

years apart but on earth it's merely a couple of years something to do with space time I don't get it but it's a galactical concept I couldn't comprehend and I'm sure 

physicists still go uhhhh yeahhhhh kind of get it....) So for a man to be writing something like this in 1985 for the past 30 years and to have them all make sense in a 

chronological fashion is fairly astounding. On top of this, Harrison Ford is in the Ender Games, the same day that a deleted scene from ET is released with Harrison Ford in 

it. Interesting concept there, two similar films, two identical actors, conveying the same message of a species coming to Earth that leaves us here because we are not ready 

to understand and accept and let go of our superiority which eventually results in our isolation and eventual destruction in the most recent film. And my final closing 

statement is going to be that before you go and take anything that I said seriously or literally or any other word I don't want that. All I want you to do is to open up to 

the idea that possibly maybe perhaps there could be the slightest chance of this being a possibility. Unfortunately it isn't a solution to the meaning of life but it could be 

the next step in moving forward and getting more understanding of something bigger than the next iphone 8.",
post,darksouls3,(Spoilers) My Guide to Defeating the First Ringed City Boss.,https://www.reddit.com/r/darksouls3/comments/61y9jp/spoilers_my_guide_to_defeating_the_first_ringed/,2017-03-28 02:06:16 PDT,4,"**Do not discuss spoilers for anything beyond this boss please**

The Demon Duo, then the Demon Prince. That was a crazy fight. And like many other late game fights, it feels like a lengthy battle. A journey, if you will. I didn't think I'd be able to do it, but I beat him 2nd try Solo. Here's what you need to know, based on my experience.

**Phase 1**: 

Two demons. One passive, one aggressive. You have to kill both to get to Phase 2. They switch roles back and forth. A very interesting mechanic. The aggressive Demon will use some fairly easy to dodge melee attacks. Nothing too crazy. The damage isn't super crazy either. Very manageable. The Key to avoiding him is to roll in between his legs. He can't really hit you there. Keep him far away from the Passive Demon to make things easier.

The Passive Demon tends to stay back and spit poison at you. I think it may actually be toxic. Don't worry though, I never got the status bar filled up his attacks. He is very easy to deal with, as he doesn't really chase after you. The thing is, going after him can be tricky, as the Aggressive Demon will follow, Taking on both of them at the same time becomes a little harder.

So I know what you're thinking. I have to kill them both anyway right? So just always go after the Aggressive Demon, as he is always easy to peel away from his pathetic brother, right? NO. I do not recommend switching to whichever one is the aggressive Demon. It may seem easier on paper, but it will cause Phase 1 to drag out for longer than it should, which could cause you to waste estus you need for Phase 2. Start with whichever Demon is aggressive, and stick to the that same one. Why? Because finishing off the other is easier without his brother (Obviously) But even beyond that, sticking to one means you wil stagger them and get a riposte, which will speed up the process of killing him. Remember, the Aggressive one has easy to exploit melee attacks. If the demon you are targeting is current;y in passive mode, just be patient and wait for his aggressive brother to start a melee combo, rol between his legs, and continue swinging at the passive one. You will like stagger him, get a critical attack, and he will switch back to aggressive, making it easy to finish off that demon you targeted from the beginning. Demon #2 will stay aggressive until you kill him. The rest of this phase should be easy.

**Phase 2**

Don't be too intimidated. He has some fancier attacks. Some of his Slamming attacks or fireball attacks will leave a pool of lava. These attacks need to be dodged to the side, not backwards, or you will roll into the lava. I won't go over all his attacks, as many of them are easy to memorize and easy to dodge after fighting him for a little while. (Take note that I have not experienced him using the Laser beam attack. I have no idea how difficult it is. The biggest threat in this phase is the Mega Orb attack he does. He will preface this by summoning Dual Orbs that spit some tracking fireballs. Very easy to avoid the Dual Orb attack. You can walk normally and avoid most of it. It is only a distraction for the real threat. He will fly away from you and being to charge the Mega Orb. Once it is charged, he will summon a better version of the Demon King's ""Chaos Orb Rain"" attack. They move fast and clump together, and may one shot you if you aren't careful. Here's how I handled it: Stay at a medium-close distance as he charges it up, unlock from him so you can see the status of the Mega Orb. When you see him summon it, stay distanced for a moment as the ""Raining Orbs"" spawn in. As they begin to move towards you, move to close the gap and head for the Demon Prince. I haven't been able to avoid all the damage consistently, but I found that I often only got hit by some orbs, or even none sometimes. While when I was far away from him when he used the attack, I got destroyed. It seemed like being far away gave me no chance at dodging it. Let me know how you handled it if you beat him already. Use the flame stoneplate ring and red bug pellets to minimize his damage. And remember, he still has some of the easy to exploit melee attacks from Phase 1. Once he gets too low health, he will stagger, and you can get a riposte to speed up the ending. I beat him with NO ESTUS left and I had used my Divine Blessing. I got the critical attack and ran in to finish off the last couple hits of his health. Meanwhile I had a fourth of a health bar left. Holy hell. What a crazy first boss for this DLC.",
post,rape,I want to tell my [17F] mum [~45F] that I think my brother [21M] may have sexually abused me when I was younger,https://www.reddit.com/r/rape/comments/534ief/i_want_to_tell_my_17f_mum_45f_that_i_think_my/,2016-09-16 15:31:20 PDT,5,"Hello reddit, this is my first post so I apologise if I do anything wrong.

A little about my brother 'Troy' (this is quite long, sorry, but I think it's necessary to build an image of what time of person he is like): he is very aggressive and has a ridiculously short fuse. I cant even explain how the simplest of things will make him angry and cause him to raise his voice. I feel as if he thinks he must always have control of other people and he is above everyone by default. He is very disrespectful even going as far as getting into arguments with my older family members and telling them to ""fuck off"", ""shut up or see what i'll do to you"" and asking ""do you want me to beat you up?"". He even said to me one time ""do you want me to beat you up in front on mum"" because I 'confronted' him about being aggressive to me for no reason. This may not be a big deal to other families but my extended family are all about respecting each other and honestly it was a big shock and very embarrassing for him to say that to other people.

As long as I can remember he has always been violent, continually getting into fights in primary school and I think he even went to anger management for a short while when he was younger. This hasn't seemed to change as a while ago (December), I bumped into one of my old friends and he told me that he heard my brother was 'messing people up' at his university (which is away from where we live). I may be interpreting it wrong but I took it as he was getting into fights with people. He also smokes weed nearly everyday and he doesn't have a job (I notice but my parents do not).

Okay so long story short, I think he may have raped/sexually abused me (or at least attempted to) when I was younger. My parents worked during the day sometimes so they would leave me under the care of my brothers. This has only come back to my mind within the last year or two, which sounds silly, but it's almost as if i had forgotten about it. I remember one event very vividly but I don't really want to go into detail about it too much. At one point during, he said 'I want it to make the sound' which I now only realise he was talking about the clapping-like sound you hear sometimes in porn.

I don't really know what else to say really. I have considered going to therapy but I am very scared about what I might 'uncover' and I don't know why but there is a small part of me that feels as if I've made this up although I have no reason to. Obviously I have no evidence or proof of it happening except my memory so it would just be 'he said, she said'. I also cannot for the life of me remember or even estimate what age i was, which makes me doubt myself more. My parents are so loving and kind to all of us. I told my mum I want to see a therapist around March this year (I never told her what for) but I haven't been to one yet. She also asks me now and again why I want to go but I still haven't told her.

Today my brother and I had a small confrontation and all my emotions that I have kept bottled in are now coming out which is why I'm finally posting on reddit. I am going to university away from home soon and feel to write her a letter addressing more or less everything I wrote here (he may have sexually abused me, his aggressiveness, disrespectfulness towards extended family members, smoking all the time and more) but I feel very hesitant. I think she would show my dad and he would say I'm being attention seeking. I definitely do not have the will power to tell her in person as it would break me seeing her reaction.

Other things to note: my mum always comments on how distant me and my brother are and asks things like 'why dont you like him/why aren't you close' every now and again. She also thinks he is stealing money from her and my dad as money randomly goes missing (ranging from £20-£80). Troy isn't physically abusive to me now. I have another brother (25) and my relationship with him is fine.

I know it is very long and all over the place but I would very much appreciate any input whatsoever in what I could possibly do from here as I am honestly just tired of everything and tired of always being on edge around him.


tl;dr: I think my very aggressive brother may have sexually abused/raped me when I was younger. I want to tell my mum by writing her a letter while I am away at university.",
post,depression,Everything,https://www.reddit.com/r/depression/comments/52b2mb/everything/,2016-09-11 15:24:44 PDT,2," I know logic, I know the issues at hand are passing but I just feel like cracking, breaking, shattering. 
I'm an aloof space cadet that no one takes seriously, why would they, I have a very expressive way of dressing and acting but then sometimes can't deal with even saying hi to a person. 
I try to put my best foot forward but find it hard to trust anyone so I trust everyone, which ends with me being an over emotional mess and saying weird out of character things. My teenage years caught up on me last year. I grew up in a nutureless home, my mother had parkinsons, died when I was 12 my father who was absent due to work and an aggressive brother who may not have physically abused me but definitely tortured me mentally due his own issues. I'm still effected by this.
 A number of times I attempted to talk to my father of this and I was told I was lying, which has left me with this shit feeling of maybe it is all made up. Then there was the good 8 years of my life that I had to listen to them both bitch and make severely wrong passive aggressive comments at me. 
As I said, I'm weirdly open about those things and it's a lot for people to handle, I get that but on days I just let my emotions distract me and I don't know how to regulate that. As well I just feel like i've talked about it so much and I have a well off family, always had a roof over my head, food on he table, gifts, all of that and more, so i just feel overly priveleged. because of this I keep feeling emotional about the other parts of my life, like why can't I just get over it I'm 26 I should just be over it already. Most other people I know in the same variety of funk, drink, smoke weed (which I also do when not in college) drink doesn't suit me and I hate getting wrecked just to continuously forget. I feel like I've been in a perpetual state of exostential crisis and just need to disappear, it's something I've been feeing for a good 14 years now, created a hermit mentality in an extrovert personality with sever social paranoia and anxiety.  I don't know if it's depression and I don't know if that's how other people see me but that's how I feel. I talk over everything I feel so I can ignore the crap out of everything but that leads to a whole new ball game of uncontrolled feelings. I also stubbornly refuse not to be open with people as I have that immature idiotic view of ""the world should be open"" which leads me to a lot of repeatable shit I've learned. On top of that, I've started missing my mom lately the not knowing her is a bit of a bitch ya know, no matter how old you are those feelings never go away. Things in recent years have been slightly better with my family but only through text. 
I've walked out of home 3 times now and found out last christmas that apparently my dad beat my brother as a child, which would explain a lot. My fathers alway been overly, hatefully critical of people most inclusively my mother and her family. He tells me of things that had happened due to them before I was even born. 
I know this post is a mess but I jus broke up with my bf, who was my confidant and now am forced to deal with stuff alone, I did do that at one point but got lost on the way you know. The only way I feel normal is if I'm baked all the time or have a constant cigarette but I hate needing a crutch and love weed and want to just enjoy it instead of frying my brain with it. To deal with my brake up I ended up talking to this dude, who seems lovely and is really hot, but now due to me ignoring my emotions just makes me anxious. 

And yeah messy time right now basically I think I have anxiety and deprpession but have NEVER had a good counceller out of the 3 I've seen. I've gotten to the point, again, where my head just keeps breaking, I know I wouldn't commit suicide but I just feel like what's the point of living we just keep on doing the same thing in different places and that's hard for me to deal with without some sort of crutch and then there's the opposite, what if we do just go on living forever and ever, that is fucking scary. 
We die to live

I know this is a wah bag story and an oh me, poor me soundding thing but I just need venting to somewhere that isn't my mates ya know.

",
post,raisedbynarcissists,"Just got engage and there was some drama, nervous about inviting family to wedding. How did you deal?",https://www.reddit.com/r/raisedbynarcissists/comments/4phf1b/just_got_engage_and_there_was_some_drama_nervous/,2016-06-23 08:54:32 PDT,1,"So I recently got engage.  Boyfriend made this whole surprise proposal with all my family (really close friends, none related by blood), got a photographer, then threw a surprise engagement party.  Really amazing.  Friends were all happy and excited, mostly because some of them have known for about 10 months!  


During the party close friends really wanted to share the pictures she had taken, got a good photo and one recorded everything (which is great cuz I was so overwhelmed with emotions that I didn't remember it), I said wait let me announce on social media.  I was like ""Forget it!  I'll go ahead an announce now!"" So I did, all my friends then started posting.  I have a few relatives on fb (sister, oldest niece, like 3 cousins, my family is much bigger).


Like within the hour my sister sent me a text ""UMMMMM YOURE ENGAGED?????????????"" then like 2 seconds later ""IF YOU ARE, I SHOULD HAVE BEEN THE FIRST PERON YOU TOLD CAUSE IM YOUR SISTER!!!!!""  Already.  Couldn't be congrats.  So I was drinking and was going to say fuck off or something, but I gave it to my friends (smartass and logical) and had them write something and my other friend (sweetheart) to edit it.  They replied ""Yea, it was a surprise thing he did.  Didn't know he was going to do it.  I'll call you tomorrow."" She replied with a shocked emoji. I didn't let this ruin my mood.  I kept on having fun and enjoying my time with the people who  matter to me.


Next day, ""Are you planning on telling mom and dad or are you waiting for someone in the family to let them know you're engaged?"" So I called her, no answer. Called mom, no answer. Call dad, no answer.  Sis sends me a text about an hour later to call her again because she can't call out cuz her phone is acting weird... or it hasn't been paid (both happen so much I stop saving her number).  So I call, turns out my parents are there.  She walks to a different room to talk to and tells me to tell them blah blah blah cuz someone in the family will tell them.  I told her ""That's why I called all of ya'll, but no one answered.   (But bitch, I know you already told, don't play)""  


I tell my dad, congrats followed by a job about how he's marrying the cow or something.  Dad's already drunk, and probably hurt that bf didn't ask him.  I mean how can he if he's ALWAYS drunk?  


Dad passes phone to mom.  First thing she says, didn't want for me to say anything, ""What happened to the old fashion way?!"" Thanks, mom. ""Why didn't he ask for your dad's permission?""  I should've been like, you mean got me pregnant first like you and sis? Then more bitching, finally congrats then starts trying to talk about something totally unrelated to me or anything I know about.  I can't remember, but like she went to the store for something.  I just said ""Ok, well I got to go. Bye.""


So as you can see nsis, nmom, drunk dad. Plus I have two step siblings I haven't seen in probably a decade (they probably don't matter since), and a drunk/aggressive brother (he showed up to my hs graduation DRUNK as hell and then went to the party later and tried to start a fight).  I don't think they'll try to ruin the wedding via fucking up with our vendors (cuz I don't think their that smart), but I feel like if they go they could start shit, make it difficult for me, be rude/annoying everyone else, make comments that make others uncomfortable).  Few friends told me to make a list of what they can't do and invite them, but if they don't follow those rules, then uninvite/ejected from wedding.  


So my questions to those that invited high risk people, did anything happen?  When you uninvited, didn't invite how did they react?  My dad is emotional, when it's about him I guess, and his first daughter didn't invite him to her wedding.  He was clearly upset (drinking a lot more, looked like he was going to cry) for a while.  I do get along more with my dad than my mom... but still.  I'd feel horrible if I just didn't invite them (nsis, nmom, drunk dad).  


My list right now is nmom, drunk dad, nsis, oldest nephew, oldest niece, middle niece (I don't want kids there so no to the other two, plus oldest niece and nephew's kids), two cousins (one I really care about, one is daughter to ""favorite"" aunt), one aunt (the ""favorite"" used loosely since I don't think I really can love my family).  


My family is big, my mom is one of 9 and my dad is one of 3, basically everyone has at least 1 kid, most of which are old enough to go to wedding, but I don't want them.  


Sorry about the long post.  


TLDR: Crazy, big, rude family, may not ruin wedding, but may make it about themselves cuz they did with my engagement. What's the worse that can happen by inviting n's to a wedding?  What happened to you?",
post,Advice,How do I overcome teen depression and pick up failing grades?,https://www.reddit.com/r/Advice/comments/4n4b3b/how_do_i_overcome_teen_depression_and_pick_up/,2016-06-08 03:14:11 PDT,1,"I’m mainly after some comfort and advice right now. I’m a 16 year old girl who is completing the IB at an all girls’ private school on a 60% academic scholarship. This was my first year at the school and previously I was at a coeducational public school in the accelerated class. Today after my final semester exam the IB coordinator called me into her office and told me she was concerned about my academics. I knew this was coming as this has all happened before. At my old school mid way through year 7 I slacked off and lost all motivation for school and learning. I missed at least one day of school a week and I failed all my tests and never completed homework. This got me into trouble with the school and I decided to move schools since I also wanted to do IB. So I planned and got the scholarship for my new school and within a couple of weeks of the new school year I was again could not focus in class, failed tests and my attendance started to drop. My social and home situation is that I have a mother who has depression, a father who is having an affair and an aggressive brother. There is constant fighting at home and I am always getting yelled for being lazy and for spending all my time on my laptop in my room. I do get along with people but I don’t genuinely like anyone. So today when I got in trouble I cried to the coordinator who took me to see the school psychologist and then they took me to the local GP. The doctor said I was showing symptoms of depression and checked my weight. I have lost 5 kilos in the past month and I don’t eat anything from when I wake up at 5am to when I get from school at 5pm. No one in my house cooks and I don’t cook. I cried to the coordinator about my academics and she said not too worry as she simply wanted to ask me why I was doing so bad because when she asked for student progress reports from my teachers they all said I come off as intelligent, I have independent ides and that I show great potential. Not to be cocky but I know I am intelligent I passed the accelerated selective test, got a scholarship to the school for writing an essay on American exceptional-ism and got the best mark in my class for our English IOP. After today I feel so embarrassed that I told them my little sob story and I am worried they will think of me as lower- class trash, since its a private school and I am on a scholarship. I am scared my parents will find out since they are extremely strict about school and most importantly I want to know how I can get out of this cycle. How do I focus in class, how do I process new content, how do I get homework done, how do I keep up in high level math when I got 4% on the semester exam when I don’t have any purpose or motivation? I would greatly appreciate any replies! 
",
post,infj,Two questions.,https://www.reddit.com/r/infj/comments/3uov6k/two_questions/,2015-11-28 23:52:26 PST,2,"1) Any tips on dealing with a passive aggressive brother? We don't live together or anything like but he just had another girlfriend leave him and he seems to be getting angrier at the world. We have minimal contact now but each time seems to be getting worse.

2) Does anyone else find that when you have a number of jobs that are only half done due to matters outside your control, your ability to think about new ideas or just new thinking is very diminished?",
post,relationships,"Me [28 M] with my wife [25 F] of nearly 2 years (6 year relationship), left me for a guy who likes trees and books more than I",https://www.reddit.com/r/relationships/comments/3jvzn7/me_28_m_with_my_wife_25_f_of_nearly_2_years_6/,2015-09-06 12:34:33 PDT,28,"Hi Reddit,



I've been debating whether I should post this or not  - it's not so much asking for advice or anything of the sort but to vent the entire thing, and see what other peoples verdicts will be.



Back in the mid-2000s I had exited a relationship and I'd made friends with one girl. She was a close friend previous to the breakup. As time passed, she said to me ""If I were your girlfriend, I'd never leave you like she did. It wasn't fair on you"". This struck up a serious conversation which resulted in us dating. Nothing really changed, we were still best friends, but a little more.



Years passed. I got her over her self-harm issues, she called me her hero. We got through personal issues. Then, I asked her to marry me, she said yes. While we were engaged we discovered that her mother had developed throat cancer. As a result, we both decided to bring out wedding forward by a year. We got married, and for a budget wedding it, to this day, is one of the proudest moments of my life.



However, our living situation was not the best - we were still living between our parents and doing what could be done. It got to the post where we were applying for council properties, which we were on the list for and viewed a couple. She turned them down, not feeling safe in some of them, and me being the doting husband just went with it and got to the idea of going private rent. I even changed jobs to a better paid role in the video games industry quite a distance from home. Things were looking up as she managed to get a work placement in an office too, where she made quite a few friends.



It was then where things started to go wrong.



In March 2015, I noticed she'd gotten very irritable with me and my hobbies - video games (which was tied into my job anyway) and pro wrestling (has been an interest since I was 5 years old). Now it wasn't like we didn't share these hobbies, and it wasn't like I didn't divulge in her hobbies of nature walks and history. I'm not a big Tolkien fan, but I appreciated it.




Anyway, it was at this point I asked what was wrong, and I was greeted with the words I never wanted to hear: ""I don't want to be married anymore"". Those words hit me like a freight train.



At this point, I put on my rational head and asked the following questions:



1) How long have you felt this way? - About a year...

2) Is it something I did or didn't do? - No...

3) ....Is it something to do with (work friend)? - She nodded...

4) Ok.....can I win you back? - No....



After weeping, trying to talk it through and trying to get as much detail as possible, she determined the following reasons to leave me.



1) ""We were on laptops all the time...""

2) ""I saw you just as a friend in the end, I still love you....just not in that way...""

3) ""I didn't want to resent you like my sister and sister-in-law resented their husbands in their divorces...""

4) ""It felt like we just stopped...""



At the time, I couldn't process it all, and left.
The following week I asked her to pick up her things, she told me she was ""busy"". My response was that my sister wanted to kick her ass, but since she was out of town she had her chance to get her stuff, and I was doing it for her safety. She got her things, I got mine and we didn't speak for a while.



1 month later, I went to collect our marriage certificate since she wasn't doing anything with it. At this point I called her out on her excuses and unleashed before. Called her out on how I'm not her man-child brother or her aggressive brother-in-law. Called her out on how we didn't stop, but she did. Called her out on all of it. Even the fact she wasn't helping financially and accepting to move out when we had the chance.



It is 6 months later, I'm still friends with her on Facebook for the inevitable message of divorce papers. I see what they do, I see her in her photos even after unfollowing her. They look happy, going to Tolkien weekends and winning costume competitions (especially since she gave him my costume, but what can you do, eh?), with their ""yes dear""'s and ""listening to Classical music"". Very cringe-worthy. She is purely there to remind me I deserve better and of how hypocritical she is - which I will come to now.



She recently shared a post that berated edgy artists that make artwork about how technology makes us zombies; a post that defends how amazing technology is as a communication tool. Yes....she was not only defending the thing she partially blamed the end of her marriage on, but also berated her current flavour of the month, Amanda Palmer. She no longer is the person I fell in love with as she took on more and more personality traits of her new guy.



I shared it, I passed on comment on it from my own personal page, and publicly declared it as the final straw, having bitten my tongue for months, kept it to close friends and the like. I used it as a platform to announce I would no longer be taking crap like that. That I deserved better than that.



Now, I may come across as bitter or angry. Of course I am. I dedicated my life to her, made vows, would've killed or died for her. It is a situation that made me feel like I went from being the hero to the villain. I'm certainly not the perfect husband, but I can at least say I tried based on the cards I was dealt. She made me happy, now she makes me conflicted, but also focused on who I want to be with.



Feel free to leave a comment on this.

   

**tl;dr**: My wife dropped me for a guy who is into Tolkien more than I, after feeding me bullshit excuses. However, I now see her for what she is.",
post,Askasurvivor,Swords to plows Borson style.,https://www.reddit.com/r/Askasurvivor/comments/3hj7mf/swords_to_plows_borson_style/,2015-08-18 19:45:52 PDT,8,"Odin and Ve sit in on the side of a hill, their breath like steam in the cold morning air. Their team sits behind them eating a cold breakfast as even their chemical heaters might make enough heat to attract the attention of any device looking in the infrared spectrum. Ve has binoculars and Odin's eyes are glowing. They're both looking at the crest of a hill a a few hundred yards away. Sitting on the top of the hill are transport crates filled will supplies. A lone man sits in a make shift camp outside of the crates, he is holding a high powered rifle, it's maw ready to spew death on the lone man crawling up the hill. Odin hoped the man wouldn't recognize Vili, and wouldn't be prepared for his pheromone tricks. Ve hoped he did, and would try and shoot his brother, so he could rip the man limb from limb.

As Vili reaches the top of the hill, the man puts on a gas mask. Odin contains his disappointment, this man obviously knows about the peaceful Borson's tricks.

Vili just smiles and talks to the man. Gesturing gently and laughing every once in a while to punctuate points Odin couldn't imagine would appeal to reason, and Ve would spit on.

""We shouldn't have sent him. He's too weak to deal with this man, what if he decides we aren't worthy? What if he tries to hurt Vili? If he does I will spread eagle him, stitch him back together and do it again!"" Ve snarled.

""Don't be so rash, you would have just killed him, probably setting off a trap, and as both you and Vili have told me, I still don't appreciate the 'appeal to emotions' as being more useful than an 'appeal to reason' in situations like this. Vili was the best choice."" Odin replied almost sighing as he said it.

One of the transhumans in the eating just chuckled; ""Really, now why don't you guys just ignore this stuff? We have all we need on the colony, if you would even call it that any more. More like a city, and it's still growing. We came here to explore the earth and keep tabs on the infection. I can say as a *human* that most of the people here aren't worth your time to even attempt to help. I mean really you've helped the lives of what? A few hundreds while you've been here. How many do you think there stupid wars and petty fights have killed in that same time? Thousands? Tens of thousands? Just leave them be, they didn't want you anyway.""

Odin looked up at the pale face of the moon, washed out by the light of the rising sun. But in the shadow, near the poles, one could still make out dots and lines of light, marking the slowly growing Lunar city. He breathed in the fresh sent of the grass beneath him and listened to the sounds of the animals and incests around him waking up, or hiding for their sleep. He thought about his reply for over a minute before replying.

""We don't know."" he smiled, ""You could call it compassion, or empathy. I think of it as the last gift of our father, an eternal drive to make the world better, even if the rest of it doesn't agree that we are, or even thinks of us as evil. We will help, because it is the right thing to do.""

Before the transhuman can respond there is a soft crack over the radio, and Vili's soft voice drifts out of the speaker.

""He's agreed that we should get the supplies!"" Vili lets out a soft giggle, ""Once he's moved out enough for his liking he'll shoot off a flare and you all can move in.""

Odin responds before his more aggressive brother can make a bull headed remark, ""Thank you Vili, we'll wait for the signal and move in. While we're marching over please take the small arms, some munitions for those weapons out of their crates, and any non-harming defensive weapons you can find, and move them into the crate that has the food and other like supplies. We want the charges set up and ready to blow before any other representatives get here and decide they will kill us for those weapons stores.""

""Of course, I'll do what I can."" Vili replied chipper as always.

""Do we really have to blow up all of those guns, bombs, and ammo? We could start a small raiding party, you did say you want to experience the human condition, and they have shown us that doing those things is a large part of it."" Ve huffs, taking another look at the weapons in the crate.

""You know that's not what we ment. Besides do you really want to have loyal ties to humans who would be raiders?"" Odin retorts.

""No, not at all. Fine we'll do this your way."" Ve admits after a few seconds of thought.",
post,MyLittleSupportGroup,I'm not making any progress and I think I know why,https://www.reddit.com/r/MyLittleSupportGroup/comments/2hokda/im_not_making_any_progress_and_i_think_i_know_why/,2014-09-28 00:30:04 PDT,6,"For quite sometime, I have been struggling with being judgmental and inner anger.  I felt like I'm going nowhere.  I still judge people I don't know and I still have to deal with inner anger.

I feel like ever since I became a brony, I can't criticize anyone anymore.  If I say ""people who like/say/do X, then they're idiots and I lost any respect for them,"" people will say ""Don't judge them if they're not hurting anyone"" or ""You're a brony, you wouldn't want people judging you for what you like"" or ""You are in a fandom of 'Love and Tolerance,""  When people say that to me, I don't follow their advice, I cringe instead.

I guess I cringe because deep down, I want to be right.  I want my preconceptions to be true, and I sorta take it personally when I am proven wrong.  I have a hard time swallowing my pride because I was put down and disproven a lot.  It was so soul destroying and it pains me to go through it every time.

People often say I should forgive the people who wronged me, but again, my pride gets in the way.  I feel like I can't forgive them because people who tell to do so are ignorant about the pain I feel.  I feel they don't understand the kind of pain I went Through (emotionally/physically abusive father, self-righteous cousin, passive aggressive brother, and a mother who denies any abuse or wrong doing of any kind.)

I want to get better, but my pride keep butting in.",
post,relationships,My boyfriend's [23M] aggressive brother is causing a lot of drama for both him and myself [19F],https://www.reddit.com/r/relationships/comments/1rolm7/my_boyfriends_23m_aggressive_brother_is_causing_a/,2013-11-28 18:11:30 PST,1,"Ok, so me and my boyfriend, we'll call him D,  have been together for almost a year soon and we have had no problems between each other besides a minor argument every once in a while. We always communicate, are supportive, and do everything else right to a science. I love him to death already and would do anything for him.

The problem is his brother. His brother, who we'll call C, is older [26M] and seems to be the only thing to make D completely livid, insecure, and depressed. At first I didn't really think anything of it, I just thought it was a regular sibling dispute but I noticed it didn't go away. Whenever C enters the room my boyfriend D becomes very quiet and obviously uncomfortable. Now if you knew D you would see he is very outgoing, talkative, and laid back but when his brother comes anywhere near him or if he even hears his voice he becomes this awkward and stiff person.

I learned a few months ago that C was abusive as a kid. He's beaten my boyfriend many times when they were younger and from the way he describes it he did it only for fun and it was always unprovoked. He told me about a time where C got all of his friends to jump him a few times, how he beat my boyfriend unconscious a couple of times, and how he would threaten him to beat him worse is he ever told their parents. He's also told me about how he would not sleep for days as a kid because of it and how he also became violent for a phase and began starting fights too until he realized that wasn't who he was. As they got older and my boyfriend got bigger he defended himself and the beatings stopped. But the verbal abuse still continues.

Whenever they interact his brother is calling him a bitch and criticizing every little thing D does. He makes fun of him, has even made fun of their parents in front of me before, and seems to just be a bully to anyone and everyone. He talks down to my boyfriend now purely to try and start a fight and just seems like he is trying to provoke him any second he can get.

Recently this has really been affecting D and I don't know what to do. He tells me about how he 'sees red' whenever he even thinks about his brother and how anything to do with C ruins his day. Today his brother made a big deal about some hair on the bathroom floor, which is gross yes, but he made it an opportunity to threaten and belittle my boyfriend again and my boyfriend kind of snapped and cussed him out. Now there is all this unnecessary tension in the house once again and I just want some way to solve this because it is just unhealthy.

---

**tl;dr**: My boyfriend's brother is abusive and it affects him a lot more than I realized. I just need to know how to be there and help him solve it for good.",
post,pics,"My passive aggressive brother, there was no damage done",https://www.reddit.com/r/pics/comments/1afmid/my_passive_aggressive_brother_there_was_no_damage/,2013-03-16 16:00:12 PDT,0,,http://i.imgur.com/FdzrIXX.jpg
