type,subreddit,title,url,datetime_pst,score,body,media_url
post,javmom,[HUNBL-126] suggestions,https://www.reddit.com/r/javmom/comments/1knl6f2/hunbl126_suggestions/,2025-05-15 15:22:24 PDT,14,"Daughters are abused by brother with mother’s consent. Not looking necessarily for same roles, but a member of the family used like a sexslave, against their will. Looking for storyline, not generic freeuse.

PLOT: The older sister doesn’t like to be the brother’s sextoy (1) but she accepts her role, trying to ask her uncaring mother (2) for help. When the girl gets too tired, the mother offers the younger sister (3) to the son. Basically it’s an incest/rape with mother’s approval. But the end the two sisters find a way to take revenge (5) on their merciless mother.",https://www.reddit.com/gallery/1knl6f2
post,javmom,[HUNBL-126] Suggestions,https://www.reddit.com/r/javmom/comments/1knl0yd/hunbl126_suggestions/,2025-05-15 15:15:28 PDT,1,"Sisters are abused by brother with mother’s consent. Not looking necessarily for same roles, but a member of the family used like sex slave against their will. Looking for good storylines, not generic freeuse.

PLOT: The older sister doesn’t like to be the brother’s cumdump (1) but accepts her role, trying to ask her uncaring mother (2) for help. When the girl gets too tired, the mother offers the younger sister (3) to the son. Basically it’s an incest/rape with mother’s approval. She also mocks the poor girls (5), but at the end the two sisters find a way to take revenge (6) on their merciless mother. 
",https://www.reddit.com/gallery/1knl0yd
post,india,Abused by brother,https://www.reddit.com/r/india/comments/1k8we8v/abused_by_brother/,2025-04-26 22:15:14 PDT,1,[removed],
post,LegalAdviceIndia,Elderly father abused by brother. How to evict him or get a restraining order?,https://www.reddit.com/r/LegalAdviceIndia/comments/1js4dzq/elderly_father_abused_by_brother_how_to_evict_him/,2025-04-05 07:14:33 PDT,1,My brother (37M unemployed) physically threatened my father (68M retired) to kill and hurt him. Unfortunately we don't have anything recorded or as evidence. I am not in India. How can I get a restraining order or evict him? Will the police even care about it? How much would it cost? ,
post,Advice,"Family and wife won't speak to me anymore after I stepped in to help my SIL, who was physically abused by brother. What should I do now?",https://www.reddit.com/r/Advice/comments/1jqaumh/family_and_wife_wont_speak_to_me_anymore_after_i/,2025-04-02 23:01:58 PDT,4,"I've always been the one to step in. Ever since my brother got married, I was the one checking in on his wife, trying to convince her to leave. My wife hated it, told me it wasn’t my problem, that I wasn’t her savior. She saw my concern for SIL as a betrayal. Every fight was the same—*Why do you care so much about her? Why do you put her first?* And my parents? They were worse. *Marriage is complicated. It’s not our place to interfere.* They looked the other way, told me to do the same.

The night everything changed, we were at my parents’ house for dinner. My brother had been drinking, his mood turning mean. I knew what was coming before it happened—the way he looked at her, the tension in his jaw. Then, suddenly, he grabbed her by the neck and shoved her against the wall. She barely reacted, just froze, like she was used to it. And my family? They did nothing. Not my parents. Not my wife. Just silence. Like they were hoping if they ignored it, it would go away. But I wasn’t going to sit there and watch.

I shoved him off her, and we fought, knocking over chairs, throwing punches, until my father finally yanked me back—not because he cared, but because we were making a mess. My brother wiped blood from his mouth, grabbed his keys, and left. And my family? They just sat back down like nothing happened. I told SIL she wasn’t staying in that house. My mother refused. *“She has a home. She should go back to it.”* My wife snapped at me, *“You’re making this worse. You’re too involved.”* My dad muttered, *“She’ll be fine.”* But she wasn’t fine. She was standing right there, bruises forming on her skin, and they wanted to send her back to him.

I fought with them, begged them to see reason. But they refused. They would rather protect my brother than admit they were wrong. My wife was furious. *“If you leave with her, don’t bother coming back.”* I ignored her.

At the motel, I paid in cash and told SIL she needed to leave my brother. She nodded, exhausted. Then, barely above a whisper, she asked me to stay. *“Just until I fall asleep.”* I should’ve said no. I knew how it would look. But when she started crying, I couldn’t just walk away. She curled into me, shaking, and I held her, just trying to keep her together. Hours passed, and when I finally moved, she whispered, *“He has tracking on my phone.”* If she left, he’d know. I went to the front desk, told them the situation, asked them to keep an eye out. But I didn’t feel right leaving her alone. So I stayed. I slept in the chair, arms crossed, back stiff. By morning, it was too late.

Someone told my brother. He twisted the story, said I took her to a motel to sleep with her. And my family? They believed him. My mom called, her voice sharp. *“I want you to explain yourself.”* I tried. *Nothing happened.* But she scoffed. *“You’re not fooling anyone.”* My wife broke down, screaming, *“Why do you always choose her over me?”* She didn’t care about the truth. She only cared that I had put SIL before her. *“You put more effort into protecting her than you do into our marriage!”* My mom piled on. *“You’ve always been jealous of your brother.”* And my dad? Silent. As always.

I snapped. *“This wouldn’t have happened if you had stepped in. If you hadn’t let him abuse her—physically, emotionally, mentally—I wouldn’t have had to beat the shit out of him.”* But they didn’t hear me. They didn’t care. My wife wasn’t crying because she thought I cheated. She was crying because she knew—deep down—protecting SIL had always come first. And she couldn’t stand it.

A few days later, SIL called. She was finally ready to see a divorce lawyer. *“I need you to come with me.”* I agreed. She had no one else. The meeting was heavy, but when it ended, she looked lighter. Outside, I told her, *“Go stay with your family. If you need anything, let me know. But you need to get some distance. Figure things out.”* She nodded. No fight, no argument. She was done being stuck.

I watched her drive away, a strange mix of relief and sadness settling in. It was over. Or at least, it should have been. No more drama. No more standing in the middle of this mess. Now, I had to face my own reality. My marriage was crumbling. My family had turned on me. But I made a decision—I’d give it my all. Try to fix things. Try to make it work. And if it didn’t? Then I’d move on. Because I couldn’t keep cleaning up after my brother’s mess. And I couldn’t keep holding onto a family that refused to hold onto me.",
post,abusiveparents,Male best friend is getting abused by brother.,https://www.reddit.com/r/abusiveparents/comments/1jpzz64/male_best_friend_is_getting_abused_by_brother/,2025-04-02 14:11:18 PDT,1,"Me and my male best friend are both 13, today, he told me how he was always really depressed and suicidal. He told me the main reason for this was because his brother. His brother, Insults him daily, hurts him, beats him up almost everyday until he has bruises, calls him stuff like fat (which is why my friend is trying to lose weight even though he doesn't even need to) destroys his stuff, manipulates him, tells him to kill himself, etc. His parents try to do stuff but it never works. He told me not to tell anyone and that if any adults knew, he could get in trouble with his family. He says that the few other people he told them about this told him that it's just normal sibling behavior, or that he could fight back, but the thing is, his brother is a year older than him, participates in many sports and karate, is much taller and stronger, gets provoked easily, and he would get in trouble with his parents. He told me not to tell anyone else or they would call CPS and he would get in trouble. I just want to know how to help him while respecting his wishes.....and I want him to he safe",
post,ptsd,Anyone here have done EMDR? I don’t know if I should do it or not,https://www.reddit.com/r/ptsd/comments/1i75ep0/anyone_here_have_done_emdr_i_dont_know_if_i/,2025-01-21 23:00:15 PST,1,"Hey I recently started seeing a new therapist. She mentioned that she does EMDR therapy and asked if it’s something I’d be interested in doing. I told her I would look into it and get back to her. I have a lot of trauma that stems from being physically abused by brother as a child and on the one hand I think EMDR would be great for me but on the other I’m apprehensive because I still live at home where the abuse took place and there’s no way for me to move out. I also have a pretty tense relationship with my parents, it’s gotten better over time but I would say it’s tense since they knew about the abuse but did nothing about it when it was happening and I hold a lot of resentment because of that. I’m wondering if I should hold off on EMDR for now until I move out but I’m unsure ",
post,EMDR,Don’t know if EMDR is right for me,https://www.reddit.com/r/EMDR/comments/1i75d44/dont_know_if_emdr_is_right_for_me/,2025-01-21 22:56:57 PST,1,"Hey I recently started seeing a new therapist. She mentioned that she does EMDR therapy and asked if it’s something I’d be interested in doing. I told her I would look into it and get back to her. I have a lot of trauma that stems from being physically abused by brother as a child and on the one hand I think EMDR would be great for me but on the other I’m apprehensive because I still live at home where the abuse took place and there’s no way for me to move out. I also have a pretty tense relationship with my parents, it’s gotten better over time but I would say it’s tense since they knew about the abuse but did nothing about it when it was happening and I hold a lot of resentment because of that. I’m wondering if I should hold off on EMDR for now until I move out but I’m unsure ",
post,uknews,Woman sexually abused by brother as mum's sickening 8-words proved she stood by him,https://www.reddit.com/r/uknews/comments/1him5gw/woman_sexually_abused_by_brother_as_mums/,2024-12-20 07:25:41 PST,6,,https://www.dailystar.co.uk/news/latest-news/mums-sickening-8-word-response-34352528#ICID=Android_StarNewApp_AppShare
post,whatisthatmovie,Woman became traumatized after being abused by brother in their childhood and then starts helping a serial killer,https://www.reddit.com/r/whatisthatmovie/comments/1g8i42g/woman_became_traumatized_after_being_abused_by/,2024-10-20 22:05:07 PDT,1,"I don't remember if it was a mini-series or just a regular series.  
Man kidnaps and rapes young woman with help from a woman who was abused by her brother. Their parents never believed in her and in the end she shoots her brother and kills him.  
Anyone have any ideas, I know it's recent maybe like 2015 onwards.",
post,LimitlessTabooRP2,[F4A] Beautiful girl gets abused by brother and dad after taking mom's side on the divorce!,https://www.reddit.com/r/LimitlessTabooRP2/comments/1fmx7zp/f4a_beautiful_girl_gets_abused_by_brother_and_dad/,2024-09-22 09:26:13 PDT,5,,https://i.redd.it/zlljaox60eqd1.jpeg
post,abusiverelationships,"I’m being abused by brother and feel trapped, need advice ",https://www.reddit.com/r/abusiverelationships/comments/1eum9l2/im_being_abused_by_brother_and_feel_trapped_need/,2024-08-17 09:50:42 PDT,1,"I’m a caregiver to my mother who is elderly and ill, she lives with my 51 yr old brother. I took time off from work and put my life on hold to care for her after her hospitalization. At first my brother was super nice and supportive. But then suddenly became distant, mean, narcissistic, controlling. Recently was my birthday and he expected me to stay home . I went out with friends and took a vacation which infuriated him. I have cams set up at home which hes aware of that help monitor my mom. While i was gone on my birthday he placed birthday balloons in front of the camera and put a table in front, sat with  my mom and said horrible things about me non stop for hours, he said that I’m crazy, a loser, a bich, weirdo, failure, treat him like garbage, then my mom agreed because she has dementia. He kept starring into the camera. When i came back home, he was sitting at the table, i said hello like nothing was wrong and i didn’t know what he was doing. He had a smirk on his face, i just avoided him, then he came running out of his room when he heard me talking to his mom, lifted up his shirt, showing his stomach and told me to be careful because theres been some robberies lately.  I felt this was his move to control me again. I am definitely scared of him and not sure what to do, do i confront him or not? I definitely feel like my life is a horror movie. ",
post,AskGayMen,Could being abused by brother as child decide my sexuality? Or my anal enjoyment fetish?,https://www.reddit.com/r/AskGayMen/comments/1ekdnyj/could_being_abused_by_brother_as_child_decide_my/,2024-08-04 20:15:42 PDT,1,Or no?,
post,legaladvice,"Disabled homeless senior woman financially, emotionally abused by brother",https://www.reddit.com/r/legaladvice/comments/1d3pgjd/disabled_homeless_senior_woman_financially/,2024-05-29 16:08:28 PDT,1,[removed],
post,popheads,"Doja Cat Allegedly Abused by Brother, Their Mother Claims in Court Filing",https://www.reddit.com/r/popheads/comments/199obfh/doja_cat_allegedly_abused_by_brother_their_mother/,2024-01-18 03:45:28 PST,1,,https://www.tmz.com/2024/01/17/doja-cat-allegedly-abused-brother-teeth-knocked-out-mother-claims/
post,ROCD,"Too much thinking (abuse, suicide TW)",https://www.reddit.com/r/ROCD/comments/199kbrz/too_much_thinking_abuse_suicide_tw/,2024-01-17 23:11:55 PST,1,"My partner keeps saying I’m slowly distancing myself away from him so I can leave him but I don’t notice myself doing that at all and now he’s asking me if I love him or not and if I’m serious about my future with him. (Ldr)

Everytime he asks me that I’m always stuck I want to answer yes but I also want to answer no but then when I think no I get so so upset and start missing him so much and how well he takes care of me and love me and makes me feel safe but why don’t I love him like he loves me? 
I have bpd and I also have avoidant attachment he knows this and has been helping me beautifully but I don’t know if this causes me to distance myself without knowing? 

I always have thoughts like “okay what is my plan for if me and him ever break up” or “I shouldn’t do that because if me and him break up I’ll see it and be triggered”, I’ve never had long lasting relationships and this is the longest I’ve been in so I’m always trying to be prepared and my boyfriend found out these thoughts today when I said I wasn’t sure if I wanted to carve his initial into my guitar because it’s permanent and he got really upset, I tried to tell him that I don’t want to break up and I don’t plan to break up I just don’t expect us to like stay together because everyone has always left me and I know I shouldn’t have said it but I wanted to be truthful with him, I personally don’t think I’m a good person because of my bpd and my spilts but he tells me I’m not a monster and I am a good person. I ended up carving his initial into my guitar anyways, but I’m just confused if I truely love him or if I’m just attached, or if I don’t actually care about him. He says I do a lot for him but I jsut feel like I’m doing the bare minimum. I just want to love him and be by his side and take care of him and hopefully we can meet and move in with eachother.
 
Now I’m rethinking everything again.

 I hate relationships and how they affect me and I hate bpd I hate rocd I hate everything I just want to be normal for my partner but I can’t without lashing out crying anxiety attacks overthinking everything you can possibly think of. Why can’t I notice my achievements and why can’t I see that I’m a good person. 

How can I be such a horrible person but stay in this relationship, how can I hate everything but still want to be with him. I’ve tried breaking up with him a few times but he doesn’t want me to go and all those times were because of rocd but I can’t get myself to leave him, I know I’m hurting him more and I feel like he’s lying to me by saying I’m not, why does he have to be so perfect and accept my apology am I just manipulating him or abusing him I’m so scared I am or I’m a narcissist to the point I have breakdowns over that, life is so hard I hate being me, I say I’m not good for him but I WANT to be good for him I want to be the right person I just feel like it’s incapable for me to change even if I try hard, I’m so tired I’m sorry. 

I was raised in a narcissistic household and was abused by brother who’s narcissistic bipolar and schizophrenic and currently being mentally abused by bipolar mom, I’m scared I’m becoming my brother and I’m scared that I’m actually not sorry for my actions I don’t want to hurt my boyfriend but what if unconsciously I’m doing it because I want to, I hate my thoughts so much I hate it all. Im going crazy. I cant do it, this is just some history I’m not trying to justify anything. I keep thinking of suicide and tried to kill myself today I just can’t keep going I don’t want to keep putting my boyfriend in pain I hate when he cries or get upset in anyway apologizing doesn’t feel enough. I just can’t continue.",
post,entertainment,"Doja Cat Allegedly Abused by Brother, Their Mother Claims in Court Filing",https://www.reddit.com/r/entertainment/comments/199g0nm/doja_cat_allegedly_abused_by_brother_their_mother/,2024-01-17 19:11:14 PST,1,,https://www.tmz.com/2024/01/17/doja-cat-allegedly-abused-brother-teeth-knocked-out-mother-claims/
post,popculturechat,"Doja Cat Allegedly Abused by Brother, Their Mother Claims in Court Filing",https://www.reddit.com/r/popculturechat/comments/199g04i/doja_cat_allegedly_abused_by_brother_their_mother/,2024-01-17 19:10:32 PST,1,,https://www.tmz.com/2024/01/17/doja-cat-allegedly-abused-brother-teeth-knocked-out-mother-claims/
post,Fauxmoi,"Doja Cat Allegedly Abused by Brother, Their Mother Claims in Court Filing",https://www.reddit.com/r/Fauxmoi/comments/199fzmn/doja_cat_allegedly_abused_by_brother_their_mother/,2024-01-17 19:09:55 PST,595,,https://www.tmz.com/2024/01/17/doja-cat-allegedly-abused-brother-teeth-knocked-out-mother-claims/
post,FauxmoiForAll,"Doja Cat Allegedly Abused by Brother, Their Mother Claims in Court Filing",https://www.reddit.com/r/FauxmoiForAll/comments/199fq5m/doja_cat_allegedly_abused_by_brother_their_mother/,2024-01-17 18:57:14 PST,1,,https://www.tmz.com/2024/01/17/doja-cat-allegedly-abused-brother-teeth-knocked-out-mother-claims/
post,COCSA,"Sexually abused by brother, need advice on family situation",https://www.reddit.com/r/COCSA/comments/18qm1vi/sexually_abused_by_brother_need_advice_on_family/,2023-12-25 08:42:06 PST,1,"Hello everyone. This is my first post on this sub.
I need advice on my family situation, which is a bit complex but I'll explain.

I am female, 22 years old. I was sexually abused by my older brother who is 4 years older than me when I was 9-11. It all started in 2011 and ended in 2012. I don't think I need to go into many details, but it stopped because I started to realise there was something wrong and started to avoid him. My parents also got divorced so I went to live with my mom, while he was living with my dad. I went through everything most people did: the guilt, the shame... But I'm truly okay now. It's not something that affects me anymore beyond the problem that I'm currently facing.

As most people would guess, him being my brother makes the situation a lot more complicated because he is ""family"". However, he is not a good person to this day. He is aggressive, has threatened to kill my mother, his girlfriend, her family, our family... He doesn't have a job and he basically makes people give him money so he can sustain a lavish lifestyle (that we can't even afford!) through violence and intimidation. He still lives with my dad, and we all are scared of him. My entire family is tense around him and scared of him because he is violent and intimidating, it's like he is a ticking time bomb. He has been like this since he was a teenager, but it got worse over the years because he also got older and stronger (he's unfortunately big and buff). 

One of the problems is, he also feels like my mom ""abandoned him""... He (by choice!) decided to live with my father because my dad was more ""lenient"" so to speak: my mom is the type of person that will push us to do our best in school and to be good people, wouldn't let us go out to parties she deemed ""not safe"" and etc. My dad does that too, but my brother at a young age (16-17) started to do drugs and dropped out of school. Since he is violent, my dad basically let him do whatever he wanted because otherwise he would get physical with my dad. So he was free to do drugs and go out to wherever he wanted to at my father's house, didn't have to study and etc. My mom at that time would visit my brother every day to try and talk to him to get him to go back to school and to stop doing drugs, but he would fight my mother, threaten her and scream and shout at her because of that. Eventually she stopped going after he tried to run her over with a motorcycle and she got many bruises. 

My mother is also the only person in my family who knows what happened to me. I'd beg her not to invite him over because I didn't want him around me and she would sometimes invite him to come over but not too many times since she knows how I feel and because she is also scared of him. So they're not close as a mother and son should be, they don't have a good relationship because he says he was abandoned by her (I must add, though, that he a lot of times blocked my mom on the phone so she couldn't even call him or text him, and he still does this to this day) and they drifted apart.

I have a good relationship with both my dad and my mother.

My personal opinion is that maybe my mother failed a bit because she could've ""fought harder"" to have a better relationship with him, but I don't blame her too much because he is truly a very difficult person (aggressive, violent, intimidating, would refuse therapy and etc). He doesn't listen to any type of advice.

The thing I'm stuggling with is because I feel I also ""made"" my mom drift apart from him because of what he did to me. And it's bothering me because he goes around town telling his friends that my mom abandoned him because he ""smokes weed""... He obviously doesn't tell people that he literally threatend to kill her, that he threatened to kill his girlfriend and her family or anything like that. His friends think he was just a victim of my mother's prejudice with weed lol. 

To be honest, he's apparently been better for a few months now. He has in the past threatened to kill his girlfriend and her family, has been violent with her and etc BUT she says he's going to church now and has gotten better. They're planning to marry. I think she's stupid and that he's rotten to the core. Just saying this for context:

My mom wants to build a better relationship with him (he's 26 now, by the way) and invite him over for the festivities. And I obviously hate that. But I also feel guilty for it because I don't want to force her hand and tell her she can't invite him over and keep her in this situation: that she has been a bad mom who has drifted apart from her son. 

I just feel bad because I love my family, sometimes I wish he would just die so we could all live in peace :/. Sometimes I think about moving away and drifting apart from my own family because of this... 

I think this might be a little confusing now because family situations are complex and maybe I'm not explaining things well but just to summarise:

I was sexually abused by my brother as a child. My brother is violent and aggressive to the whole family and everyone (to this day) is scared of him because he has, in the past, threatened to kill people and also physically hurt my mom, my dad and my grandmother (and also his girlfriend). We are scared he might one day ""blow up"" and do something to hurt us. My mom DOESN'T like when he's in our home because we're scared and we feel tense around him, but she thinks she has to invite him over more and build a better relationship with him because he says she abandoned him. My mom did, in fact, drift apart from him but it was because she is scared of him. I feel guilty because I tell my mom not to invite him over but I don't want her to feel like she has to ""choose"" between children and I don't want her to think she is a bad mom, I don't want anyone to think he is a bad mom. 

I, basically, don't know whether I should just ""suck it up"" and let him come to my house. But I feel unsafe and bad when he's here. But I love my mother and I hate that SHE feels bad and guilty that she doesn't have a good relationship with him. I hate that his friends think my mom suck, that his girlfriend thinks my mom ""abandoned"" him because of what he tells her. Maybe that's how he perceives things, but he is insane and terribly selfish... How can you threaten people's lifes and then feel bad that your family doesn't like it when you're around?? Idk. I feel like a lot of the things he says he was a victim of, only happened because of his own choices. My mom would go to my dad's house EVERYDAY to visit him and talk to him and he would get aggressive. He chose not to live with my mom so he could do whatever he wanted. It just makes me so mad. He is a grown man, he has been a grown man for a long time now. Ugh!

I don't know I just feel very bad, burdened and guilty. Hope someone will understand this mess. Thank you anyone for reading.",
post,sexualassault,Parent pushing child into have relationship with molester.,https://www.reddit.com/r/sexualassault/comments/18biz4h/parent_pushing_child_into_have_relationship_with/,2023-12-05 10:42:26 PST,1,"I hope this is the right place.  
I need some help, I 25 F was sexually abused by ""brother"" at the age of 4. I now have 0 contact with this person. My ""mother"" is now pushing me into have an relationship and to ""heal"" with this man.   
Is it wrong for me to not want to? We argue all the time telling me i need to forgive and forget.. im so confused and i feel like what she is doing is wrong and makes me sick. I'm at the point where im question my self and if it even happen due to her gas lighting.. Should i reconnect or stand my grounds and stay no contact with my abuser and limit my contact with my ""mom"" even more?",
post,AskWomen,Gf (20) was abused by brother when younger and is going to start therapy soon,https://www.reddit.com/r/AskWomen/comments/16dw4b6/gf_20_was_abused_by_brother_when_younger_and_is/,2023-09-08 21:23:18 PDT,1,[removed],
post,relationship_advice,My(20 M) Gf (20 F) was abused by brother when younger and is going to start therapy soon,https://www.reddit.com/r/relationship_advice/comments/16dvzfu/my20_m_gf_20_f_was_abused_by_brother_when_younger/,2023-09-08 21:16:22 PDT,1,[removed],
post,relationship_advice,Gf(20) was sexually abused by brother when younger,https://www.reddit.com/r/relationship_advice/comments/16dvt3h/gf20_was_sexually_abused_by_brother_when_younger/,2023-09-08 21:07:01 PDT,1,[removed],
post,secondary_survivors,Gf (20) was abused by brother when younger and is going to start therapy soon,https://www.reddit.com/r/secondary_survivors/comments/16dvrg7/gf_20_was_abused_by_brother_when_younger_and_is/,2023-09-08 21:04:42 PDT,1,"Hello,

About a year ago, my girlfriend and I started dating, and we initially had an extremely healthy sex life. However, one day, she closed off during sex and disclosed her history of sexual abuse as a child. She didn't reveal who had abused her but explained that there were times when she couldn't be touched at all. I was completely understanding and accepting of her boundaries. Our sex life continued intermittently like this with some weeks with no activity for another six months.

Before the summer, she confided in me about her abuser being her brother when he was 18 and she was 8, and since then, she has been actively working to process her trauma. She also expressed a need for more alone time and nights to herself. I am okay with her taking this time for herself, but I can't help feeling helpless when I see her in so much pain. I don't know how to support her effectively.

She is planning to start trauma therapy soon, and I love her deeply. I want her to get better, but I've heard stories about therapy potentially making things worse, which makes me very scared. I've discussed this with my therapist, who suggests that I need to decide whether to stay with her or not. However, I'm genuinely worried about our future together because I love her very much and want to be by her side.",
post,COCSA,Abused by brother,https://www.reddit.com/r/COCSA/comments/14qody5/abused_by_brother/,2023-07-04 12:23:02 PDT,8,"

Hey, I’m currently 15 years old and I just wanted to share my story because I have never told anyone the full story.

So when I was about 6 it started and I think it went on until I was 8. It started off as something pretty harmless I think, like the thing you can read about in articles, such as doctor plays and stuff. Keep in mind my brother is like 2 years older than me and I never was particularly interested in that stuff. I remember liking the feeling of being touched down there but not seeing it as sexual but just like funny.

My brother even did that stuff to my then best friend, that went on for a few months until she very clearly said that she did not want to be touched down there anymore  (he like just “cleaned” the area and did not do yk what) he tried to push her into letting him do it again but I defended her. And then he gave up.

So it escalated a few months after that I think (sorry I really can’t remember the timeline just the events) when he said I should lick his down area and I refused because i thought it was disgusting. But he pushed me until I did it. Then he tried to put his thing into me put he obviously ( thank god) did not find the hole because as I said he too was like just a kid. 

Days later he confessed to my mum, and she talked to me, she told me what he had said, and apparently my brother said to her that we had sex. (whoa I feel so disgusting even writing this down). I told her that I did not want it and that he forced me, she just shrugged me off and told me that siblings don’t do this stuff. So I’m still kinda angry at her for not believing me, but I never brought it up again. Till this day I have told no one and If I’m being honest I just felt so gross and guilty over it since I’m a child. I also think that my mom was overwhelmed and did not really know how to react, but she still did not act the right way ( I should’ve seen a therapist, I think If I would have I maybe would not struggle with self hatred, depression and anxiety now). And if I would ask her about it I think she probably would not remember because she did/does not want to face the truth that I got abused.

Problem is that I still life with my brother and I can’t even really look into his eyes, he is really trying to be nice now but I just can’t. Just talking to him reminds me of all that disturbing shit that happened. Sometimes I honestly wanna kill myself just to not have to experience those fucking memories over and over again. But I can remember everything, I remember that I told myself when all that happened, that I’m gonna forget it in a few years but I did indeed not. 

I really have to see a therapist but there are only bad ones where I live and I also don’t wanna tell my mother the reason why I wanna go. I still hate myself for it even though it really is not my fault.

Sometimes I wonder if I have to life with this for the rest of my life, I actually just want to get rid of my identity and my family.

I just wanted to thank you guys here because i just found out an hour ago that cocsa is a thing because I never saw it as sexual abuse since we both were children. All these story’s affect me so deeply and it really helped me to know that I’m not alone with it and that I’m not disgusting or gross. Maybe some advice how I should treat my brother or like cope with it would be very nice.

Also I’m very sorry for my grammar but English is not my nicest language so thank you so much for reading the whole thing.",
post,raisedbynarcissists,"So I went ""no contact"".",https://www.reddit.com/r/raisedbynarcissists/comments/14mxipc/so_i_went_no_contact/,2023-06-30 04:14:56 PDT,18,"So a bit of backstory first.
I was adopted as a baby (brother too, but different parents).
Pretty much right before my 2nd birthday my adoptive dad died.
So adopted mom (AM from here on out) raised me and brother on her ""own"".
A.M. never re-married, but had a 2 boyfriends over the thirty-ish years.
Adopted brother is golden child, sport star (dumb as dirt and loves causing chaos and drama) but he was named after adopted dad, so there is that.
Over years and years I get physically abused by brother, and mostly emotionally abused by AM. 
Physically hitting was rare, but ahe did like using a shambok (sort of like a whip, but it isn't meant to make noise), and were mostly for silly things like ""walking in socks in the house instead of shoes/barefoot.
And ofcourse the one time (around age 10) I was beaten for lying down ""funny"" (AM is extremely homophobic and felt i was lying down in a ""very gay way"").
She put locks on everything; the fridge, the grocery cupboard, where she kept things like toilet paper. She really made it feel like we were living in a prison at times.
Fast forward, Teeneager, I am a bit on the alternative side, got my ears pierced and occasionally painted my nails black (still do all these things today), but here was where she learned I won't let her hit me anymore (i just told her that as she was brandishing the sjambok).
Now in my 30's and married, and have been constantly been bad mouthed by AM (both me and wife) as nothing I do is enough for her, and never has been.
But the big cheery on top with the No Contact (AM idea technically) is that she has been all alone since Adoptive Dad died....
Kinda making it seem as though she is admitting that she did not see having two children around as having someone. Solely we were burdens.
I'm scared of her, but so happy to finally be free.
I'm just afraid of the day she shows up at our apartment ready to fight.",
post,sex,I was sexually abused for most of my life and I think this has caused some insecurities that have manifested into a full blown sex addiction when I don’t even like sex and I don’t know what to do,https://www.reddit.com/r/sex/comments/14feu4j/i_was_sexually_abused_for_most_of_my_life_and_i/,2023-06-21 11:04:35 PDT,2,"I was sexually abused by brother from as early as I can remember and after my parents split at the age of 14 my step mother begin abusing me and it became whether I was staying with my mother and brother or my father and step mother I was being abused. I was 17 when it stopped because I enlisted in the army and was honestly repulsed by sex for years after I left home and wasn’t until a long time later that I would have sex on my own terms. Problem now though is I have a tendency to base all of my self worth and confidence on the sexual gratification I can offer others, I always feel I’m not good enough and I always become insecure and leave and ghost after sex because of this even though it’s a shitty thing to do and I’ve even resorted to sex workers at this point and if you were to count up all my partners including sex workers it would 500-600. My life has became a endless cycle where all that matters is sex but I don’t even enjoy it I just do it to prove my worth to myself more or less

Something I would like to mention this did not start until after I Received traumatic brain injury during my time in the service and I’ve visited therapist and all they have given me is antidepressants or anxiety meds that really do nothing for me. Also been told a dozen times that many people suffer with hypersexuality after being abused but no solution. I’m at my wits end with myself I just wish I could not care and enjoy sex like a normal human instead of placing my entire self worth on it and making it the most important thing in my life. Is this something others have faced or something someone could give me advice on where to get help?",
post,CPS,"Kids Always Alone, Seemingly Afraid of Parents, and Physically Abused by Brother (13m)",https://www.reddit.com/r/CPS/comments/14b4407/kids_always_alone_seemingly_afraid_of_parents_and/,2023-06-16 11:24:22 PDT,13," I hate to be another person writing a post asking ""Should I call CPS?"", but here I am.  
I'll preface this by saying my family took in foster children while I was growing up; I have seen it all, heard all the horror stories, and know how hard foster care is for children(especially older ones). I'm educated in child development and have done a lot of research on abuse and neglect and the behaviors associated with it. I worry I'm over-sensitive to the signs and that I have no evidence.

There are four kids ages approximately 13M, 11F, 6M, and 5M. They are all ""Homeschooled"".  
I met the oldest when I first bought my house, and he had just turned 11. He would come up telling me outlandish stories like how he shot a coyote trying to get into my house the night before, he would ask me for food and drinks, try to pick up my baby (2F at the time), and come into my fenced backyard and attempt to come into my house uninvited. He was always running around by himself, doing dangerous things like laying down on a skateboard and letting it roll aimlessly in the middle of our street. He would ask me for money or to take him somewhere. While all of this concerned me and resulted in me not wanting to step foot out my front door, I figured he had behavioral issues and was driving his parents insane too. He stopped coming around as much eventually, and I didn't think much of it.

I'd seen the other kids around a bit, but a couple of months ago my schedule changed and my daughter (4F) asked to play with them, and I reluctantly agreed. We live in a small community and live at the end of a culdesac, the kids live about 6 houses over closer to the road and often play in the middle of the culdesac. I have heard from other neighbors that they just play in the road all of the time and refuse to move when cars are coming or going.  
Shortly after we approached them, I noticed the 6M shoes were not tied and were on the wrong feet, it was making me nervous so I asked if he needed help tying them, to which he responded yes. I decided to put them on the correct feet then too and noticed his shoes are about 2 sizes too small and he had sores all over his feet. I put some ointment on the bad ones and gave him a pair of socks. He was all over me after that 1-2 minute interaction, kissing me on the hand and arm hugging my leg, and just kind of hovering around me.  
The 5M was playing with drumsticks and when my daughter ran up to him asking if she could play too, he smacked her on the arm with the stick. I told him we did not want to play with him if he was going to hurt us(I did not yell or show that I was upset, at all) he looked me in the eye and said ""I'm going f\*\*k your mom"", which was obviously disturbing on so many levels.  
The 11F sees this happening and starts to panic, apologizing for her brother and crying. I told her it was not her fault at all. A few minutes later I see her hitting her shin, full force with a softball-sized rock. Instinctively, I stop her and ask her why she wanted to hurt herself, and she just kept apologizing over and over and asked me not to tell. She had broken the skin a bit before I could stop her, so while this may have been attention-seeking, she was also actually harming herself. She always seems both nervous and desperate to connect with me in conversation and it's obvious she is just trying to say what she thinks I want to hear. It's very clear that she is not getting an age-appropriate education. She says she is working on addition, subtraction, and her handwriting, and the book she said she was reading is 2nd-3rd grade level content.  
Now the most alarming of it all is the 13M. Worth mentioning: He is a BIG kid and I am a very small 30F that's 5'0 weighs less the 100lbs. Throughout all of this, he was calling his siblings stupid, berating the 6M for wanting my attention, and calling his sister fat and annoying. He pushed the 5M onto the ground and kicked him in the stomach, tried to drag the 6M away from me by picking him up by his ear. They mostly seemed unphased by the pain and would just run away from him, pleading he stops. When I would tell him to stop he would say ""We're just playing"" ""I didn't actually hurt him"" and the boys didn't agree but seemed afraid to disagree with him on that. I told the kids they could come play in my driveway but the 13M was not welcome if he was going to hurt people. Since that day he does subtle things to hurt them while I'm around, like he doesn't want me to notice. He'll pinch them really hard, take their toys from them and give them back with force, trip them but make it look like an accident. He has made the knees bleed and their heads hit the pavement and they don't even cry like this is normal.  He'll often talk to himself but it's obviously intended for me to hear and be threatened, and he'll talk about being skilled at using a gun, and things like ""b\*\*ches don't know what I'm cable of"". If this kid ever wanted to hurt me, he easily could, and he makes me feel unsafe.  


We were outside with them for about an hour when their mom finally appears and gets out of the car, claiming she had been watching them from in there because it was cold that day(She would not have been able to see them). She seemed either intoxicated or like she just woke up, maybe both. She went on and on about things like she was trying to convince me she was this super-mom, said she throws a party and gets bounce houses put in the culdesac a couple of times a year (I have lived there over two years at this point, and that never happened). She was hugging them and kissing them, but everything about their behavior screams that they are desperate for affection, so it really felt like a show. I tried to mention her oldest hurting the younger ones and she completely brushed it with a ""boys will be boys"" type attitude. I found myself too afraid to tell her about the daughter hurting herself, as she seemed really afraid of her parents and her brother. The father got home from work during this time in their driveway and it became tense. The boys bent down to stand their scooters up SO quickly. Both the daughter and the mom were smoothing out their clothes and their hair frantically. Everyone was standing up straight all of a sudden. It was so uncomfortable and I have not seen either of them since and the kids are always alone.

  
I have allowed my daughter to play with them two more times since then, and the three younger kids run to my house behind my car every day when I get home. If I have groceries they beg for snacks and drinks, they harass the delivery driver if I order pizza, and beg me to spend time with them. They tell us they love us.  
I am selling my house in the next month or two and feel like I need to do something so that someone is watching out for these kids, but I do not have any proof of anything and I'm honestly afraid the parents or the son will know it was me and retaliate.  


Any advice? I am in a large city in Alabama if that changes anything",
post,offmychest,Sexually abused by brother and then I went on to abuse others,https://www.reddit.com/r/offmychest/comments/13kicoo/sexually_abused_by_brother_and_then_i_went_on_to/,2023-05-17 16:52:34 PDT,3,"TW: abuse, sexual abuse, incest.

This is something that I always thought I’d take to the grave with me. I have so much shame and anger for my actions but it’s taken some years to see there might be a link.

My older brother was a pos there’s no other way to put it. I’m convinced he’s a sociopath. My younger brother and I got the real him whilst growing up he was the golden boy and perfect child to anyone he would meet. He’s charming and has been able to continue the front. We grew up getting regular beatings if we upset him, cussed us out, told us we were nothing. My parents thought the sun shone out his you know what so sometimes they’d go out and leave us with him. 

When I was 12/13 I had two friends. One girl would visit my house and want to try things (kissing) I guess I was curious and I obviously wanted to make her happy. My other friend I’d grown up with was younger around  10. She approached me one day and said she wanted to try something that she had been doing with a boy. This was engaging in touching and kissing and again I went along with it. I didn’t know why I just knew I wanted to do it more. Sometimes when she wanted to stop I’d push her to continue for a bit longer. I found out from her cousins later that she had also introduced them to this activity too. My anger and shame lies in not stopping when she wanted. It was touching over clothes but I feel such shame and anger at myself. I don’t know why behaved that way. I don’t know if she’ll ever forgive me. I hate myself sometimes thinking the trauma I probably gave her. I was older and should have been better. In the end her mother told my mother and my mother had a talk with me about how I couldn’t do those things and i remember for some reason not quite understanding but that was the last contact I had with her. Rightly so. 

Then some years back a memory came to the surface. It was my older brother and we were under the duvet that he kept using to cover me with so he could touch me and I remember telling him I couldn’t breathe and not quite understanding what was happening. I don’t know the extent of what happened or if he went further but I think my mind locked the memory for a reason and tbh I prefer it this way. I recently found out that my brother had been sexually abusing my younger brother much more worse. I feel sick thinking about it and I’m angry at myself and my useless parents. I think whatever abuse I was going through I was clearly hyperactive because of it and using these behaviours in my friendships .

I remember my older brother just being super protective of me growing up and one time in my later years I once woke up slightly only to see him standing in my room just staring at me sleeping. I never quite forgot it that’s how much it unsettled me. I’ve never told a single soul this . I think I’ll always carry the shame and guilt and I know I deserve it.",
post,relationships,"Me F18 have been SA, mentally and physically abused by brother M22 throughout my childhood. I need advice on how to deal with this.",https://www.reddit.com/r/relationships/comments/13gqdil/me_f18_have_been_sa_mentally_and_physically/,2023-05-13 12:26:30 PDT,1,[removed],
post,DirtySnapchat,42[m4f] abused by brother and sister when I was 10 - 17 yold... come chat,https://www.reddit.com/r/DirtySnapchat/comments/10os9aa/42m4f_abused_by_brother_and_sister_when_i_was_10/,2023-01-29 20:07:55 PST,1,[deleted],
post,newtimes,Daughters are abused by brother but mother fawns over him,https://www.reddit.com/r/newtimes/comments/105n5l5/daughters_are_abused_by_brother_but_mother_fawns/,2023-01-07 03:44:03 PST,1,,https://v.redd.it/3aqe1p79hgaa1
post,CompulsiveSkinPicking,I think my brother triggers me,https://www.reddit.com/r/CompulsiveSkinPicking/comments/zx2hue/i_think_my_brother_triggers_me/,2022-12-27 22:29:39 PST,1,"It’s getting bad again. Sorry my foot is dirty and dry. Long story short I grew up around abuse from brother B.) whose target I was. He was bipolar (now borderline schizophrenic) and very unstable and also 11 years older than me. Brother A.) is twelve years older than me. I have memories of brother A &amp; B fist fighting on the floor and I thought B was killing A (my “good” brother). I didn’t understand why my family was killing one another and I think that caused a lot of instability in my thinking of the family unit and beyond. If family killed family where was I safe?  My skin picking began around this time as well. Brother B.) was the instigator of the fights and my bully. But he is not the brother that is triggering me. 

Brother A was the best big brother I could have asked for. He was loving, thoughtful and kind. He bought me my first bicycle, got me my first Big Mac and for a while we were like twins spectated by 12 years. Laughing at the joke and adding on to it when everyone stopped laughing but we could hardly breathe. I miss that brother a lot. 

Somewhere down the line brother A turned into a very angry and miserable person. He hates his job. He doesn’t love his wife. He’s addicted to marijuana (and I mean this, he has CHS which I also have and smoking marijuana can kill us—I’ve been sober 16 months) and is a “functioning” alcoholic. Brother B is an alcoholic as well but he at least TRIES to better his situation, he goes to therapy and takes meds and shit. Brother A and Brother B often get together and drink, which is beyond toxic but that’s another story. They’re both middle aged men that never got past the party stage of their teens. I know how hard addiction is, how hard it is to have people hate you for something you can’t help. I am sad for both of my brothers, but I’ve never been close to brother B. I feel sad for brother A for fucking up, but I’m also angry at him for being sick a vile human and for taking who my brother was from me. 

Last Christmas I went with my SIL to buy my nephew a bike. I went inside their house for a little bit. He offered me weed even though he’s seen me in the hospital because of it and I said no. Which is huge!  I’d avoided their house because they both smoke a lot of weed and I use to smoke with them so the setting doesn’t feel right in keeping with my sobriety. I’ve known my SIL since I was literally five or six and she use to be like a best friend to me. But 
Well brother A starts yelling at her right in front of me. Straight up verbal abuse. We get in the car to leave and I’m like dude what the fuck was that?  And she laughed it off.   Once we got into the store I started having a panic attack. I even thought about getting an Uber from the store to their house to get my car and go home. I did not want to be in that store, my fight or flight response was through the roof. My SIL acted like I was making a big deal out of it (cause she’s so god damn use to the abuse!  But tbh they’re codependent and she can be abusive as well—though I think hers is more self defensive).  I told her she needed to leave my brother or he will die. I told her we could split an apartment and I’d help her with the kids. I don’t want them to spend their entire lives fucked in the head like me trying to unfuck themselves for 20+ years over something that happened in a 10 year time frame. But she won’t leave him. Her excuse is that she is dumb. She is not dumb. This was a year ago. I love plushes and was going to buy one that day but SIL said she would buy it and give it to me for Christmas. She did. I don’t sleep with that plush, it gives me memories of that day and the panic attack. 

Anyway, today I picked up one of their kids to take them on an outing. I was around their kids for a long time until he threw me away. It was also my niece’s birthday not long ago so I told her we would do something alone without you her sibling because duh she’s a teen and her little sibling is like “so annoying”.  We went to a museum. Afterwards I bought us her favorite fast food, we ate and I drove her home. She must’ve thanked me for taking her out and buying her food at least ten times. I kid you not. I mentioned hoping to inspire her to start her own rock collection (I showed her my collection, and we had purchased a few rocks at the museum) and she said “yes. You inspire me to do a lot of things.”  Now, I am a cold blooded individual. Not really lol. But I get very depressed sometimes and think no one would give two shits if I fell off the face of the earth, then I realize I do have people (nieces and nephews, students etc) that love me whose lives I’ve made a difference in. 

I walk my niece to her door and my brother takes a while to open it. My niece says he’s probably taking a nap. He drinks a lot and smokes a lot of weed so yeah probably. She says he sleeps through earthquakes. Their dog starts barking loudly and I’m like I don’t think he can sleep through that and she’s like “yeah he can” and the whole time I’m like man. This poor kid. What kind of shit has she seen? 

My brother opens the door (brother A in case anyone is wondering) my purse is in the car and I’m really just trying to drop my niece off but I thought he’d ask me to come in, I’d stay five minutes, explain my shit is in my car and go home. Instead he stands there between the door like he doesn’t want me to come in (when I picked my niece up earlier, her mom was home and she has manners enough to be like come in) and I’m like ooooookay. And then I tell him “we are still going out on Saturday. Today was a misunderstanding” (best friend and I have nieces around the same age, we were going to take them to a museum on Saturday but I didn’t know she was bringing her niece today, so when I saw the niece I asked if we could go pick up my niece—this got lost in translation during us making the plans, I thought it was just going to be my best friend and I.  So my niece had to hurry and shower cause she’s less than a half hour from my house. I’d asked my brother and his wife if I could take niece out alone without younger sibling (as a late birthday) and take them out together on a seperate occasion. I even asked which order they’d prefer me to do this in. They were like just start takin’ ‘em!  I’m like oooookay!

I’m still kind of processing that my niece who is quiet and awkward has just said this very meaningful thing to me and she goes inside and waves at me from behind my brother. I tell him we still have the original plans from Saturday (today was kind of impromptu) and he was like…”SATURDAY? No. This was your time.” And I’m just like what? We spent like 5 hours together. Still weirdly standing between the door and I’m like okay bye. 

Niece texts me right when I leave to thank me AGAIN. And I tell her that what she said was the nicest thing I’ve heard in a while and I thank her. And she says “it’s true, most of the things I like are because of you.” I really never knew she felt this way. Because my brother and I have grown apart and I’m never invited over and they never come over. I have missed most of younger siblings childhood. 

I come home and tell my mom about how he stood in the middle of the door and didn’t ask me to come in. He didn’t thank me for taking my niece out, buying her ticket, buying her dinner. She says that’s how he makes her feel all the time. I immediately grab the clippers and start breaking the skin of my heel. Which I only do when I am really stressed. Which I wasn’t aware that I was. But I think my brother triggers me. I feel like I grew up scared and abused by brother B but lucky I had a brother like brother A and I’m mad at him for becoming brother B and worse. Even though brother B was the source of my childhood trauma, watching brother A become like him well after adulthood because of addiction and generally hating his life and thinking everyone else are the assholes not him.  I can’t stop thinking about my niece and how she was so thankful for the bare minimum. I think she was thankful to not be left alone in the house with my brother while her mom was at work. She’s told her mother to leave my brother and “marry a rich old man”. She was twelve or maybe younger when she said this. My brother cried victim for so long about the way we were raised and how he thought our parents were so shitty (they weren’t, but it’s a good thing to point your finger at as an explanation for binge drinking) and he turns around and amps the awful parenting off the charts. My parents never got shit faced, they never smoked, they didn’t do drugs, they didn’t fight in front of us, my dad and my never got physical with one another. I’m sure they had their problems like all couples do but they bickered behind closed doors. I wince and the thought of the shit my niece and nephew have had to see. I’m stuck between feeling pitty for him because I know what addiction is like, and angry that he is an addict and it’s so confusing!  He’s an awful father, husband, brother and son. Part of me hates him and I wish I could just pound my hands on his chest and ask him what the fuck he did to the brother that tricked me into thinking my birthday present was a bag of chips until I realized there were miniature golfing tickets taped to the bag. My brother brings back a flood of bad memories from my childhood. I never became close to brother B because of the abuse I endured from him and as a result of the stress in the house in my formative years. I don’t feel like I ever lost brother B because he never felt like a brother. He felt like a monster. He felt like the dark under my bed when my legs dangled over the edge and I thought something might grab them. I never lost brother B because brother B never acted like my brother. He doesn’t get an emotional response from me because I really don’t care about him. I’m glad he’s doing better, I’m glad he tries, but I feel nothing when I see him. But brother A is giving me panic attacks. Brother A is making me pick my skin off. And I’m trying to wrap my head around all of my emotions, but a majority of my emotions are just anger. I feel like who brother B is now swallowed my loving brother whole and killed him. He is never coming back. I have had to bury him mentally many moons ago. His presence just makes me so upset and I’m trying to be rational and figure out why. Maybe he personifies instability, and brings back memories of my childhood and how he was suppose to be “good” and now he is “bad”. He personifies that even what is stable can become unstable. I don’t know. But he terrifies me and I feel like I hate him. I hate him for screwing up my niece and nephew. I hate him for keeping them from me. I hate myself for being unable to stop my niece and nephew from being victims of trauma, I hate myself for seeing it happen and not being able to stop it. I hate it all. But I can’t. Because I refuse to become consumed by hatred and addiction and bitterness like my brother did. He was once such a pleasant guy and any remnants of that are gone now.",https://i.redd.it/9sk4kd0ujm8a1.jpg
post,teenagers,Should I be hated for running away,https://www.reddit.com/r/teenagers/comments/xo4g6z/should_i_be_hated_for_running_away/,2022-09-25 17:54:25 PDT,0,Ok so recently I ran away from my family I had my reasons however. You see ever since I was born my mother and father had a rough relationship to the point that one thing led to another and my father was sent to prison. My mother spent the next few years of our life’s sending me to my grandpas shitty house that was literally falling apart and infested with rats and cockroaches. Eventually she sent me to preschool however she would often pick me up early and bring me to my grandpas. Eventually sue fell In love with a man who would later go on to become my step dad he was really nice at first he seemed to be slightly harsh at times but my mom was to in love to notice they eventually got married and I was the ring-bearer after a few years my step-dad and mom had their first child this is right around the time my father was released from prison and I met him for the very first time when my sister was 1 he’d had fallen in love with my soon to be step-mom and they eventually got married me as the ring-bearer once again. Over time my fathers relationship with my step-mom also devolved and she left and took everything from him I was the only thing left and so my dad moved to my grandpas house which had been torn down and rebuilt/remodeled I wouldn’t get to see him as much anymore and me and him became very distant I actually became distant with everyone. During this time my last sibling would be born a young boy who would go on to be an abusive peace of shit. Eventually my father got up off his dying ass and started his own company going out with several girls until he found one he loved my new step-mom. They got married at my fathers new house and I was happy… or was I? I had Been abused by brother and neglected by the rest of my family for quite some time now. Eventually I couldn’t tell what I was feeling anymore I just felt numb everything was bleak I’d begin to distance myself from everyone I’d stop eating unless fed stopped bathing unless told I was happy but only on the outside nothing mattered anymore so I ran one day I was alone at home and I took off I don’t know why I just couldn’t stop myself.,
post,raperoleplay,f4M no limits - used and abused by brother - Ageplay/incest/taboo,https://www.reddit.com/r/raperoleplay/comments/xhqfxa/f4m_no_limits_used_and_abused_by_brother/,2022-09-18 12:59:38 PDT,7,[deleted],
post,TabooRolePlaynsfw,f4M no limits - used and abused by brother - Ageplay/incest/taboo,https://www.reddit.com/r/TabooRolePlaynsfw/comments/xhqerz/f4m_no_limits_used_and_abused_by_brother/,2022-09-18 12:58:15 PDT,22,[removed],
post,NoFap,Not Experiencing Anything Anymore. (Possible Flatline),https://www.reddit.com/r/NoFap/comments/wwc97j/not_experiencing_anything_anymore_possible/,2022-08-23 23:45:37 PDT,1,"Hey there everyone, I've been on NoFap for around a month now, and was addicted to pornography for around 4 years. I got addicted at 18 years old, and now I'm 22.

My first week, I didn't feel anything at all. But until I reached my 2nd week I felt really confident to go anywhere. I started exercising, and was able to have and keep a conversation with a stranger in public. But, until I reached my 3rd week, I noticed something was off. I didn't feel motivated to do anything anymore, nor do I have the confidence at all. I just started a new job and everyday is tiring.

I'm not sure if this the flatline but, I've been feeling very depressed, self hatred, and have been idealizing suicide before and after I started NoFap. I don't know what's wrong with me.

I want to share my childhood trauma so I can help you understand my situation. And I'll keep it short, I promise.

&amp;#x200B;

Throughout my childhood I was narcissisticly abused by brother and my mother. My mother put me on medication for autism which I didn't need. She succeeded in diagnosing me with autism when I was young. Since that day, my mother has been receiving disability checks and has been saving for years. She has so much money and she never used for me. She would tell me that I can't do anything because of this disability i supposedly had. After receiving these medications, I started to quite odd, and say things really strange, and bother people in my class. My brother was supposed to be there for me but all did was tell me that I was ""fucked in the head"". My father to angry with both of them and left me to focus on his health from all the anger. I wanted to spend with me but there moments he would scream at me. He didn't want to leave me, but as adult I could understand why he left. I probably wouldn't have a dad right now, if he stayed.

When I say this next thing, I don't think It's my depression trying to remember the bad side of childhood. There was a few wonderful moments where I had that remember that were nice.

Every teacher I had was absolutely tired with me. There where teachers that ignored when I asked a question. I took out all my anger out on everyone. My parents, teachers, friends, classmates, cousins. I physically punched other kids, made people bleed, sexually harassed people, I treated animals horribly. I truly don't deserve to live for the things I've did when I was young. The only warmth I felt 90% was in pornography. The first time I saw Pornography, I felt scared, confused, but I felt wonderful, I felt like I was loved. I was around 10 years old.

&amp;#x200B;

Every girl I had on crushed on ended horribly. Like an episode of Black Mirror.

&amp;#x200B;

When I was started my senior of high school, a family friend of mine died. He was very close with my brother, and he saw me as a way to take out his anger all over again. I had to walk through all those halls feeling confused why I feel this way. I felt nothing but grief and anger everyday. My brother didn't care, I know it. I developed feeling for my friend in my class. Me and her were like best friend. When I confessed to her the whole class heard and it was embarrassing. I stopped talking to her, because I need space.

When prom came, I had a horrible time. All my friends had dates, I came in early I think. I was quite alone. That night I attended this after prom party my friends and I got a ride with them. I saw my friend walking around, the one I had a crush on. I knew in my gut this night wouldn't end right.

At this point I didn't have feeling for her anymore, and I felt a little relived I could walk around school easier now.

By the end of the party I saw my her and my guy best friend making out.

Nobody was watching them, everyone was glancing at me. Because everyone knew. And he did to.

It was the most embarrassing moment of my life.

I wanted to know if my friend was gonna catch a ride home our friends that night so I walked over to him and asked. I started talking to him like bros talk to him, but what she did was pushed me away ""telling me to go away."" ""Get out of her."" She was kinda annoyed with me.

So, I walked to the alcohol table and saw the tequila and I chugged it, and threw to the floor.

I grabbed the other bottle and left the party at 2-3 AM and walk around downtown San Fransisco so drunk. I was screaming that I hated them. And I got to a bridge I started crying. I was going to kill myself that night. But, I stopped and took an Uber home. I wanted one more week to live before I kill myself. I think this is where my addiction started.

&amp;#x200B;

There has to be a reason to live and to keep going before actually I kill myself this time.",
post,domesticviolence,Girlfriend abused by brother,https://www.reddit.com/r/domesticviolence/comments/utwcnk/girlfriend_abused_by_brother/,2022-05-20 06:44:03 PDT,2,[removed],
post,homestuck,Fanfictions searching,https://www.reddit.com/r/homestuck/comments/tjokj9/fanfictions_searching/,2022-03-21 16:01:16 PDT,2,"Hi everyone. I hope it's the right channel to ask this. 

I'm searching for a fanfic i read few years ago. It's a DaveKat one shot, published in AO3 or fanfiction.net. the different part of the fic are not in the right order and there are a lot of parentheses.
For the story, they are on the meteor. From what i remember of the story, Karkat discover that Dave was abused by brother. Also, Sollux has download all the human internet and Karkat made research on the way human have sex 
It's all i remember, if you can help, it'll ne awsome ! 

Have a good night ^^",
post,raisedbynarcissists,When people ask about your family…,https://www.reddit.com/r/raisedbynarcissists/comments/swr6qs/when_people_ask_about_your_family/,2022-02-19 19:04:48 PST,4,"How do you respond when asked about your family? I’m in my late 20’s and feel as if I’ve been brainwashed my entire life. The family I thought I had was only an illusion. I recently discovered that my mom demonstrates covert narcissism but not diagnosed, my dad was physically abusive and did everything he could to be away from home. And I have reason to believe I was sexually abused by brother when I was a toddler. So when someone asks about my family, I put on a fake smile and act like everything is great. How do you answer this without being completely honest? (I don’t need sympathy just curious how others respond to this)",
post,family,Sometimes I want to text my parents but then I remember all the shit they gave me for having a bad attitude when the attitude was probably caused by them letting my brother emotionally &amp; mentally abuse me for years even though I constantly begged for help.,https://www.reddit.com/r/family/comments/qour3g/sometimes_i_want_to_text_my_parents_but_then_i/,2021-11-07 10:37:27 PST,16,"TW/talk of rape/threats/death/suicide/weapons. I know this could be on r/venting but it’s so family related. LONG READ

My dad gets it and let’s me actually speak to him about it but he claims he didn’t fully know anything. 

I had to ask my mom to admit outloud to me that my brother abused me and she could barely do that. 

My mom claims she always asked my dad for help in talking to him/sending him to therapy/anything in general.

But IMO they were too busy hating each other to really listen to what they were talking about so it was constantly in one ear it the other.

Both of them have spoken to my brother countless times but it always ended up in brother speaking about his struggles and my parents just telling him not to treat me like that or even probably not talking about me in general.

My brother is two years older than me. At the time growing up for me the abuse happened from when I was, maybe in 6th grade up until I stopped speaking to him. The total span of time I can’t really pinpoint but it’s between 7-10 yrs.

I don’t even remember how it started. He was the first person to ever call me a bitch/whore/slut/fat. Yet he would days later end up beating his friend up for calling me fat. Not even beat up, he took a homemade whip and chased him down on a bike. Was made out of rope, knots and duck tape. I felt a lot of fear and love for my brother because the good times with him were fun but he could turn so nasty so quick. No moment was ever safe with him. 

We used to have family meetings which anyone in my family was allowed to storm out of except for me. (Mom or dad or either brother, I’m the youngest.)

Me trying to leave would result in my dad or my shit brother (the one that abused me) chasing me up the stairs and beating down my bedroom door to get me. 

I learned how to push myself against my bed and my legs against the door to hold them out. 

Everyone was present for these things yet no one “remembers.”

Good brother was so unaware because he was never home and already so checked out of the family. I don’t blame him for shit that dude had his own crap and we vent about how fucked out fam is when we get together. We both dragged ourselves out of that house and religion at the same time.

Also so everyone knows.

Good brother is the oldest, shit brother is middle and I am the youngest. We were each born two years apart from the other.

Shit brother got progressively worse over the years. I was always home alone with him and that’s when shit would happen the most. I’d always call my mom for help or support, never the police. I was too scared and honestly did not see it as a viable option at the time.

My mom got cheated on by my dad (emotionally so he claims) so she was pretty checked out of it and always hating him but staying when she really wanted to move back with family and take us all. Which she constantly told us about.

My shit brother would, stab things, punch holes in walls, reload/cock guns in his room so I could hear it. Scream in the basement to loud music to scare me. Threaten to kill my pets or myself and tell me how he would do it. 

One time I knocked on the door (after my mother told me to be careful) just to him I had to pee so he was aware someone was waiting. He immediately opened the door (so he was already done) and told me how much pleasure he would take in shoving me down the stairs and watching my skull crack open and bleed out. My mom was there. She didn’t do anything except tell him to go away.  Later on in life I brought it up to him and he didn’t remember and said it wasn’t true and my mom had to tell him she was there for it.

I realize my mom was probably scared of him to as he also spoke to her as cruel and disgustingly. (He often spoke to us about how we deserved to be raped and put in our place, how we are emotional women who are weak and can’t be trusted.)

He’s had a lot of womanly heart break but I also think him seeing my dad treat us some ways didn’t help.

We all grew up Christian. My mom more hard core than anyone. Doctors were not a first thing unless an emergency. Also me with depression and anxiety (which now I’m learning is more like autism/adhd/ocd so woohoo.) her answer was to eat/sleep/pray better first. As was her answer to pray the firey darts from satan away whenever I got unholy thoughts about woman. (Back then I was a girl, I now identify as non-binary with feminine shenanigans that I’m okay with.) 

I’ve had him almost pull a gun on me in broad daylight middle of our small town after he ripped me out of the car because I told him I didn’t need him to speak for me when I was trying to talk to my mom and he started repeating what I said to her as if I wasn’t there. He had his hand on his conceal and carry (I know) and said we were lucky we were in public or it would be out. Meanwhile my mom had previously exited the car and was blocks away on the phone bc some spam person called her and even then they asked if we needed help because he could hear us screaming. She chose that time to bitch about her horrible children instead of staying yes.

My mom was the only person in the house who told anyone to stop when it came to me and everyone resented her for protecting me. But in the midst of her protecting me she used me for her own plans. She relied on me emotionally to makeup for the lack of my dad. She bitched to me about everyone and everything and treated me like her best friend after her best friend and her stopped being friends. Got my doormat qualities from her. 

There’s so much more….but the point is. I already know I was the scapegoat and I was born to burn in that situation and I did the best I could and it wasn’t my fault. I know all that and I’ve been in therapy 3 years. I’m doing all the things I should be doing and I’m doing really good now considering the suicidal attempt I almost had a few months back. (I just ended up sitting at the lake instead of drowning myself in it)

Despite no speaking to my family except for my dad and good brother occasionally. I blocked my mom last month and that really really helped. And I have a wonderful partner and bestfriend that helps me so fucking much. With money/support/love ect bc I’ve been out of work due to wanting to die and not being able to keep up with life anymore. They are very supportive of me and my break and don’t even think about rushing me. So considering the shit life start I had I am very grateful with how far I’ve come and how much I’ve overcome. And I recognize that.

But I don’t know what to do now…with them. I feel like I could easily go without talking to my mom for a few months, and was thinking to do so bc I just started working part time again and I’m moving soon so I figured the less stress the better. But I also feel like fuck you I wanna disappear for years!!! I used to beg her to let me live with relatives or put in up for adoption. When I was a teenager dude. I didn’t want to live until I moved out two years ago. I haven’t spoken to my shit brother in four years other than a handful of times I couldn’t get out of it. But it was always to tell him off so it’s whatever. I even confronted him a few months ago if he ever raped me bc of all the rape dreams I had due to all the shit he said. And he came out as worrying about being a pedo and he already gave me those vibes and made me feel uncomfy if you know what I mean. Just my body reacted uncomfortably around him too.l even before he ever said anything. He said he didn’t but then went into his usual speak about knowing he’s a monster and ruining my life and how he’s having a hard time with god and his internal shit. Which is the normal cycle for him so who knows.


I just don’t know what to do about my mom. I have more of a bond with her than my dad.

My dad is trying to make up for not being there and he’s honestly doing it in a way I can handle. He’s been supportive the last years with helping me move and money and listening support and apologies. 

They all still live in the same house btw all the parents and bros. 

But my mom and I were close but after moving out that whole picture shattered bc I got to actually look at it and omg it’s fucked up.

But I miss her. But I also told her bitch you need therapy and I can’t do this same old convo/dance with you until maybe you actually get it.

I’m afraid they are all going to die in that house. There’s a physical weight on your shoulders. Everyone’s abuse in that house has manifested into a dark entity I swear. Maybe I should sneak in one day when everyone gone and sage it.


Idk any advice would be nice on time or convos. I want to write letters and just send them but at the same time I don’t. I am conflicted bc she’s 62 and went thru a cancer scare years ago and beat it and is in good health now other than a lot of physical body pain that she’s always kind of had for while now. Just don’t want to take time away to heal but be gone to long and not be able to make amends and miss out on having a relationship with her but I can’t handle her denial and always buying me things when w never really speak. I just want her to have a good life for once but I feel like I won’t enjoy mine if I try and be apart of hers..

TD;DR

Youngest sibling aka me grew up in house where I was scapegoated by everyone and mentally/emotionally abused by brother. Don’t want to text my mom bc I see how toxic our relationship was and she let my brothers abuse go on more than anyone’s but it was bc of her getting abused by bro and dad? Blocked mom rn bc space and I am mentally unwell and focusing on healing. Miss her but don’t know how long to wait and feels bad waiting a long time bc she’s 62 and already deals with lots of pain.",
post,rapecounseling,Sexually abused by brother,https://www.reddit.com/r/rapecounseling/comments/qmmorp/sexually_abused_by_brother/,2021-11-04 08:09:44 PDT,13,"Hey everyone, I am new to Reddit, but I really needed to share this story that has been heavy on me lately. Hopefully this story can serve as encouragement to other survivors who feel that they have nobody to talk to. 

So, when I was a kid around 8 or 9, my older brother, who I shared a room with, began to talk about sex a lot. The abuse started as grooming first, it felt innocent to me initially. But when he took it further, I began to feel nasty, like something wasn't right... 

One day while we were at a friend's house on his trampoline, they (my brother and our friend) began talking about porn. Being the curious kid I was, and wanting to be knowledgeable in their ""cool"" older kid stuff, I began to demand an answer. They said, ""oh it's just where you watch naked people."" I wasn't that interested, but they were. My brother said, ""let's watch some!"" So we went to the friend's bedroom and turned on some porn, I said ""why are we watching this, isn't it bad?"" They replied, ""no it's just funny.""

 But they got bored of the ""funny video"" and my brother suggested the friend and I take down our pants. Me and the friend both said ""no, that's gay... quit being so gay."" (keep in mind that we thought gay people were bad and that the being ""gay"" was insulting and bad), my brother's response still sends me chills. ""It's not gay, it just feels good."" With that philosophy, me and the friend were fooled into being assaulted. My brother kept this behavior up at home too. The bed would shake, I'd ask what was happening and he said that he was practicing for sex... One night, he invited me to do the same, I had no idea what that implied. This kept up infrequently until I was 11. I felt so disgusting, and how I hated him! The last assault was while he was a freshmen in high school. He told me before it happened that he was going to invite a girl over to ""finger-bang,"" and would lock me in the garage with twenty bucks. This didn't happen, so in his mind I would suffice for his sexual urges... He told me that he was sorry, but also said, ""forget this happened."" Not to mention that he always told me not to tell on him.

This trauma led me to seek the one comfort I knew, sex. I began masturbating weekly at 9, and began watching porn at 10 or 11. I was doing this stuff daily, and it tore me up. I have been home-schooled nearly my entire life (15 now) but last year went to the high school for only 3 weeks. Thank God I didn't stay, because the girls there were horny, and I was a handsome idiot that would've had sex at any opportunity. Luckily, that never happened, because I quickly left due to my social issues (also probably caused by my brother and the resulting sex addiction). I will abuse myself as much as I have, but I would've hurt so many girls, because I wouldn't have been loyal or good to them. I am now in a healing process along with a great friend of mine. We are both strong Christians, and I believe that Christianity is the only thing that has kept me together all of these years.

My brother is now in college, and for a while has pursued a relationship with me. I can't do it. I don't care how many similarities we have, he hurt me! Most of the time, I can't even look at his eyes, because I remember his depraved stare too vividly. The friend who was also abused, nearly over-dosed, and I have seriously contemplated suicide... I want to confront my brother, and ask why he did what he did. I want to see him make amends. Sometimes I wonder if he was ever abused, and that's why he hurt me. What's worse, is my fear and strong desire for sexual intimacy. How will I react when I get to have real sex? I find myself fantasizing more about some older woman forcing me into sex than I do real having intimacy (even though I want intimacy more than anything). This fantasy is mainly caused by porn, but also all my brain know about sex is what was forced onto me. Why the hell do I crave a woman to abuse me? It makes me sick, but I think it's because all my body remembers about sex was when it was non-consensual on my part and it felt good. I feel like there are so many things wrong with me, and all the blame is on my brother. I often think about how my life would be perfect if I never was abused by him. Only three people know about these things, my brother and two friends (one of which was the one suffering the same abuse). I want nothing more but to tell my parents, but the story wouldn't make sense unless I included the identity of my abuser. But I still have love for him and don't want to break apart our family.",
post,CPTSD,"DAE: Overwhelmed, left feeling crazy after therapy",https://www.reddit.com/r/CPTSD/comments/qlubrt/dae_overwhelmed_left_feeling_crazy_after_therapy/,2021-11-03 06:21:06 PDT,10,"Hi Everyone, 

I started therapy for CPTSD a couple of months ago because I was sexually abused by brother, physically and emotionally abused by my parents.

 I have been working as a doctor over the last year and obviously covid was stressful. Now I want to change career because I have had a shitty childhood I want to enjoy my life, and do something fun. However currently I feel so overwhelmed I am struggling to make basic descions like replying to emails or texts, the ideas of coming to work is getting harder and harder. I tempted to take sick leave but don’t know if I am being dramatic ? Did anyone else feel like this when going through therapy, confused, overwhelmed and struggled with deciding how to approach life ? If so, how do you do life ? 

I feel myself regressing to being a child almost.",
post,kansailife,6-yr-old girl fatally abused by brother sheds light on 'young carer' issue in Japan - The Mainichi,https://www.reddit.com/r/kansailife/comments/pfo49k/6yrold_girl_fatally_abused_by_brother_sheds_light/,2021-08-31 23:27:19 PDT,6,,https://mainichi.jp/english/articles/20210831/p2a/00m/0na/015000c
post,therapy,bad experiences in my childhood,https://www.reddit.com/r/therapy/comments/pf6t7e/bad_experiences_in_my_childhood/,2021-08-31 07:20:07 PDT,2,"TW: Sexual, abuse.

It all began when I was 6 (male), my cousin (male), who is like a month younger than me, started introducing sexual things to me and I obviously didn’t know anything about it. It start with him getting touchy and then to eventually worse things, so by the time I was 8 I’d already had it. Ever since I was 6, I was also abused by brother physically; he’d hit me everywhere and with anything, he’d lock me up in the bathroom with the lights off, he’d smack my head against the wall, I don’t really remember what else he’d do. My parents had been traveling and were never there for me as I was 6 because they’d always be traveling for important things. I’ve never said this to anyone IRL and this is my first time saying it here.

What I think happened mentally to me because of these things I’ve been through:

I have commitment issues. I never stick with friends or stick with anything really.

I have trust issues which is why I never tell anyone anything.

I became sexually attracted to males because those sexual things were done to me.

I don’t know if I have depression but all I can say is that if I do, I’m too used to it to realize. Here are more examples of why I think I might have it: I lose motivation, I always keep others away, I don’t take care of myself mentally, I’m always quiet because I’m afraid to say something I don’t mean, I always zone out, I always forget things like school stuff, I never think about the future because subconsciously I don’t even want to have one, and I always seem happy to others and make sure they don’t realize something’s wrong with me.

WHY I WROTE THIS?

I’m hoping someone could just let me know if what I feel makes sense because there many other things that happen to me that I just can’t explain.",
post,adultsurvivors,"Sexually abused by brother, facing blackmail if exposured to authorities.",https://www.reddit.com/r/adultsurvivors/comments/p99vlv/sexually_abused_by_brother_facing_blackmail_if/,2021-08-22 03:03:41 PDT,1,[deleted],
post,singapore,Woman sexually abused by brother jailed 5 years for trying to kill son with multiple insulin injections,https://www.reddit.com/r/singapore/comments/n62ug5/woman_sexually_abused_by_brother_jailed_5_years/,2021-05-06 01:52:27 PDT,5,[deleted],https://www.todayonline.com/singapore/woman-sexually-abused-brother-jailed-5-years-trying-kill-son-multiple-insulin-injections
post,SingaporeR,Woman sexually abused by brother jailed 5 years for trying to kill son with multiple insulin injections,https://www.reddit.com/r/SingaporeR/comments/n5dn98/woman_sexually_abused_by_brother_jailed_5_years/,2021-05-05 04:25:42 PDT,1,,https://www.todayonline.com/singapore/woman-sexually-abused-brother-jailed-5-years-trying-kill-son-multiple-insulin-injections
post,adultsurvivors,"[NSFW] Tried to crosspost from r/advice, but couldn't flair post. I've run into a major problem with processing my trauma in therapy and I really need help",https://www.reddit.com/r/adultsurvivors/comments/mlnkhd/nsfw_tried_to_crosspost_from_radvice_but_couldnt/,2021-04-06 15:24:23 PDT,2,"TW for details of childhood sexual trauma



For background information, I (17) was sexually abused by one of my two older brothers when I was 8. I kept it a secret until my parents found out last year after looking through my phone and seeing me vent about it over text. I've been in therapy for it ever since.


Now my therapist wants to work on a trauma narrative, where I write down the specific trauma I went through and eventually my parents will hear it. Before that happens my therapist will spend some sessions with my parents mentally preparing them for what they will hear. I was okay with doing this, initially. But then I uncovered a new traumatic memory. I will go into some detail while describing this, so if that makes you uncomfortable feel free to turn back now.


I remembered that one year ago my other brother (not the one who initially abused me), let's call him Brother 2, masturbated loudly while I was on the phone with him. I was so shocked when it initially happened that I didn't know what to make of it. I was talking to him on the phone (he was 18 or 19 at the time, in college), and then all of a sudden I get interrupted with a loud moaning sound. I'm like ""wtf is that"" and I ask him what that noise is. His voice is muffled but his response sounded something like ""diddling the [inaudible]."" I thought I misheard him, so I asked him again what that sound was, and I heard the same thing. I was still in disbelief, I asked him yet again what the hell that noise was, and I heard the same response. Then the...noises... got louder and I heard him uuuuuuuh.... finish what he was doing, and then he just fucking continued with the conversation as if nothing had happened at all. I was in shock and just found an excuse to hang up as quickly as possible.


I initially tried to brush it off and told myself ""oh lol that was weird haha I'm gonna go laugh about this to my friends now"" and I kind of brushed it off because I didn't know what to think. I was already in the middle of processing major trauma, I couldn't add more to my already full plate. The fucked up thing was that Brother 2 knew about the abuse I had suffered, and that I was processing it, and he still decided to do that shit to me. Now that I'm starting to process those memories, I feel really violated by what happened and I feel uncomfortable around him.


And in case anyone was wondering, no, Brother 2 was not also abused by Brother 1. I considered that as a possibility, but after talking to him and analyzing all the details of our fucked up childhood, it seems extremely unlikely that he was also abused by this person. It would take another long post to explain exactly how I can be sure of that, but all you need to know is that Brother 2 was not abused by Brother 1, and what he did on the phone was not him acting out trauma from being molested. I think the most likely explanation for why he did what he did was that we all grew up in an extremely repressive religious environment with terrible sex education. I left the religion, and Brother 2 also ended up leaving the religion when he was in high school. I became hypersexual after leaving the church and it seems as if he did too. It probably has something to do with trying to take back what the church took from us and forced us to feel guilty about and repress for so long. It is something I still struggle with. Religious trauma and all that shit. It does not excuse what he did, but it explains it.


I can't tell my therapist about this happening because she would be required to report it. She was required to report the abuse I had experienced from Brother 1 even though it had not happened in years and I was not in any danger of it happening again. Having it be reported was a very traumatic experience. I can't go through that again. And I am not ready for my parents to know about this incident with Brother 2. My mom ended up in the psych ward after she found out about Brother 1. Seeing my mom process it was extremely traumatic for me, more traumatic than even the abuse itself was. I cannot go through that a second time. I know some of you are going to say ""bUt yOu hAvE tO tELL tHeM fOr yOuR bEnEfiT, yOu cAnT jUsT kEeP iT a sEcReT tO pRoTeCt tHeM."" Telling my parents wouldn't benefit me either. The first time they found out was traumatic and horrible, it will be even more traumatic and horrible the second time. I know some of you will say ""wELL iF yOu dOnT tELL sOmEoNe, tHeN hE'LL dO iT tO sOmEoNe eLsE."" His actions are not my responsibility and it is pretty shitty to make an abuse victim feel like the responsibility lies on them to prevent their abuser from hurting other people. I have too much on my plate already, so give me a break and don't make me feel responsible for the potential future actions of my abusers. My parents will not find out about this. That is my final decision. End of story.


I'm just torn because without talking about this other event, my trauma narrative would be incomplete and I would feel like I'm lying and faking it. But I cannot tell my therapist about the other event or it have to would be reported. There are also some other things that only my therapist knows, literally no one else on earth knows, that she wants me to eventually include in my trauma narrative. But I don't think I can ever say those things. I planned on taking them to my grave, because they are extremely personal. I won't even anonymously tell strangers on the internet what they are. I would definitely never tell my parents. I don't think I can do this trauma narrative, but at this point even my parents are on board with it and I don't know how to get out of it. It's all going too fast and I'm not ready. It's gotten to a point where saying everything would do more harm than good. I am just not ready at all. But I don't know how to tell my therapist why I don't want to keep doing it without telling her things that would need to be reported. My next appointment is tomorrow and I don't know what to do.",
post,Advice,"[NSFW] i've run into a major problem while processing my trauma in therapy, I really need help",https://www.reddit.com/r/Advice/comments/mlmzxf/nsfw_ive_run_into_a_major_problem_while/,2021-04-06 14:57:09 PDT,0,"TW for childhood sexual trauma



For background information, I (17) was sexually abused by one of my two older brothers when I was 8. I kept it a secret until my parents found out last year after looking through my phone and seeing me vent about it over text. I've been in therapy for it ever since. 

Now my therapist wants to work on a trauma narrative, where I write down the specific trauma I went through and eventually my parents will hear it. Before that happens my therapist will spend some sessions with my parents mentally preparing them for what they will hear. I was okay with doing this, initially. But then I uncovered a new traumatic memory. I will go into some detail while describing this, so if that makes you uncomfortable feel free to turn back now.



I remembered that one year ago my other brother (not the one who initially abused me), let's call him Brother 2, masturbated loudly while I was on the phone with him. I was so shocked when it initially happened that I didn't know what to make of it. I was talking to him on the phone (he was 18 or 19 at the time, in college), and then all of a sudden I get interrupted with a loud moaning sound. I'm like ""wtf is that"" and I ask him what that noise is. His voice is muffled but his response sounded something like ""diddling the [inaudible]."" I thought I misheard him, so I asked him again what that sound was, and I heard the same thing. I was still in disbelief, I asked him yet again what the hell that noise was, and I heard the same response. Then the...noises... got louder and I heard him uuuuuuuh.... finish what he was doing, and then he just fucking continued with the conversation as if nothing had happened at all. I was in shock and just found an excuse to hang up as quickly as possible. 

I initially tried to brush it off and told myself ""oh lol that was weird haha I'm gonna go laugh about this to my friends now"" and I kind of brushed it off because I didn't know what to think. I was already in the middle of processing major trauma, I couldn't add more to my already full plate. The fucked up thing was that Brother 2 knew about the abuse I had suffered, and that I was processing it, and he still decided to do that shit to me.  Now that I'm starting to process those memories, I feel really violated by what happened and I feel uncomfortable around him.

And in case anyone was wondering, no, Brother 2 was not also abused by Brother 1. I considered that as a possibility, but after talking to him and analyzing all the details of our fucked up childhood, it seems extremely unlikely that he was also abused by this person. It would take another long post to explain exactly how I can be sure of that, but all you need to know is that Brother 2 was not abused by Brother 1, and what he did on the phone was not him acting out trauma from being molested. I think the most likely explanation for why he did what he did was that we all grew up in an extremely repressive religious environment with terrible sex education. I left the religion, and Brother 2 also ended up leaving the religion when he was in high school. I became hypersexual after leaving the church and it seems as if he did too. It probably has something to do with trying to take back what the church took from us and forced us to feel guilty about and repress for so long. It is something I still struggle with. Religious trauma and all that shit. It does not excuse what he did, but it explains it.

I can't tell my therapist about this happening because she would be required to report it. She was required to report the abuse I had experienced from Brother 1 even though it had not happened in years and I was not in any danger of it happening again. Having it be reported was a very traumatic experience. I can't go through that again. And I am not ready for my parents to know about this incident with Brother 2. My mom ended up in the psych ward after she found out about Brother 1. Seeing my mom process it was extremely traumatic for me, more traumatic than even the abuse itself was. I cannot go through that a second time. I know some of you are going to say ""bUt yOu hAvE tO tELL tHeM fOr yOuR bEnEfiT, yOu cAnT jUsT kEeP iT a sEcReT tO pRoTeCt tHeM."" Telling my parents wouldn't benefit me either. The first time they found out was traumatic and horrible, it will be even more traumatic and horrible the second time. I know some of you will say ""wELL iF yOu dOnT tELL sOmEoNe, tHeN hE'LL dO iT tO sOmEoNe eLsE."" His actions are not my responsibility and it is pretty shitty to make an abuse victim feel like the responsibility lies on them to prevent their abuser from hurting other people. I have too much on my plate already, so give me a break and don't make me feel responsible for the potential future actions of my abusers. My parents will not find out about this. That is my final decision. End of story.

I'm just torn because without talking about this other event, my trauma narrative would be incomplete and I would feel like I'm lying and faking it. But I cannot tell my therapist about the other event or it have to would be reported. There are also some other things that only my therapist knows, literally no one else on earth knows, that she wants me to eventually include in my trauma narrative. But I don't think I can ever say those things. I planned on taking them to my grave, because they are extremely personal. I won't even anonymously tell strangers on the internet what they are. I would definitely never tell my parents. I don't think I can do this trauma narrative, but at this point even my parents are on board with it and I don't know how to get out of it. It's all going too fast and I'm not ready. It's gotten to a point where saying everything would do more harm than good. I am just not ready at all. But I don't know how to tell my therapist why I don't want to keep doing it without telling her things that would need to be reported. My next appointment is tomorrow and I don't know what to do.",
post,abusesurvivors,Abused by brother ?!,https://www.reddit.com/r/abusesurvivors/comments/lpcn49/abused_by_brother/,2021-02-21 18:13:42 PST,2,"This memory suddenly came back to me out of the blue . When I was 7 my mother bought me a shiny one piece bodysuit, I can remember it clearly it was black velvet with transparent meshing in the front . I was so proud , when mother told me that my 23 year old brother is coming over I jumped excitedly in anticipation to show him how beautiful I looked . When my brother came in and saw me he looked at me with outer disgust and said I looked like a whore . I remember crying and then I don’t know what happened Or what I did wrong but suddenly he grabbed me by the edges of my body suit and lifted me up in the air. I screamed in pain as the rough edges dug deep into my vulva , I keep screaming and begging him to let me go . He just calmly walked across the living room holding me like that , as I agonized. This memory taunts me as I don’t know if it was sexual abuse or just abuse ? I need to know . I can’t remember anything else clearly as my childhood memories are foggy. I just vaguely remember he liked play wrestling with me . A month a go my brother passed away , we haven’t talked for many years and drifted a part due to our huge age gap of 15 years . Last think he said to me before he died was that he was sorry he wasn’t a good brother . I wanted to share here because I don’t know who to talk to if I bring up this memory with my parents they will dismiss it as a silly event . I feel my memory maybe blocking something worse or maybe not i just don’t know what to think",
post,rapecounseling,my abuser is my support system; stuck at home and don't know how to get help,https://www.reddit.com/r/rapecounseling/comments/kfbfbk/my_abuser_is_my_support_system_stuck_at_home_and/,2020-12-17 17:47:03 PST,5," TRIGGER WARNING: rape

So, this is going to be long. I apologize. But this is something I have always kept secret, because I knew if it ever got out, it would hurt people, people I love. So I have bottled it my whole life, but this last year it has been harder to keep in and I don't know what to do.

TLDR: abused by brother as a child now he is my best friend and support system. Struggling with love, hate and resentment for my family. Feel like I am always being taken advantage of but also like i don't have a choice - I have to care for my ill and depressed parents, resenting them for not trying to be healthy. Keeping the abuse a secret to protect my parents from knowing and my brother from dealing with the fallout. Constant nightmares and thoughts of self harm.

It's a long story but I have to start at the beginning for you to understand everything.

I was born to a very poor family. Shortly after I was born my mother became sick, and my father began to have health problems as well. The house fell into disarray as my mother struggled to care for my brother and I, and then my grandmother became sick also, so my mother became her caretaker. We spent all of our time with her, taking care of her while she was emotionally unstable and didn't remember us most of the time. There were fights with extended family over who would take care of her, who was or wasn't pulling their weight. Around that same time my father cheated on my mother, so my parents began fighting, over the cheating as well as the state of the house. We lived in the middle of nowhere and i had no friends, save my brother. 

So I was surrounded by fighting from all the adults around me, I was worried about my parents splitting up and what would happen to me, I felt bad for my mother who had to suffer so much and then the worst thing that could have happened, happened. The one person I thought I could rely on began to abuse me; my bother who was just a few years older than me. It began with beating, then strangling. Then one day he told me all of my imaginary friend would die if I didn't let him molest me. In that moment I had to choose: do i stop believing in both my brother and my imaginary friends in the same day, or do I let him have his way and give into denial? I gave into denial. He would continue to use my imaginary friends, even making me pretend to be different characters, so that I almost lost sense of my own identity. He would force me to give him a blowjob and wouldn't let me stop until I couldn't breathe or threw up, and this all happened on a bed with the springs sticking out and cutting my legs because my family was so poor. This would go on for about three years, he would continue to abuse me and molest me and I would cover it because I was afraid of losing everything. I thought my father would kill my brother, then my parents would get a divorce and my dad would get arrested, I thought my mother would die of a broken heart or kill herself and then no one would be around to take care of me and my grandmother.

 Eventually things resolved - my parents made up, my grandmother passed, my brother stopped hurting me and showed remorse for it, and my family was able to leave our unintentional hoarder house. All through my childhood the one thing that kept me from killing myself or running away was my hope that one day things would be better, that someone would love me for me and I would be able to have my own family, and we would all love each other and prioritize each other. But adulthood isn't what I thought it would be. Fresh out of college I am living at home, with my parents, and I don't have a car or a job so I have no independence, and I don't have any friends in the area. I have never been on a date and I become horribly flustered around guys, I believe because of my trauma I shut down any time I think someone might possibly be showing interest and I almost feel this sort of fight or flight response. So I am worried I will never have the family i always wanted, and also it hurts that no one has ever really wanted me. It makes me wonder what is wrong with me. I have nothing to offer the world, and I often feel worthless. I find it hard to get out of bed. I often wake up with a sense memory of what it was like one time when my brother threw me like a ragdoll. I often hate myself and feel that I deserve to be beaten again. I have nightmares at least once a week about my past, and my fears for the future. To top it off I have developed my own health problems; I have fibromyalgia and spend every second in almost crippling pain.

And the icing on the cake is, I love these people. I care about them. I always did. I always sacrificed and put them first. They will talk to me as a confidante about their problems. I listen and comfort them. They are my support system too. My mother and father have always had bad health and it gets worse every year so I have to pull the weight around the house cooking cleaning. I pour myself out for everyone around me. part of me resents them for not seeing the problems when I was a child, for not being wiser to what was going on, for halfway neglecting me while they dealt with their own issues. For putting so much responsibility on me my whole life. I resent them for not trying harder to make things work and avoid conflict when I have sacrificed to keep our family together. I resent them for not trying harder to be healthy when they know the more unhealthy they are the harder i have to work, and also just that it is painful for me to watch them decline. Over the years, my brother and i made up. He is essentially my best friend sometimes. I don't understand it - how can I love someone who hurt me so much? I both love him and hate him at the same time. I don't want to hate him - but he is why I suffer. yet I want him to be happy, I want to see him be the person I always wanted him to be. Whenever I have told him about anyone being predatory to me (i've been harrassed and groped more than my fair share in my life) he always acts pissed and super protective. He talks to me about his problems and I talk to him about some of mine. Even though i want him to do well in life, I am always pissed seeing him succesful knowing what he did to me, while I can't seem to catch a break. It feels unfair, but then I feel like I shouldn't resent him, like that isn't real forgiveness. I have never brought up what happened when we were children because I have always been afraid it would make him lose any progress he has made in becoming a better person. So I have been a people pleaser. all of my life. I have cooked cleaned, counseled, hung out with, and done everything my family wants. I have walked on eggshells and cried myself to sleep, worn long sleeves to hide where I cut myself, anything to protect them all from the truth. I think if it came out now it would still cause so much damage. My parents had their own share of trauma and abuse before I was born when they were children/teens, so I don't want to make their lived even harder.

But this last year something has changed in me. While I love them, the resentment has been growing; I feel like, while they are always there for me on the surface they also have held me back and turned a blind eye because they didn't want to see. I waver between feeling worthless and angrily wanting my life back, to claim it as MY life and live it the way i want to without constantly worrying about dissapointing anyone, without calculating every move and every word. I just want to live my life. I want to be able to heal. But I don't know how to heal when the people I always go to for advice are the very same people who have made me this broken. Things are messy. Things aren't black and white. These people are both horribly dissappointing and also broken and worthy of love. I feel like I have no one, and yet I feel too uncertain to stand on my own two feet. And living in their house, and now with my brother visiting for the holidays - I don't know. Quarantine has been almost impossible to get through, and now. I am so conflicted, I want to get help but I am afraid that if I see a psychiatrist they will have to report what happened and the proverbial shit will hit the fan. I also don't know how to ask for help because if i tell my parents i need help, they are going to want to talk me through my problems first. Or, without knowing the severity of they problem, they might not think i really need to go. And I rely on them for a ride. I can't possible let them know the severity without telling the truth either. So I'm lost. So lost. And so conflicted. I feel like I have nothing solid in this world and like no one can truly be trusted and that is the most isolating and painful feeling. I feel like I don't know why I am still living, why I fight so hard to make it through the day despite my physical and mental pain, only to live an empty life where the only people who love me are the people who didn't save me when i needed them most,. I feel like i am living out of obligation, but if I killed myself I would be defeating the purpose of everything I do; it would cause my family pain and no one would be able to take care of them. So this is the bind I am in.

Another painful thing is my parents loved the stories I told as a child, and they keep telling me that they think my true calling is to write these stories. But they don't know those stories are the same ones my brother used to hurt me. So every time they suggest that it's just another crushing blow.

I can't handle this much longer. I feel like I am suffocating. I miss my independence and feel like I will never be happy or get anywhere in life and i will never have anyone to love who didn't hurt me or take advantage of me. I am tired of having the fundamental belief that i am worthless and a second class citizen, not even making friends because I don't want to bother people with my presence, feeling like i am worth less than dirt, constantly thinking about self harm and having nightmares about being raped. But I don't know how to get help. I don't know what to do.",
post,depression,my support system is toxic and my secrets are killing me,https://www.reddit.com/r/depression/comments/kf9tkd/my_support_system_is_toxic_and_my_secrets_are/,2020-12-17 16:14:12 PST,5,"So, this is going to be long. I apologize. But this is something I have always kept secret, because I knew if it ever got out, it would hurt people, people I love. So I have bottled it my whole life, but this last year it has been harder to keep in and I don't know what to do.

TLDR: abused by brother as a child now he is my best friend and support system. Struggling with love, hate and resentment for my family. Feel like I am always being taken advantage of but also like i don't have a choice - I have to care for my ill and depressed parents, resenting them for not trying to be healthy. Keeping the abuse a secret to protect my parents from knowing and my brother from  dealing with the fallout. Constant nightmares and thoughts of self harm. 

It's a long story but I have to start at the beginning for you to understand everything.

I was born to a very poor family. Shortly after I was born my mother became sick, and my father began to have health problems as well. The house fell into disarray as my mother struggled to care for my brother and I, and then my grandmother became sick also, so my mother became her caretaker. We spent all of our time with her, taking care of her while she was emotionally unstable and didn't remember us most of the time. There were fights with extended family over who would take care of her, who was or wasn't pulling their weight. Around that same time my father cheated on my mother, so my parents began fighting, over the cheating as well as the state of the house. We lived in the middle of nowhere and i had no friends, save my brother. So I was surrounded by fighting from all the adults around me, I was worried about my parents splitting up and what would happen to me, I felt bad for my mother who had to suffer so much and then the worst thing that could have happened, happened. The one person I thought I could rely on began to abuse me; my bother who was just a few years older than me. It began with beating, then strangling. Then one day he told me all of my imaginary friend would die if I didn't let him molest me. In that moment I had to choose: do i stop believing in both my brother and my imaginary friends in the same day, or do I let him have his way and give into denial? I gave into denial. He would continue to use my imaginary friends, even making me pretend to be different characters, so that I almost lost sense of my own identity. This would go on for about three years, he would continue to abuse me and molest me and I would cover it because I was afraid of losing everything. I thought my father would kill my brother, then my parents would get a divorce and my dad would get arrested, I thought my mother would die of a broken heart or kill herself and then no one would be around to take care of me and my grandmother. Eventually things resolved - my parents made up, my grandmother passed, my brother stopped hurting me and showed remorse for it, and my family was able to leave our unintentional hoarder house. All through my childhood the one thing that kept me from killing myself or running away was my hope that one day things would be better, that someone would love me for me and I would be able to have my own family, and we would all love each other and prioritize each other. But adulthood isn't what I thought it would be. Fresh out of college I am living at home, with my parents, and I don't have a car or a job so I have no independence, and I don't have any friends in the area. I have never been on a date and I become horribly flustered around guys, I believe because of my trauma I shut down any time I think someone might possibly be showing interest and I almost feel this sort of fight or flight response. So I am worried I will never have the family i always wanted, and also it hurts that no one has ever really wanted me. It makes me wonder what is wrong with me. I have nothing to offer the world, and I often feel worthless. I find it hard to get out of bed. I often wake up with a sense memory of what it was like one time when my brother threw me like a ragdoll. I often hate myself and feel that I deserve to be beaten again. I have nightmares at least once a week about my past, and my fears for the future.  To top it off I have developed my own health problems; I have fibromyalgia and spend every second in almost crippling pain.

&amp;#x200B;

And the icing on the cake is, I love these people. I care about them. I always did. I always sacrificed and put them first. They will talk to me as a confidante about their problems. I listen and comfort them. They are my support system too. My mother and father have always had bad health and it gets worse every year so I have to pull the weight around the house cooking cleaning. I pour myself out for everyone around me. part of me resents them for not seeing the problems when I was a child, for not being wiser to what was going on, for halfway neglecting me while they dealt with their own issues. For putting so much responsibility on me my whole life. I resent them for not trying harder to make things work and avoid conflict when I have sacrificed to keep our family together. I resent them for not trying harder to be healthy when they know the more unhealthy they are the harder i have to work, and also just that it is painful for me to watch them decline. Over the years, my brother and i made up. He is essentially my best friend sometimes. I don't understand it - how can I love someone who hurt me so much? I both love him and hate him at the same time. I don't want to hate him  - but he is why I suffer. yet I want him to be happy, I want  to see him be the person I always wanted him to be. Whenever I have told him about anyone being predatory to me (i've been harrassed and groped more than my fair share in my life) he always acts pissed and super protective. He talks to me about his problems and I talk to him about some of mine. Even though i want him to do well in life, I am always pissed seeing him succesful knowing what he did to me, while I can't seem to catch a break. It feels unfair, but then I feel like I shouldn't resent him, like that isn't real forgiveness. I have never brought up what happened when we were children because I have always been afraid it would make him lose any progress he has made in becoming a better person. So I have been a people pleaser. all of my life. I have cooked cleaned, counseled, hung out with, and done everything my family wants. I have walked on eggshells and cried myself to sleep, worn long sleeves to hide where I cut myself, anything to protect them all from the truth. I think if it came out now it would still cause so much damage. My parents had their own share of trauma and abuse before I was born when they were children/teens, so  I don't want to make their lived even harder. 

But this last year something has changed in me. While I love them, the resentment has been growing; I feel like, while they are always there for me on the surface they also have held me back and turned a blind eye because they didn't want to see. I waver between feeling worthless and angrily wanting my  life back, to claim it as MY life and live it the way i want to without constantly worrying about dissapointing anyone, without calculating every move and every word. I just want to live my life. I want to be able to heal. But I don't know how to heal when the people I always go to for advice are the very same people who have made me this broken. Things are messy. Things aren't black and white. These people are both  horribly dissappointing and also broken and worthy of love. I feel like I have no one, and yet I feel too uncertain to stand on my own two feet. And living in their house, and now with my brother visiting for the holidays - I don't know. Quarantine has been almost impossible to get through, and now. I am so conflicted, I want to get help but I am afraid that if I see a psychiatrist they will have to report what happened and the proverbial shit will hit the fan.  I also don't know how to ask for help because if i tell my parents i need help, they are going to want to talk me through my problems first. Or, without knowing the severity of they problem, they might not think i really need to go. And I rely on them for a ride. I can't possible let them know the severity without telling the truth either. So I'm lost. So lost. And so conflicted. I feel like I have nothing solid in this world and like no one can truly be trusted and that is the most isolating and painful feeling. I feel like I don't know why I am still living, why I fight so hard to make it through the day despite my physical and mental pain, only to live an empty life where the only people who love me are the people who didn't save me when i needed them most,. I feel like i am living out of obligation, but if I killed myself I would be defeating the purpose of everything I do; it would cause my family pain and no one would be able to take care of them. So this is the bind I am in. 

Another painful thing is my parents loved the stories I told as a child, and they keep telling me that they think my true calling is to write these stories. But they don't know those stories are the same ones my brother used to hurt me. So every time they suggest that it's just another crushing blow.

&amp;#x200B;

I can't handle this much longer. I feel like I am suffocating. I miss my independence and feel like I will never be happy or get anywhere in life and i will never have anyone to love who didn't hurt me or take advantage of me. I am tired of having the fundamental belief that i am worthless and a second class citizen, not even making friends because I don't want to bother people with my presence, feeling like i am worth less than dirt, constantly thinking about self harm and having nightmares about being raped. But I don't know how to get help. I don't know what to do.",
post,TooAfraidToAsk,"Are these symptoms of abuse/neglect or did everyone experience this? TW: sexual abuse, violence",https://www.reddit.com/r/TooAfraidToAsk/comments/jj5b70/are_these_symptoms_of_abuseneglect_or_did/,2020-10-27 10:14:43 PDT,5,"For context, I was sexually abused by brother and cousin as a child. They were about 11-12 and I was about 5. I had a very lonely (and maybe neglected?) childhood. I was also physically abused for a short period of time, during my 4th and 5th grade years. 

The more I read about other people’s experiences with abuse, the more odd things I remember from my childhood. Are these normal parts of everyone’s childhood, or was my experience worse than I thought? 

1: Masturbation

I started touching myself at a very early age. It wasn’t sexual or for pleasure, but I would spend a lot of time just rubbing or feeling myself. 

2: Independence very early on

I didn’t have a choice. I was given an alarm clock and told to get up and dress myself every morning. Most the time it was just me and my brother getting ready for school. I’d wear dirty clothes that didn’t match or fit me. I also never brushed my hair or teeth. I learned how to entertain myself and was left alone with my brother constantly. 

3: Unregulated access to danger

Because I was left alone a lot, I was in a lot of dangerous situations. I used to climb 2 stories of construction scaffolding like a jungle gym.

4:Building on the last point, I was able to leave the house whenever I wanted 

When I was 4, I left and went to a random woman’s house. The cops brought me home and I got yelled at. 


5: Collecting/hoarding random and useless things

I used to keep random shit and couldn’t let it go. I used to keep energy drink cans and other “grown up” things in my room because I wanted to seem cool. It’s still really hard for me to throw things away. 

6: Being mature for my age 

I was forced to grow up really quickly. I knew and talked about current politics, the economy, sex, swear words, mental illness, suicide, death, murder, debt, bills, etc. 

7: Needing to be the center of attention

I’ve gotten better about it, but I often butt into conversations to direct attention to myself. Sometimes I’ll think of something that I know is inappropriate, acknowledge that it’ll probably embarrass me, and then do it anyways because people will laugh. I have no impulse control or filter so I said inappropriate shit all the time without realizing it. 

8: A need to be physically strong 

My brother used to beat the shit out of me, so eventually I got good at inflicting pain. I was so proud that I was tough.

9: De-sensitized to violence 

I was never bothered by people hurting each other. I used to “play fight” with the boys at school and I’d accidentally hurt them. I thought it was normal for playtime to end with tears and bruises. I’d also use pain to get kids to stop doing stuff I didn’t like. Used to scratch, hit, or pinch kids who made fun of me. 


10: Irrational fears 

I had a fear of murderers and rapists. I watched a documentary about a serial killer and it terrified me. I was probably like 9. For weeks, I’d stay up until 3 AM, forcing myself to stay awake until my dad got up for work. I’d go to school exhausted.

Edit: Fixed paragraph spacing",
post,autotldr,Sex abuse royal commission finds Catholic church failed to act against Brisbane brother over abuse complaints,https://www.reddit.com/r/autotldr/comments/jfosqu/sex_abuse_royal_commission_finds_catholic_church/,2020-10-21 17:01:32 PDT,1,"This is the best tl;dr I could make, [original](https://www.abc.net.au/news/2020-10-21/royal-commission-child-sex-abuse-marist-college-ashgrove-patrick/12796692) reduced by 45%. (I'm a bot)
*****
&gt; The royal commission found Brother Michael Hill should have recognised Brother Patrick was potentially a danger.

&gt; Brother Hill told the royal commission he was not aware of any arrangements in place to ensure the staff understood the need for Brother Patrick to be supervised.

&gt; The report concluded that Brother Hill ought to have recognised that Brother Patrick was potentially a danger and that Brother Patrick should have been removed from the school environment altogether.

&gt; &amp;quot;Brother Hill&amp;#039;s failure to take appropriate action meant that children at Ashgrove, including particularly vulnerable children, were at risk of being sexually abused by Brother Patrick,&amp;quot; the report said.

&gt; The royal commission was also critical of the handover process between Brother Turton and Brother Hill.It said complaints were, on occasion, not documented adequately - or at all.

&gt; The current Provincial of the Marist Brothers in Australia, Brother Peter Carroll, delivered an apology at the royal commission&amp;#039;s public hearing.


*****
[**Summary Source**](https://smmry.com/https://www.abc.net.au/news/2020-10-21/royal-commission-child-sex-abuse-marist-college-ashgrove-patrick/12796692) | [FAQ](http://autotldr.io/ ""491323 summaries so far."") | [Feedback](http://www.reddit.com/message/compose?to=%23autotldr ""PM's and comments are monitored, constructive feedback is welcome."") | *Top* *keywords*: **Brother**^#1 **Patrick**^#2 **royal**^#3 **Hill**^#4 **report**^#5

Post found in [/r/worldnews](http://np.reddit.com/r/worldnews/comments/jfo2la/sex_abuse_royal_commission_finds_catholic_church/), [/r/CatholicSexScandal](http://np.reddit.com/r/CatholicSexScandal/comments/jfo2ae/sex_abuse_royal_commission_finds_catholic_church/), [/r/NewsWhatever](http://np.reddit.com/r/NewsWhatever/comments/jf3lyc/sex_abuse_royal_commission_finds_catholic_church/) and [/r/ABCaus](http://np.reddit.com/r/ABCaus/comments/jf3jwy/brother_left_alone_with_children_at_brisbanes/).

*NOTICE*: This thread is for discussing the submission topic. Please do not discuss the concept of the [autotldr](http://www.reddit.com/user/autotldr) bot here.",
post,confession,I (m30) experimented/was abused by brother and friends when younger.,https://www.reddit.com/r/confession/comments/ivr555/i_m30_experimentedwas_abused_by_brother_and/,2020-09-19 04:50:35 PDT,1,[removed],
post,TrueOffMyChest,Abused by Brother,https://www.reddit.com/r/TrueOffMyChest/comments/h95a7o/abused_by_brother/,2020-06-14 17:28:10 PDT,2,[deleted],
post,offmychest,Abused by Brother,https://www.reddit.com/r/offmychest/comments/h94lxy/abused_by_brother/,2020-06-14 16:48:36 PDT,1,[removed],
post,offmychest,Abused By Brother,https://www.reddit.com/r/offmychest/comments/h94bj4/abused_by_brother/,2020-06-14 16:31:04 PDT,1,[removed],
post,Assistance,"This lady is in Dyer need of help, was kicked out of her apartment without being able to pack, regularly abused by brother ( possibly by her father) she needs all the help she can get",https://www.reddit.com/r/Assistance/comments/fu14lg/this_lady_is_in_dyer_need_of_help_was_kicked_out/,2020-04-02 20:49:11 PDT,0,[removed],
post,siblingabuse,Abused by brother neglected by parents,https://www.reddit.com/r/siblingabuse/comments/dpszv1/abused_by_brother_neglected_by_parents/,2019-10-31 12:59:10 PDT,12,"I just want you all to know, you are not alone. This is an issue that is pretty common, society hasn’t caught on yet. 

My brother sexually and physically abused from a young age, younger than 8 years old, my memory is hazy (ptsd). We were raised in the 80s and 90s so wrestling was a popular entertainment. I remember getting my ass kicked plenty of times, while he calls it wrestling. I grew up to be a small 4’10 ft and he was about 6’6 ft tall, so as kids he still always towered over me. He was also 4 years older than me. 

As I progressed through therapy, I have become more angry at my parents than him. I told my parents he abused me and they didn’t do anything. They asked me if it was ok if he moved back in after his stay in jail was done (for drug possession I think) and he moved in because I felt pressured from my parents.

Diagnosed with ptsd and general anxiety disorder, but I am healing through therapy. I am happily married, in school, excited for the future.

You are not alone, there is hope.",
post,Practise_Nes,n petite black porn pics male changing room porn 50 shadez of black porn middle school girl pink school bag porn xxx chubby hairy blonde porn drunk mom abused by brother sister porn white huge ass porn billy boy gay porn star japanese porn mom son pokemon sex comics porn elesa skyla juicy,https://www.reddit.com/r/Practise_Nes/comments/di38hr/n_petite_black_porn_pics_male_changing_room_porn/,2019-10-14 22:30:31 PDT,2,,http://small-private-videos.allfunntoovideoss.xyz
post,TalkativePeople,/u/AnyDoor0 on Concerned that my (29M) (3M) year old son is being groomed/sexually abused by brother (20M),https://www.reddit.com/r/TalkativePeople/comments/de27re/uanydoor0_on_concerned_that_my_29m_3m_year_old/,2019-10-06 04:49:13 PDT,1,[removed],
post,TalkativePeople,/u/Bk0404 on Concerned that my (29M) (3M) year old son is being groomed/sexually abused by brother (20M),https://www.reddit.com/r/TalkativePeople/comments/de1cjp/ubk0404_on_concerned_that_my_29m_3m_year_old_son/,2019-10-06 03:04:25 PDT,1,[removed],
post,TalkativePeople,/u/PopperChopper on Concerned that my (29M) (3M) year old son is being groomed/sexually abused by brother (20M),https://www.reddit.com/r/TalkativePeople/comments/de1cj8/upopperchopper_on_concerned_that_my_29m_3m_year/,2019-10-06 03:04:23 PDT,1,[removed],
post,TalkativePeople,/u/moosigirl on Concerned that my (29M) (3M) year old son is being groomed/sexually abused by brother (20M),https://www.reddit.com/r/TalkativePeople/comments/de1cir/umoosigirl_on_concerned_that_my_29m_3m_year_old/,2019-10-06 03:04:21 PDT,1,[removed],
post,TalkativePeople,/u/conc3rnedfath3r on Concerned that my (29M) (3M) year old son is being groomed/sexually abused by brother (20M),https://www.reddit.com/r/TalkativePeople/comments/de19l6/uconc3rnedfath3r_on_concerned_that_my_29m_3m_year/,2019-10-06 02:54:48 PDT,1,[removed],
post,TalkativePeople,/u/CosmicDeterminant on Concerned that my (29M) (3M) year old son is being groomed/sexually abused by brother (20M),https://www.reddit.com/r/TalkativePeople/comments/de19jy/ucosmicdeterminant_on_concerned_that_my_29m_3m/,2019-10-06 02:54:42 PDT,1,[removed],
post,relationship_advice,Concerned that my (29M) (3M) year old son is being groomed/sexually abused by brother (20M),https://www.reddit.com/r/relationship_advice/comments/de15mq/concerned_that_my_29m_3m_year_old_son_is_being/,2019-10-06 02:41:42 PDT,3,[deleted],
post,autotldr,Survivors demand US investigation of Mississippi abuse deals,https://www.reddit.com/r/autotldr/comments/cxeu2r/survivors_demand_us_investigation_of_mississippi/,2019-08-30 03:03:59 PDT,1,"This is the best tl;dr I could make, [original](https://apnews.com/2930c11c56dc48278c0510fd1c5c9d06) reduced by 73%. (I'm a bot)
*****
&gt; Cousins Joshua Love and La Jarvis Love and a third man, Joshua&amp;#039;s brother, Raphael Love, say they were repeatedly abused by Brother Paul West during the 1990s, when they were elementary school students at St. Francis of Assisi School in Greenwood, Mississippi.

&gt; The calls for federal action came in response to an AP investigation, which found that a Wisconsin-based group of Franciscans paid Joshua Love and La Jarvis Love $15,000 each to keep silent about their claims and never file lawsuits.

&gt; The cash payments are far less than what other Catholic sex abuse survivors have typically received since the church&amp;#039;s abuse scandal erupted in the United States in 2002.

&gt; Belenchia called upon the diocese to remove its victim assistance coordinator, Valerie McClellan, because she played a role in negotiating a settlement between the Franciscans and Joshua K. Love while acting as his therapist.

&gt; McClellan told the AP that she did not advise Joshua Love to take the settlement and that she maintained appropriate boundaries between her twin roles as the diocese&amp;#039;s victim assistance coordinator and as Love&amp;#039;s therapist.

&gt; In its investigation, the AP also found that West, after being recalled from Mississippi following an abuse allegation by Raphael Love, took a job teaching fifth grade at St. John School, in Little Chute, Wisconsin.


*****
[**Summary Source**](https://smmry.com/https://apnews.com/2930c11c56dc48278c0510fd1c5c9d06) | [FAQ](http://autotldr.io/ ""395648 summaries so far."") | [Feedback](http://www.reddit.com/message/compose?to=%23autotldr ""PM's and comments are monitored, constructive feedback is welcome."") | *Top* *keywords*: **abuse**^#1 **Love**^#2 **Joshua**^#3 **survivors**^#4 **Mississippi**^#5

Post found in [/r/mississippi](http://np.reddit.com/r/mississippi/comments/cx9pd7/survivors_demand_us_investigation_of_mississippi/) and [/r/news](http://np.reddit.com/r/news/comments/cxeg1i/survivors_demand_us_investigation_of_mississippi/).

*NOTICE*: This thread is for discussing the submission topic. Please do not discuss the concept of the [autotldr](http://www.reddit.com/user/autotldr) bot here.",
post,uk_news_today,Woman abused by brother wins payout after 50 years as 'cruel' same-roof law is scrapped,https://www.reddit.com/r/uk_news_today/comments/cn4xmx/woman_abused_by_brother_wins_payout_after_50/,2019-08-07 05:06:43 PDT,1,,https://www.standard.co.uk/news/crime/woman-abused-by-brother-wins-payout-after-50-years-as-cruel-sameroof-law-is-scrapped-a4207741.html
post,legaladvice,Boyfriend is being abused by brother. I think?,https://www.reddit.com/r/legaladvice/comments/cjobwu/boyfriend_is_being_abused_by_brother_i_think/,2019-07-30 00:29:47 PDT,3,"Hi there, this is my first post to this subreddit. I'm not really sure where else to go. My boyfriend who is 16, is being physically abused by his older brother (18). It isn't every day, but it happens at least once or twice weekly. Here's a list of the major incidents my boyfriend has told me about:

* Was shoved to the floor, and along with cousins, the older brother gave him lashings with a wet cloth on his bare back
* Was whipped with a ruler on bare back. Markings were left
* Older brother shoved his shoulder into a wall creating a hole.
* Repeatedly pushes him off his chair during our phone calls. He'll literally come in and just push him to the floor.
* Punching/shoving regularly

This list has taken place over the past month. My boyfriend tells me he's fine, but I see the bruises. He tells me it's ""tough love"" and this is what guys do. Here's the thing, my boyfriend doesn't fight back. He just lets his older brother do these things to him.... thinking that he ""deserves it"". Would this be considered a sibling thing, or is this an actual legal issue? Would this be abuse of a minor? I just really don't know. Any advice/input would be greatly appreciated.",
post,nba,Characters by team for hypothetical Arrested Development NBA spin-off [OC (AKA offseason content)],https://www.reddit.com/r/nba/comments/c0o9e7/characters_by_team_for_hypothetical_arrested/,2019-06-14 12:32:40 PDT,11,"*This is the post for you if want to move on from yesterday because as of today your team is now undefeated since the end of last season! What better way to emotionally distance yourself than embracing the offseason?*

___

#Cast of characters by team for Arrested Development NBA spin-off

**Lakers: George Bluth Sr.**

-	Was once successful, but was undone by bad decisions, [terrible partnerships](https://getyarn.io/yarn-clip/e559a1a0-3c23-4620-896d-40fe4c1ed039#BJCaKoP-1H.sms) and assuming nothing would go wrong.
-	Adept at using scapegoats.
-	Doesn’t care about family members’ negative impact on his business.
-	Alternates between trying to kill himself and trying to turn everything around.

**Clippers: Oscar Bluth (Oscar and George are identical twin brothers)**

-	Is nothing like his twin brother, [but gets in trouble just for looking like him](https://youtu.be/NCzn62aa8YU).
-	Hasn’t been very successful overall, but tries to be nice.
-	Gets abused by brother.
-	Is basically a shadow in the family that none of them ever really notice.

**Celtics: Lucille Bluth**

-	Is very smug and wants people to think she’s a mastermind, but no one buys it.
-	Will sell out anyone for anything and then acts shocked when people don’t think she’s telling the truth.
-	Once lived a lavish life, but it has been ripped apart by dysfunction and mental instability.
-	[When she’s offering a deal, what you think you’re getting sounds good, but isn’t what she’s actually going to deliver](https://youtu.be/IhstckKZkBM).
-	Is racist.

**Raptors: Gob Bluth**

-	Acts out in attempts to get the the love and attention he desperately seeks because he never got it from ~~LeBron~~his family when he was growing up.
-	[Needs you to be impressed with him](https://youtu.be/V9v3sAck-QQ).
-	[Tries to pull off big plans but never succeeds](https://youtu.be/K1naxrgRUbc) until someone comes to save him (Kawhi is their Michael Bluth).
-	[Never admits fault and takes “forget-me-nows” (AKA roofies himself) after he does shitty things and acts like they didn’t happen since he can’t remember them](https://youtu.be/7QG3jZCjJR8).

**Wizards: Lindsay Bluth Fünke**

-	Doesn’t want to deal with her family’s dysfunction and has dreams of being happy and on her own, but she’s stuck with her family and doesn’t really have any means to get out of the situation.
-	[Thinks she deserves better than her family, but is just as bad as them and never commits to working toward anything](https://youtu.be/Guf2PvUiXP4?t=52s).

**Suns: Buster Bluth**

-	Gets ignored and mistreated unless someone can take advantage of his stupidity for their own gain.
-	Tries real hard and others let him think he’s doing important things so that he’s out of their hair while they’re busy with actually-important things.
-	[Has a knack for ending up at the center of crazy situations he doesn’t even realize he’s a part of](https://youtu.be/IWKjZzm9VnU)
-	No one wants to be stuck with him.

**Knicks: Maeby Fünke**

-	Always has flashy, grandiose plans and that never work out.
-	Always thinks her big break is right around the corner.
-	Is good at convincing others a plan will work even though she already knows it will fail.

**Nets: George Michael Bluth**

-	Doesn’t get as much attention as his cousin, but has much better ideas that actually work when given a chance.
-	Gets into trouble when he lets others use him/take advantage of him being generally a good guy.
-	Wants to get with his cousin but knows he can’t and is better off without her.

**Kings: Annyong Bluth (played by apparently-a-Redditor u/JustinSLee)**

-	Gets used and abused by the family, is assumed to be incompetent and eventually gets forgotten about—but he’s actually secretly part of a plot to take down the family from within, has powerful foreign connections and is definitely comin’ fo’ dat ass.

**Mavericks: Lucille Austero**

-	Is wealthy and has had success in the past, but now seems less mentally stable and less competent than she once was.
-	She always seems to have some trick that’s kind of crazy but might end up working.
-	Sometimes she seems like she might just be playing the part of someone who is off the rails as part of a strategy, but she also might just be a fucking crazy loose cannon who is just as much a danger to herself as she is to others.
-	Likes to take over companies and has a thing for inappropriate relationships/sexual harassment.

**Thunder: Kitty Sanchez**

-	She’s a fucking wild card.
-	Fuck, lie, steal, whatever—she’ll do anything to go for what she wants and she’s always looking out for number one.
-	Her tenacity and natural gifts bring her some success, but her next bout of crazy is always right around the corner, ready to destroy as much of her own success as she builds up.

**Rockets: Attorney Barry Zuckerkorn**

-	Continually has plans to manipulate and/or break rules and get away with it, but in the end is never successful and gets disbarred and forgotten about.

**Utah Jazz: Ann Veal**

-	She’s very old fashioned, but there’s not really anything fundamentally wrong with her; she’s objectively good.
-	People always forget her name and are extremely bored by her or even her mention.
-	Her boyfriend is basically with her just because she happens to be around and he can’t be with who he actually wants to be with.

**Cavaliers: Steve Holt**

-	Used to be an athlete but is now overweight, balding and working in pest control.
-	Likes to relive his glory days.

**Spurs: The banana stand**

-	Not flashy but always successful (“there’s always money in the banana stand!”).

___

#Bonus

**r/NBA: Tobias Fünke**

-	Thinks he’s an expert at everything but is good at nothing.
-	Claims he wants to be with his wife, but likes to blue himself and [has a very interesting way of phrasing things](https://youtu.be/5posU08HjXg).
-	Is a “never nude.”
-	Continually and drastically changes what he’s focused on, his stances on issues and who he is loyal to.
-	Will do absolutely anything for attention and thinks it makes him important.
-	Likes to show up when something is successful and act like he knew how things would go all along.

___

Maybe I’ll try to add to this at some point, but I used all the main characters and frequent secondary characters for this.

Feel free to share any other comparisons or debate mine!",
post,freefolk,My perspective on Dany instant transformation,https://www.reddit.com/r/freefolk/comments/bpgosa/my_perspective_on_dany_instant_transformation/,2019-05-16 12:10:07 PDT,8,"I think people that say Dany going mad was in character or foreshadowed don't really remember or didn't watch previous seasons.

I remember Dany doing all those kind things like freeing slaves, closing fighting pits etc. and I was constantly annoyed with her ""kindness"". I always thought ""oh yeah it's cool you wanna do all those great things but can we just move to westeros already?"". And here we are, in season 8, dany turns from self-sacrificing person into a person that murders thousands of innocent civilians, women and children included in a matter of episodes.

&amp;#x200B;

Dany good deeds include:

1. Trying to save her abusive brother Viserys. I remember ""the whip"" scene and thinking.. ""It's a perfect opportunity for you to get rid of him, why do you save him!? Why do you still care about him!?""
2. Freeing slaves. I thought ""Ok it's very nice of you but it's none of your business Dany, go to westeros!""
3. Closing fighting pits. I thought ""Yeah it's nice but just don't allow slaves to fight there, why do fighting pits bother you so much Dany?""
4. Crucifying masters. I actually thought this one was well deserved, fuck the masters.
5. Locking her own Dragons. I was really pissed at this one. I get that one child MAYBE died because of them, but come on, they are your children and your main weapons. Don't just lock them like this, it's overreacting!
6. No wanting to attack Kings Landing right away by listening to dwarf advice. I was thinking, for fake sake Dany, this is war. Of course some innocents will die but it doesn't mean you cannot try to minimize civilian casualties as much as possible, you gonna save more people in the longrun by taking the city from tyrannical Cersei! Also look how good at aiming dragon fire she was in a battle against Lannister. She mostly focused on destroying their supplies.
7. Going to save Winterfell from the undead. It's not even ""her"" war (well technically undead were threat to everyone but still), and yet she made so many sacrifices (Jorah, one of her Dragons, most of her army) in order to help Jon which she just met recently. Imagine spending so many years as an outcast abused by brother, then a slave sold to some horselord, then many years trying to survive hot desert and people trying to take advantage of you at every corner. Then finally getting an army to go back ""home"", only to find out you gotta fight completely different war and lose most of resources fighting undead. It was giant, selfless sacrifice from her.

So at this point we had this extremely kind, just and full of empathy character. Dany was so much on the ""good side"" that it was kinda annoying me through all those seasons. That's why I always preferred and admired Tywin.. I wonder if it makes me a bad person?

I don't know if D&amp;D wanted to paint different image, but they clearly failed because I did not think Dany to be mad even for a second before episode 5. People say she is mad because she burned Tarlys.. Well then Ned, Robb, Jon, Theon, Stannis are also mad.",
post,relationship_advice,Sister was sexually(24) abused by brother as a child,https://www.reddit.com/r/relationship_advice/comments/bo3sy4/sister_was_sexually24_abused_by_brother_as_a_child/,2019-05-13 06:57:29 PDT,1,[deleted],
post,raisedbynarcissists,Sexually abused by brother,https://www.reddit.com/r/raisedbynarcissists/comments/bfcl5s/sexually_abused_by_brother/,2019-04-20 07:11:57 PDT,25,[deleted],
post,legaladvice,Inherited land and assets being abused by brother in law,https://www.reddit.com/r/legaladvice/comments/auaofl/inherited_land_and_assets_being_abused_by_brother/,2019-02-24 10:15:36 PST,1,[removed],
post,SexualAbuseVictims,Abused by brother when I was younger. (TRIGGER WARNING),https://www.reddit.com/r/SexualAbuseVictims/comments/aq5vd8/abused_by_brother_when_i_was_younger_trigger/,2019-02-13 04:02:06 PST,6,"This is coming up for me again as I am currently writing my life story as part of my recovery for drug and alcohol addiction. 

My brother is 5 years older than me so would have been early high school years 12/13 and at the time I was 7/8ish. Still in primary school years anyway. 

My brother would ask me if I wanted to play the boyfriend and girlfriend game, which would include me lying on top of him and us kissing, him touching me in places and then he would ask me to touch down there on him and at one point it went further but not fully.

 I can't write it out still as it makes me feel wrong and I can't fully say the words and haven't to a therapist I just get stuck with speaking when I attempt to explain further. 

These situations happened at my home, at Grandmas and when we went away to Cornwall. 
It was always done secretively, the doors would be shut and curtains closed and he would always say don't tell mum and dad. 

I thought it was a game and sometimes would ask to play, but as I've grown older I realise for him it was a secret... it wasn't a game for him it was experimentation that he knew was wrong and had to be a secret. 

Over the years I started to hang out with some older men who were in the same year as my brother and they used to say how my brother would say weird things about me at school like he watched me get dressed but it's okay because we are adopted so I'm not his real sister... (we are both adopted from different families)
This all meant that things started to piece together for me and as I got older I realised that there really was something not right about what went on it was just there under the surface hidden and pushed down in my psyche. 

I realise now that after all this happened when I was young... my behaviour started to get rebellious and I was terribly behaved from about 9 onwards... I used to be such a sweet girl and then suddenly my behaviour went off the rails. 
I wonder whether this was linked? 

I was once told in a rehab by a therapist that maybe it was just a game of doctors and nurses... but how could it be if it doesn't sit right with me. I feel disgusting whenever I explain it or write about it. 

I've always been intolerant of my brother since but also fiercely protective of him whenever he was bullied by people. 

I am now nearly 25 and i have a 3 nearly 4 year old son and my brother is nearly 30. 

He's come back to live with us recently at my mum's house because he's been cheating on his wife. 

I've told my mum once blind drunk and she wanted to speak to my brother but I said no and she said only if you tell me he hasn't tried to go further and I swore he hadn't... again protecting him or whatever. 

I've bought it up with my brother and he just said ""yeah I know I do remember""... and nothing ever said since. 

Now it's all reering it's ugly head again... ",
post,TrueCrimeDiscussion,Woman abused by brother all of childhood,https://www.reddit.com/r/TrueCrimeDiscussion/comments/acfm06/woman_abused_by_brother_all_of_childhood/,2019-01-03 22:56:55 PST,17,"https://www.google.com/amp/s/www.thesun.co.uk/news/8101765/woman-raped-brother-family-downstairs/amp/
Here is the original article. 
I am so absolutely proud of this girl for telling her family and I am so happy that they believed her and have supported her. But something else bothers me about this. She says the abuse started when she was 3 years old and her brother was 6. Most 6 year olds don’t know about sex or anything like that. I’m kind of concerned maybe her brother was also abused as a child and then was acting that out onto his little sister. I definitely think that was wrong of him but I’m still worried maybe an adult had done this to him in their family and that person hasn’t been caught. I was sexually abused by a cousin growing up and it’s taken a lot to overcome that but I do know it’s not entirely his fault because we were both young and I know one of our family members had done it to him first. I definitely think her brother should be held accountable for his actions but I really hope he’s given therapy or something because I strongly believe he was also abused. ",
post,AgeplayPenPals,F4M Abused by Brother,https://www.reddit.com/r/AgeplayPenPals/comments/a6g83y/f4m_abused_by_brother/,2018-12-15 07:58:22 PST,2,"I'm an adult looking for fantasy roleplay with other adults. You're my older brother, you just turned fifteen and you're starting to get nasty thoughts like boys your age do. You start to notice me, your little four year old sister, and it makes you hard to think about me. But you hate me too, you were an only child before I showed up, and you want to teach me a lesson. You decide you're going to use me like I should be used. I want you to rape all my little holes and use me and abuse me. Fuck me hard, beat me up, and put me in my place. No limits, the dirtier the better ",
post,survivorsofabuse,Cheating as a normal,https://www.reddit.com/r/survivorsofabuse/comments/a0pn0n/cheating_as_a_normal/,2018-11-26 16:57:54 PST,1,"I was abused by brother, multiple friends, and have several instances where I failed to act and allowed others to be abused because I was scared. Otherwise normal with dysthimic depression. 

Could never be exclusive with anyone I dated and then I got married. And the prostitutes started. Flash forward to when I have kids and I stop all that but have a nervous breakdown and get diagnosed with C/PTSD. 

Now I'm getting a grip on my PTSD and depression and bipolar, and the strippers and prostitutes start again. 

Anyone else have similar experiences?",
post,MenGetRapedToo,Abused by brother,https://www.reddit.com/r/MenGetRapedToo/comments/94s4zo/abused_by_brother/,2018-08-05 07:15:02 PDT,9,"I've recently come to terms with the fact that my brother sexually abused my for years as a child. I'd blocked it out of my head and I never thought about it at all. A few months ago it all came rushing back to me and broke me. I tried talking about it with family, it turns out he was abusing my sister the whole time too. I talked to my mother about it, but she accused me of lying. Turns out my sister told her at the time and my mother made him stop, which is when he got worse with me, strangling me and punching me if I put up a struggle.
So my mother knew what he was capable of, yet still called me a liar. My mother and I don't talk at all now, yet my brother has moved in with her. I don't understand how she can just ignore two of her children being abused and just pretend he hasn't done anything.
I have been self harming since I was 15 and I've tried to kill myself multiple times, I've been convinced my life would end in suicide since I was 16. I told her all that, she still called me a liar.
I got engaged to the love of my life last year and she is the only person who makes me see a future for myself that doesn't end in suicide.
I can never forgive my brother, I don't hate him anymore, he's just nothing to me. I will never forgive my mother either, she used to be my best friend, but now she's nothing to me either. 

My life before I met my fiancee doesn't seem real anymore, I owe her my life, I know I wouldn't be here if it wasn't for her.

Thanks for reading, I just wanted to get it off my chest.",
post,sexuallyabused,sexually abused by brother,https://www.reddit.com/r/sexuallyabused/comments/91yeyi/sexually_abused_by_brother/,2018-07-25 19:37:23 PDT,1,[deleted],
post,raisedbynarcissists,16-year-old girl has been abused by brother-in-law for the past 5 years.,https://www.reddit.com/r/raisedbynarcissists/comments/8mccgq/16yearold_girl_has_been_abused_by_brotherinlaw/,2018-05-26 12:12:37 PDT,3,"Yesterday, 26 May 2018, D., a 16\-year\-old Vietnamese made a post on her Facebook account, in which she detailed the abuse she suffered at the hands of her eldest sister’s husband, whom she referred to as “it”. \(I have translated the post here; it’s long but bear with me.\)

Excerpts from the translation of the post:

1. “*To be honest, I was beaten throughout my 6th grade year. It continually used a long stick, broken from a piece of wood it found somewhere, to beat me, and all I could do was to kneel on the floor and cry my heart out. Do you know why it beat me? Because I had a crush on someone. I had no idea whether it spied on me or asked the guards in my school to spy on me or anything, but one day it called me to stand in front of it and threatened me: “don’t you dare fooling around, I know it all, I’ve had the guards spy on you and also come to meet the kid that you like”. I ask all of you, what kind of person would speak like this to his younger sister\-in\-law? When I began living with it, it did converse with my parents about “supervising”, “thinking of her as my biological sister”, so sure, I sort of obeyed and let it beat me. It used its stick to hit me and that hurt so much, and it’d always hit me in the legs and thighs so even if I came to the class the next day, my classmates wouldn’t be able to see the bruises. I liked someone, it beat me; I got low marks, it hit me too. My 6th\-grade year was really hell on earth to me, apart from the fact that I still had friends at school.*”
2. “*Last night, it slapped and punched me in the face.*

*Yesterday was the closing ceremony of my school year, I hung out with my friends and was very fatigued when I got home, so I slept from 6 p.m. to 11 p.m. before getting up to take a bath. I knew it tended to return at this hour so I tried to bathe myself the fastest I could so the monster could use the bathroom to change its clothes. And no, it wasn’t returning from work, it was returning from hanging out, I have to add this so people wouldn’t misinterpret that I disturbed it when it’d just returned from work and wanted to have a bath before calling it a day. And while I was in the bathroom, it stood outside and continually yelled at me, quote unquote, “Hurry up you bitch, what the fuck have you been doing all day to only take a bath now?” I tried to hold myself down and got out when I finished. When I got out, I passed by it sitting at the kitchen table and said its voice sounded as if it was, quote unquote, “the navel of the world” and went straight for my room. It called me back and asked: “What did you just say?”, I responded: “I said it already, if you didn’t hear it I wouldn’t say again” and it ran for me pulled me back, its finger pointed right at my face: “Repeat what you just said! You believe I can slap you to death?” and I said: “Do it, I dare you touch me”. And just as expected, it slapped me and my head was jolted aside. I gathered all my strength into my hand to hit it but my shoulder’s joint dislocated immediately. \(It’s bigger and more muscular than me but I’m pretty strong because I play sports\). And then it punched right into my face and my mouth. \[…\] After that I couldn’t restrain myself anymore and lashed out at him, telling him that within the 16 years of my life my parents had not even punched me, let alone punched to the point of bleeding like this abomination, and that “a thug will always be a thug” \(it tends to brag that it and its brother learned martial arts, were acquainted with gangsters and had the “blood of a thug”\). So it charged straight into my room, continued punching me and pushed me into the edge of the bed. Fortunately, only my legs, my thighs and my back hit the bed, not my head. And it was also fortunate that my sister and the housemaid came to intervene, or else the beast would’ve killed me.*”

The post received wide attention and support from thousands of people. But soon D.’s family found out and the abuser—D.’s brother\-in\-law—messaged people to stop sharing because they weren’t in the room where it happened. Her parents also forced her to delete it, which she did after less than three hours of resisting since it was published.

After the post was deleted, D.’s abuser used his connections to newspapers to publicly denounce D., saying it was all fake, and that he installed cameras in the house so everything was filmed, yet gave no footage when asked. He even claimed D. tried to attack him and his children with a pair of scissors, which was proven false by D.’s classmates and friends, because D. was actually using the scissors for self\-defense when he charged into her room, before her sister and the housemaid intervened.

He went on to say that D. was a bad pupil, she got very horrible marks and was actually the lowest\-ranked student in her 7th grade year in terms of school performance, which was also proven false by her friends, some of whom are currently studying with her in a class specialized in Biology at Hanoi\-Amsterdam High School, probably the most prestigious, most selective high school in the country. Think Harvard but it’s a Vietnamese high school that requires you to achieve at least 8 out of 10 in the entrance exams to be admitted. Even if she was the lowest\-ranked in the class during her 7th grade year, the fact that she got into this school two years later meant that she’d worked really hard for it.

In addition, he claimed she was violent and could hit her friends at any time. D., also proven by her friends to be a silent bookworm, was the opposite of that. He even mentioned the fact that she had a crush when she was in her 6th grade in order to vilify the very sister\-in\-law that he had no rights to abuse.

Even D.’s other elder sister, who has been abroad for 4 years, whom D. found “*futile*” reaching out to, comes out to defend her brother\-in\-law, saying that her sister was a genius for making up the entire story, and that her brother\-in\-law was too good a person to ever abuse anyone.

Rumors circulate around the Internet that her parents—one of which is the director of a central maternity hospital—alienated D. since she was born because she was an unwanted child. Vietnam had a two\-child policy and she, being the third child they didn’t want, was estranged by not only her parents who are officials, but other family members as well. Initially, when the sister who’s abroad went on Facebook to denounce D., one of this sister’s friends made a comment with surprise that they didn’t know she had a younger sister. However, when Facebook users joked on D.’s own post that the same sister might have slept with the brother\-in\-law, hence her defense, D. herself replied to them and asked them not to “*think of my family like that*”.

Although many people have shown their support for D., the majority of people chooses to side with her abuser, who, as a famous MC, knew enough journalists to publicly denounce his sister. Today is the first day of the summer vacation, but D.’s parents have sent back to her hometown in Ninh Bình, 90 kilometers away from her friends in Hanoi. She told her friends she felt safer here; however, her abuser’s denouncing her didn’t stop; at the moment more and more seemed to believe and side with him other than the 16\-year\-old girl he abused. We fear VTV – the national TV broadcaster where he works – will even try to cover this up, because that’s what Vietnamese news outlets tend to do in the recent months, even in the face of our own [#MeToo](https://www.facebook.com/hashtag/metoo?source=note) movement.

So I beg of you, I beg of anyone who reads this, to please share this story to the world, to anyone who can help D. regain justice for her life, because not only is she being alienated from her family, but she’s also being blamed on by the media for the abuse she has had to suffer for the last 4 years. A few human rights organizations have tried reaching out to her, but to no avail, for she’s not in Hanoi anymore. I don’t know her personally, I learn about her through the very post that she made yesterday, but it’s horrible that she has to go through all of this abuse and even backlash. Please share this, make this known and bring justice back to D.",
post,u_Vyvy2190,16-year-old girl has been abused by brother-in-law for 5 years.,https://www.reddit.com/r/u_Vyvy2190/comments/8mc8vp/16yearold_girl_has_been_abused_by_brotherinlaw/,2018-05-26 11:57:26 PDT,1,[removed],
post,u_urcreepypants,f a v o r i t e p o r n o s,https://www.reddit.com/r/u_urcreepypants/comments/8icrog/f_a_v_o_r_i_t_e_p_o_r_n_o_s/,2018-05-09 23:18:01 PDT,11,"
❁ [Brunette Teen Makes Her Rent With Her Landlord](https://www.xvideos.com/video5910147/brunette_teen_makes_her_rent_with_her_landlord)
_5 mins_
❁ [Outdoor night time dirty talking fuck!!](https://www.xvideos.com/video27886975/outdoor_night_time_dirty_talking_fuck_)
_13 mins_
❁ [Girl masturbating](https://www.xvideos.com/video15125261/480p_600k_54696381)
_4 mins_
❁ [Grandpa Fucking a Slutty Little Teen ](https://www.xvideos.com/video13950077/grandpa_fucking_a_slutty_little_teen)
_6 mins_
❁ [miss amber #3](https://www.xvideos.com/video5016980/miss_amber_3) 
_17 mins_
❁ [Bigass 19yo hardfucked by stepbrothers coc](https://www.xvideos.com/video26347611/bigass_19yo_hardfucked_by_stepbrothers_cock) 
_10 mins_
❁ [Hungry Lips #03 - YoungLeak(1)](https://www.xvideos.com/video34881327/hungry_lips_03_-_youngleak_1_)
_16 mins_
❁ [REAL! Sleeping HOT sister ABUSED by brother- FREE FAMILY videos at INSTAMEO.COM](https://www.xvideos.com/video33972469/real_sleeping_hot_sister_abused_by_brother-_free_family_videos_at_instameo.com#_tabComments)
_32 mins_
❁ [Real Dad Daughter Mom - MoralFreeTube.com](https://www.xvideos.com/video29834563/real_dad_daughter_mom_-_moralfreetube.com)
_6 mins_
❁ [Despedida de soltera, boda cancelada](https://www.xvideos.com/video28031235/despedida_de_soltera_boda_cancelada#_tabComments)
_3 mins_
(https://www.xvideos.com/video31168305/father_and_son_camping_fun)",
post,adultsurvivors,"Abused by brother, both at a young age.",https://www.reddit.com/r/adultsurvivors/comments/7wb1pi/abused_by_brother_both_at_a_young_age/,2018-02-08 20:38:18 PST,8,[deleted],
post,raisedbynarcissists,Mentally and phisically abused by brother,https://www.reddit.com/r/raisedbynarcissists/comments/7m83mp/mentally_and_phisically_abused_by_brother/,2017-12-26 06:45:02 PST,12,"I'n terrified of posting this here, I'm so scared he'll see it. But I'll try my best to explain everything here. I've been depressed and anxious as hell, so this will probaby be a bit disorganised.

When I was younger, my brother would convince me that everyone except him was abusive and tell me all kinds of lies. If I even tols him I didn't like something I liked he'd go into a rage. As I started hitting my teens, he suddenly became more agressive with me. I remember when I was in the kitchen getting myself a piece of cake, he suddenly came out of the bedroom, slapped me, and then told me that mom told him to do it. He'd tell me lies about mom to keep me completely dependant on him. He would get drunk and sexually harrass me and say disgusting things. When I came out as transgender, I was sobbing and crying. I first came out to mom, then to him. He constantly acted like this was just a phase(Heard him say this behind my back)and I ended up convincibg myself that was so. He always shamed my interests but GOD FORBID if I told him I didn't like something he did. 

That's all I can say now, my brain is cloufy anf I can't think striaght after typing up all this. I'll post more in the comments if I feel better.
",
post,TwoXChromosomes,"Sexually abused as a child, but I never said no. How do I stop feeling so guilty?",https://www.reddit.com/r/TwoXChromosomes/comments/7gqol6/sexually_abused_as_a_child_but_i_never_said_no/,2017-11-30 15:32:32 PST,4,"Hey everyone, apologies if this post gets a little long/hard to read since talking about this isn't easy. Also trigger warning; this post is gonna get pretty graphic. 

Background: I come from a conservative Asian family and my brother was the abuser, and it started when I was 6 and he was 13, and lasted for seven years. He started by just kissing me, but by the time I was 10 he would finger me, go down on me, and make me go down on him (it never got to full blown sex, thank god). 

Here's the thing: we were super close (like best friends basically) for the entire time it was happening, he was always super gentle and asked for my consent (he never forced himself on me, and if I said something hurt, he would immediately stop. This is why we never had actual PIV sex), and I never fought back or said no. In fact, I looked forward to it/was always physically aroused. Whenever our parents weren't home, I would even ask him for it. The other thing that fucks with me is that we're still close today and everyone I know thinks we're super cute siblings, always talking about how they're jealous of our relationship, etc. If only they knew lol. 

Today, this fucks with me more than the actual sexual acts. What we did was so wrong, why didn't I even say no? Whenever I read articles about childhood sexual abuse, it always seems like the survivors fought back and it really really bothers me and makes me feel guilty that I didn't. I feel so disgusted with myself that not only did we engage in incest (ugh it's so hard even typing that word), but I didn't even try to stop it. Wtf was wrong with me? 

I've started thinking about it a lot more because I have really shitty self worth and I always feel like I need to have sex with guys to ""earn"" love/affection. In the past, this has gotten me into really bad situations where I don't want to have sex with a guy, but I will anyways because I crave that feeling of love/approval I get through sex, even though I know the feelings aren't real. A lot of the time I feel like I *need* sex just to feel like I'm worth something if that makes sense. This lead to me sleeping around a lot during my freshman year of college and being hurt over and over in abusive 'relationships' (mostly just fuck buddy type situation where guys used me for sex), and having more meaningless sex to bandage the wounds. Looking back it's a miracle I didn't get pregnant or an STD. Luckily, I met a wonderful guy that I've been seeing for a year, but I know that if we break up the old patterns are going to come back. Also, I always feel like I don't deserve my boyfriend and I almost miss the cycle of heartbreak and abuse I went through my freshman year. It makes absolutely no sense since my boyfriend is the sweetest guy ever and I hate that I feel like this. 

Ok that was a lot, but can someone help me process this? How do I get some self esteem and get out of the mentality that sex=love? How do I stop feeling guilty because I never fought back or said no?

TLDR: Sexually abused by brother from ages 6-13 (he was 13-20), but I never fought back and I liked it at the time. Now, I have terrible self worth and engage in destructive/dangerous sexual behavior because to me, sex is the only way I really know how to get love and affection. How do I process this and stop feeling guilty over not saying no?",
post,emotionalabuse,I [23M] am being emotionally abused by brother [25] all my life. Advice please!,https://www.reddit.com/r/emotionalabuse/comments/72esrh/i_23m_am_being_emotionally_abused_by_brother_25/,2017-09-25 12:24:50 PDT,4,"So, I've [23M] been dealing with emotional abuse from my brother [25] for most of my life. Just to give you an idea of what than entails for me; 
a. He will guilt me into lending him money even though we both know he won't pay me back on time (and I need it)
b. He's always expecting me to solve his problems and doing him favours that he needs to be done.
c. He's lazy and he always expects me to clean up after him.
d. He puts me into positions where he needs me to lie to our parents on his behalf and will make me feel bad for not wanting to do so (I absolutely hate lying to people, especially those close to me)
e. When I try to talk to someone about the way he treats me, he gets insanely mad at me and says that siblings aren't supposed to snitch on one another, despite the fact that he snitches on my little brother when he wants to.
f. He mistakes the same mistakes over and over again at the expense of other people and yet doesn't understand why we lack confidence in. To be honest, these things no longer count as mistakes, they're now habits. He calls them mistakes.
g. when we're with extended family, he criticises my little brother and I for every little thing because he suddenly feels like a boss man.
h. Here's an important one: he steals my time.  eg. insists that I listen to songs that he wants or watch youtube videos, and tv show episodes that he wants me to even when it's clear that I don't have the time because I'm trying to get work done.


More information: we both still live in the same house with our parents. We're still university students. I'm not sure how abusive he was when we were kids because that was so long ago but he started becoming really shitty toward me in High School but, over the past year or so, the abuse has only gotten worse. My parents don't know about it even though they know that he can be a nuisance.


Here's the big issue that I'm dealing with now:
I'm currently pursuing a masters degree at university and the workload is fine. I love the work but I haven't seen my lecturers and supervisors in over a year (I was taking two years to complete my degree). In fact, I haven't been able to effectly work in a little over the year. It all started when I went on a week-long trip in July last year, to another city. The trip was related to the subject of my studies. It was an amazing week. For a whole week, I was free from my brother's grip and I got spend time with so many people who shared my interests and didn't treat me like shit. When I went back home, I was so inspired to do my work. I even emailed my degree supervisor and told them just how excited I was to get back to doing my work. What I'd forgetten, though, was that I'd have to come home to my brother, and I would go back to my stressful home life. Let me just say that despite the positive experience that I'd had on my trip, within a month of returning home, I was at an all time low. I assume that what really destroyed me was going from an emotional High back to the abusive home situation. At that moment, I was aware of how unappreciate I was. I felt that I was worth more than this. I started ignoring all those close to me. I stayed off Facebook, I stopped attending lectures, I ignored my teachers' emails, and I just couldn't do any work. All the while, I'm alerting my brother to the fact that the abuse that he's inflicting on me is negatively impacting me work. He either gets angry, or he apologises but continues with the same behaviour. I didn't enjoy my Christmas or my birthday. Stress everyday. It's been a year now and I've done nothing at University since, and I'm now lying to my parents about how things are going well for me. I'm obviously not graduating this year. My parents will be so disappointed.


Why haven't I told my parents about the abuse, and why haven't they suspected anything? I'm a terrible liar but my brother scares me so I have become an expert at putting on a brave face for them because I don't like conflict. My parents are amazing. They do everything they can to let us know that we can talk to them about any of our problems but I'm so afraid that if I tell them about all this stuff, it might destroy our family. I mean, my parents have always been protective of me so I don't doubt that they would do everything they can to help me if they learn what the problem is, especially since they know how much of a troublemaker my brother is. But I'm so afraid to do something about it. 


In recent days, I have toyed with the idea of just coming out to my parents about this, and also my lecturers. I was rather close with my professors and I know I've disappointed them by ignoring their emails and calls. But I do want to repair the relationships that I have with the people who have been so supportive of me in the past. I feel like I owe them that much. I toyed with the idea of fabricating an elaborate excuse and throw myself under the bus rather than be honest about the situation because I don't to deal with my brother acting as though he's the victim in all of this. But I'm so sick of lying. I'd love to have the opportunity to go re-enroll for my degree and make up for my emotional weaknesses. I'd love to tell my parents what's going on. At this point, the only thing that's stopping me is the fact that there are times when my brother is a decent person, and I feel like I'm betraying that part of him. But then again, I'm still dealing with the consequences of the abuse and he gets to go out and continue living his life.  Do I wait for him to strike again and only then say something, or does my current situation allow me do whatever I want? This feels like the biggest grown-up desicion that I've had to make and I don't know what to do. I know what the right thing to do is, but I'm so afraid, and I feel like such a weakling. 
Please, any advice.


TLDR; I [23M] am being emotionally abuse by my bro [25], no longer graduating due to stress. Want to tell parents and rebuilt trust with lecturers.


**UPDATE 1:** My brother has known about my university situation for months but has never asked me about whether or not I managed to sort those problems out with my lecturers. But just now he casually asked me why I don't attend lectures any more. I don't know if he just hasn't been paying attention or if he's just very dumb but he's making it so much easier for me easier for me to talk about this to my parents because it's becoming clearer and clearer that he's failing to grasp the severity of this entire situation.

**UPDATE 2:** I just sent my lecturer and supervisor emails explaining things to them, so the ball is rolling now and I’ll **have** to talk to my parents about it either today or tomorrow. To be honest, the process of writing those lengthy emails was cathartic. I haven’t known such freedom in a while. I’ll just wait and see what happens.

**UPDATE 3:** I spoken to my parents about this and it really felt like a weight was lifted off my entire body. They were disappointed of course that I had waited so long to speak up but otherwise they’ve been supportive. I feel like I’m living an actual life again! Yay ",
post,BPD,Emotionally/verbally abused by brother with BPD,https://www.reddit.com/r/BPD/comments/62li8j/emotionallyverbally_abused_by_brother_with_bpd/,2017-03-31 07:29:35 PDT,5,"My brother (27) has BPD and major depression. My dad had both as well and killed himself at 49, when I was 23 (5 years ago). Since then my brother has spiraled. 

My mom, who experienced tremendous guilt over my father's suicide, has given up her entire life to help my brother. She bought him a house (we are NOT rich - she's gone into crazy debt for him) and she provides him with literally everything that he lives on (literally everything - he does't have a job and hasn't really ever had one). He lives far away and she's missed countless days of work to fly there at the drop of a hat. 

Anyway, recently things have gotten so bad that he had to move back up here and in to her one bedroom apartment on a day bed in the living room. 

I thought he was doing better being closer to family (that's what my mom told me as I haven't been ready to see him). But yesterday he attacked me on facebook after I responded to a message answering a question about our other brother and asking him how he was. Then today, he called at 5:20am and I missed it. I woke up to a voicemail telling me how much he hates me and how he doesn't care about me at all etc. I blocked him on everything - I thought, but now he messaged me at work ""you're a hypocritical bitch"" ""go fuck yourself"" and even making fun of my boyfriend (being racist because my bf is Hispanic). 

I think it's time to cut him out of my life. I've been swallowing episodes and treatment like this every few weeks for the past more than a year. I'm tired of being treated like this. 

I feel like it's partially my fault because I will let him speak to me like this and I think that gives him the impression that I'm there no matter what he says - and maybe I should be - my mom is. But emotionally, I can't handle. It severely impacts my performance at work and I need my job. I'm terrified that it will one day affect my relationship, though I'm trying so hard to keep it out of that realm (my bf is really understanding, but I'm never going to tell him that my brother attacked him like that). 

I don't even think my therapist knows how to respond to me. I don't know what to do and I don't know if I am being a selfish bitch. And if I am, I don't know if I'm capable of not being one. I've never experienced life without the constant guilt trip and abuse from someone in my family. 

Edit: Thank you everyone for your feedback, it is very very helpful. I finally feel like people understand.",
post,adultsurvivors,"Abused By Brother, But I Don’t See Myself As A Victim",https://www.reddit.com/r/adultsurvivors/comments/5r0n32/abused_by_brother_but_i_dont_see_myself_as_a/,2017-01-30 05:18:05 PST,9,"I was abused by my older brother (4 yrs older than me) from the time I was 9/10 to the time I was 14/15 when I was physically larger than him, and able to make my own threats about outing him. It was a really difficult time in my life, obviously. I didn’t know anything about sex, so I really had no idea what was going on. He took advantage of my innocence, really stole that from me. He changed the way I looked at my body, the way I approached my sex life, the way I matured as an adult. 

But, 10 years down the line, I think I’m doing alright. For years I did keep my abuse to myself. I never told my parents, probably because I didn’t think it would solve anything. I don’t see my brother anymore, luckily he absolutely detests me so it’s easy for me to avoid him. I know it’s stupid, why not just come forward and say something? But I don’t want people’s view of me to change. I don’t want to be the victim, and I’ve never seen myself as one. It’s so strange but I feel like for some people sexual abuse is the hallmark moment of their life. For me it was one very shit step in my overall story. Just one part that I’m happy to have moved on from, stronger and more capable than before.

A few years ago I met the most amazing person. Within a few months of being in a relationship with him, I was able to tell him what had happened, and he guessed my abuser straight away. I felt better for telling him, but only because he never let my past impact our future together. I know that I’m not a perfect story, because some people would say I haven’t come to terms with what happened to me. I have, but I guess I don’t think I’m necessarily at a space in my life where I want to speak to someone else about it.

Don’t get me wrong. I’m fucking angry, I hate the bastard who did this to me so much and I hope his life is just an absolute black hole of terrible things. Clearly, I’m not over it. But I guess I’m at a point where I realise that my identity is not that of a victim. I’m a survivor of child sexual abuse. It’s hard to say, but I’m amazed at myself, and at all you wonderful people out there. WE HAVE MADE IT. We are grown up adults who have absolutely got through one of the hardest and most traumatic things that can happen to a child. But we did it.

I know this isn’t a post about anything really, but I’ve just discovered this thread and I’m honestly inspired. Even anonymously, sharing stories gives strength, and I’m so glad that there are other survivors out there, still struggling, but making it through every day stronger and better than before. There’s going to be challenges in the future, no doubt, but I hope we all get through them with that same strength.

Much love to you guys.",
post,Christianity,Update: Nephew being sexually abused by brother,https://www.reddit.com/r/Christianity/comments/55usf8/update_nephew_being_sexually_abused_by_brother/,2016-10-04 10:55:10 PDT,23,"So a 8 days ago I posted on this forum about my 10 year old nephew finally telling us he was being abused by his 16 year old brother for 3 years. I was asking for guidance for the angry inside of me and words of wisdom for me to share with my two youngest nephews. But now there is another problem. and I don't know how to deal with it. I just need someone to talk to about this because my family doesn't want me to tell anyone about this yet. SO I have to turn to the internet.

My dad is the best dad, he is so giving and generous and funny. He is always being taken advantage of by my druggie brothers because he is so nice and just gives them money or what ever they need. but he has never ever been good at being serious. Or talking about the hard stuff in life. Never. Now that this has happened my dad isn't dealing with it correctly. Fred, the 16 year old is NOT BEING PUNISHED. FOR RAPING HIS BROTHER FOR 3 YEARS. Its been over a week and DHR has not removed him from the house, or done ANYTHING. Fred still has his iphone and his car and my dad has even taken him out to eat a few times. My mother and I have put our foot down and told him Fred is not allowed in the house anymore (because the authorities are doing nothing and my dad sure as hell isn't going to limit Fred in any way) So now fred is living at a family friends home. but that's it. That's all the consequences he has had. I told my dad I was to deactivate freds Facebook, and take his phone away and get him a flip phone. and to stop GIVING HIM THINGS. My dad wants to ""start the healing process"" by letting Fred and Adam still have contact during the day ""Because there are adults around, nothings gonna happen"" BUT THAT'S NOT THE POINT! YOU DON'T LET THE ABUSER AROUND THE ABUSED! It seems like my dad is trying to protect Fred from everything. And my mom can't do anything about it, she is trying to protect poor Adam and make sure fred stays far away but my dad is pushing back, he isn't punishing Fred at all. and I can't do it because I have to honor my Father and Mother. If I go behind my dads back and do what I feel needs to be done then I know that will create a rift in our relationship. I want to replace freds phone with a flip phone, I want to deactivate his FB and I want him to only have the bare necessities . He doesn't need any luxuries. 

Also, Fred has not apologized for what he has done and is only upset because he has been caught. he has not once expressed guilt for ruining his sweet brothers childhood and RAPING HIM. He isn't sorry. I don't know what to do. I feel like I need to just tell my dad to keep out of it. but I know he wont. he won't let me or my mom take charge. He wants to get Fred a lawyer to get him the shortest sentence possible, because he doesn't want ""his life to be ruined"" FRED RUINED HIS OWN LIFE BY DOING THIS! and my dad gets upset when ever my mom talks to the police. The rest of the family wants Fred to be in the system. he is messed up and needs to be sent away.

What do I do? Do I just take charge of the situation with my mom? I feel like that is the wrong thing to do, but also that these steps need to be taken and I know my dad wont do it. We are going to try to sit down and have a talk with dad, me and my mom, but its going to be so hard not to make him feel attacked, because the root of the problem is him and how he is reacting to the situation. he is making this horrible situation even worse. I'm so conflicted on what to do! ",
post,atheism,Gone Viral on Social Media: A Victim's wife's Facebook reply to a church sex abuse victim-dismissive Telegraph reporter on the Cardinal Pell Testimony,https://www.reddit.com/r/atheism/comments/48ef0w/gone_viral_on_social_media_a_victims_wifes/,2016-02-29 20:04:11 PST,14,"Below is Clare Linane's response to Miranda Devine's recent article about George Pell. 

(Link: http://www.dailytelegraph.com.au/news/opinion/miranda-devine-pell-punished-for--trying-to-aid-victims/news-story/2b1bc13054af6f4af60fcb33dc25efaa)

Clare's husband was sexually abused by Brother Edward Dowlan. Please read ....

'Unfortunately my response was too long to post on Miranda's article directly. So here it is ..

Hello Miranda, my name is Clare Linane. My husband, Peter Blenkiron, was sexually abused by Brother Edward Dowlan in 1974 and is currently in Rome. My brother and cousin were also sexually abused by Dowlan. I am also proud to call myself a friend of David Ridsdale, Tony Wardley, Phil Nagle, Andrew Collins, Stephen Woods, Tim Lane, Rob Walsh, Gordon Hill, Dominic Ridsdale, Gary Sculley, Paul Auchettl and Paul Levey; some of whom are in Rome and some of whom have remained in Ballarat during Pell’s testimony.


I mention these relationships to establish that whilst I am not an expert on all things Royal Commission, I do have a genuine, personal insight into these men, their motivations and attitude towards George Pell. It is for this reason that I am compelled to elaborate on some of the points made in your article. I won’t comment on them all, because I don’t have expertise on every point. And personally I find refraining from making statements on things which I am not fully informed, is a valuable trait.


First; regarding the “unrestrained vitriol spewed at him that he is a coward who has refused to come home to testify”. Miranda, I’d like to remind you that the ‘unrestrained vitriol’ you speak of has not come from survivors. They have great faith in the Royal Commission process and when Peter McClellan determined that Pell was indeed too ill to fly, they accepted this decision. To quote just a few of their statements made both publicly and via their Facebook pages in the past week:

• “Those of you that are going to Rome to see George Pell please try and remember what Jesus said to the townsfolk before they were about to stone a prostitute to death. He simply asked them ""Those of you who have not sinned cast the first stone"". Please try and understand that God is the only one that is qualified to judge, and make no mistake, he will”. – my cousin

• ""We want to see a candidness that we haven't seen before with Cardinal Pell. We want to see honesty. We want to see a veracity, transparency”. – Stephen Woods

• “George Pell can be the man who stood up and said, we’ve done this wrong. Let’s change the future. This is his chance to do that”. – Peter Blenkiron

As you can see, this is not the language of unrestrained vitriol.


Second: I find your choice of words in describing those attending as “assorted victims” offensive Miranda. Assorted victims? They’re a group of admirable, brave and yet fundamentally damaged men, most of whom have PTSD. They have survived this far in spite of being raped, assaulted and damaged for life as children. Please do not speak about them like they’re a bag of mixed lollies. And yes, the Royal Commission has had to send support staff. This is because all of the survivors suffer from a plethora of physical and mental conditions as a result of their abuse. The Commission recognise their duty of care to the survivors and as a wife, I am grateful for their concern.


Third; your statement that the 120 people who have travelled to watch Pell tomorrow will be there “largely on the proceeds of an abusive ditty by anti-Catholic crooner Tim Minchin, calling Pell “scum” and “coward””. I have a problem with this statement on many levels. First of all, it’s simply inaccurate Miranda. A quick google search will reveal that in fact 4,573 people from Australia and overseas funded the trip to Rome, for 15 people including survivors and support staff. The funds raised have been placed in trust and are being handled with full transparency; please do not resort to irresponsible journalism that suggests this money funds anyone outside of this group.
The generosity of those who contributed meant there will be funds left to establish a support mechanism to help survivors in Ballarat, and Tim Minchin has indeed committed the funds raised from the sale of Come Home to this cause.


So on that note…point 4. Let’s talk about this ‘abusive ditty’ by Tim Minchin. Yes he does indeed call Pell scum and a coward. As Tim stated on Friday, “to those who were outraged by the judgmental language in Come Home, you must understand: this is the language of anger. I owe George Pell no reverence beyond that which he has earned through his words and deeds. I, and many other Australians, are angry”. Miranda, I invite you to come and spend the day in my hometown. Come meet with me, in my home. Meet my husband, meet my brother, and meet my friends. Meet the mums who are heart-broken at losing their sons. Let us tell you about some of our friends and family who took their own lives, because they didn’t know how to heal the pain they had lived with since they were 5, 6, 11, 12 years old. So yes, Miranda, we do feel some anger. Tim Minchin has captured our anger and we have nothing but gratitude to him for his assistance.


Fifth: the Melbourne Response. You state that Pell “alone of any church leader in Australia responded to the crisis of child sexual abuse and set up a system in which claims would be investigated, counselling and compensation offered and victims would be directed to police”. Wrong again, Miranda. Can I refer you to the Royal Commission’s “Report of Case Study no 16”, on the Melbourne Response. Pell in fact established the Melbourne Response whilst The Australian Catholic Bishops Conference were developing a National Response, Towards Healing, which was approved just a few weeks after Pell’s Melbourne Response. Pell has confirmed to the Commission that he was aware a national response was being developed; and he was aware that introducing the Melbourne response when he did had the effect that Towards Healing was not national, as it was intended. So please don’t portray George Pell as a lone Bishop who was working tirelessly to set up a method to help victims. Many Bishops were working on it at the same time (for whatever motive); and in fact the scheme set up by George Pell had limitations that did not exist in Towards Healing; for example, an initial compensation cap of $50,000. Your interpretation is that George was sincerely trying to help victims. Another perspective is that Pell had gone into damage control and was motivated first and foremost by protecting the Church. We are entitled to these different opinions. It is the role of the Royal Commission to explore this further.


Sixth, you correctly state that “Chief Commissioner Graham Ashton claimed 43 suicides related to child sexual abuse in the Victorian Church, but, after an internal investigation, only one could be confirmed”. As stated by my husband, it seems that ‘unless you put a post it note on your head and say “I’m committing suicide because I was sexually abused”, it is very easy to dismiss individual cases. The reality is, many of the victims themselves don’t even make the connection. So let’s look at the patterns, Miranda. Of Phil Nagle’s 1974 grade four class at St Alepius, 12 out of 34 (35%) are dead, by premature death including suicide. I see you were born in 1960 Miranda. I encourage you to look up your grade 4 class list and see if 35% of them were dead by the age of 50. I’m guessing they weren’t. Hopefully the Commission will look into why broader patterns such as these were not considered when the internal police investigation was conducted.


Seventh; your statement that “Pell’s accusers must expect that he should have made that terrible link” (between homosexuality and paedophilia). Well I do not consider myself a Pell accuser, and I am not the fountain of all truth; however the facts around the paedophilia – not the homosexuality - do concern me. George Pell was here, in Ballarat, in the 70s, Miranda. He walked through our Catholic School yards. He worked in the Ballarat East Parish from 1973 to 1983. He was the Episcopal Vicar for Education (1973–84). He lived with Gerard Ridsdale for a year in the 1970s. He states he had no knowledge of the rampant paedophilia taking place at the time. I will admit that personally, I do find this difficult to believe. Children (not adults) who were not abused will tell you even they knew something rotten was going on. And yet a grown adult missed it? We are not talking about one or two offenses here Miranda; it was extensive.


I guess there is a fundamental difference in our outlook Miranda. You assume that if George Pell denies something, particularly under oath, that must be the truth. But I don’t. Because if he’s telling the truth, then David Ridsdale is lying when he says Pell said “I want to know what it will take to keep you quiet”. And Tim Green is lying when he says he told Father Pell in 1974 that Edward Dowlan was touching little boys, and was told, “Don’t be ridiculous”. And BWE is lying when he says he heard Pell say “I think Gerry has been rooting young boys again” in 1983. You believe Pell; I believe the men who testified.


And finally, your concern about George Pell given his frail health. Here I will lift my hands and declare my total lack of objectivity. Miranda, after being abused at 11, the way my husband was treated by the representatives of the Church was heart-breaking, and was an abuse all over again. He went to Towards Healing for help in 2006; they funded approximately 10 counselling sessions then refused to fund anymore. They wanted him to ‘come to the table’ to settle this matter. In other words, they wanted him to accept a payout, sign a confidentiality agreement, and go away. 


This left him with no choice but to pursue legal avenues; a cruel, frustrating process that nearly killed him. At the absolute lowest point in his life, where he had lost his ability to work, lost most of his assets, lost half of his family, lost his business, lost his sense of self-esteem, and battled suicidal thoughts daily, the representatives of the Church – the Church of which George Pell is effectively Australian CEO – demonstrated no compassion whatsoever. We were tiny ants taking on an elephant; we would pay $5,000 to have a QC represent us, only to have the Church postpone on a technicality on the day. Not once, but three times they did this to us. I often said to my husband, “I’m sure they think if they keep drawing this out you’ll eventually crack and just top yourself”. He didn’t.


I know that he is just one of hundreds who were treated with total disregard for their well-being by Church representatives; not just 40 years ago, but recently, whilst George Pell was in charge, and therefore ultimately accountable. So Miranda, no; I am not worried about George’s ‘frail health’ whilst he testifies. I’m sure he will be fine. I’m far more worried about my husband and friends.


To conclude, let me remind you of why these survivors have travelled to Rome at all. It is not about them as individuals, and is not about Pell. It is about a commitment to action by the Church to implement the following:

• A national redress scheme to assist survivors with day to day living costs such as medical bills, given many can no longer earn a living due to their PTSD

• A national education program within schools to ensure that children learn about personal boundaries and learn that no adult, regardless of their role, has the right to invade their personal space, much less inflict sexual abuse.

• A world-class healing centre for survivors experiencing Post Traumatic Stress Disorder in Ballarat

• A peer support program for men in the Ballarat and other severely affected regions, to provide coping strategies which will in turn reduce our suicide rate

• An immediate strategy to remove all paedophiles from the Catholic Church entirely, in all countries, and assist police with criminal investigations in all countries.

Thank you for taking the time to listen to my perspective Miranda.'",
post,tifu,TIFU by disowning my father and brother.,https://www.reddit.com/r/tifu/comments/46144d/tifu_by_disowning_my_father_and_brother/,2016-02-15 21:56:06 PST,115,"So this has happened today. But it has taken place over a while.

Basically my brother is a young one, young teen. He has a habit of swearing his head off, kicking, throwing and such. (Reminder, he is a young teen. I am only 4 years older) He has recently found it to be funny to hit me in the testes, throw shoes at me, kick me and swear his head off at me. My father loves him, clear favouritism. He gets angry at ME when my brother goes off, claiming me to be useless, overdramatic, and such. So today I get home from school. Walk up the stairs and suddenly BAM. Brother kicks open the door, steps out (Naked,) and proceeds to say 'You son of a bitch!' I shrug it off as normal and walk inside...before he throws a shoe at my back. Big, steeltoed boots. It hurt like a bitch, I tell him off. He swears again, yelling and screaming. My dad sits around doing jackshit.

So it keeps going for half a hour, things thrown at me, screamed at and such. I crack, I promptly take off my formal uniform belt and weld it like a short stick. My brother practically shits himself and runs to my dad, screaming and crying at the sight. My dad stands up and then threatens to 'bash my head in if I come any closer'. This was the final straw, to him, I was nothing, I was his least favourite out of us, I was the only bad thing in life, my brother could do no evil. I proceed to scream at him, disowning him and my brother.

I sit here now typing this up.

tl:dr - Abused by brother, father backs him up, I proceed to lay my disownment down.

EDIT: Typo fix.",
post,raisedbynarcissists,"[Update] Abused by brother growing up, opportunity to put him in jail; TLDR",https://www.reddit.com/r/raisedbynarcissists/comments/2siuqj/update_abused_by_brother_growing_up_opportunity/,2015-01-15 07:49:27 PST,173,"After thinking about what I should do, I went to the detective and was brutally honest about everything that happened. After that, I convinced my sister to go back and tell the detective exactly what happened and she did. 

The detective just called to let me know there are now two warrants out for his arrest (assault on a minor and a sex crime charge).

Thank you to whoever gave me advice in the old thread. It really just helped me reassure what I should've done in this situation.

Old thread: reddit.com/r/raised by narcissists/comments/2pw89r/abused_by_brother_growing_up_opportunity_to_put/",
post,raisedbynarcissists,"Abused by brother growing up, opportunity to put him in jail; TLDR",https://www.reddit.com/r/raisedbynarcissists/comments/2pw89r/abused_by_brother_growing_up_opportunity_to_put/,2014-12-20 08:37:43 PST,48,"Hi. I'll get straight to the point: a detective is trying to get my side of the story after my brother just admitted to molesting my sister and I (it was ongoing about 10 years ago). It is hard to decide what to do, and mentally, I keep flip-flopping on my position. I'm the youngest of 5, he's the oldest, and we are 8 years apart.

Background:

I had an absolutely tormenting childhood. My parents, who never passed 9th grade, chose to have 5 kids. And for the first 15 years of my life, they forced us all into this cult revivalist church. The church manipulated my parents and all of their followers out of money (and there were sex scandals). Anyways, my brother (first born), was a problem child with severe behavioral debilities. He was constantly fighting with my parents, other kids, and my other siblings. Both of my parents couldn't handle him, and they both also had pretty bad childhoods. Growing up, my brother constantly manipulated people, stole, beat up other kids, and just tormented my parents, sisters and I. My mother never threw him out for good, because she has a very weak personality. My dad was all for kicking him out, but my mom always let him come back home. Cops were constantly being called, and restraining (and ""CHINS"") orders were got / abused throughout his teens. He always got in fist fights with my dad. When he was about 19, they pushed him away to this bible-college thing for a year or two, but he came back. That's when he started getting creepy.

What would he do?

He would force me or my sister (individually) to watch movies with him on his bed, in his basement-bedroom. To me, he would just creepily spoon me with only boxers on, (I was like 13 and my parents wouldn't let me go to sex-ed class, so I had no clue what was really going on). For my sister though, one time while I was in the other room, he cummed on her in the same situation. It's not like we could just get up and leave, he weighed like 250lbs, was manipulative and would physically force us to stay. I don't need to explain my self, I was only a kid. I remember one time when I complained to my parents about ""not wanting to watch a movie"", and they scolded me for not spending time with my brother (little did they know). 

Why my parents did nothing:

Eventually, my other sisters found out and told my parents. They sat us all down and scolded ME (and my sister), saying things like ""why didn't you just walk away"", ""why didn't you tell us"", and ""how could you NOT know something was weird"". Man, let me paint a picture for you: You're a 13 year old who hasn't even hit puberty yet, and was removed from all the sex-ed classes, sitting in your living room with the whole family staring at you saying this shit. My parents made my brother apologize to us, and then just moved on from it. They used the bible to say how you need to ""forgive like jesus did"", and just dropped it.

Why I'm not sure what to do:

Simply put, the consequences. I'm thinking of what will happen in the future. If what I say puts him in jail, then I will will get negative feedback from my parents. If he doesn't get convicted, or doesn't do a lot of time, will he seek revenge on me? I would feel bad for how he would be treated in jail. I don't feel bad for him, but I would feel bad for how people like him get treated in general. He's bi-polar and has ADHD, and super manipulative (he scored something like a 22 out of 27 on a psychopathy test). To be honest, I think the odds of seeking revenge are higher than I would like. Also, just dealing with the court system sucks. My sister talked to the detective and just said ""he needs to be in the mental institution"".

From a non-religous standpoint, what is the right thing to do?

TLDR: Brother molested sister and me, he admitted it to police, detective calling for my side.

Relevant info: I'm 23, living on my own with my GF, attained my BS, working, and an atheist. I don't have a relationship with my parents anymore.",
post,BreakUp,"My SO basically wants nothing to do with me because of what HE HIMSELF POSTED HERE ON REDDIT, was told he was wrong and still won't see reason...",https://www.reddit.com/r/BreakUp/comments/2bdxpu/my_so_basically_wants_nothing_to_do_with_me/,2014-07-22 04:52:14 PDT,1,"The link below will basically tell you the story of what is going on

AITA because I am upset she let her sister stay in the house without asking me?
http://www.reddit.com/r/AmItheAsshole/comments/2b7py5/aita_because_i_am_upset_she_let_her_sister_stay/

Before I say anything, this being posted without me knowing pisses me off so much.. I get you need an outside opinion so what ever.. But if strangers are telling you the same thing I did, why did you need to post in the first place!

Long story short, my sister was being abuse by my brother in law and needed a place to stay for a few days with her son. What was not mention or was completely omitted from the post was:

1. that I wasn't actually home when this happened. The morning in question I was on my way upstate (live in NYC going towards Canada) for training, not work. I wasn't physically there. If I was, this whole situation wouldn't have gone down to begin with. I would have personally went to that assholes house and beat the hell out of him, called the cops and made sure my sister disappeared. But because I wasn't there, I did the only thing I could do at the moment. Let her stay at my place while I was gone. 

2. Another thing that was completely over looked was that the bastard lives in the same apartment complex as my mother. How the hell is she supposed to stay there when he's there?! I had just moved, 4 people officially knew where I lived. Of course she has to leave in case my mother gets harassed and they call the cops on her! My mother is fucking disabled!  What else was I going to do right then and there! 

3. Next point that was completely untrue. My mother was there the entire time of my sisters stay. I called since I left several times a day via video chat at random times of the day to make absolutely sure that she was there. I personally spoke over the same chat to make sure my sister's number was changed, called me with said number and to make sure it was a new number and that his number was blocked. My mother paid for her food and clothing (because she had nothing for her OR her son because she ran out of the house). My mother did not leave my sisters side and even took her to church so she wouldn't be there alone. She came in on a Saturday, left Monday morning. 3 days. All she needed was 3 days. 

4. This is the part that hurts me the most. After everything happened, I actually TRIED TALKING TO HIM! he ignored me for the entire day until the next morning because ""he's was upset and needed to cool off"". I called him, texted him, left voice mails to see what we could do now that the madness was over with. Have the call log and messages to prove it. Did I want my sister to stay there? No. Did I want to help her? No. My family and I have a history. I backed off a long time ago and only really talk to my mom, dad and step dad. But he knows I hate domestic violence. He knows I'm also a victim of it. He knows it bothers me. ESPECIALLY SINCE SHE HAS A 2 YEAR OLD SON! After that, I freaked out. I was so angry that I called him a childish selfish brat. That this is more important than how he feels. He had the nerve to say that I didn't care about his opinion or how he felt. I TRIED TO FUCKING TALK TO YOU THE WHOLE DAY!!!

5. Not a part of the story but is pissing me off so much. He had the car. My unit is 50 miles from where I live. Plan was to leave it with him so he can use it and put a dash cam then park it at my unit the night before I got home. Guess what he just did? He parked it in the street so now I might get a ticket. Now I have to call my mother to move it to the parking garage until I get home. Did I mention that she's disabled? Not only would she not possibly be able to do so, worse case scenario, her wanting to help, I have to worry about if she's going to use it or let someone else drive it. 

Update: he was kind enough to put it in a garage until I can figure out what to do with it.

6. Why couldn't I just tell my bosses what's going on so I could have just gone home to deal with it? Why am I mentioning a unit? Because I'm in the fucking military. That's why I wasn't home. That's why I didn't have a lot options. I was leaving for my annual training of the year and am OBLIGATED TO GO. I'm not saying that the Army wouldn't understand but if the situation is being handle, why do I need to go home then? No one died, no one is dying, no one is in the hospital. That's how they see it. Period. 

7. We argued so much to the point that he said he's not staying there anymore, he's leaving the keys and that we needed to talk. That he doesn't know if he could be with someone who didn't listen to him. WHAT!? I'm away, stressed out and this is the time you do this?! I told him if that's the case leave me now, why wait so I can be damaged and unfocused my entire time away. And of course, I was the one that ended it (from what he thinks) I didn't care about anything he had to say (from what he thinks) and he is physically disgusted by me. I'm revolting to him now. That he never wants to be in a relationship with me ever again. 

Oooooh best part : if I email, call, text,  POST, or communicate in anyway? He'll call the cops to file charges of harassment. 

I've been crying, spacing out and angry for 3 days. I have to hide or walk away so I don't cry in public. I have my immediate supervisor wondering why my behavior has changed. This is the man I invested my heart to. The man I wanted to spend the rest of my life with. The person I wanted to progress with. Why I moved to a bigger place and got a car. My partial reason for not reelisting into the military. Why I stop talking to a lot of my friends and associates (my choice) I'm completely broken down.. I don't know how to feel, think,  or do. Plus I'm still away from home and now I have nothing to go home to.. An empty apartment and parking tickets.. 4 1/2 years.. Gone..

**Tl; dr:**

**Sister was abused by brother in law.  Said she can stay with me. My SO and I fought so much I physically disgust him now and never wants to be with me again because it's my fault..**",
post,BreakUp,"My SO just basically blocked me because of a situation HE HIMSELF POSTED HERE, was told he was wrong and still refused to see reason!",https://www.reddit.com/r/BreakUp/comments/2bdq18/my_so_just_basically_blocked_me_because_of_a/,2014-07-22 02:33:38 PDT,1,"The link below will basically tell you the story of what is going on

AITA because I am upset she let her sister stay in the house without asking me?
http://www.reddit.com/r/AmItheAsshole/comments/2b7py5/aita_because_i_am_upset_she_let_her_sister_stay/

Before anything, this being posted without me knowing pisses me off so much.. I get you need an outside opinion but if strangers ate telling you the same thing I did, why did you need to post in the first place!

Long story short, my sister was being abuse by my brother in law and needed a place to stay for a few days with her son. What was not mention or was completely omitted from the post was:

1. that I wasn't actually home when this happened. The morning in question I was on my way upstate (live in NYC going towards Canada) for training, not work. I wasn't physically there. If I was, this whole situation wouldn't have gone down to begin with. I would have personally went to that assholes house and beat the hell out of him, called the cops and made sure my sister disappeared. But because I wasn't there, I did the only thing I could do at the moment. Let her stay at my place while I was gone. 

2. Another thing that was completely over looked was that the bastard lives in the same apartment complex as my mother. How the hell is she supposed to stay there when he's there?! I had just moved, 4 people officially knew where I lived. Of course she has to leave in case my mother gets harassed and they call the cops on her! My mother is fucking disabled!  What else was I going to do right then and there! 

3. Next point that was completely untrue. My mother was there the entire time of my sisters stay. I called since I left several times a day via video chat at random times of the day to make absolutely sure that she was there. I personally spoke over the same chat to made sure my sister's number was changed,  called me with said number and to make sure it was a new number and that his number was blocked. My mother paid for her food and clothing (because she had nothing for her OR her son because she ran out of the house). My mother did not leave my sisters side and even took her to church so she wouldn't be there alone. She came in on a Saturday, left Monday morning. 3 days. All she needed was 3 days. 

4. This is the part that hurts me the most. After everything happened, I actually TRIED TALKING TO HIM! he ignored me for the entire day until the next morning because ""he's was upset and needed to cool off"". I called him, texted him, left voice mails to see what we could do now that the madness was over with. Have the call log and messages to prove it. Did I want my sister to stay there? No. Did I want to help her? No. My family and I have a history. I backed off a long time ago and only really talk to my mom, dad and step dad. But he knows I hate domestic violence. He knows I'm also a victim of it. He knows it bothers me. ESPECIALLY SINCE SHE HAS A 2 YEAR OLD SON! After that, I freaked out. I was so angry that I called him a childish selfish brat. That this is more important than how he feels. He had the nerve to say that I didn't care about his opinion or how he felt. I TRIED TO FUCKING TALK TO YOU THE WHOLE DAY!!!

5. Not a part of the story but is pissing me off so much. He had the car. My unit is 50 miles from where I live. Plan was to leave it with him so he can use it and put a dash cam then park it at my unit the night before I got home. Guess what he just did? He parked it in the street so now I might get a ticket. Now I have to call my mother to move it to the parking garage until I get home. Did I mention that she's disabled? Not only would she not possibly be able to do so, worse case scenario, her wanting to help, I have to worry about if she's going to use it or let someone else drive it.

6. Why couldn't I just tell my bosses what's going on so I could have just gone home to deal with it? Why am I mentioning a unit? Because I'm in the fucking military. That's why I wasn't home. That's why I didn't have a lot options. I was leaving for my annual training of the year and am OBLIGATED TO GO. I'm not saying that the Army wouldn't understand but if the situation is being handle, why do I need to go home then? No one died, no one is dying, no one is in the hospital. That's how they see it. Period. 

7. We argued so much to the point that he said he's not staying there anymore, he's leaving the keys and that we needed to talk. That he doesn't know if he could be with someone who didn't listen to him. WHAT!? I'm away, stressed out and this is the time you do this?! I told him if that's the case leave me now, why wait so I can be damaged and unfocused my entire time away. And of course, I was the one that ended it (from what he thinks) I didn't care about anything he had to say (from what he thinks) and he is physically disgusted by me. I'm revolting to him now. That he never wants to be in a relationship with me ever again. 

Oooooh best part : if I email, call, text,  POST, or communicate in anyway? He'll call the cops to file charges of harassment. 

I've been crying, spacing out and angry for 3 days. I have to hide or walk away so I don't cry in public. I have my immediate supervisor wondering why my behavior has changed. This is the man I invested my heart to. The man I wanted to spend the rest of my life with. The person I wanted to progress with. Why I moved to a bigger place and got a car. My partial reason for not reelisting into the military. Way I stop talking to a lot of my friends and associates (my choice) I'm completely broken down.. I don't know how to feel, think,  or do. Plus I'm still away from home and now I have nothing to go home to.. An empty apartment and parking tickets.. 4 1/2 years.. Gone..

Tl; dr

Sister was abused by brother in law.  Said she can stay with me. My SO and I fought so much I physically disgust him now and never wants to be with me again because it's my fault..",
post,AskReddit,GF sexually abused by brother - Need advice/answers,https://www.reddit.com/r/AskReddit/comments/12mr2b/gf_sexually_abused_by_brother_need_adviceanswers/,2012-11-04 13:58:52 PST,0,,
post,relationships,UPDATE (girlfriend sexually abused by brother),https://www.reddit.com/r/relationships/comments/u0dy3/update_girlfriend_sexually_abused_by_brother/,2012-05-22 19:49:47 PDT,1,,
