type,subreddit,title,url,datetime_pst,score,body,media_url
post,SiblingStories,Why is my sister so violent?,https://www.reddit.com/r/SiblingStories/comments/1kpfvvd/why_is_my_sister_so_violent/,2025-05-18 02:19:37 PDT,1,"Bro my sister is way younger then me, already going through puberty and acts like a child.
She always has violent outbursts which leave me shaken.
She always hits me and scratches me like a child and I can't do anything about it because my mum doesn't help.
How do I stop a violent sister?",
post,Vent,A bit of a collection of vents,https://www.reddit.com/r/Vent/comments/1jfykks/a_bit_of_a_collection_of_vents/,2025-03-20 13:21:31 PDT,1,"(Literally think of most TW's b4 reading)  
  
Today:

My mom said making sure I do my work is ""dealing with me"", my sister is abusive as ever, my dad couldn't be less present emotionally, and I'm just tired of being near them, I don't have the energy to deal with two child-like adults and a 17 y/o with the temper and and patience of a toddler who resorts to hitting others when they're angry A month since my friend died and I never got tome to process it, first because MUN was the day after the news, and then my grades were more important than that... I couldn't even visit her for her birthday on sunday Because ""there's no point in visiting a dead person"" I can't express how angry it makes me when my sister says ""well, I can't help you with that, you should talk to the school counselor or something"" I couldn't help you when I was nine and you told me you wanted to kys but I guess that doesn't count, and the counselor would either tell my parents or do smth that causes a lot of trouble for my parents,,, I guess my sister's only abilities are berating me or threatening my life, I love when my heart races and tears almost start forming in my eyes from the mention of ""contacting my parents so I get work done"" can't forget the immediate knot in my throat and the sudden need to never speak again

Yesterday: 

I js realized one month has passed since my friend died, she would've turned 16 on sunday but my parents didn't let us go see her  
  
My mom hates me... I can feel it. She says how making sure I do my homework is ""dealing with me."" My dad was basically never here, working all day and bow never emotionally present. Oh, and my sister... my amazing, abusive, violent sister... I wish I would've ignored this all, and then I wouldn't have wondered about death since I was 6... my friend died exactly a month ago, and I can't help but think it should've been me.  
  
I was highkey supposed to be gone by febraury first, didn't do it, a bit over two weeks later my friend did, nobody gave a fuck after a day or two, and now I'm back to ""normal life"" after I had no time to process it all. I have to suppress everything, and I've forgotten so much because of that. I can't forget when my sister taught me what NSFW was. I can't forget all the times she choked me, how I thought she was going to end me. How she said she would've if she wanted to. I can't help that I think she hates me, and yet she acts like she doesn't know why. I feel like every time I vent to someone, they end up completely misinterpreting what I say, idk if it's my fault. I haven't harmed myself in over 5 months, but I still feel it. It gave me relief. Her EDs stuck with me, I can't see my body normally. Her suicidal ideation and attempts stuck with me. Her self-harm stuck with me. I'm just like her, and I'll never escape that. Everyone thinks I'm making it up, probably. She's ""too nice."" The funny thing is that sometimes she fools me. Sometimes, all the memories I've lost because of her and my parents fade just enough for me to ignore those years of a memory void. The brainfog, I forget everything so soon, and I know I'm suppressing this, too. I'm suppressing my life as it happens. All I want is for someone to try and understand instead of telling me I'm thinking too much. I just want to forget when this started, how early I lost my innocence. I just want it to stop.

(there's more but I haven't found it) Also, please do not say stuff like ""you're thinking too much"" because it genuinely doesn't help at all & I only wanted to let all my emotions out, not really to get advice or something so yeah

||
||
||ReplyForwardAdd reaction|",
post,CPTSD_NSCommunity,Getting better at boundaries and getting back to my old personality by reconnecting with my anger,https://www.reddit.com/r/CPTSD_NSCommunity/comments/1jezpcg/getting_better_at_boundaries_and_getting_back_to/,2025-03-19 08:30:42 PDT,1,"there's been a lot of growth for me lately and I'm trying to be kinder to myself and celebrate evry step.  I've spent about 4 or 5 months working on learning to feel angry again and to acknowledge it.  I would know proudly describe myself as an angry person B) I get mad everyday and the anger is my bullshit detector for life.

  
I was out last night doing some volunteer work (for socializing) when someone asked me a bit about my current plans.  I'm presently working on my GED and generally recovering from unschooling.  Anyway, this became a bit uncomfortable after someone asked why I didn't get my highschool diploma as an 18 yo and why I don't live with my parents (my parents were extremely mentally ill and, between each of their own attempts, had tried killing me 3 times).  I was already not feeling quite right with this person as they were being generally condescending to me and even said something backhanded about my first name, but I also wasn't someone who wasn't going to NOT grieve and honor my younger self's struggles either.  So I simply stated, with some sarcasm, ""you sure?  it's pretty sad, you know.""  And stopped there.

Ofc, this person kept pushing, accused me of not being honest with them (as if they're even entitled to my personal information.  wtf?) and then started guessing and would ask me if they guessed correctly.  I'd say no, and then they'd keep pushing.  They finally did ask that I didn't seem to be budging and that maybe, just MAYBE, they were prying.  And I let them have it.

""I'm not answering your questions because it's creepy and RUDE.""

They didn't answer or apologize, of course.  Eventually they tried to ""comfort"" me by oversharing some traumatic details, as if trying to say they totally understand me.  After that I just stopped responding.  I'm actually proud of myself for this.  Not only am I learning about ACTUAL boundaries, but I'm learning what MY boundaries are, what I am personally comfortable sharing.  Even just the fact that I didn't want to traumabond and actually felt OFFENDED by them trying to push for such a thing makes me proud, as it means I'm slowly moving on from the past.  Cuz I KNOW for a fact that I definitely just wanted human intimacy over like, normal topics.  I was entirely okay with appearing as a complete asshole, lol, I ddn't even judge myself, I knew I was in the right, and I wasn't worried about hurting his feelings or anything and whatever I did think of him was just ""this says more about his own failings than mine.""  I absolutely put myself first that night and everytime I wasn't sure what to say, I just asked myself what I wanted/needed.  It was also beautiful being able to trust myself enough to reflect that night on who was clearly a safer person or potential friend and who wasn't.  Trusting MY own judgement!

Lately I think I HAVE been angry more lately, expressing it in healthier and more honest ways.  A thought I've been deconstructing over the past 2-3 days is the idea that I'm naturally a submissive doormat because that's something my mom told me a lot (that's the kind of child she wanted).  Suddenly my body has been processing angry emotions and memories I thought I had long gotten over or at least over enough.  Memories where, in retrosepct, the traumatic stuff happened ONLY because I was the one person in the family willing to stand up for what I thought and go toe to toe with EVERY member of the household for what I thought, even if that risked physical violence towards me or general child endagerment (like the time I was pressured to attend a party where my cousin was letitng his extremely aggressive dog around despite constantly showing signs of sizing me up for a bite).  Or the times I was willing to physically fight my 17 yo sadistic, pedophilic, violent sister with my bare hands whenever she tried to suffocate me for fun.  As a 6 yo.  Those are not the traits of a doormat, especially when I didn't have anyone to model it for me and people were ecnouraging me to GIVE UP AND GIVE IN instead.",
post,familydrama,Violent sister-in-law,https://www.reddit.com/r/familydrama/comments/1iu5v1p/violent_sisterinlaw/,2025-02-20 10:42:19 PST,1,,https://www.reddit.com/r/helpme/comments/1iu3559/violent_sisterinlaw/
post,helpme,Violent sister-in-law,https://www.reddit.com/r/helpme/comments/1iu3559/violent_sisterinlaw/,2025-02-20 08:53:48 PST,1,"I’ve been going through something really unexpected lately. I used to live with my fiancé at his family home, rent-free, but things took a turn when his sister, who's 34, started acting erratically. It felt like her behavior was directed at me, and over the months, she became increasingly aggressive, screaming, yelling, and even threatening to hit others. She called 911 multiple times, thinking she was having a stroke, and claimed she had a heart attack in front of everyone, but we were all so on edge around her that I feel like we would’ve noticed if something was seriously wrong.

I told my fiancé that I felt like she wanted to hurt me, and while everyone tried to reassure me that she was just being dramatic, it didn’t help. The night before the incident, I made dinner for the family, and she accused me of poisoning them, which was really unsettling. 

The next morning, I was just talking with my mother-in-law about my pregnancy when suddenly, his sister came running up and punched me out of nowhere. I hadn’t even said anything to her! She was screaming about suing us and how much she hated us. I panicked and pushed her away with my foot to get her off me, and while she was on the ground, she kept screaming that she wanted to kill me and my unborn child. 

I really miss my fiancé and want to see him, but his mother is... well, it’s complicated. It’s just a lot to deal with right now. I want to help find a way to get her out of the house because she’s making everyone who lives there miserable. What do I do?? 
",
post,VerseVibe,The Vulture &amp; the Body,https://www.reddit.com/r/VerseVibe/comments/1hpbm00/the_vulture_the_body/,2024-12-29 17:31:56 PST,1,"By Ada Limón

On my way to the fertility clinic,
         I pass five dead animals.

First a raccoon with all four paws to the sky
    like he’s going to catch whatever bullshit load
falls on him next.

Then, a grown coyote, his golden furred body soft against the white
    cement lip of the traffic barrier. Trickster no longer,
an eye closed to what’s coming.

Close to the water tower that says “Florence, Y’all,” which means
I’m near Cincinnati, but still in the bluegrass state,
    and close to my exit, I see

three dead deer, all staggered but together, and I realize as I speed
past in my death machine that they are a family. I say something

to myself that’s between a prayer and a curse—how dare we live
      on this earth.

I want to tell my doctor about how we all hold a duality
  in our minds: futures entirely different, footloose or forged.

I want to tell him how lately, it’s enough to be reminded that my
body is not just my body, but that I’m made of old stars and so’s he,
     and that last Tuesday,

I sat alone in the car by the post office and just was
     for a whole hour, no one knowing how to find me, until
I got out, the sound of the car door shutting like a gun,

and mailed letters, all of them saying, Thank you.

But in the clinic, the sonogram wand showing my follicles, he asks
if I have any questions, and says, Things are getting exciting.

I want to say, But what about all the dead animals?

But he goes quicksilver, and I’m left to pull my panties up like a big girl.

Some days there is a violent sister inside of me, and a red ladder
     that wants to go elsewhere.

I drive home on the other side of the road, going south now.
The white coat has said I’m ready, and I watch as a vulture
       crosses over me, heading toward

the carcasses I haven’t properly mourned or even forgiven.
    What if, instead of carrying

 a child, I am supposed to carry grief?

The great black scavenger flies parallel now, each of us speeding,
intently and driven, toward what we’ve been taught to do with death.",https://www.poetryfoundation.org/poems/1618846/the-vulture-the-body
post,Warhammer40k,sketched up a very violent sister...,https://www.reddit.com/r/Warhammer40k/comments/1h5q4wq/sketched_up_a_very_violent_sister/,2024-12-03 07:34:18 PST,1,,https://i.redd.it/79obl89hkn4e1.png
post,relationship_advice,"I (F37) don’t want to go to Christmas with my violent sister that SA’d me but my mum (F65) wants my take no for an answer, is it time to tell her why?",https://www.reddit.com/r/relationship_advice/comments/1g7t51m/i_f37_dont_want_to_go_to_christmas_with_my/,2024-10-20 00:12:36 PDT,1,"This year I was able to go no contact with my sister finally after years . I was able to do this after an incident where she left me and my young daughter in the middle of the night in a major city after a Taylor Swift concert with nothing.  I was able to use this incident to go no contact and I have never been happier. I have been able to go no contact a number of times in the past but she has always wormed her way back in. Two times it was because two immediate family members (mum and brother) almost died and other times it’s been from my mother pushing. I have given very clear reasons and boundaries why I don’t want my sister in my life and those should be enough (drug use, violence and just plain mean and nasty) 

From the ages of 6 until 9 my sister sexually assaulted me. I have never said anything as I think I will be met with either outrightly not being believed, being told she was only 2 years older so that's not what it is or my mum finding a reason why - like if someone was doing it to my sister, (which I have asked and no one was)

• To give a little background growing up, my sister used to beat the shit out of me and my mother always ignored the problem. She was still violent towards me until my fiancé told her in no uncertain terms that if she was ever to touch me again he would show her what it's like to pick on someone her own size. It was clear from oung age that my sister was the favorite and I was ta nuisance. The drug use has been in the last year. she currently lives with my mum and has been found OD'ing twice. She has also been on drugs while my daughter was over with me and I found drugs in her bag that she expected me to put on a plane under my name (thank god | checked it) -

I have told my mum that I never want to see my sister again and used the above as reasons, which I think is more than enough. My mum is not respecting those boundaries and not taking no for an answer so is it time to tell her the real reason? And if so, how?",
post,relationship_advice,I (F37) don’t want to attend Christmas with my violent sister (F39)that SA’d me for years but my Mum (F65) wont take no for an answer. Is it time to tell her the real reason? ,https://www.reddit.com/r/relationship_advice/comments/1g7t0nm/i_f37_dont_want_to_attend_christmas_with_my/,2024-10-20 00:03:22 PDT,1,[removed],
post,domesticviolence,Living with a Violent Father and Sister,https://www.reddit.com/r/domesticviolence/comments/1f39meo/living_with_a_violent_father_and_sister/,2024-08-28 06:02:27 PDT,1,"
Violence is internalized in my family. I have a violent sister and a violent father. When I speak up about their misbehavior- the issue is brushed aside and not getting addressed. To live with my family is becoming exceedingly painful and frustrating. 

I cannot afford my own place at the moment and stay at home. I cannot take this abuse anymore. Last year, I lived separately from my family and my Mother approached me and said that she wants to move in with me and I said that it’s not possible because I had recently started working at a new company. Last year, I left that job and moved in with my parents and my sister and father are creating non stop chaos at home. They yell at me, shove me aside and throw things in anger. They don’t listen to me and my Mom and cut us off. I am not even able to verbally express myself and my father and sister are physically being violent. They have not hit me or my Mom but their body language can get terribly aggressive. 

I don’t have a job atm and don’t know where to go. Also, after I get a job- I will have to take my Mother with me because I now understand what she was saying last year. 
I am 27 F and terribly falling apart. 
",
post,40k,Very violent Sister of Battle ,https://www.reddit.com/r/40k/comments/1en1t2v/very_violent_sister_of_battle/,2024-08-08 02:46:15 PDT,1,"https://reddit.com/link/1en1t2v/video/a33w6rpgvehd1/player

Sister: GingerAle in fb, gingersptx in x 

Taken at Warhammer booth of Legendary Wargame at Wonder Festival Bangkok 2024 

",
post,askwomenadvice,Violent sister (49f) hates me (35f) and I am in her war path,https://www.reddit.com/r/askwomenadvice/comments/1e8j92s/violent_sister_49f_hates_me_35f_and_i_am_in_her/,2024-07-21 03:25:37 PDT,1,"My half sister is 49, I am 35, her daughter is 9. For about 10 years, my sister has bullied me. Most of my life she wasn't anywhere to be found, but once I turned drinking age our relationship grew. She has always been very jealous of me. We tried to be sisters/friends.

She has threatened to beat me up numerous times, left me abusive text and voice messages, and currently she is on a war path.

She drinks a lot of alcohol and does cocaine frequently. In March, we spent a day together doing those things. By the end of the day she was completely out of control. I called our mom for a ride home, and she got upset with me for that. I chose to leave the situation and she chose to follow me out the door and down the street calling me rude names and putting me down for calling for a ride. She began to get nose to nose with me, and pushing herself against me. I asked her to stop and just let me go at least 3 times. Finally, I swung my purse at her. I missed or she dodged and I grabbed her hair. She fell to her knees just like that, causing me to rip some of her hair out. That was the end of it, my mother arrived and took me home.

That night she came to my house, spitting on my windows, kicking my house, screaming her head off.

Her side of the story is that I came out of nowhere, viciously attacked her and gave her a concussion.

She won't allow me to see or speak to my niece. If I happen to say hello to my niece and she finds out, its hell for the adult that let it happen. I wasn't able to go to my nieces birthday party, and not having children of my own i grew so attached to my niece and in love with her.

I have tried to apologize to my sister many times, and she won't accept. Its been heard that she's not going to make up with me until she gets her revenge.

Now, we have a lot of family in town. So we've had to be in the same area. Yesterday I was waiting in the parking lot with my cousin for dinner, and he pointed out her on and off boyfriend in his car near mine. Thats about all that was mentioned of it and we went in for dinner.

Today, she tricked my mom into giving her my phone number and she called me. Telling me I'm trash, a bully, a bad person. That the day before I had screamed obscenities at and asked people to kick her boyfriend. She left me a terrible voice at and another text. She's blocked now but that doesn't stop voicemails.

I just don't know what to do. I can't get away from her because my family is so tight knit. I think she has severe mental illness and feel a little afraid of what she could do to me.

She beats her boyfriends up, and has a lot of weapons. It hurts so bad not to be able to see my niece, and to think of how my sister has tried to villainize me to her. She's now fabricating lies in order to threaten my character and pull things onto her side. I don't know what to do.",
post,askwomenadvice,My violent sister hates me. I am directly in her warpath. Help!,https://www.reddit.com/r/askwomenadvice/comments/1e8j8ed/my_violent_sister_hates_me_i_am_directly_in_her/,2024-07-21 03:24:18 PDT,1,[removed],
post,AmItheAsshole,AITA? Or is she? Violent sister hates me.,https://www.reddit.com/r/AmItheAsshole/comments/1e8ctj3/aita_or_is_she_violent_sister_hates_me/,2024-07-20 20:10:36 PDT,1,[removed],
post,WomensHealth,Violent sister hates me. Please help!,https://www.reddit.com/r/WomensHealth/comments/1e8cq4q/violent_sister_hates_me_please_help/,2024-07-20 20:05:10 PDT,1,[removed],
post,family,Violent sister hates me. I need advise please!,https://www.reddit.com/r/family/comments/1e8ciwy/violent_sister_hates_me_i_need_advise_please/,2024-07-20 19:53:54 PDT,1,"My half sister is 49, I am 35, her daughter is 9. For about 10 years, my sister has bullied me. Most of my life she wasn't anywhere to be found, but once I turned drinking age our relationship grew. She has always been very jealous of me. We tried to be sisters/friends. She has threatened to beat me up numerous times, left me abusive text and voice messages, and currently she is on a war path. She drinks a lot of alcohol and does cocaine frequently. In March, we spent a day together doing those things. By the end of the day she was completely out of control. I called our mom for a ride home, and she got upset with me for that. I chose to leave the situation and she chose to follow me out the door and down the street calling me rude names and putting me down for calling for a ride. She began to get nose to nose with me, and pushing herself against me. I asked her to stop and just let me go at least 3 times. Finally, I swung my purse at her. I missed or she dodged and I grabbed her hair. She fell to her knees just like that, causing me to rip some of her hair out. That night she came to my house, spitting on my windows, kicking my house, screaming her head off. Her side of the story is that I came out of nowhere, viciously attacked her and gave her a concussion. She won't allow me to see or speak to my niece. If I happen to say hello to my niece and she finds out, its hell for the adult that let it happen. I wasn't able to go to my nieces birthday party, and not having children of my own i grew so attached to my niece and in love with her. Now, we have a lot of family in town. So we've had to be in the same area. Yesterday I was waiting in the parking lot with my cousin for dinner, and he pointed out her on and off boyfriend in his car near mine. Thats about all that was mentioned of it and we went in for dinner. Today, she tricked my mom into giving her my phone number and she called me. Telling me I'm trash, a bully, a bad person. That the day before I had screamed obscenities at and asked people to kick her boyfriend. She left me a terrible voice at and another text. She's blocked now but that doesn't stop voicemails. 
I just don't know what to do. I can't get away from her because my family is so tight knit. I think she has severe mental illness and feel a little afraid of what she could do to me. She beats her boyfriends up, and has a lot of weapons. It hurts so bad not to be able to see my niece, and to think of how my sister has tried to villainize me to her. She's now fabricating lies in order to threaten my character and pull things onto her side. I don't know what to do. ",
post,autism,"I can't write a resume without crying and feeling discouraged. I want to get an apprenticeship as an electrician, but I need to find a position first and I don't know what to do. Can someone please help?",https://www.reddit.com/r/autism/comments/1dpn2zi/i_cant_write_a_resume_without_crying_and_feeling/,2024-06-27 02:25:28 PDT,1,"Long ass title, I know. I've been out of high school for a year and I'm trapped with an unstable family. My own mother is emotionally abusive and my violent sister is coming back from university at midnight tomorrow. I want to live on my own and I almost have my driver's license, but I don't know how to write a resume that will actually get me a job. I applied for an apprenticeship earlier this year, but then I realized I had to find a job first that was willing to train me...

I haven't worked a day in my life since the job application process is so stressful. It's awful having to list your accomplishments and what you're good at without feeling absolutely worthless. I just want to be free from my situation. I am so stressed out and I don't know what to do. I had a meeting with an employment service two weeks ago and they haven't called me back. I feel left behind by society. I want to cut my family off, but it feels as though everything is fucking rigged against me. Maybe I'm too immature, but I'm tired of being mistreated and I just want independence and I just want a job.

I'm planning on supporting myself through gig work for a little while, but that's not sustainable. Can someone please give me some advice?",
post,JUSTNOFAMILY,"Violent sister, really bad situation",https://www.reddit.com/r/JUSTNOFAMILY/comments/1bqmn8r/violent_sister_really_bad_situation/,2024-03-29 04:11:52 PDT,1,[removed],
post,mentalhealth,"Violent sister, really bad situation",https://www.reddit.com/r/mentalhealth/comments/1bqmm7j/violent_sister_really_bad_situation/,2024-03-29 04:10:09 PDT,1,"I am really struggling while writing this. I am the younger brother.  

My sister graduated in hotel management, got a job at one of India's best hotel chains, but she left it after 2 years as she wanted to do 'music'. None of my parents objected to it, and my father even bought her a new guitar and a keyboard so that she could start off well. She has been trying to do something substantial in music since the last 5-6 years, but she hasn't been successful. And this is where the problems start i feel. She has started blaming herself even though all of us have only ever been supportive to her. 

My mother has always had a soft spot for her, and my sister has slowly over the years developed something that can only be described as hatred for my mother. Till now, she has been verbally abusing the hell out of my mother, who has done nothing to stop that, only listening to everything and making peace with my sister's behavior as being a failure of her parenting. My sister has never faced any repercussions for her actions be that for using unimaginably foul language towards my mother, or getting into troubles with others around her. 

At my suggestion, she started living separately in her apartment, and things were okay for a while. 

But since last year Dec, she was diagnosed with a very serious disease, and she was forced to move in with my mother as she could not do anything by herself. This is when things took a turn for the worse as she has become physically abusive on top of the verbal abuse. She has thrown plates and stuff at my mother and has even thrown hands at her as of late.

My father and me are in different cities now for work and we cannot be there physically. My mother and sister are in Delhi.

I am at my wits end as to what to do as my sister doesn't want to talk, and we have tried so many times to make her understand that we are there for her and she should try therapy, but she has denied everything. Even as to suggest that its my mother who needs therapy. (My mother is already getting sessions from a psychologist).

We are thinking of enrolling her at a rehab center in Delhi, away from my mother. I really need some guidance on if anyone has had some experience with any such rehab centers. Also, if anyone has any insight as to how to handle such situations. I am so helpless right now.",
post,narcissisticparents,My mom stopped talking to me because I told my schizophrenic sister not to pick up my baby,https://www.reddit.com/r/narcissisticparents/comments/19fbmof/my_mom_stopped_talking_to_me_because_i_told_my/,2024-01-25 07:16:17 PST,1,"My sister is schizophrenic and I haven’t spoken to her in over a year because she tried to stab me a year ago. She lives with my mom and my mom said my sister is on meds that are doing wonders and she would like for me to speak with my sister, and threatened to never talk to me again unless I do. I went over to try to mend the relationship and could instantly tell my sister was not stable. She tried picking up my baby while he was asleep in my arms so I told her no which led to her freaking out and throwing anything she can grab at me while I was holding my infant. I ran out of the house and my mom followed me out and told me it’s my fault for not letting my sister hold the baby and I triggered an episode in her.

I told my mom I don’t feel safe having my sister around my baby so she cut me off and said she won’t ever talk to me again unless I basically act like everything is ok with my sister and not walk away when she gets violent. She said I’m a terrible sister for not having patience with my violent sister. I’ve tried reaching out to my mom and she blocked me. 

Everyone else in my family is on my moms side it seems.",
post,AmItheCloaca,AITC for trying to put Mahm into a Hallmark movie?,https://www.reddit.com/r/AmItheCloaca/comments/18zpnaj/aitc_for_trying_to_put_mahm_into_a_hallmark_movie/,2024-01-05 18:58:34 PST,1,"Several weeks ago, mahm and grandmahm brought in the Tree of Wonder, the annual sacrifice to the cold times that they bring us to please us and entertain us because it's so dark we can't see the peasants outside. After putting up the tree, mahm went about putting up the supplemental sacrifices.

While she was hanging the one on the door I just sort of... decided not to be there.

See, the problem with living with Mahm and Violent Sister is that they aren't dudes. I love dudes. I need to find a bro. So I slipped out when she wasn't looking and wandered around the hallway in our 'high rise' for a while before a very nice New Bro brought me into his house. 

After hanging out with him for about six hours, Mahm must have figured out I wasn't just having some me time and figured out where I was and came to get me. 

Apparently part of the cold times sacrifice tradition for mahms to go to their home towns to make dude friends with the help of their children, but all mahm did was call me a little shit and take me away from my new friend! AITC? Did I do it wrong?",
post,SGExams,My maid/helper is being fairly unreasonable and all for small reasons,https://www.reddit.com/r/SGExams/comments/17ywy3p/my_maidhelper_is_being_fairly_unreasonable_and/,2023-11-19 05:14:03 PST,1,"
First of all I do not have anything against maid/helpers and I do NOT abuse them in any sort of situation. This just made me a bit upset and dumbfounded.

I haven’t really liked this helper as she has had mood swings a lot and I dislike when she gets really angry, one time when I was young, her sister and herself pulled both arms of my younger sister as they were having a angry debate and took it out on her.

I personally can’t do anything to her as she has  worked for my family for almost all my life and my mother trusts her fully. She has hit me lightly before and that does pisses me off sometimes but her younger sister was worse so I don’t mind that much.

I used to think that I was living in jail with both of them, but luckily the more violent sister moved out to a richer family while the ‘better’ one stayed. So that lightened the pressure over the last few years

However an incident occured today that made me feel slightly angry. Basically I asked my younger sisters to clear up their books in my table as they were blocking a power plug nearby, hence making it hard for me to charge anything and it also posed as a fire hazard. I also asked them to remove their bags that blocked my way to the windows and for them to place them in their own room.My younger sisters had a small tantrum and complained loudly about what I made them do. This escalated in my older sister who did not know the whole situation to start yelling in the house. 

This whole situation is very normal in the big household I come from so I try to calmly explain that I had just requested them to take their things back to their own room and they were just making a huge fuss.

My helper hearing all of this got really angry and stomped out to hear what the commotion was about.To calm the situation down my mother asked the helper to put my sisters bags  outside in the living room. My helper did just that, albeit with a sour face and I thought the issue was cleared. 

However a few moments later while I was minding my own business, my helper angrily barged into my room, opened my drawers with a loud bang and took out my younger sisters things that they usually kept in the drawers(I don’t mind them keeping a few things in my room). She sneered at me and hissed that she wouldn’t be cleaning my room anymore and that I should have come to her when I saw the bags were taking up space.She also complained that I should have just shifted the books aside which I in return argued that that would take majority of my desk as there wasn’t a lot of space left. 

She also stated that the way I had been talking to her was ‘bad’ and I guess she thought I was giving her an attitude.

Honestly her threats don’t mean much to me because she usually HAS to come in to clean the room because that’s her job…

This situation isn’t that bad either way it just pissed me off a little. Any advice ya’ll can give me?

TL;DR: my helper is pissed because I asked my sisters to clean up their messes and won’t clean my room.",
post,CPTSD,Need someone to talk to. please.,https://www.reddit.com/r/CPTSD/comments/15jtpsj/need_someone_to_talk_to_please/,2023-08-06 09:24:27 PDT,22,"i still live with my abusive family. Im an adult that doesn’t earn enough to move out.

i got into a fight with my violent sister, who has a history of harming people around her. shes way bigger than me and i certainly don’t have the strength to fight back. i was about to get hurt so i grabbed the nearest scissors and told her to back off. my father then grabs my arm and tells me to go kill her. he then grabs my arm harder and basically almost plunges the scissors into my sister. 

im so shaken. i just wanted to fucking defend myself from her, i don’t want to kill her. the fact that my dad fucking didn’t break up the fight and encouraged me to kill her makes me feel even worse. after that he proceeded to blame me and told me i was crazy for trying to kill her. 
i feel like shit. i don’t know who to talk to. i feel like a horrible person, i cant stop crying it’s been 3 hours since it happened.",
post,Pets,How to hide multiple cats from landlord when I only have one,https://www.reddit.com/r/Pets/comments/15iaxrh/how_to_hide_multiple_cats_from_landlord_when_i/,2023-08-04 13:30:03 PDT,152,"Landlord has come UPDATE**** everything went perfectly fine, and she fixed ehat she needed to fix and didn't notice anything mainly cause she was busy to get it done, cats were angels like I knew they'd be and it seems like its going to be a simple process until we move out(: we're using tips too for extra precautions even though she seems really chill and doesn't care what we've got going on, she did ask if she could come, and hopefully we can work on no more surprises haha


When they think I have one******** So landlord thinks we have one cat, I have 5. We can't have someone take 4 for the day, because we don't live close to anyone at all and also just don't know anyone who could do that for us. Our method right now is if landlord comes (sometimes without notice just knock on the door) we will say oh let us put away our cat (for inspection or whatever) or that let us get decent, and then we put them all into a crate and into the bathroom. It works for now, she's been here three times now, mainly bc we are getting our air fixed and I'm hoping to kind some more efficient tips ans how to not be suspicious everytime they come for whatever.

UPDATE*** btw im 18 (so my apartmenr search is already limit since ive JUST started woth credit and familt cant help with co-signing) , my dad put all these cats on me  i do love them tho they were our fanily cats, so its a lot to handle at 18 suddenly kicked out with 5 cats. Okay so I'm going to clarify I know this is risky and I shouldn't, but before this I was living with my abusive father and violent sister that he enabled, we needed to get out, but then he kicked us out with the 5 cats (he hated them even tho he said yes to getting every single cat, very narssisitic lmao) which really threw up off our tracks, so we scrambled to find somewhere we can live and we have no where else to go, we are going to try to get back on our feet from the 18 years of living there with not only the trauma, but we grew up poor and I'm trying to break that cycle, so this is what I have to deal with in the meantime, I'm going to school to be a nurse (thanks to A+) and in working very hard, but for now I want to make sure I have somewhere safe to stay and for my cats too.

Also I am aware I need to find a place that will take all 5 cats, I have I just need to work hard to afford it and hopefully we can get there sooner than later",
post,Parenting,I'm realizing my immediate family is very toxic.,https://www.reddit.com/r/Parenting/comments/14d6p1a/im_realizing_my_immediate_family_is_very_toxic/,2023-06-18 23:34:49 PDT,5,"Long post. (TW: trauma dumping abuse)

Hi. I'm 23. I'm childless but I have a nephew. As the eldest sibling of 4, I've had to babysit alot, including other family members babies, so I've had experiences with toddlers and infants all my life. 

Well, I'm still with my mother, trying to move out, and my sister has had her first baby boy. He is 3 now. But to preface, I'm realizing my sister has always been very violent. Through out my life of watching her, we've gotten into many fights as kids, but growing up in a single parent house hold, her irresponsible behaviors were never called out. To this day, as adults, she has a record of throwing things at me and my siblings like, she's thrown glass at me, ceramics, a fan, hot food, she's thrown a skillet at my youngest brother putting holes in our home, and put a gash over my younger sisters eye.

My mother has always believed in the mantra ""its everyone's fault"" so growing up, my sister was never held accountable.  Her actions would be blamed on her adhd/add. And this is the sister to have a son. 

When my nephew was a few days old, I held him in my arms and told him I'd never let anything bad happen to him. I'm very present in my nephews life. He comes in my room every morning to greet me, more than he does his grandmother, as she's distant and locks her door. 

There have been times in the past where my sister has asked me to watch her son so that she could go party and have fun (I don't have friends or a s.o, never had one, I've dedicated my life to being a ""good big sister."") And there were times were she left him with me over the span of days without calling or texting me. I love my nephew dearly and I have helped raised him a lot as my sister is also a single parent. Me and my other sister have co-parent a lot. Like we've taken him to doctor appointments, daycare, dressed him in the mornings, picked up his medicines, bought him food, toys etc. 


And I'm not gonna lie, I grew up in a southern house with southern values. People think spanking children is okay. I've grown up to really dislike that, as I've experienced whoopings, very bad ones. They teach nothing. 

My violent sister, doesn't agree. From the time my nephew could crawl she has consistently raised a hand, fly swatter, shoe and belt at him. Sometimes I say nothing because my mother tells me not to interfere. But I really hate it. 

I step in when my sister cross the line. Like one time when he was 2, she hit him in the face because he hit her in the face. She's punched him in his chest (lightly,  but still, it was with malice.) She's twisted his arms, pinched him, pushed him. 

When I tell her it's wrong, she fights me. One time she literally hit a lamp over my head (I fought her back. ) because I told her not to yell at him ""shut the fuck up."" And she called me a bitch because when he was trying to run to me, he had his toys and tripped and fell. She yelled at him, and I told her to calm down, it was an accident.

She hits him so often, today, he ran to me when he pee'd himself (she's potty training him by forcing him into underwear, and spanking him when he pee's in them. He has no baby toilet.) I guessed he was scared of the dark because he was crying, but shortly after running in, his mom enters with a shoe. 

I would have held him away from her, but this isn't my home. I've tried to talk to my mother and sister about the abuse. My mom told me to mind my business and I was being overdramatic. She said I don't know what it's like to be a single mom because I have no kids, and I can't force my sister to raise her baby ""my way."" And my sister told me basically, she'll do whatever she wants to do because that is her son and she doesn't need my help.

Cut to two days later, she asked me to babysit him.

Anyway, my sister took my nephew, and I heard her spank him in front of my door. She forced him to go to sleep after while he was still crying and upset. 

I feel absolutely heart broken. I don't know what to do. I am honestly looking for a place to move to out of this home, but does anyone have any advice on what to do until then? I don't want to call the police. I don't want my nephew to be taken away.",
post,dating,My girlfriend (19F) Said “fuck your family” and I (23M) don't want to forgive her,https://www.reddit.com/r/dating/comments/13vqic0/my_girlfriend_19f_said_fuck_your_family_and_i_23m/,2023-05-30 06:34:40 PDT,0,"My girlfriend was at my house with me a few days ago and she spent some time there for a few hours. It was a normal day, but she forgot her weed when she left. She messaged me later the day saying she forgot her weed, but I was at work. I let her know that we can get her weed after I get out of work, but that it was going to be late. I currently live with my parents in the process of moving out, but she’s had issues in my house with my family before for being so toxic, argumentative, and combative over everything, so she couldn’t come in my house without me. My mom didn’t like all her anger issues being around my 15 year old brother, because he has such a strong moral compass and cares about me so he would always try to argue with her about why she was in the wrong. I believe it’s fine my mom didn’t want her in her house, if my mom isn’t comfortable with her being in the house without me she doesn’t have to let her in. Her reasoning was perfectly valid to me. My girlfriend takes this personally though, and believes my mom has absolutely no reason to not like her (close minded). Honestly, I didn’t care if she understood or accepted why my mom wasn’t fond of her, as long as she respected what my mom wanted. Here’s where it went bad  
  
After I got out of work I went to her house to pick her up. I called and sent texts a few times, no answer though. I spent half an hour outside, assumed she was sleeping, sent a text saying that I was going home to sleep, and said goodnight. I go home, go to sleep, and wake up the next day. I woke up to like twenty texts from her. She’s saying stuff like fuck my family and I’m wondering what’s going on. So I get up and talk to my brother, and he told me she’s throwing a fit because after I came home and fell asleep, she saw my messages and still wanted her weed. She tried texting and calling but i was asleep and my phone died, so what she did was text my 15 year old brother to wake me up to get her so she can find her weed. He said he would have to ask my mom to see if she could come in that late. He asked, she said no, and he told her that mom said no and he didn’t want to wake me up anyways since it was so late. She was mad because before they even said she could come inside she already started driving assuming we would just let her in. She was irritated, asking him to just let her in because it would be quick. After being refused again she sent me text messages while I was asleep, saying things like, “fuck your family I’m actually done with them. We don’t have to like each other's family!” For context, I have issues with her family as well so she always makes comparisons. Her mom is physically abusive to her, steals from her daughter (my girlfriend) and other people, and in my opinion, encourages her daughter to do things that I just think are morally wrong. Her mom is currently in jail, and on her last visit, her mom told her where her hidden illegal drugs were and asked my girlfriend to sell them to pay for her bail. I told my girlfriend I can’t stand for that, and her response? She’s just gonna stop telling me about her convos with her mom, cool! This happened during all of this on the night she stayed and forgot her weed, And her sister is also very physically abusive, and uses violence to try to solve all the issues she has with extreme anger issues. Her sister even called me once shouting about how my bestfriend (Her current boyfriend) hates me, and she even said fuck my family herself too and that they raised a shitty son, so no, I don’t like either of them. My girlfriend doesn’t like my family because they tell her she’s toxic, but she always makes comparisons between the two. Anyways, after she said fuck my family she sent texts apologizing saying that she didn’t mean it, she was sorry, she didn’t want it to ruin our plans, and she cant unsend them. Don't know why she couldn’t unsend the messages, it must have to do with my phone battery dying, meaning they were never sent in the first place so they can’t unsend.  
  
When I woke up I was furious on so many levels. I text her back asking her what the fuck is wrong with her. I said she was acting entitled expecting my entire house to wake up on command, drop everything they’re doing for her, and just look for her weed (that might not even be in the house). They’re already uncomfortable with her because of her anger and aggression, she literally could have just waited until the next morning to get her weed. It's not a big deal. The sense of entitlement to think my family was wrong for not letting her in is INSANE to me, and to say fuck someones family because they dont give you want you want is immature and childish. I told her I didn’t want to see her for the day, I wanted her to think about what she did, turned DND on, and went about my day. I had a lot of thinking because honestly, I didn't want her around my family after that. Literally, if someone has that energy about my family I would never want to bring them around them. I hate more than anything when people say stuff behind peoples backs and act fake when around them. She’s going to say fuck my mom then expect to come over in my moms house? Hell no. I thought about what to do, asked a few people, and they said tell her how her actions made me feel and see how she reacts.  
  
So I take my phone off do not disturb to a bunch of missed texts and calls asking me to answer. I just tell her to call me because I don't want to text. She calls me a few hours later, and she literally doesn’t even acknowledge any of this. She leads off the convo asking how my day was, divulges into small talk, and I’m just sitting there silent wondering if she’s gonna say anything. She was literally trying to act like nothing happened. A bit of silence and she starts asking, “Is something wrong?” Like yeah, you blew my phone up saying fuck my entire family in the middle of the night. I told her I was very irritated with what she said, and that she did something I hate more than anything. I told her about how I thought it was entitled, how there were better ways to handle the situation, how my family wasn’t even WRONG. This is also a reason I did not like her family, because they say a lot of twisted things about me behind my back and I don’t need to be around that energy. She then said she was sorry, but began to justify why she acted this way. And honestly this was annoying me. I said you can’t take accountability yet justify your actions to me. Either you were wrong and you’re sorry, or your actions were justified you can't have both. She said it was wrong and she is sorry, but that my family hates her for no reason and went on a rant about this. After awhile she asked if she could come over and I said no, because I don’t want someone who disrespects my family to use them and come inside their house. She said she apologized and I said, saying sorry but then saying you were justified in how you treated my mom isn’t saying sorry. She gets super irritated and says she’s driving to the house to get her weed, while leaving I hear her tell her sister she’ll call her if she needs her and she hangs up.  
  
I’m honestly in disbelief this is how she chose to handle it, but I felt it was only right to call my mom and explain the entire scenario to her. I didn’t tell her my girlfriend said fuck my family at first, but I had to now because she was coming to make a scene, and my mom was livid. I could have not told my mom and just let her in, but honestly, it didn’t feel right. For my mom to smile at her when she said all that. It was wrong. My mom is Jamaican, so she was ready to throw hands with my girlfriend if she pulled up. And surely she did. She said to let her into the house to look for her weed, and I told her I already looked earlier and couldn’t find it. It's not in the house. Then, she threatened to call the cops to search the house, saying I probably didn’t search thoroughly.. My mom told her she can’t search them without a warrant and to try it. All this is going on while my girlfriend is on the phone with her sister who’s shouting at us that we stole her weed, and that I have to send her $90 for stealing her weed. This is embarrassing by the way, because I live in a neighborhood that never has issues like this and all my neighbors came outside to witness this. She says she may have left the weed in my car, I let her look, she doesn’t find it, I tell her to leave. She leaves and still claims it’s probably in the house.  
  
She calls me later and I ask her again, what the fuck is wrong with you? And she literally says my family should have just let her in. I genuinely do not understand how someone can disrespect an entire family, DEMAND to go in the house not ask, say they’re going to bring their physically violent sister to the house, and even try to threaten getting police involved, would expect someone to just let them in their house. Those are all acts of aggression, and a natural defense barrier is the house. Why would ANYONE prohibit entry to their house to someone who did all that? I then told her this relationship can’t work because she’s being too narcissistic, and the entire situation was uncalled for. I said this is over weed, imagine how you’ll handle serious scenarios in the future. I told her, I don't want to deal with it and I already deal with a lot with her. This time was super different though, she kept trying to say my mom was in the wrong and I don’t believe she did anything wrong at all.. Her rebuttal was, “Yeah you act like I have all the problems, I’m not changing for someone who won’t change themselves.” And honestly, I don’t think I have any problems at all. This is my only relationship where I’ve had any issues at all. All my other relationships were never toxic like this, and only broke off due to feelings dissipating. I let her know that's fine, but if someone really wanted to change and better themselves they would just do it instead of making excuses like, “I won’t change if you won’t!” Before I hung up I tried to understand why she did what she did, and she kept justifying it, and eventually I gave up. I don’t get how she thought this was the best way to handle it at all. Like, if your goal was to search your house for the weed, this approach didn’t do anything but make that not happen! I couldn’t believe the person I had so much love for was acting like this, and I had never felt my love dissipate the way it was. I was starting to think my girlfriend isn’t a good person. I started to think she’s an entitled narcissist that will do anything to try to get what she wants, while acting like we have to forgive her regardless of how she acts.  
  
The next day I’m here, she’s been spamming my phone apologizing while still trying to say she won’t apologize to my mom and that she doesn't care. It makes no sense to me. She wants me to just accept her apology, but she can’t even apologize to my mom or my brother for how she acted. She wants to cause a scene like that, wants us to forgive her, without apologizing at all. It makes me so sad, and breaking up is going to be very hard but I feel like I have to do it.  
  
TLDR; My girlfriend said fuck my entire family because she forgot weed in our house and tried to get it at midnight and we wouldn’t let her in. She then proceeded to come to our house, demand we let her in, threatened to call the cops on us for not letting her in, and threatened to bring her violent sister to our house. Now she’s saying she’s sorry and wants to get back together, but won’t apologize to my mom because she says my mom is not justified in not liking her, and that she should have let her in the house to look for her weed.",
post,relationship_advice,My girlfriend (19F) Said “fuck your family” and I (23M) don't want to forgive her,https://www.reddit.com/r/relationship_advice/comments/13vqefj/my_girlfriend_19f_said_fuck_your_family_and_i_23m/,2023-05-30 06:30:24 PDT,1,"My girlfriend was at my house with me a few days ago and she spent some time there for a few hours. It was a normal day, but she forgot her weed when she left. She messaged me later the day saying she forgot her weed, but I was at work. I let her know that we can get her weed after I get out of work, but that it was going to be late. I currently live with my parents in the process of moving out, but she’s had issues in my house with my family before for being so toxic, argumentative, and combative over everything, so she couldn’t come in my house without me. My mom didn’t like all her anger issues being around my 15 year old brother, because he has such a strong moral compass and cares about me so he would always try to argue with her about why she was in the wrong. I believe it’s fine my mom didn’t want her in her house, if my mom isn’t comfortable with her being in the house without me she doesn’t have to let her in. Her reasoning was perfectly valid to me. My girlfriend takes this personally though, and believes my mom has absolutely no reason to not like her (close minded). Honestly, I didn’t care if she understood or accepted why my mom wasn’t fond of her, as long as she respected what my mom wanted. Here’s where it went bad  
  
After I got out of work I went to her house to pick her up. I called and sent texts a few times, no answer though. I spent half an hour outside, assumed she was sleeping, sent a text saying that I was going home to sleep, and said goodnight. I go home, go to sleep, and wake up the next day. I woke up to like twenty texts from her. She’s saying stuff like fuck my family and I’m wondering what’s going on. So I get up and talk to my brother, and he told me she’s throwing a fit because after I came home and fell asleep, she saw my messages and still wanted her weed. She tried texting and calling but i was asleep and my phone died, so what she did was text my 15 year old brother to wake me up to get her so she can find her weed. He said he would have to ask my mom to see if she could come in that late. He asked, she said no, and he told her that mom said no and he didn’t want to wake me up anyways since it was so late. She was mad because before they even said she could come inside she already started driving assuming we would just let her in. She was irritated, asking him to just let her in because it would be quick. After being refused again she sent me text messages while I was asleep, saying things like, “fuck your family I’m actually done with them. We don’t have to like each other's family!” For context, I have issues with her family as well so she always makes comparisons. Her mom is physically abusive to her, steals from her daughter (my girlfriend) and other people, and in my opinion, encourages her daughter to do things that I just think are morally wrong. Her mom is currently in jail, and on her last visit, her mom told her where her hidden illegal drugs were and asked my girlfriend to sell them to pay for her bail. I told my girlfriend I can’t stand for that, and her response? She’s just gonna stop telling me about her convos with her mom, cool! This happened during all of this on the night she stayed and forgot her weed, And her sister is also very physically abusive, and uses violence to try to solve all the issues she has with extreme anger issues. Her sister even called me once shouting about how my bestfriend (Her current boyfriend) hates me, and she even said fuck my family herself too and that they raised a shitty son, so no, I don’t like either of them. My girlfriend doesn’t like my family because they tell her she’s toxic, but she always makes comparisons between the two. Anyways, after she said fuck my family she sent texts apologizing saying that she didn’t mean it, she was sorry, she didn’t want it to ruin our plans, and she cant unsend them. Don't know why she couldn’t unsend the messages, it must have to do with my phone battery dying, meaning they were never sent in the first place so they can’t unsend.  
  
When I woke up I was furious on so many levels. I text her back asking her what the fuck is wrong with her. I said she was acting entitled expecting my entire house to wake up on command, drop everything they’re doing for her, and just look for her weed (that might not even be in the house). They’re already uncomfortable with her because of her anger and aggression, she literally could have just waited until the next morning to get her weed. It's not a big deal. The sense of entitlement to think my family was wrong for not letting her in is INSANE to me, and to say fuck someones family because they dont give you want you want is immature and childish. I told her I didn’t want to see her for the day, I wanted her to think about what she did, turned DND on, and went about my day. I had a lot of thinking because honestly, I didn't want her around my family after that. Literally, if someone has that energy about my family I would never want to bring them around them. I hate more than anything when people say stuff behind peoples backs and act fake when around them. She’s going to say fuck my mom then expect to come over in my moms house? Hell no. I thought about what to do, asked a few people, and they said tell her how her actions made me feel and see how she reacts.  
  
So I take my phone off do not disturb to a bunch of missed texts and calls asking me to answer. I just tell her to call me because I don't want to text. She calls me a few hours later, and she literally doesn’t even acknowledge any of this. She leads off the convo asking how my day was, divulges into small talk, and I’m just sitting there silent wondering if she’s gonna say anything. She was literally trying to act like nothing happened. A bit of silence and she starts asking, “Is something wrong?” Like yeah, you blew my phone up saying fuck my entire family in the middle of the night. I told her I was very irritated with what she said, and that she did something I hate more than anything. I told her about how I thought it was entitled, how there were better ways to handle the situation, how my family wasn’t even WRONG. This is also a reason I did not like her family, because they say a lot of twisted things about me behind my back and I don’t need to be around that energy. She then said she was sorry, but began to justify why she acted this way. And honestly this was annoying me. I said you can’t take accountability yet justify your actions to me. Either you were wrong and you’re sorry, or your actions were justified you can't have both. She said it was wrong and she is sorry, but that my family hates her for no reason and went on a rant about this. After awhile she asked if she could come over and I said no, because I don’t want someone who disrespects my family to use them and come inside their house. She said she apologized and I said, saying sorry but then saying you were justified in how you treated my mom isn’t saying sorry. She gets super irritated and says she’s driving to the house to get her weed, while leaving I hear her tell her sister she’ll call her if she needs her and she hangs up.  
  
I’m honestly in disbelief this is how she chose to handle it, but I felt it was only right to call my mom and explain the entire scenario to her. I didn’t tell her my girlfriend said fuck my family at first, but I had to now because she was coming to make a scene, and my mom was livid. I could have not told my mom and just let her in, but honestly, it didn’t feel right. For my mom to smile at her when she said all that. It was wrong. My mom is Jamaican, so she was ready to throw hands with my girlfriend if she pulled up. And surely she did. She said to let her into the house to look for her weed, and I told her I already looked earlier and couldn’t find it. It's not in the house. Then, she threatened to call the cops to search the house, saying I probably didn’t search thoroughly.. My mom told her she can’t search them without a warrant and to try it. All this is going on while my girlfriend is on the phone with her sister who’s shouting at us that we stole her weed, and that I have to send her $90 for stealing her weed. This is embarrassing by the way, because I live in a neighborhood that never has issues like this and all my neighbors came outside to witness this. She says she may have left the weed in my car, I let her look, she doesn’t find it, I tell her to leave. She leaves and still claims it’s probably in the house.  
  
She calls me later and I ask her again, what the fuck is wrong with you? And she literally says my family should have just let her in. I genuinely do not understand how someone can disrespect an entire family, DEMAND to go in the house not ask, say they’re going to bring their physically violent sister to the house, and even try to threaten getting police involved, would expect someone to just let them in their house. Those are all acts of aggression, and a natural defense barrier is the house. Why would ANYONE prohibit entry to their house to someone who did all that? I then told her this relationship can’t work because she’s being too narcissistic, and the entire situation was uncalled for. I said this is over weed, imagine how you’ll handle serious scenarios in the future. I told her, I don't want to deal with it and I already deal with a lot with her. This time was super different though, she kept trying to say my mom was in the wrong and I don’t believe she did anything wrong at all.. Her rebuttal was, “Yeah you act like I have all the problems, I’m not changing for someone who won’t change themselves.” And honestly, I don’t think I have any problems at all. This is my only relationship where I’ve had any issues at all. All my other relationships were never toxic like this, and only broke off due to feelings dissipating. I let her know that's fine, but if someone really wanted to change and better themselves they would just do it instead of making excuses like, “I won’t change if you won’t!” Before I hung up I tried to understand why she did what she did, and she kept justifying it, and eventually I gave up. I don’t get how she thought this was the best way to handle it at all. Like, if your goal was to search your house for the weed, this approach didn’t do anything but make that not happen! I couldn’t believe the person I had so much love for was acting like this, and I had never felt my love dissipate the way it was. I was starting to think my girlfriend isn’t a good person. I started to think she’s an entitled narcissist that will do anything to try to get what she wants, while acting like we have to forgive her regardless of how she acts.  
  
The next day I’m here, she’s been spamming my phone apologizing while still trying to say she won’t apologize to my mom and that she doesn't care. It makes no sense to me. She wants me to just accept her apology, but she can’t even apologize to my mom or my brother for how she acted. She wants to cause a scene like that, wants us to forgive her, without apologizing at all. It makes me so sad, and breaking up is going to be very hard but I feel like I have to do it.  
  
TLDR; My girlfriend said fuck my entire family because she forgot weed in our house and tried to get it at midnight and we wouldn’t let her in. She then proceeded to come to our house, demand we let her in, threatened to call the cops on us for not letting her in, and threatened to bring her violent sister to our house. Now she’s saying she’s sorry and wants to get back together, but won’t apologize to my mom because she says my mom is not justified in not liking her, and that she should have let her in the house to look for her weed.",
post,Fosterparents,"How do you deal with dangerous foster children? Children who are violent, destroy things, hurt animals, verbally abusive, etc?",https://www.reddit.com/r/Fosterparents/comments/13h1qc6/how_do_you_deal_with_dangerous_foster_children/,2023-05-13 20:50:53 PDT,25,"What do you do if a child is placed with you who is like this regardless of age/or taking age into account? I’m too young to foster but when I’m old and stable I’d definitely consider it but my biggest concern is a child or teen who is similar to above. No doubt there can be big bumps in the ride but as long as they aren’t violent or too crazy I think I’d be fine. I grew up with an abusive and violent sister and I could not deal with that ever again, but I want to be able to help kids that need support. I know it’s a long time away, but should I give up on being a foster parent one day if I can’t handle a violent or very destructive child or teen? (Especially violence).",
post,Advice,I (18yo autistic f) dont know what to do.,https://www.reddit.com/r/Advice/comments/12ynl6f/i_18yo_autistic_f_dont_know_what_to_do/,2023-04-25 09:01:24 PDT,1,"Before anyone comments on me being an adult or me not defending myself, let me make some things clear first.

I am diagnosed as a level 2 autistic and have been deemed by several professionals that i most likely  cant live on my own or take care of myself and secondly my sister has a advantage over me (physically) she 2-3 inches taller than me and weigh 20kg/40pounds more than me.

I have an 15 yo extremely violent sister. She has a reputation at school and on social media for being violent.

She has always been violent to animals and other kids.
She has kicked a hole in my door, strangled me, beaten me and much more and noone protects or defends me.
She has threatened me with knives and other objects.

I genuinely fear for my life sometimes and I dont know what to do or who to contact. 

ANY ADVICE IS APPRECIATED❤️

(Also im sorry if this written weirdly. English isnt my first language, im dyslaxic and I struggle with punctuation.) (please dont be mean or send me private messages)",
post,DysfunctionalFamily,What do you do when they die?,https://www.reddit.com/r/DysfunctionalFamily/comments/11fiai4/what_do_you_do_when_they_die/,2023-03-01 13:13:59 PST,12,"I know how I feel, and what I want to do, but I wanted to hear what other people do?

I have a dysfunctional family. Alcoholic dad who walked out many times, crazy bipolar controlling narcissistic mom, complete bipolar violent sister who has been arrested 5 times for DV/assault….I’m not sure how I came from this family, but I rose above, and have a beautiful life with my husband and our 3 kids. 

I’ve had no contact with my mom for 6 years, sister and dad for 5 years. They are batshit crazy. I’ve tried and tried and tried. Last contact I had with my dad, he screamed at me at my rehearsal dinner because he didn’t like the food, then he insisted on being in the wedding but was an hour late, then stole an entire sheet pan of catered food and left without saying goodbye. He’s been DEEP in the alcoholism for as long as I can remember. I’ve tried to reach out, but he has shut everyone out. I will say my life has NEVER been as happy, calm, and peaceful as it’s been the last 5 years.

Wellllllll I just got a text out of nowhere from my sister that my dad is dying. She said I better hurry and see him, and she asked if I want to be part of the funeral arrangements.

I don’t want ANY part of this, I’m good. He hasn’t given 2 shits about me since before high school. He has never met one of his grandchildren. I have no desire to say “goodbye”, I said that a long time ago. And I CERTAINLY don’t want to spend any money on him.

What would you guys do, how would you feel?",
post,MentalHealthPH,Experiencing a crisis with a violent sister. Refused admission at NCMH. Need advice.,https://www.reddit.com/r/MentalHealthPH/comments/11176de/experiencing_a_crisis_with_a_violent_sister/,2023-02-13 04:34:21 PST,17,"Going to try to make this concise. My sister (19F) was brought to the emergency room 2 weeks ago for threatening to hurt my mom, threatening to kill herself, actually hurting herself, breaking items in our home, and just generally being violent, inconsolable, and irrational. The next day, after a struggle, we brought her to Makati Med, where they suggested admitting her for inpatient treatment. We were ready to sign the forms to admit her but plot twist, she tests positive for covid and thus could no longer be admitted into the ward. She was released with a diagnosis of borderline personality disorder and major depression with atypical features.  My family ended up taking her home where she stayed with my dad, because at this point she believed that I/my mother/the family friend who had to restrain her was trying to kill her. Things were ok for about a week until they escalated again. 


She got triggered by something her bf did/didn’t do (her bf is her main trigger but also the only person she trusts/wants around). I dont’t know the exact details but she attacked my elderly dad with something and gave him a gash on his hand. He had to restrain her while the bf called the guards for help. An ambulance came and took her to NCMH with the bf. My dad followed in a Grab. I waited for hours for news only to find out they refused to admit her. I haven’t talked to my dad properly to understand why, but they suggested other hospitals with psychiatric facilities. 

I suggested we bring her back to Makati Med and my dad agreed. He was supposed to arrange it with the ambulance drivers. An hour later I get a text that my sister refused to go, they couldn’t force her, and that they were heading home despite my dad previously saying he could no longer go home with her. 

I’m guessing we’re going to have to deal with this tomorrow. We might have to call another ambulance because my sister is violent and does not cooperate. My mom is considering UST instead of Makati Med because she’s worried about the costs. Does anyone have any experience with either Makati Med or UST wards, with calling an ambulance, or with handling a violent patient?

This has been difficult for us to deal with, especially because my dad is elderly. His health has declined in the 2 weeks of trying to care for her and he cannot physically handle dealing with another hospital. 

I’m waiting for my mom to arrive from the province tomorrow, but it’s hard because my sister hates my mom and thinks she’s trying to kill her. Same with me. So we have to figure out a way to get her to another hospital…again. For the third time. 

I’m upset they couldn’t admit her at NCMH and I don’t know why. I’m tired and anxious and scared for my sister and my parents, who have been traumatized and physically affected by this.",
post,AmItheAsshole,AITA Because I don't want to raise my severely disabled violent sister?,https://www.reddit.com/r/AmItheAsshole/comments/10gpswy/aita_because_i_dont_want_to_raise_my_severely/,2023-01-19 22:37:17 PST,1,[removed],
post,domesticviolence,Should I out my violent sister?,https://www.reddit.com/r/domesticviolence/comments/zgrhzi/should_i_out_my_violent_sister/,2022-12-09 00:37:51 PST,1,[removed],
post,CPTSD,Did anyone else grow up with a violent autistic sibling?,https://www.reddit.com/r/CPTSD/comments/yc32r4/did_anyone_else_grow_up_with_a_violent_autistic/,2022-10-23 22:30:27 PDT,2,"I grew up in a house with no lamps. My sister broke them all.

I want to start this off by saying that my sister is in no way a representation of all people on the spectrum. 

I (20F) have a very violent sister (25F). She has high functioning autism and had terrible meltdowns. These could last for days with her screaming till her voice was cracking. She would hit my mom and break things. I used to hide during her meltdowns with my dogs because they were scared of her too. 

My dad never swore unless she was having a meltdown. He would have to pin her down to get her to stop hitting him and my mom. I don’t think he helped much. He used to scream she was sick which made her madder. And she wasn’t sick. He shouldn’t have said that.

One of my earliest memories was helping my dad patch up holes my sister had kicked in the wall. Another was my next door neighbor asking why the police came.

Though the screaming sucked, she was also mean when she wasn’t having a meltdown. She would tear down my looks in immense detail. She called my friends fat and other names till they stopped coming over.

I could keep going, but it follows the same pattern for the 16 or so years I lived with her. Even though it’s been 4 years I still get reminded of it. I still cry when I think about it.

I’m just wondering if anyone else has similar stories. I haven’t met anyone who went through something similar.",
post,mentalhealth,How do I cope with my verbally and (sometimes) physically violent sister?,https://www.reddit.com/r/mentalhealth/comments/v0xb7f/how_do_i_cope_with_my_verbally_and_sometimes/,2022-05-30 03:34:44 PDT,1,[removed],
post,JUSTNOFAMILY,Violent sister,https://www.reddit.com/r/JUSTNOFAMILY/comments/uxa7u8/violent_sister/,2022-05-24 22:22:15 PDT,104,"This is a difficult topic I feel a lot of shame discussing with most people in my real life, but I feel completely at my wits end. My adult sister (22) has always had some anger issues within the family, but this year some big truths about her academics have surfaced and she’s been having to come to terms with her own life situation along with needing to move home for long periods of time with my parents. She has always been extremely remorseful for her actions after a violent episode and is in therapy to help deal with her issues. 

However, tonight, while the rest of my family was not home, she got into a massive row with my mother over a minor issue and trashed our house to a new extreme. She broke basically everything in her sight. The entire first floor is covered in glass, the sofa was flipped over, laptop broken, food thrown across the room, and much more. In retrospect, we told our mother that she should not have kept the car keys from my sister (she was afraid of her driving in such a state), but regardless, there is no excuse for this kind of rage. And as toxic / difficult our mother can be sometimes, nothing warrants this level of destruction and violence. 

It’s difficult because I know my sister can be one of the kindest, gentlest, sensitive people on earth who is dealing with a lot of her own issues which are exasperated by living with my parents. My parents are trying their best to learn, but are not good at saying the right things to someone with mental health issues. My sister is a good person, but she turns into a monster I can’t even recognize when she’s this angry. Please, any advice would help.",
post,relationship_advice,"I (22M) am trapped living with an abusive, neglectful, toxic mother (63F) and violent sister (19F)",https://www.reddit.com/r/relationship_advice/comments/uvb0qi/i_22m_am_trapped_living_with_an_abusive/,2022-05-22 06:30:23 PDT,1,"I can’t believe I have to go on Reddit to ask for advice but I’m honestly desperate at this point

Growing up, my sister has had a long history of behavioral issues. She’s intellectually disabled and has been in special ed up until she graduated high school last year. In recent years though, she’s become more and more violent towards myself and my mother. Instances of this include her punching holes in walls, throwing furniture, making threats, stealing from me, and physically attacking my mother on multiple occasions over trivial things—all without being provoked. 

If my mother had any sense in her at all, she’d have my sister institutionalized for the kind of things she’s done over the years. But instead she does absolutely nothing. She’s neglected her role as a parent (mainly bc she is constantly working) which has only made my sister’s behavior worsen and become more and more inappropriate. 

An example of this occurred a few months ago, when she lied to my mom and invited a complete stranger (an older man) into our home. I assume she was “dating” this person. So not only is she talking to strange men online (she dropped out of the special ed program at school and my mom allows her to lay around all day), but she’s giving them our address too. One of the many things she does that regularly makes me paranoid.

Now for my mom. While I obviously love her and appreciate what she’s done for me, she is an awful, heavily religious, unavailable parent that only focuses on her needs and has very poor communication skills. She’s stolen money from me multiple times as some form of “rent” for me still living with her (despite the fact that she is a messy person who regularly dirties up the kitchen and bathrooms to a point where they are not usable, and that I’ve paid multiple bills in the past while enrolled full time in college), lied to me, gaslighted me, and is impossible to rely on in any way. This is who I am dependent on. 

This year though, I’ve finally managed to get a job and save up money but I’m trying to decide if I should move out now and work for another year or stay here in this unsafe environment for another 3 months and try to go back to university after a 2 year hiatus. My instinct tells me I should do the latter but I also really want to leave ASAP. I do not feel safe with my mother an sister anymore and their neglect behavior is preventing me from growing as a person. I have no moral obligation to stay here and support them if they actively harm me.

I guess I just feel trapped. I’ve been stuck with them for my entire life and want to desperately break free and become my own person and create my own life but it’s so challenging. All of my mental issues that are holding me back from bettering myself  stem from the trauma I’ve suffered in living with these two. Is there anything I could legally do to report my sister and mom’s behavior that makes me feel unsafe on a daily basis?!

Any advice or comment is appreciated",
post,BestofRedditorUpdates,My parents have refused for years to do anything about my sister and now she has broken my nose. I am sick of this shit,https://www.reddit.com/r/BestofRedditorUpdates/comments/tz7wxk/my_parents_have_refused_for_years_to_do_anything/,2022-04-08 09:51:36 PDT,4325,"***I am NOT OP, this is a repost. Original post:*** [My parents have refused for years to do anything about my sister and now she has broken my nose. I am sick of this shit (Florida)](https://www.reddit.com/r/legaladvice/comments/9haszo/my_parents_have_refused_for_years_to_do_anything/) to r/legaladvice by u/Ifuckinghatemysister

Trigger Warning: &gt;!Child abuse, (potential) Sexual Assault, Drug Overdose!&lt;

Mood Spoiler - &gt;!Bittersweet!&lt;
***
*Original: posted to r/legaladvice by u/Ifuckinghatemysister on 20 Sep 2018*

##[My parents have refused for years to do anything about my sister and now she has broken my nose. I am sick of this shit (Florida)](https://www.reddit.com/r/legaladvice/comments/9haszo/my_parents_have_refused_for_years_to_do_anything/)

For clarity we're both minors. I'm 16 and my demonic sister is 15. She has never been right since we were little kids. Always violent. She bashed me in the head with a metal pipe when I was 5 because I wouldn't let her ride my bike. All of my life I've been putting up with this shit and I have had enough.

She hits me, breaks my things, literally stabbed me last year, stole the keys to my car and banged it up twice this year. My parents wont do anything about it. She's already in alternative school for stalking another girl in her class. I really don't know what is wrong with her. She's not slow or anything like that before she got kicked out of regular school she was in the gifted program. My parents think she's like this misunderstood genius or whatever. They refuse to involve cops because it's a ""family issue"". Which brings us to today. My parents force me to let her tag along with me and my friends because honestly she doesn't have any except for this delinquent at the alternative school she is supposedly dating. Whatever, not important.

Anyway, I was hanging out with my friends today and of course the demon was with us. We decided to go to the Dollar Tree to get some snacks. Demon didn't buy anything. As we left the store I could hear something in her bag like a rattling noise. I confronted her and this little beezy stole a bunch of cough pills! I don't know why. Don't they make meth out of those or something? So I told her I was going to call mom. I pulled out my phone right there and she fucking punched me in the face! I was really angry she did that in front of my friends and no way was I going to let her embarrass me so we started fighting. I took her down and had her pinned on the ground. That's what you have to do pin her and let her tire herself because she will NOT stop otherwise. I had her arms pinned and she started flailing her legs and kicking me. She got me in the throat and I was letting her go! I was getting off of her when she kicked me right smack in my face full fucking force like she charged that fucking kick up and broke my nose. Blood was gushing everywhere and she didn't even care she just left!

It took forever to stop the bleeding and my face is swollen and ugly. It hurts like a bitch. My friend gave me a bunch of Tylenol and it still hurts. I came home and told my parents immediately and they asked me what did I do to upset her?! I was so angry I told them I was calling the cops and my dad told me I couldn't go to the cops without parental consent! Is that true???

Something needs to be done about her because she's like getting a lot worse and my mom is 8 months pregnant now and I'm really scared for my little brother when he gets here. Please help me.

Update: Well shit went down basically how I expected it would. My mom called me very upset that police had came. What happened is my dad answered the door and he was really mad and probably drunk honestly and they told him they were there to check up on my sister. I asked if my friend's mom would really play up the fact she's crazy af to get her Baker Acted because I was afraid they wouldn't arrest her and she'd come after me. Well my dad didn't want to let the cops in and basically told them to fuck off and they threatened to arrest him if he didn't so he finally let them and I guess my sister must have heard all of this going down so she barricaded herself in her room and wouldn't answer so they broke down the door and they found a bunch of empty pill bottles in her room and she was really disoriented so they called an ambulance and she got taken to the hospital. My mom said she went in after they left and there was a bunch of empty bottles of cough medicine. She said my dad is super pissed but she told me she's honestly relieved.

#####Relevant Comments from u/Ifuckinghatemysister

*In response to advice about a 72-hour evaluation (Baker Act):*

&gt; My dad would kill me if I did that. He's against psychiatry because our grandma was schizophrenic and bipolar. He thinks this mental hospital killed her.

&gt; Yeah it was our blood grandma on my dad's side. I think he thinks he's protecting her or something. She's going to kill someone one day. I swear to God she will. I've read some of the fanfics she's written she basically makes me read this crap like she's really proud of it. It's extremely graphic, basically just torture porn. She writes this shit about real people too. She got kicked out of normal school for giving the girl she is and was still obsessed this fucked up story about demon kidnapping, raping and torturing her until the other girl basically gets Stockholm syndrome and falls in love with her. It legit made me feel ill and in her sick mind she thought the other girl would like it.

&gt; I really think she's going to kill someone before she's 18 or maybe just commit suicide. As much as she lashes out at me she hurts herself too. Bangs her head against the wall, cuts herself, pulls out her hair and stuff like that. I don't know, grandma was crazy. She always thought people were coming into her house, she told me one time, I wont forget, she said the Air Force was shooting lasers through her window and melting her ice. Shit like that. I've never heard the demon say anything like that.

*In response to lack of action by OOP's parents:*

&gt; It's true, they didn't even take me to get stitches when she stabbed me last year. She has pushed me off our trampoline several times. I have broken fingers from it. They healed kind of crooked. They don't even take my sister to the doctor. She was really sick with like pneumonia or something. I honestly thought she was going to die. She has some stomach problem and they just give her Peptobismal or tums. Sometimes she throws up several times a day and it's not an eating disorder she complains all of the time about her stomach and they won't do anything.

*In response to removed comments:*

&gt; My mom basically does whatever my dad says and now that's she's pregnant she doesn't want to deal with it. After the first time my sister took out my car and went to Alabama she did call the cops. My name isn't on the title and my dad refused to press charges when she showed back up. Then my mom wanted to take her to see a psychiatrist after that but my dad put his foot down on that.

&gt; Oh she does set stuff on fire. She set the woods behind our house on fire with one of our older neighbors. The fire department had to come out.Oh she does set stuff on fire. She set the woods behind our house on fire with one of our older neighbors. The fire department had to come out.

***
*Update 1: posted to redacted by u/Ifuckinghatemysister on 1 Oct 2018*

##Dad [42M] walked out, how can I [16F] help my extremely pregnant mom [35F]?

*Link to post removed to avoid breaking external sub rules.*

Title pretty much says it all. It's a very long story but basically my sister [15F] is in a bad way mentally ill. I finally got sick of not just her abuse but my parents doing nothing about it. The last straw was when she kicked me in the face. I thought my nose was broken but it was just bruised. Anyway, I had the police called on her and she was Baker Acted.

Since then my parents have been fighting really bad. My dad is pissed at me first of all for getting her sent to the hospital and pissed at my mom because she doesn't want my sister to be around my baby brother who will be here very soon in the next 2 weeks or so.

A couple of days ago he just stormed off. I don't know his whereabouts. I don't know what to do. Obviously my mom can't work and I just have this crappy part time job at Subway. My mom is exhausted from my sister being in the hospital, my dad leaving, the pregnancy, everything. How can I help her? The pregnancy is already high risk and my mom has gestational diabetes. She's so stressed out and we don't even know what to do about my sister.

I do all of the chores and errands so my mom can chill. Is there anything else I can do to help her??

TLDR Dad stormed out after a week straight of fighting with my mom about my mentally ill. Mom is very pregnant. I just want to help.
***
*FINAL Update: posted to r/legaladvice by u/Ifuckinghatemysister on 16 Nov 2018*

##[Bittersweet [update] about violent sister](https://www.reddit.com/r/legaladvice/comments/9xj4av/bittersweet_update_about_violent_sister/)

*Link to previous post removed.*

Off rip, I want to thank everyone from the bottom of my heart for the kind, supportive words. It was overwhelming and I cried because I thought yall would tell me to grow up, or something like that. My own family doesn't give a shit about me, I didn't think strangers would either. I wasn't able to reply to every DM and comment I got but please know I read every single one.

So much has happened since I posted here like I could write a novel about it so some things might not make too much sense, or out of order because I don't want to trouble anyone to read an enormous update. Some good has happened and some really bad. I'll start with the good.

First of all, my dad left a few weeks before my brother was born. Haven't heard from him, haven't seen him. Him and my mom got in a huge fight over my sister coming home so he dipped. My mom had my brother and he's perfectly healthy and happy. The pregnancy was high risk so that is honestly a blessing. I love him to pieces already. He's my everything.

There was a lot of issues with my sister. My mom didn't want her back at all and mom thinks dad left so he could have her live with him. I don't know if that's the whole truth because as far as I know he never once tried to make that happen amd she had to be discharged back to us because I guess we don't have insurance anymore, dad cancelled it or something and the hospital wanted her out and there was no where else for her to go. I don't really know the whole story because I didn't talk to her at all while she was in the hospital, only my mom did and when I tried to talk about her she would get really mad and tell me she was stressed out enough which I honestly understood.

So she came back. I was really anxious about it but she seemed so much better. That's the thing... I had never seen her like she was. She actually apologized to me about everything and cried. I believed her. I didn't want to pry into everything, but she did tell me the ""angels"" told her to do a lot of the things she did. She was sounding like my grandma who had schizophrenia. It freaked me out but I accepted her apology and thought we could build an actual relationship. She was good with the baby, too. She was his favorite person, just like with the cats. I guess they could see in her heart she was a good person. Kids and animals have that sense, I think.

This is really hard for me to type so sorry for rambling on but my sister is no longer with us. She passed the day before Halloween. She didn't come down for breakfast and mom told me to get her. I never go in her room because she gets upset so I knocked on the door. No answer. I went in and there she was on the bed shaking and shivering like she had DTs. She was dripping sweat and made no sense. I went to her and tried to feel her forehead and she took a swing at me but missed and fell on the ground. I panicked. I screamed at her to tell me what she took as I assumed it was a drug thing and I'll never forget, the last thing she said to me was, she screamed some absolute nonsense. I won't repeat it to anyone. I just like to remember that we made peace and we were good.

Anyway, I ran downstairs and told my mom and she went to her and by that point she was seizing real bad and passed out. My mom called an ambulance but she never came back. Mom searched her room and found a bunch of those fucking cough pills. They were fresh too because mom threw out all of the other ones while my sister was in the hospital.

So, that's it. I gained a brother but lost my sister right when things were starting to look up and I fucking hate myself for not being a better big sister and paying attention to what she was doing, but I really thought things were looking up. She was taking her meds, she was going to the clinic. Fuck, dude. The thing that bothers me the most is I don't know if she did it on purpose. Did she kill herself, or was it an honest accident... did she know you can't be doing all of that on her meds? I honestly don't know. She was so goddamn intelligent, she had to have known, yet I can't accept she would do that when things were finally getting better! Maybe that's not right. I never truly knew her. Things were better for US, but who knows what she was going through in her own head.

Thanks for reading

#####Relevant Comments from u/Ifuckinghatemysister on related r/bestoflegaladvice post

&gt; Hi, LAOP here. I found this place after my last post got linked here. I really appreciate the kind words. I left some things out of my post out of respect for my sister and I know a lot of people thought my dad was abusing her. She never told me as much, but something happened, something a teenager should never have to go through. Remember how I said she was throwing up a lot in a comment on my last post? We found out why. Sorry I'm being so vague but I don't want to put all of her business out there.

*In response to comment guessing OOP's sister was pregnant:*

&gt; I didn't want to say all of that but yeah this is true. We found out while she was in the hospital I guess it's standard to pregnancy test girls and yeah... so that happened. We have no clue who the dad was. I thought she had a little boyfriend from the alternative school but idk. I know she liked girls for sure. I don't want to label her when she's not here to speak her own words but I strongly suspected she was a lesbian so I really don't know... she lost the baby tho right before it happened she wasn't far along probably a month or so when we found out. She did claim the test was wrong she said that up until she lost the baby and she never named a dad. I honestly don't know if she wanted the baby or not we didn't talk about it much.

*In response to comment telling OOP she did the right thing:*

&gt;Thank you this is all so fresh and with everything happening all at one time and my mind is full of fuckery trying to process it all. I will be getting counseling tho! Mom just got off the phone with the place and I have an appointment for intake next week!

*In response to comment telling OOP to remember the good of her deceased sister:*

&gt; I know I was really harsh on her in my op but it wasn't all bad. Like one time this girl was singling me out for some reason to be bitchy to and threw a half full drink cup from her car at me while I was walking home before I got my car. I told my sister and that little beezy got the hands and her tires slashed. Never said a word to me after that wouldn't even make eye contact with me lol. She told me half seriously that SHE was the only person who could fuck with me. It wasn't exactly difficult to redirect her either. If she was getting into one of her moods I'd tell her let's go play Pokemon Go. I wasn't too big into it but she loved that game it made her so happy.

***
*I am NOT the original poster. This is a repost sub.*",
post,relationship_advice,I (F20) don't know how to deal with my violent sister (F18) anymore,https://www.reddit.com/r/relationship_advice/comments/twr3bo/i_f20_dont_know_how_to_deal_with_my_violent/,2022-04-05 02:38:03 PDT,11,"Basically what the title says.

My younger sister is an absolute menace. She just to be this kind of annoying, hyper kid who would bully her older sister, but since she turned 18, it has been hell in our home. She just seems permanently angry and takes it out on everyone.

She steals money from me and my parents, she steals our stuff, she steals your stuff and then loses it, she yells at everyone and everything, she is cruel to our pets, tried to break me and my girlfriend up, so on and so forth.

She has done a lot of horrible things, but some of the worst were when she mocked the fact that I was SA's MULTIPLE times, when she tried to get my bird to fly out the front door, when she admitted she wants my bird dead, when she stepped on my bird nearly killing him, and when she tried to punch my mom. 

Our house has become an absolute hell hole. I have to listen to screaming matches whenever she is home. I have to lock my doors when I got to work to prevent her from stealing. I have started therapy for the remarks she makes about my SA, my weight, my relationship, and my disability. My parents are depressed, they feel like a failure. She refuses any therapy that is offered to her, instead, she goes out to drink and party every night. She refuses to do chores, or pay any rent cause she constantly spends her money on going out and drinking. 

My parents are on the brink of kicking her out, but they're too scared to do it. The housing prices are ridiculously expensive in the city where we live (my parents got lucky with a very good deal on an apartment, that's the reason I haven't moved out) and they are scared she will end up on the streets. But we can't handle her anymore. 

Her boyfriend's (she cheated on the previous one) dad is a cop, she keeps trying to fake that my parents are physically abusing her. When she tried to attack my mom, my dad pulled her out of the way, defending his wife, and she landed with her ribs on the chair, causing her to get bruised quite a bit. She showed this to her bf's dad as proof they abuse her. 

I can't live with her in this house anymore. My self-confidence has been destroyed, I am permanently scared for the pets' safety around her, my parents are depressed and being watched unfairly by the police and she is stealing money from everyone.

Any advice? Like how can I survive this hell? 

&amp;#x200B;

TL;DR: My violent sister has been making our house a living hell for everyone around.",
post,BPDlovedones,Typically non violent sister delivered hammer to our father,https://www.reddit.com/r/BPDlovedones/comments/slfk1k/typically_non_violent_sister_delivered_hammer_to/,2022-02-05 12:12:44 PST,1,[removed],
post,relationship_advice,Should I go no contact or low contact with my sister after she cause my 4 yr old to be hospitalized,https://www.reddit.com/r/relationship_advice/comments/sjcw91/should_i_go_no_contact_or_low_contact_with_my/,2022-02-02 23:15:24 PST,1,"Hello, to make long story short. I 25f have a older sister 28f. We grow up with sugar and alcohol addicted parents. We started drinking before we where both 11, but through it all out of all 4 of my mothers kids none of us are drug addicted. My sister took my daughter from my dads against my wishes ( he can’t say no to violent blond princess) and let my asthmatic 4 yr old daughter out side by her self with her kids in a heavy wind advisory in with her mean 8 yr old push my daughter out of the treehouse, and later that night took her for a walk 3 houses down ( this is the south so there is a bit of a distance) to an adult party. During this time all the adults but all the kids in a room by themselves and started a fire. When the night was winding down and the adults where all liquored up she started a fight with her husband. And took them home. The following day I called a pond finding out she was the and my sister said my daughter had a cough. Something didn’t fell right so I called my dad and told him to get my baby ASAP. Within 30 minutes my step mother called me and said she was taking my baby to the hospital. I went there and she got released after a breathing treatment, when home with my dad and 3 hours later we went back to the hospital and she was admitted due to her asthma( low oxygen levels) and we where there for 3 days and my sister hasn’t even texted to say boo. So I am here to ask if you internet strangers what should I do go with angry violent sister. For more information when my baby was 2 her neighbor called me on Facebook to tell me that she had found my daughter and took my to my sister two separate times when I asked my sister she said that her kids where supposed to watch her 4m and 6f at the time. She has been mean and violet anytime she doesn’t get her way.
 TLDR; I’m scared of my sister how do I protect my daughter from my sister",
post,NarcissisticAbuse,Should I move out my parents house because of my violent sister?,https://www.reddit.com/r/NarcissisticAbuse/comments/sf9oda/should_i_move_out_my_parents_house_because_of_my/,2022-01-28 20:16:47 PST,1,[removed],
post,raisedbynarcissists,Am I in the wrong for thinking my family was trying to ruin my birthday?,https://www.reddit.com/r/raisedbynarcissists/comments/qhqf4m/am_i_in_the_wrong_for_thinking_my_family_was/,2021-10-28 09:10:43 PDT,3,"\*\*\*\*\*\*I'm not sure how **trigger warnings** work but I'm going to be briefly talking about alcohol abuse, bullying, etc...Please don't read if you think this might upset you, this isn't my intention at all &lt;3

&amp;#x200B;

\*\*\*\*\*\*\*\*\*\*\*\*\*\*\*

So yesterday was my (17F) birthday, and my family situation is pretty chaotic. My sister (26F) lives with my mom and me. She has some pretty serious drinking issues, and I think she used to do heavier stuff than that, which causes her to be pretty violent and destructive. My mom and I have tried to get her to seek help, however, she refuses, claiming that mental illness isn't real, therapy is stupid, etc... My mom is also really narcissistic and has been neglectful for most of my life, and doesn't care to really do anything about it other than complain about her wasting her life, etc... Because I grew up with a really neglectful mom and violent sister I've developed some really self-destructive habits myself. I am really traumatized by the things that have occurred in my life, so when triggered I usually just shut down and dissociate, which I know is bad and I'm trying to work on.

Yesterday was my birthday. My friends that I haven't spoken to in a long time (because I am in online school now due to the pandemic) facetimed me to say happy birthday. They also invited me to a haunted house that they're going to on Saturday. They sent me the link to buy the tickets and the address to the girl's house that we are going to go to and meet up at a few hours before. I was super excited because since the pandemic I haven't gotten the chance to hang out with anyone face-to-face.

Because my family is so awful I have had some pretty terrible birthdays in the past. I decided that this year I just wanted to keep to myself. But my family was being pretty nice the morning of my birthday so I decided that I would actually hang out with them. While I was facetiming my friends, my sister and mom went to work for a meeting (they work together.) When they got home I basically asked them if we could go get dinner (it was 5:30 pm at this point.) My mom started SCREAMING at me, telling me that she was basically going to get fired and that she doesn't care to do anything. This isn't true, she just wanted to dramatize what really occurred at the meeting (my mom and sister work in real estate and the market is really bad right now, which is all their bosses said, no one is getting fired lol.) An hour or two later she's blowing up my phone, knocking on my door to say ""sorry,"" which is something she wouldn't normally do but she felt bad since it was my birthday. I accepted her apology and we continued on (it's around 8:00 pm now.)

When I'm downstairs talking to them about how I'm going to a haunted house on Saturday my sister goes, ""Did your friends send you a screenshot of their ticket?"" I said no, but that I asked them what kind of ticket they bought and they told me and I got the same one. Then she kept hammering me about asking them, saying that I shouldn't rely on them to actually want to go. I explained that THEY invited ME to go with them and that they already had plans, told me which type of ticket they got, sent me their address and that I already bought the ticket, so it honestly wouldn't make a difference if I asked them now or not. She just kept on insisting that I should ""prepare myself"" if they don't want to hang out with me. Finally, I got pissed.

Two days earlier I was saying to my sister how worried I was about sharing a dorm in college because I really want to become friends with my roommate, and my sister goes, ""I don't think you should share a dorm with people, because I don't think you can get along with other people."" This is a sentiment I've heard from her my entire life, how I don't get along with other people. Honestly, I think she's just projecting her own insecurities because throughout my entire life people have always gone out of their way to try and befriend me. I'm a pretty girl, I do well in school, and I have a really cheerful attitude, but my sister insists that I'm ugly and that I can't get along with others, which has caused me to become really insecure. I will admit that when I was younger kids did bully me and a little bit because you could tell by my appearance that my mother was neglectful if you get what I mean, but once I got a little bit older I started using youtube videos to take care of myself and that was the end of it. This of course is something that still hurts for me to think about, yet is the reason why my sister insists that no one likes me. I finally just told her that she's really saying this stuff (about the ticket) because she thinks that no one genuinely wants to hang out with me. I mean, I understand that most older sisters are just trying to look out for their younger sister, but considering only a few days before she was telling me that I don't get along with people and now she's saying (on my BIRTHDAY) that I shouldn't rely on them to actually want to go out with me, is it wrong of me to think that she was implying something else? Like I'm pretty sure going to a haunted house on a Saturday, the day before Halloween is a pretty normal thing, but okay. Once I said this she flipped out, she started screaming and swinging at me, saying at the end, ""HAPPY FUCKING BIRTHDAY."" I was so sad, and my mom told me I was making a big deal out of nothing. I explained what my sister said only a couple of days before, and how I'm upset that I can't even have one day that I could just be genuinely appreciated. My mom then said that she hopes my sister didn't mean anything bad by it. I had such a great day until that point with people messaging me saying happy birthday, posting nice things about me, etc...I ended up crying myself to sleep.

I think that the only reason this hurt my feelings so badly was that so many things happened at once, and I was trying to remain positive because I knew it was my birthday, but I finally couldn't take it. I wish I would have just left the room the second I knew she was trying to start a fight. This shit is so petty, but I'm still really upset for some reason.

This morning my mom completely ignored me, didn't even LOOK at me. I thought that maybe she was just busy with work, but the second my sister went downstairs they were chatting it up like it was a normal day. The only time my mom and I communicated today was when she sent me a text promoting some crypto scam...Now I'm really confused, I know I was partly in the wrong, but am I wrong for thinking that my sister was being malicious?

I hope this was clear, sorry for it being so long and the bad grammar.",
post,AskWomen,What to do when living with a narcissistic and violent sister?,https://www.reddit.com/r/AskWomen/comments/p82068/what_to_do_when_living_with_a_narcissistic_and/,2021-08-20 02:46:46 PDT,1,[removed],
post,AskWomen,What to do when living with a narcissistic and violent sister?,https://www.reddit.com/r/AskWomen/comments/p81wsd/what_to_do_when_living_with_a_narcissistic_and/,2021-08-20 02:43:20 PDT,1,[removed],
post,NarcissisticAbuse,How do you deal with a narcissistic and violent sister?,https://www.reddit.com/r/NarcissisticAbuse/comments/p7xza7/how_do_you_deal_with_a_narcissistic_and_violent/,2021-08-20 01:25:36 PDT,1,[removed],
post,socialskills,I stopped talking to my sister because she assaulted my mom and idk what to do ?,https://www.reddit.com/r/socialskills/comments/n83bgb/i_stopped_talking_to_my_sister_because_she/,2021-05-08 18:24:49 PDT,2,"Hope you guys remember me, 4 days ago I think, I made a post about how pathetic loser I'm, but there's another problem and that's my violent sister.
My sister is crazy to a certain degree and she's a habit of picking fights with everywhere over trivial reasons, in other words she's a violent ( Karen ).
She's been tormenting my little (15 f) sister lately and giving her a hard time.

Last month, she was complaining about my little sister's noise while playing PUBG on her IPhone and started her typical Karen attitude ( Yelling, derogatory names and smashing doors out of anger), my mom intervened and tried to calm her down, but my crazy sister got more angry and guess what ?? She punched my mom and scratched her with her nailed, then I lost my temper.......and I pushed my sister and slapped her.

After that day, my sister apologized to my mom, but she refused to talk to me and told me that I'm not a man because I hit a woman. I feel weird right now, idk, it's like I can't stand her and I'm not getting used not to talk to her at all at the same time.

Sorry 4 my bad grammar.

Idk what to do ?",
post,adultsurvivors,"Repressed memory or imagination? [trigger warning: weed, rape description, and regular abuse / bullying]",https://www.reddit.com/r/adultsurvivors/comments/n7aibc/repressed_memory_or_imagination_trigger_warning/,2021-05-07 15:15:12 PDT,2,"This week work had me doing 12 hour shifts watching a post, maybe checking about 5-10 badges an hour. The rest of the time I was just sitting there. I was able to keep myself occupied with Reddit and TikTok for the first two days but then I got bored of those. I spent the rest of the week listening to music and stewing in my own mind, reliving memories. I started recalling suppressed memories, times bullies beat me up and knocked me out, remembering just how bad my dad’s mental abuse and yelling was, my mom’s struggles with money, my emotionally abusive &amp; violent sister, etc. Then I got stoned last night. I’ll post my journal entry below. 

———————————————

Very stoned

I’m laying in bed trying to sleep. Suddenly there was a phantom sensation of something big in my rear and a burning pain. I’m at church, [redacted] Catholic Church. Church was supposed to be safe so my dad let me go use the bathroom on my own. Bathroom in side office, dark. Someone is behind me as I enter the bathroom. That sensation again. Then I’m sitting up stares next to my dad, Dissociating hard. 
I’m really stoned, this has to be a nightmare or stoned delusions but it feels like a memory and it hurts so fucking much. 

Now I’m laying in bed with someone, I think dad? I’m about 8 to 10 years old. He has me in little spoon, he shifts closer, crotch to butt, and I scoot away. This repeats until I run out of bed. 
This would explain that random nightmare I had a couple years ago where he raped me but again, this memory can’t be real. I have to be imagining it. 

A note from the next morning:
My imagination is extremely vivid, I’ve never had trouble telling my imagination from reality before but I was also very stoned last night.

—————————————————————

I’ve had “repressed” memories before. Like, I remembered them at the time and for a while afterwards before they were repressed but this is different. I, to my knowledge, have never remembered this. For the first memory, I question the details but the phantom sensation and location feels painfully real. I went to a catholic preschool, Sunday school and Wednesday bible study every week, and bible summer camps until I was in high school when I started outright refusing to go. For the second memory I very clearly remember when I was 10/11 years old, just after my parents got divorced. My dad converted my entire room into a Christmas nativity scene. He deconstructed my bed to do this and I remember telling him I wanted to sleep on the couch but he wouldn’t let me, he made me share a bed with him. I remember him making me pray with him, then he pulled me close. I’ve always found that memory kinda creepy but it cuts out as he pulls me close, I always assumed I fell asleep. Now that I’m recalling his old apartment I remember he had a nude photo of my sister as in infant, bits showing. I always thought that was just one of his quirks from being a Portuguese immigrant. I’ve always had suspicions of something happening but I just assumed it was a mix of my regular childhood abuse and my overly vivid imagination. I want this to just be a figment of my imagination, I don’t want such fucked up things flashing through my mind. That horrid fucking feeling. I’ve been zoning out hard all day and it’s getting in the way of work. How do I make this stop? I need a therapist but I can’t find any in network and all the out of network ones I’ve contacted are too expensive. I’m going to have to figure this out alone.",
post,dirtypenpals,"[M4F] Mean, abusive and violent sister is a deep sleeper.",https://www.reddit.com/r/dirtypenpals/comments/n3xkbl/m4f_mean_abusive_and_violent_sister_is_a_deep/,2021-05-03 07:31:22 PDT,2,"&gt;The prompt isn't set in stone, if you want to play a variant of it feel free to bring it up. I do not mind step siblings either.

If we stood side by side, nobody would even consider us being related. And lets not even talk about the temperamental differences, it was like a cat and a mouse - even with you being the younger one, a few months short of your twentieth birthday.

Baring your teeth, screaming, growling, and snarling. You'd bite when you couldn't hit, you'd kick if you couldn't bite, you'd scratch if you couldn't bite. Your temper was violent, aggressive - it's just horrible.

And unfortunately so, I _always_ ended up suffering it. Maybe that was why everyone considered you an angel, wasn't it? Pour all your anger and hate upon your sibling that you weren't sharing any blood ties with. The time tested truth stands.

If everyone speaks about one thing, and you say the opposite, you are the liar. Nevermind the issue that I was a horrible talker, I never was good at making a case for myself - and like that I just quietly let you have your little verbal and physical punching bag.

_Even if today was a little embarrassing._

""You stupid bitch, fuck, fuck! You jacked off in MY room! You, get out! Get out! You are a disgusting pig, fuck don't go out! Go fuck yourself, get out of my sight!""

... You were going absolutely ballistic at this point. See, the house - as large as it was - it had fewer, but larger rooms. We ended up with sharing the room, though by sharing I meant that I was pushed off to a corner and was thankful that I still had my bed.

While you were out today, I ended up, well, I did the think done when alone at home. The strenuous activity involving a hand, a little spit and the big sis of ecchi anime. I ended up splattering something into a tissue and I threw it into the trash can.

Happy little man for the rest of the week.

_Not._

At this point, putting aside the fact that you went so mad that you accidentally ended up insulting your own mother, I counted several bruises, scratches, pinches and at this point I awkwardly tried to dodge your newest little idea of tormenting me.

_""Sis, I really can't eat that! I can't! It, that is paper!""_

_""Don't call me sis you perverse bastard, how dare you masturbate here! Just get yourself fucking neutered! Disgusting! Pervert! _Degenerate!""_

... The disaster ended up avoided, though I ended up having a disgusting sticky mess smeared across my face. While you hadn't gotten to shove it down my throat, you did get to rub it all over me before spitting at me and telling me to get lost.

_""Ouch, ouch ... Fuck, it's bleeding ... I swear she is growing her nails out just for this ..."" I hissed afterwards, though it was softly. I did not want to rise the tigress from her den, I glanced over to the couch that you threw yourself on and grumbled about taking a nap.

_""Fucking hell, she doesn't act her age ...""_ I mumbled underneath a breath, wondering just how this immature and temperamental vixen was considered an adult. _January 19XX._ I don't remember the exact year of her birth, but it was from the past century still. Technically, I was older then her. _But it didn't seem like she did care about that._

""... Ugh, fucking disgusting ... Who the fuck smears dried semen on another's face, why did she ... even pull it from the trash?"" I muttered, just looking over to the figure sprawled out over the couch in the other corner of the room.

Had been my couch before, but you didn't care all that much about it. You'd flip out when I did as much as staring on it the wrong way.

""... She'll have a worse mood if she wakes up to a stiff back.""

I ended slumping my shoulders, feeling a little depressed as I turned around to grab the pink fluffy blanket off the shelf on the other end of the room.

_""Way to fucking go wimp, take a beating and offer a blanket. Fucking A. Think my balls shrunk half a size.""_

I muttered to myself, and —

_""Fuck!""_

I hissed as the blanket ended up covering a bit more then intended, specifically her feet were exposed but her face was covered up. I considered to just bolt. My ""battle scars"" ended up flaring up simultaneously, but ...

""... She is still asleep?""

I ended up daintily grabbing the blanket and tugging it downwards, before blinking a bit and tilting my head.

_'... She's quite a deep sleeper.'_ I ended up thinking, watching her face for a while. And, who knows where the courage came from, I reached out to gently poke at her cheek for a few times.

""Actually, now that I think about it ... Just ... _How deep a sleeper is she?""_ I racked my head a little, recalling that she always was so stupidly hard to wake up. She'd sleep thorough anything, if you didn't shake her roughly and pestered her for a long time she would just sleep on, maybe phase in and out of consciousness.

A little reckless, and very much resentful for being smeared with semen and ending up all scratched over, plus your past offenses, I ended up reaching out to poke at your face.

_""Just how deep a sleeper are you?""_

I wondered, noticing that the prodding did not do anything so I shifted to tender little pinching instead. 

&gt;Introduce yourself, tell me about what you want to do, what your expectations are and what you'd want to avoid.

&gt;Basic requirements are being well written, incest and sleep play. Appearances can be chosen by you, I left it rather vague.",
post,MomForAMinute,Wedding dress,https://www.reddit.com/r/MomForAMinute/comments/mhw4bw/wedding_dress/,2021-04-01 07:10:19 PDT,1,"Hi mum, I know your no longer in my life because of how toxic and abusive you and dad were or the fact that you consistently chose my abusive violent sister over me but I get to wedding dress shopping in a couple of weeks. 

I wish you could have been there for me, but I will be sharing the experience with my little girls and (soon to be) MiL who has treated better than you ever have. I wish things had been different but it’s for the best and it breaks my heart that it came to this.",
post,DMAcademy,How do I RP dragons politically?,https://www.reddit.com/r/DMAcademy/comments/l778i5/how_do_i_rp_dragons_politically/,2021-01-28 12:07:52 PST,2195,"Just looking for some ideas on how a dragon (say a green dragon for instance) would engage in political games.  Dragons are powerful and horde treasure, but so far any fights with dragons have been more or less, the dragon trying to kill/defend it's lair while the PCs just do their best to kill it.  They very obviously and wisely don't trust anything it says if I try to RP with them.

While I was able to make the first dragon be a bit tricky thanks to some advice I received on how to run Venomfang in LMoP, I haven't really been able to think of how a dragon comes to be involved in the politics of a town or how to have more of an interesting encounter when the PCs come across one.  For reference what I did with Venomfang here are my notes:

Venomfang is perched up high in the tower and invites them in saying “I can smell your stench small folk.  There's no use hiding out there”

“I can destroy you, but that would make me vulnerable to my sister” Besides I’m full right now as I consumed another party not long ago...oh the druid didn’t tell you about them did he?”  He makes a promise to not harm them saying that Draconic guest rites forbid him from harming anyone he willingly invites into his lair.  He (lies) tells the party that the druid that sent them has an arrangement where he sends parties to clear him out when really he's either sending him a meal or some useful idiots, and in return he keeps his more violent sister at bay.  ""Perhaps you are of the second category.""  

He invites them to come closer saying “I must whisper now as my sister’s spies are all around”  He tries to make a deal: ""Help me get rid of my sister and I will leave this place, and I will take her lair which is more preferable to me""

Come I’ll mark the spot on your map...how can I thank you..hm perhaps?  *unable to contain his devlish smile any longer* ...""I’ll have you for dinner.""  Roll Initiative.

That went pretty well when I used it, but now I'm trying to think more about how a dragon might weasel himself into politics of a local area.  What does he/she gain from it?  What does he/she provide?  How does a dragon go about interacting with people without them being scared away? etc.",
post,FamilyIssues,Violent sister/ parents won’t help me,https://www.reddit.com/r/FamilyIssues/comments/kk2fmu/violent_sister_parents_wont_help_me/,2020-12-25 09:17:35 PST,13,[deleted],
post,DestinyTheGame,Warden seal speculation,https://www.reddit.com/r/DestinyTheGame/comments/k3asc1/warden_seal_speculation/,2020-11-29 07:04:58 PST,1,"Before I begin, this is just my opinion. I am not a data miner. I’m not sure everything that is known. All I DO know is that the current seal has 14/19 available. Including the last update to the lure needing one more upgrade. I’m on mobile so I’m not sure if it will affect the format. 

First. Let’s talk Hawkmoon. We’re positive it’s coming out this season, soon?  With that we will have a mission like all D1 exotics that return during a season. My guess, on the cosmodrome as we have not really done anything there aside from meeting the one vanguard with hair. Nice. Whether this mission ties in any lore or not, I believe completing it on heroic will be a triumph, wasn’t that a triumph for Bad Juju?  This would tie into something that’s missing for this season. The collections tab for season or the hunt, the second triumph I would like to discuss. 

I looked when it came out to see what cool stuff we have to look forward to. Well. It’s not there. My guess is that it’s the next triumph and there’s a few items in there that will he released in time. Giving us another. Gain the three exotics. Maybe. 

Next. Our lure. Word is that there’s a crypto crap on the moon that’s not active. Maybe it’s time gated for our final hunt. Maybe it’s related to our weapons having the same runes on them. Either way. I hope it’s a dungeon to find a crota style herald of our violent sister of Oryx. Being another Triumph. 

Anyone else have some ideas?",
post,offmychest,I feel sad. Do I not deserve happiness?,https://www.reddit.com/r/offmychest/comments/jhohlc/i_feel_sad_do_i_not_deserve_happiness/,2020-10-24 22:59:00 PDT,2,"I feel extremely down today. I'm living far away from my fam. Have not come back home for 2 years. I'm living on a peaceful - no Covid island. No flight out or in. I really want to know that I could get home whenever I want instead of feeling anxious of a 5k dollars ticket which is not even available.
 
I lead a boring life. In my early 30s, pursuing a research career. Live far away from home for 7 years. However for some reasons I constantly feel sad, feel depressed, feel worried. Those things are not about my life but more specifically about my fam.

I grew up with domestic violence. Mom and Dad did not love each other. It was constant fight after fight after fight. My Mom was agressive and talkative. My Dad was violent and hit her multiple times. I could not count how many times we have to run away in darkness or went to find him in his lover house. My Mom suffers from a stroke, a cancer. My Mom and Dad are old now. Now that they are old and retired, they live with each other alone in their hometown. I love them but the scenes in the past I never forget.

As a result I had a violent sister, who many times hit me and hurt me with her verbal insults. She was one year older than me but would hit me with a knife if I did not listen to her changing my blouse. In normal time she cares ab me and takes care of me. I live w her for 4 years in undergrad. The relationship between her and me is now quite one side. She often wonders how I do not bother to answer her message but God knows how deep my scar was. She lives in a different country , gets married to someone she does not love, has a 4 years old baby. I love my nephew but I can't stand my sis and her husband. They fight everyday but my sister insists on me getting married and having a baby. As if her unhappy marriage is not sufficient enough. The only thing connect me w them is my baby nephew.

I had a younger brother with 7 years gap. We were close when I was in high school but when I left hometown for uni we grew apart. He is gay, superficial and had no plans in life. He is not curious, not ambitious, no drives. I love him but I just  love his version in the past.

My brother just calls me and let's me know he had insomnia for one month. Wake up at 4am everyday scared, anxious, angry and could not keep his emotions in check. I'm extremely worried for him. Our family mental health is not normal. On Mom side and even Mom have mental issues. On Dad side there are violent genes which showcase in my sis my brother and sometimes myself.

I have little issue with myself. I'm driven, logical and well liked among friends. A lot of them could share with me their deepest secret because I give the vibe of no judgement and sympathy. I'm quite good where I am in terms of career, since I work hard and catch things quick. 

The thing is, I just can't do it with my family. Everyday I wake up, feel extremely excited for the day, and then get beaten with a drama from a family member. It is like I had done something bad in the past. Some times I feel relieved that I live in a different country. Sometimes I felt bad for leaving my weak brother behind or my old parents behind. I could not bring myself to be open to anyone. I wear this smiley face that doesn't seem to feel sad. I just can't tell anyone this deep secret.

That my fam is a mess. That I am a mess mentally. Am I not deserved to be happy? How come other have such a normal fam life?",
post,abusiveparents,Violent sister,https://www.reddit.com/r/abusiveparents/comments/iqi2ra/violent_sister/,2020-09-10 19:36:25 PDT,1,I called my sister Farquaad because she’s a stupid and rude POS. Then she tried to smash my head with the refrigerator door. I’ve never been violent towards her and she never gets in trouble for being violent towards me so how can I get petty revenge? I’d get in huge trouble if I so much as pinched her. I wish the Goblin King from that movie would take her away and turn her into a goblin. I’m sick of her.,
post,relationships,I don't know how to fix my [F26] and my grandmother's relationship [74F],https://www.reddit.com/r/relationships/comments/i9ribb/i_dont_know_how_to_fix_my_f26_and_my_grandmothers/,2020-08-14 11:33:44 PDT,3,"I don't have a good relationship with my family. Abusive parents, violent sister and trashy brother. My grandmother was my supportive lynchpin and really is my only family left. 

She luves alone in the Alps, in a small town. I lived with her intermittently after my family kicked me out for being trans. I've been living on my own for the last three years now.

The issue is I cannot tell her anything. In her mind she is always correct. To give concrete examples I had to argue for six hours about why I shouldn't commit tax fraud as she firmly believed the state wouldn't have access to electronic data (it does) or that my job counselor lied to me because she didnt hand me 1990's version of a specific law (which I had to explain multiple times was repealed in 2008).

Combined with her tendency to not pay attention at all and drone on and on when I'm around, plus us having no common interests its...hard to say we have a relationship.

We have frequent arguments which end invariably with either concessions from my part or me telling her to sod off for a few weeks.

It's very tiring. I cannot talk to her about anything important to me. She ignores or forgets a lot of what I say. Treats me like a child. She repeats the same stories over and over, and doesn't have...any interest in anything really.

I want this relationship to work because I have no other family yet it doesnt feel like a family relationship but more like a babysitter-child relationship.

When I stop talking to her she just, becomes angry, sad or spends hours talking about how sad she is.

If anyone can help, please. I just want to make this relationship functional.

TL;DR: my only family member who isn't abusive or insane isn't someone I enjoy bring around of but I feel I have an obligation to do so. She isn't necessarily mean but is grating and overwhelming. I want this to work but not sure how.",
post,AmItheAsshole,AITA for wanting to avoid my(16F) violent sister (14F)?,https://www.reddit.com/r/AmItheAsshole/comments/hf9ft5/aita_for_wanting_to_avoid_my16f_violent_sister_14f/,2020-06-24 14:03:27 PDT,1,[removed],
post,offmychest,Who’s that Pokémon? ITS PIKACHU! GODAMNIT!,https://www.reddit.com/r/offmychest/comments/h7tlu2/whos_that_pokémon_its_pikachu_godamnit/,2020-06-12 14:32:04 PDT,2,"Remember that video? 

Starting dating for me has always been easy. Like Catching Pokémon on our game boys as kids. Except for you. Congrats. You’re the 4,000 hp charzard and I’m a level one squirtle... whom I could never catch. But it wasn’t about catching you not then and not now. I want you to come to me freely. I always have. It just sucks when I’m so passionate and strong willed and assertive and I can’t just will you to love me.

Sometimes I feel like you tried and I’m being pulled in by invisible fishing wire...

I thought I could forget. I thought I’d just get over it. I thought it was just mental illness of my childhood trauma not vice versa. 
I was so fucking wrong!

I dint need you. I’ve proved that I’ve never needed anyone.

I want you. I’ve always wanted you. I’ve always coveted your affection and tried to get any little attention I could. I didn’t know it was sincere. Honestly. Even then I think I was too broken to absorb that you might of hurting as well. 

I mean it when I said I wish I was in your life. I wish my life was never my own. You. Everyone. All I’ve ever tried to do is be there for others and if I was lucky enough they’d be there for me. 

I have let so many creeps into my life.... and I’m in a minorly  emotionally abusive or toxic rather situation and I’m physically struggling and can only leave so quickly... to be by myself yet... in the hub of most of my childhood trauma and abuse. To make something of myself and stop my stupid life from being so fucking shitty... 

God help me

I’m not going to drag you into my shitty life. I’ve never wanted that for you... and I’m so fucking broken that I know you’ll find her. Everyone’s always been better than me. I never want you to see these tears. I’ve disgusted you enough I think with my feelings. I disgust myself. I’ve been dead inside for way too long. And the meds don’t fix it... though I’ve been taking different ones for six years.

“Jesus take the wheel. You put me in that school. Weird, sensitive and then gave me the most wild and violent sister to parents 5 decades older than me and my life is shattered. I escaped the only way I knew how without doing anything terrible. Now I’m 30 and miserable and stuck and broken psychically and emotionally. Why. Why the fuck did you choose me for this. I was never built for this. And I’ve damn near pushed away any chance I had at normality. Fuck fuck fuck fuck fuck...” - rambles 

I don’t want to play this game. What game. It’s all one sided. Fuck this...",
post,relationship_advice,Me (23F) wants to move in w/ boyfriend (29M) but he wants to live alone to be able to have friends over four times a week and every weekend,https://www.reddit.com/r/relationship_advice/comments/gqwhrl/me_23f_wants_to_move_in_w_boyfriend_29m_but_he/,2020-05-26 05:54:26 PDT,0,"We started dating two autumns ago, and spent almost every night at each other’s place. Mostly I stayed at his place because I have a difficult family situation with an abusing and violent sister who’s suicidal, and he became the person who helped me keep staying calm during those times. I also developed a depression and he was a huge emotional support for me.

He is an extrovert who likes having friends over everyday of the week except maybe one or two days. I started getting used to this pattern, that we would only see each other when we went to bed, and he would be away all evening eating out with his friends while I studied. As an introvert, spending every Thursday, Friday and Saturday evening with him and his friends ‘till 3 a.m. was a bit much for me, so I would go back to my parents on those days. We would have an evening for ourselves maybe once or twice a week.

When the abuse at home became too much for me to handle (for example the weeks before my uni exams) I lived half time at my boyfriend’s new flat, and moved in some items. He had looked at several apartments (while I lived abroad for 6 months in the beginning of our relationship) and decided to buy a small one for one person to live in. Even though it’s small, he really wanted me to be comfortable there so he gave me shelves in the wardrobe, bathroom and kitchen for my things. I felt as if he saw me more than my psychological problems, and a person he loved and wanted to be with. I started dreaming about sharing our lives together and then started to drop hints about moving in together, until we had a big talk two months ago. 

When I finally confronted him about wanting to live together or not, he said he bought this apartment to live a certain lifestyle and it wouldn’t work with both of us living there. He told me he loves me but doesn’t want to change our situation, and felt pressured that I wanted to run away from my home, but I told him it is mainly that I want to spend my life next to him. I felt as if he always thought about “his” life rather than “our” life, for example choosing this apartment when I had showed him other options which would work for both of us. But he bought it with his own money, so I can’t complain.

I started renting a room at a friend’s house to live cheap away from home, and started to visit him less often. I stopped doing his dishes, cleaning and taking out trash/recycling, and he recently complained how much he has to do nowadays, so I wonder if he even noticed what I used to do in the apartment haha...
Due to covid-19 we can’t see each other right now, and I miss him terribly. I used to have dreams about creating a family with him, getting married and have an evening just me and him cooking dinner in our own flat and go to bed together, but from what he has told me he doesn’t want us to live together in probably a year or two. My dreams with him as a partner are crushed, and I don’t feel as happy in this relationship as before. 

What should I do? Should I be satisfied and stop being irrational? Am I too emotionally dependent on him? Or should I make some changes in my life? I want to be with him but at the same time I feel less and less affection for him, when I know he doesn’t want to take the next step with me (or if he ever will). I know it’s early to be expecting that commitment, but still... I don’t know what to think anymore....",
post,u_Glum-Chair,Aggressive and violent sister,https://www.reddit.com/r/u_Glum-Chair/comments/ge11pp/aggressive_and_violent_sister/,2020-05-05 09:33:49 PDT,1,[deleted],
post,Advice,"Violent Sister, can't post in any parenting as not parent, so it goes here..?",https://www.reddit.com/r/Advice/comments/fqw2y5/violent_sister_cant_post_in_any_parenting_as_not/,2020-03-28 17:23:14 PDT,0,"UK based. 

I have a 13 year old little sister that is diagnosed with Autism and OCD, she is also about 6 foot tall. We also have a 13 year old brother and 9 year old sister. For the past year I have not lived with her. Her behaviour left me (26) living in fear and significantly affected my mental health while living with her as her behaviour escalated. 
Personally myself and many members of the family do not believe these are correct or complete diagnosis'.
Our Mum has suspected something was atypical with her since she was about 4 and it took 4 years of her persisting to finally get a diagnosis. 
Until recently she had been living with her Father, however as he is high risk and due to recent incidents involving the police needing to be called she is no longer allowed to stay there. 
She is very violent when she thinks something 'isn't clean', even after cleaning/bleaching the toilet 3 times all over she will claim it isn't clean as she can 'smell wee', she will not allow anyone to enter her room, she has to do all her own laundry as if anyone else touches it, it has 'germs' on it.
This is all daily behaviour for her. CAHMS refuses to work with her as she is 'hostile', she hasn't been to school in a year as we can't physically drag her and force her to stay there.

The 'incidents' include:
-smashing the glass on our Mum's front door window to force entry into the house
- wrapping a scarf around my dog's neck and threatening to strangle her as we were in an argument
- throwing away her Dad's essential medicine that he will die if he doesn't take
- messing with the settings on her Dad's medical bed
- weeing herself because the toilet wasn't clean
- threatening our Aunty with a knife because she was told she couldn't use the washing machine as her Dad's medical items were in the process of washing
- Throwing Bleach/Cleaner/whatever liquid she can get her hands on (including a smoothie from the fridge) all over the house
- cutting holes out of her clothes where there was 'dirt' on it.
- fracturing our Mum's rib attacking her.

And many, many other things.

To explain my dislike of her only being diagnosed as asd/ocd:
- She can 'turn off' her behaviour if she thinks someone is recording her (though recently it makes her behaviour worse) 
- her behaviour often isn't impulsive, it is calculated and devious. She will wait and deliberately go for the thing that she knows will cause the most upset. 
- she thinks everything is a joke and no one can do anything that will actually affect her
- if she can't be bothered she can ignore things that would usually cause a 'melt down' 
- she seems to enjoy the upset and fear she causes through her behaviour and threats, she has said she doesn't care and has even laughed at the scars that she has left on our little brother. 

The issue we are having is: until last month the police refused to intervene, the issue for a over a year seemed to be:
Social Sevices won't evaluate her unless she's arrested, the police won't arrest her until social services has evaluated her.

There is no helping us. Within the past couple of months people are starting to actually act, for instance after messing with her Dad's medical bed and him phoning the police asking for her to be removed, they (after a year of leaving her with him despite his pleas and begging he was feeling threatened) arrested her and she was in jail overnight.
She was released, but had to go to our Mum's house.. This is awful as she has some sort of dogma against my Mum, our little brother and sister and  just Mum's house in general.

She had a 'meltdown' because she believed that Mum's dog had done a wee (she hadn't) it got throughly cleaned, but she decided it wasn't good enough. My Mum for a change shut my sister in the bathroom and locked the door because she threated to ruin all the food and the current situation limiting availability, plus our Mum currently out of work and not having the spare money.

My Mum phoned social services and told her she was in the wrong and she can't shut my sister in, it's her, our youngest sister and our brother that have to all be shut in the bathroom. My Mum argued that she had previously thrown bleach everywhere, sprayed cleaner in the cats face, broken the front door window to escape the house... Social services did not care.

What is my Mum supposed to do?!?!
As my partner is still working I don't want to take my younger brother and sister and put them at risk, plus my brother is extremely attatched to our Mum since his Dad's accident. As Dad is in extremely high risk he can't take the other two who have been in school. 
Police will either not do anything or just arrest her overnight then release her back to Mum again.
Social Services have also acted like they don't give a $h%£.

Please. If anyone has ANYTHING they can advise, anything at all, we are desperate.
We can only imagine that people will only really care and get involved if/when she actually does stab, kill or poison someone or something.",
post,AsOneAfterInfidelity,"Got asked if we were OK, felt terrible. Who in your life knows about your struggle?",https://www.reddit.com/r/AsOneAfterInfidelity/comments/ffgdlp/got_asked_if_we_were_ok_felt_terrible_who_in_your/,2020-03-08 11:09:23 PDT,10,"TL;DR in the subject line, thanks to anyone reading the rambling...

Last night we were out with friends. A friend mentioned an annual event he’d attended, and he remembered seeing my WH at the same event years ago, and we remembered it was an event WH had attended solo, while we were broken up prior to being married. Gotta include a little backstory...

We had a 3 month breakup prior to being married. WH wasn’t dealing with his family issues (violent sister, alcoholic with sociopath/narcissist tendencies—she’s always hated me for taking her victim from her), and I wasn’t going to let him continue to rugsweep how awful his sister was to me, so he broke it off. He was in a really codependent relationship with her, but to everyone, it seemed like they were “best friends”...and his parents are really passive enablers. She immediately threw him a huge party and love bombed him, but of course, still ultimately stayed in the abuse cycle. A few months later, obvs he realized the problems were still there, and that he missed me, so he reached out to me, and we reconciled. It took him a long time to see how she was negatively impacting his life, because she is very charming and manipulative, but now we’re both NC with her. She now has criminal charges in 2 different states, so it’s catching up to her finally.

Anyway, after we “remembered” our breakup with our friend, he asked how things were with us. Just point blank. This is an extremely socially intelligent friend who my WH acted weird around recently, so I know he knows something is off, and like the straightforward guy he is, he just outright asked. I immediately looked down and became silent. Nobody in our massive social circle knows, and he was sitting next to his wife, and a few other people were in earshot. But I couldn’t even stand the idea of lying to this friend, who was originally my friend before I met my husband, so I just froze. My WH covered for me, as he is between jobs (great huh, he lost it the day after my birthday, then I found out about the affair the following day when I was helping him fix his phone contacts—rollercoaster week for sure), so he said we were stressed about that (which is true too), and then pivoted the convo to talk about that.

But I feel awful that my friend who I respect tremendously noticed, asked directly, and I couldn’t be truthful. I know we can’t tell most people about the affair if we reconcile, but damn, I thought I was hiding things pretty well, but I am not, apparently. We had always been so affectionate in public that if you’re looking and thinking about it, a difference is obvious, but most folks are too busy in their own lives to notice.

Anyway, since I don’t have anyone else to tell, I posted it here. Anyone else had to deal with an interaction like that? Who in your life knows besides your therapist? For me, it’s just my supervisor and 1 coworker. I had told a longtime gf of mine too, but she completely ended our friendship (since 1999), just told me I needed to get therapy and then ghosted, so I am very hesitant to tell others, esp since I know so many get judgy about staying. I feel so lonely in this fight for my marriage.",
post,raisedbynarcissists,Narcs literally talk thro their teeth. They dont move their jaw and they widen their eyes. This is a sign that if u challenge them they will lounge at u. This is what predators in the wild do when stalking prey. So beware.,https://www.reddit.com/r/raisedbynarcissists/comments/f13vg5/narcs_literally_talk_thro_their_teeth_they_dont/,2020-02-08 20:53:46 PST,6,"No matter what emotion they show on the surface, it always leads to one type: anger.

Whether it was dealing with my violent sister, or that doctor who glared at me when i asked for help, they always give off signs that they r about to jump off. Subconsciously or consciously, their facial expressions always warn u. It doesnt just happen.",
post,nosleep,"We had an exorcism for my sister, but something worse happened.",https://www.reddit.com/r/nosleep/comments/ex4cpt/we_had_an_exorcism_for_my_sister_but_something/,2020-02-01 02:37:18 PST,399,"My mother died when I was six.

No one knew what happened. She’s survived by the three of us, my Dad Nathaniel, my sister Chauncy, and me, Lucas. We were never religious until we were compelled to be. I once read a story on Reddit about a lonely man who didn’t believe in God. Until one night, when he found himself gazing at a skinless, black figure with no eyes standing by his bedroom door. In that moment, he said, he had no choice but to pray to God.

My Dad and I have no idea how Chauncy came to be possessed. Yes, that’s right. My sister was possessed by a demon at one point in my life. My uncle and a neighbor were present during the exorcism. We needed the muscle.

Father Ellio arrived at 10:00 PM.

“Father, bless you and thank you for coming,” Uncle Roland said earnestly. He took the priest’s coat and closed the front door immediately so as not to allow the night’s cold breeze inside. Our home was cold enough.

“Nathaniel, everything is going to be fine,” Father Ellio reassured the mess that was my Dad that night. I had never seen my Dad sob like that before. His face was as red as a tomato, but every time he caught me looking at him, he pulled himself back together.

Father Ellio scanned the room in a manner that I can only describe as authoritative. My Dad wasn’t in control, and my Uncle wasn’t either. No, it was Father Ellio who was in control. “And you are?”

“Oh, I’m their neighbor, John. Thought you guys could use some help.”

“That’s kind of you, John. God bless you for this,” said Father Ellio approvingly, nodding his head. John smiled and seemed to blush like a girl. He’s a Catholic man himself.

Father Ellio is a tall man who stands at six-feet and two-inches. He had that salt and pepper colored hair that indicated his older age, along with the wisdom that comes with it.

“Before we go upstairs-”

The sound of something like heavy furniture moving interrupted Father Ellio. All of our eyes snapped up at the closed bedroom door upstairs. My Dad motioned to run up there and check on my sister, but was stopped by Uncle Roland, his brother.

Once again the sound of heavy objects in motion rumbled throughout our two-story home. John made the sign of the cross in fear.

Sometimes, when I think back on this night, I laugh to myself. Poor John, who was just trying to be a good neighbor, was absolutely petrified, even though he came over voluntarily. And the thing is, he wouldn’t leave no matter how scared he was. After all, Father Ellio gave him that honorable compliment. What would he think of John if he just got up and booked it?

“Before we go upstairs, you should all be informed on some matters. Time is not on our side tonight, so I cannot explain everything, but I will tell you this. You must not, under any circumstances, speak to it. You are not speaking to Chauncy, you are speaking to evil. And you should never speak to evil, whether it asks you a question or taunts you, or whether you yourself wish to ask or taunt it. Simply don’t speak.”

We all nodded our heads and everyone seemed to take the Father’s warnings as common sense. He continued,

“Stay away from the window.”

Again, we all agreed to obey.

“Now, before we go upstairs, I must warn you of one other thing.” Father Ellio took a few steps forward and gestured us to come closer. “Is there anything that anyone wishes to confess right now?”

We traded looks of confusion with one another and then set our eyes back on him.

“You see, demons are spirits, and as such they know things, things beyond our comprehension. They don’t know everything. No, only God Almighty knows everything. However, for some reason, they know of certain things you may have done throughout your life, and the only way to keep them from exposing those things is to confess that sin. I can’t tell you the many times during exorcisms when the deepest and darkest secrets of those in the room were exposed by demons. For some people, it brought them great shame. For others, it ruined their lives. However, if you confess your sins with me - which we can do right now in the kitchen - then that demon upstairs, or any other evil spirit in that room, has no right to accuse you before God. So please, for your guys’ sake, let's get this done.”

One by one, we walked over to the kitchen and Father Ellio heard our confessions. It took about fifteen minutes.

Then we headed upstairs.

The bedroom was made as empty as possible except for a table Father Ellio needed for his things - holy water, Bible, crucifix and whatnot. Chauncy wasn’t restrained with ropes as my Dad wouldn’t allow it. Uncle Roland and John were kneeling down on either side of her bed and holding on to her wrists.

Time was not wasted.

Father Ellio stood over my sister and began praying, switching words between English and Latin. “In the name of the Father, and of the Son, and of the Holy Spirit.”

My Dad began crying for my sister as she resisted the words of the priest. She spat on his purple stole and cursed him, saying and uttering things so perverted and so evil, all in a voice unlike that of a nineteen-year-old girl. My Dad scratched at his white-brown patch of a beard in distress.

“Stop it! That’s enough, Father,” my Dad suddenly cried out.

Uncle Roland gestured to me with a nod of his head to go and comfort my Dad, as he and John couldn’t let go of my increasingly violent sister. But John almost did let go.

Chauncy slowly turned her head towards John, her eyes wide and her lips forming an uncomfortable smile on her pale face.

“John the cheater! John the cheater! You lying pig!” Chauncy yelled at the top of her lungs. Her words echoed loudly against the wooden walls of the empty bedroom. “You gonna tell your wife, Johnny boy? You gonna tell her what you did with Michelle from work?”

John looked up at Father Ellio for reassurance, trying to remember and heed his words from earlier. John put his head down in shame, still gripping Chauncy’s left wrist.

Was it true? Did John cheat on his wife? I don’t know. But man’s reaction to strangers exposing their secrets is often telling. And John's reaction was very telling.

Father Ellio flicked more holy water on my sister’s face, reminding us all to remember what he said earlier. “Ignore. Just ignore.”

One moment during the exorcism, Uncle Roland and I caught eyes. He didn’t look confident anymore. His big, hazel eyes became watery, and a few tears raced down his cheeks. He had taken off his jacket before preparing to restrain Chauncy, only to reveal a sweat-dampened shirt. With one hand, he reached for his ball cap and put it back on, lowering the top to cover his eyes. He looked as if he was preparing for something. He looked guilty.

Chauncy began screaming and throwing violent fits, and if a complete stranger had entered the room at that moment, they would have chuckled to themselves before dismissing the scene as a film shoot.

Father Ellio asked us all to pray with him as he picked up a metal crucifix. We all did as he told us and prayed under our breaths, with the voice of the Father leading.

Chauncy twitched her head towards Uncle Roland, who was looking down at the mattress as he prayed. He tried to ignore her. We all tried to ignore her. Well, “it” would be more appropriate, but I could never bring myself to call my sister that, no matter how unrecognizable she was that night. I knew she was still in there.

Chauncy spat on Uncle Roland’s face. “Pig! Why don’t you tell everyone here what you did last night.” She looked around, scanning the room with a grin on her face. She looked like a child who was eager to share her newly found secret. “Disgusting, folks! It’s disgusting!” she said while laughing, but in a deep voice akin to that of a heavy-built man.

Uncle Roland looked as if he was ready to get up and leave. But he didn’t, and thank God for that.

Father Ellio had warned us to confess all of our major sins. If not, he explained, then the unconfessed sin, having not been forgiven by God, could possibly be available to the demon for exposing. And not just before God, who sees all, but also before our fellow man.

I, for one, confessed all my major sins that night in the kitchen. I hadn’t done much at seventeen.

The demon was torturing Uncle Roland - mentally. It wouldn’t tell us what he had done that was so “disgusting”. Instead, Chauncy, or it, kept threatening to reveal his secret to the entire room, but would stop and say, “maybe in another thirty minutes”.

The doorbell rang from downstairs.

“Don’t!” Father Ellio warned sternly. “It’s playing tricks, trying to distract us. No one is there.”

My Dad stood near the open bedroom door, almost hiding behind it he was so scared.

“Father Ellio?” Chauncy said suddenly. “What about you? Nothing to hide? Hypocrite! You creatures are not so different, if not even worse than us. That’s why God throws you in Hell along with us! You’re not above us! See? You’re pathe-”

Chauncy’s eyes widened abnormally. Her mouth remained open as she cut herself off from finishing that sentence. Her thin eyebrows rose and her head shifted slowly to the left. She was looking at my Dad. Our Dad.

The room fell silent. And it remained silent for a few moments, until Chauncy finally spoke.

“You sick bastard,” she said with a mild chuckle. She opened her mouth as if to gasp. “Like I said, folks! We aren’t so different!”

My Dad was shaking. Uncle Roland and John kept restraining. And Father Ellio continued praying.

“Oh. Oh, this one I shan’t keep to myself! Nay! Nay, I say!” Chauncy yelled excitedly.

Goodness it was weird, seeing my sister act like that. I knew it wasn’t her, but it didn’t fail to irk me anyway. She continued,

“Lucas, you’re such a good boy! Look at you! All sparkling clean after your little confession downstairs.” Then, she looked straight at me, lowering her eyebrows. “I’ll get you next time. But for now, I want you to ask our Dad Nathaniel hiding behind the door over there what I’m talking about.”

“Lies!” my Dad suddenly screamed. “Father of lies! Isn’t that right, Ellio? Isn’t that right? The Devil is a liar! He’s a liar! How can we believe a word that comes out of his rotten mouth? How?”

My Dad’s reaction. It was telling. He made the same face and had the same mannerisms of Uncle Roland and John, but more extreme. And although the Devil is indeed the father of lies, our actions speak louder than anything that could have slithered out of that demon’s mouth.

“Dad? Are you okay?” I asked. “Whatever it says, we’ll just ignore it. Okay?” I looked over at Uncle Roland and John. There was no need to look at Father Ellio, who, throughout the exorcism, seemed disappointed in us. He did warn them to confess, after all.

“Nathanieeeel,” Chauncy said tauntingly. “Are you ready?”

My Dad was pulling at his hair. His face was a deep red and spit came from his mouth with every word. He looked just as possessed as his daughter was that night. “Fuck off! Fuck off! It’s not true! Shut up!”

“Dad, please! Calm down! Just tell us what it is before she does! Get in front of this, Dad,” I cried out.

We ignored Father Ellio and his repeated reminders not to speak with the demon.

My Dad fell to his knees, with a floorboard sounding a single, quiet creak. “It was an accident, okay? I-I didn’t mean to do it but she made me so angry! Son, surely you know that. Surely you know I didn’t mean to take your mother away from you. Bu-but she made me so angry! So fucking angry! We were in the garage one night, and that’s when I had to do it. I was fed up! So I grabbed a hammer from the toolbox and that was the end of it.”

To think I’ve been living under the same roof with a murderer. I’ll spare you the rest, and in doing so I will have spared myself. My Dad’s confession to murdering my mother was shocking, and my sister and I haven’t recovered since.

But it didn’t have to happen.

Demons are tricky. They're playful, too. And if they can get you to admit to something wicked you've done, something that they didn't even know about, it's all the more fun to them.

After Dad had finished his half sob and half anger induced confession, the demon spoke through my sister one last time before finally leaving, 

“Nathaniel, I had no idea you murdered your wife, silly! I was just going to tell everyone about that one time when you used God's name in vain.”",
post,raisedbynarcissists,"My sister is pretending to be the innocent misguided victim who wants to save me, her violent sister",https://www.reddit.com/r/raisedbynarcissists/comments/ejmu3d/my_sister_is_pretending_to_be_the_innocent/,2020-01-03 14:22:36 PST,2,[deleted],
post,TalkativePeople,/u/Cecee25 on Need advice about cutting off violent sister (22f) and deadbeat dad (56m),https://www.reddit.com/r/TalkativePeople/comments/d4k7ca/ucecee25_on_need_advice_about_cutting_off_violent/,2019-09-15 06:06:51 PDT,1,[removed],
post,relationship_advice,Need advice about cutting off violent sister (22f) and deadbeat dad (56m),https://www.reddit.com/r/relationship_advice/comments/d4ioqf/need_advice_about_cutting_off_violent_sister_22f/,2019-09-15 03:14:50 PDT,16,[deleted],
post,legaladvice,What to do with violent sister in law,https://www.reddit.com/r/legaladvice/comments/ch7okl/what_to_do_with_violent_sister_in_law/,2019-07-24 05:41:11 PDT,0,"My ol ladys sister is dangerous. Brooke (my wife) has cut all ties with her sister. We will not be anywhere her sister is. If she shows up to family functions we leave. The other day her sister showed up to her parents anniversary and became confrontational with Brooke. Brooke's sister is dating a violent felon who has multiple convictions on drugs, firearms and other violent acts. Her sister drives with her two kids (under the age of 8) in the car while she's drunk or high, and allows him to drive the kids without a license drunk or high. Her sister constantly tries to fight and be a ""bad bitch"" (her sister's words). Brooke and her sister got into a fight on their parents front lawn in front of the kids. Brooke did not hit her back. We went and filed a police report and attempted to get a PPO but it was denied. We are scared she will harass or try to assault us, break into our house, poison or kill our animals, or any number of awful things. She is diagnosed bipolar and has been admitted to a mental hospital. She refuses to take her medication and refuses treatment. What more can we do except try to avoid her?",
post,JUSTNOFAMILY,Am I overreacting or simplifying? F18,https://www.reddit.com/r/JUSTNOFAMILY/comments/bvb4l0/am_i_overreacting_or_simplifying_f18/,2019-05-31 11:29:21 PDT,2,"Warning: long post.

&amp;#x200B;

Very very brief summary: you know the thing people say about marriage, that you have to sift through all the trashy people to find the one? I concretely belief that's the case with your family too.

&amp;#x200B;

So. In short: I've grow up traumatized with a mother who was narcissistic, mentally and physically abusive, and a father who would ignore or justify it. My brother ended up externalising his trauma and also grew up into an abusive twat. Over time, as I read more and talked to people more, I began realising that there are few true good people and that a large portion of families are shit.

&amp;#x200B;

My parents are a lost cause, but it was also traumatizing to eventually realise that my grandparents on both sides are seriously inadequate people, and that the world is filled with inadequate people who can't take care of themselves never mind children. Grandma on my dad's side: totally living in the 40s, very naive and intolerant towards anything modern and can't hold even a remotely intelligent conversation. A lost cause and refuses to ever listen to things she disapproves of. Grandparents on my mum's side: both are somewhat intolerant to my bi-ness. Both keep eating themselves to death while denying they have a weight problem. Also keep feeding their (my) cat to death even though she keeps getting shit on her backside and dirties up the place. Also I find that grandma has quite a bit of narcissism in her too, and these days I'm not surprised my mother turned out the way she did. The way she talks to me especially is always competitive, and she gets a freaky glare and an insulting tone when I make minor mistakes.

And being elderly is no excuse. 6th form and university taught me that old people can be cool. I have lecturers 60+ who are cool and educated and can relate to young people.

&amp;#x200B;

So many people I've known have/had shitty parents.

* My grandma on my dad's side was raised in a poor family with 10 other siblings. I know very little about it but she constantly tells me only the simple things about her growing up. She always romanticises it as a simpler, nostalgic time. This is despite the fact that her parents had 11 children they couldn't afford. When I was arguing with her about the topic of shitty families (shouldn't have because her mind will never move past the 50s she grew up in), she said she still loved her father even if he threatened the whole family with a knife once and hit her more than once for daring to go out with friends at 19.
* One guy had the unfortunate experience to be born to extremist Baptist parents where his father beat him and his mother until he divorced, and I am told he was officially diagnosed with narcissistic personality disorder. His mother has controlled him throughout his whole life, restricting his freedoms and filling his head with all sorts of spiritual/conspiracy theory bullshit that he actually believes (such as the conspiracy that we're inside a simulation). His brother keeps calling him a heretic whenever he expresses any disagreements, mother and siblings thing mental illness is something related to demons. His family would throw him out and shun him if they knew he was bi.
* My best friend started out in a more than ok family and I was frequently jealous of her for that because whenever I was around her parents I saw love, acceptance and humor that was just not present in my family. Like damn, it occurred to me that some parents don't threaten to kill their kids for getting a few Fs. That broke down too. Turns out her shitty father had been cheating on his wife since my friend was 7 and was also going through long bouts of chemotherapy overseas. Her parents successfully kept their tensions at bay by literally not talking about them for the sake of their children. But when my friend was 14-15 they fought and revealed the truth. Partially because of my friend's violent sister too, her mother turned angry and bitter while keeping up a kind facade to others. She would put all the chores of the house and any blame on her because she was bitter and refused to discipline her violent sister. I didn't think things could get any worse until her father had a violent episode and destroyed her art pieces for pretty much no reason at all.
* My best friend's girlfriend also has shitty parents but I haven't been let in on much yet. She tells me her girlfriend is super meek and quiet at home instead of the loud tomboy she is with everyone else. And they absolutely would kick her out if they knew she was bi.
* My best friend has an aunt who literally abuses her children. She had them from an abusive relationship and did not want them. She slaps, grabs at them, chastizes them for literally behaving like any other kids such as running around and playing simply because she finds it annoying. She's brought them along to family gatherings and does it in view of crowds of people. I've seen them cry and be traumatized and over the years they've turned more meek. I've self-harmed at an event like that because it broke my heart that I couldn't do anything to protect the children without stirring up trouble for the community and my own family, and ultimately making things worse for a lot of people. To makes things worse, her son is suspected to have ADHD because he just won't sit still, pay attention or follow orders. I was told he was going to therapy, but I know from personal experience that it won't help much if the only person raising him is such an abusive twat. She also smokes and drinks heavily, resulting in yellow teeth and smoker's cough and voice.

&amp;#x200B;

Of course, most dysfunctional families try to pretend they're perfect, and the people I've just mentioned are no different. When they're not fighting the try to keep the facade of happy families and tell their victims that they're fine, or more than fine because there's starving children in Africa don't you know?

&amp;#x200B;

Me, my friend and her girlfriend are at breaking point. It is torturous to be a legal adult and still be controlled, restricted and treated like shit by your own flesh and blood.

&amp;#x200B;

The most recent thing bringing me down: pcos diagnoses (if you don't know what it is google it). My mother (and school sex ed albeit) NEVER educated me in any things femenine, even though they were essential. For 6 years since the start of my menstruation she never bothered to address very obvious pcos symptoms. It was only when I was discussing hair growth with my brother at 17 that she suddenly claimed I must have pcos because of so much excess hair and because she has it too. Now the logical thing to do would be to go to a doctor and address my very inconvenient symptoms right? Nope. She started ranting how they were probably going to put me on birth control and that it's bad because the doctors will never tell me that it causes some very unpleasant symptoms. I begged her to take me to a doctor since I was still a minor and couldn't go without her consent. She refused on those grounds. When I finally did go at 18 she immediately found the medical records from snooping through my stuff (as she always does). When she confronted me about going to sort out the pcos without telling her, her attitude about it had completely changed. Without any warning at all she had turned supportive about it and getting the medications, even offering to pay for them. And when I confronted her about her attitude towards it a mere few months ago she denied any negativity she had said. And as it turned out, the medication panflet did mention in detail the bad side affects that she said no one will inform me about because big pharma. Just an every day story. And I am scared to death that she'll do a 180 and try to control my medication intake.

&amp;#x200B;

&amp;#x200B;

Me and my friend had talked about flatsharing since we were 12, and it looks like that it will become a reality within the next few years. Many people say that you'll get along better with your family once you move out. Not us. We're going to cut off contact with our families, and if we ever have kids, we're going to treat them like the unique human being that they are and that are deserving of respect and love, not like things that are extensions of us just and there to control or dress up.

&amp;#x200B;

Of course, though we're miserable living with our families we all feel guilty because there are so many people going through worse and that perhaps we should be a little bit grateful for what we have. Our parents gave us all the physical needs, lots of food, clothes, phones, laptops, money to spend, education funding. But they were always insulting, always competitive, always critical of everything we did, always unstable in their reactions to us, always hostile and ignorant to our bad mental health, and sometimes physically abusive.",
post,Gloryndria,[OT] Smash 'Em Up Sundays Challenge! (Valentine's Special),https://www.reddit.com/r/Gloryndria/comments/b4w5mg/ot_smash_em_up_sundays_challenge_valentines/,2019-03-24 06:08:21 PDT,1," 

\[Item\] A bouquet of roses

\[Quote\] “What do we have to lose, honestly?”

&amp;#x200B;

\_\_\_\_\_\_\_\_\_\_\_\_\_\_\_\_\_\_\_\_

&amp;#x200B;

""What's this?"" I pulled out a bouquet of roses. All red and full of thorns.

It hurts just to hold them despite the colorful wrapping papers that *somebody* have rolled this torture bush into. It looked more like a joint rather than a bouquet.

Aaron looked up from his computer screen. The glow from the screen gave a ghoulish look to his pale face. He never switches on his bedroom light even as a kid, thinks the darkness could hide the mess in his room. It did, just not the ripe smell.

""You don't like it? I picked it out from Mrs. Dander's bush,"" he said with a light voice that he knew full well would rile me up.

*Boy, what are you doing?*

""Are you mocking me?"" I stepped into his room and my nose is immediately assaulted by his month old laundry. *Ugh. Again. Boy, do your laundry.*

He looked hurt. ""Me? Mock you?"" he faked a sad voice complete with a croak at the end of it. He's getting better at this.

I nodded, ""Because that's what you do."" I could feel my nose flared despite trying to suppress it.

Aaron and his pranks. Like bread and butter.

""When have I ever done such vile things to my big, strong, violent sister?"" he flailed his arms in the air as if asking for some deity for a divine answer.

""Such madness!"" he smiled, still unfazed from my glare. He's used to it years ago.

I shook my head. *I'm not buying this.*

""You know I don't celebrate Valentine's Day,"" I said.

He stood up from his computer chair and without missing a beat, replied: ""You don't celebrate 'Anything' Day.""

I was taken aback.

""What's your point?"" I gripped the giant rose joint. The sting from the thorns keeping me grounded.

As if light simply switched off from his face and for the first time I see something that looked like desperation, ""I'm saying let me do something for you,"" he said.

""For once,"" he added quickly before picking his way towards me. His snacks and laundry piles on the floor blocked his way here and there but somehow he managed.

*This isn't right. What's gotten into him?*

""I let you do tons of things before,"" I said.

He gave me a blank look. I am not familiar with this.

""Not since they've been gone, you haven't,"" he said. His voice, flat.

Black ice, that was all it took. Our big brother, our parents, our dog Missy. Everything. I could still remember the time they called us in: 10.57 pm.

Ever since then, I've been on a roll. Going from one place to another, job after job. Just anything to pick up the pieces. Aaron needs to stay in school and one day, college. There was no time for anything. I was lucky enough to have graduated from college before shit simply hits the turbofan but even so, there's still so many things to do.

Just remembering about the crash made my heart stopped.

""Don't,"" I could hear myself whisper.

He takes my backpack from my arm. I didn't notice how heavy it was until the weight was lifted.

""Please,"" he puts his hand on my shoulder. ""At least let me cook you dinner.""

I looked up. Sometimes I forget how tall my younger brother is. I still remember the day our parents brought him home. He was the size of a loaf of bread.

*If only mum and dad could see how much you've grown...*

I swallowed away the lump in my throat.

""You mean your mac and cheese with extra garlic?"" I faked a horrified look.

There are two things that Aaron have perfected in the kitchen over the years. One of them is boiling water.

Aaron shrugged.

""What do we have to lose, honestly?"" he wiggled his eyebrows at rapid speed. It was a classic Aaron move.

It cracked me up so much and for the first time in what felt like forever, I laugh. I laughed and laughed, even more, when he joined in. The house doesn't feel so empty, not with us together.

I hugged my younger brother and felt an intense burning love that I would never trade for anything else.

The only family I have left. Just him and me, the ones who were left behind.

""Happy Valentine's Day, sis,"" I could hear the crack in his voice as he hugs me tighter.

I sniffed back an incoming sob, ""Happy Valentine's Day.""",
post,raisedbynarcissists,Violent sister is bullying the dog,https://www.reddit.com/r/raisedbynarcissists/comments/aq3jfh/violent_sister_is_bullying_the_dog/,2019-02-12 22:18:16 PST,1,"Shell wake up the dog while it sleeping or yelling at it to disturb her. Especially when im around.

This isnt the 1st time shes done this. When i was a teen, she screamed at the dog and kicked it off the bed with her feet. I was suprised at the time, wondering where tht anger was coming from.  And angry tht my mother didnt say anything.

Makes me wonder how bad this is gonna get.",
post,legaladvice,Can I have my bipolar sister committed to a psychiatric hospital?,https://www.reddit.com/r/legaladvice/comments/aabcwd/can_i_have_my_bipolar_sister_committed_to_a/,2018-12-28 07:44:44 PST,1,"I’m in California. This is a long one. 

My sister (20sF) recently moved home to my parents house and brought her kids with her. She has 2 kids, an infant and a 3 year old. 

My sister is bipolar and not taking any medication. She self medicates with marijuana only. She has incredible mood swings and often takes her anger out on her kids by yelling and screaming at them. 

She’s getting a divorce and her soon to be ex husband has taken the infant away from her, so that child is safe. The 3 year old is from a previous relationship and there is no father to come save her from my shit sister. 

My parents do their best to take care of the 3 year old, but they’re in their 70s and ill equipped to handle a rowdy 3 year old as well as my sisters mercurial moods. My sister lashes out at them on a regular basis and verbal arguments are common.

She attacked my mother just before Christmas which resulted in my mom having a head injury, my dad punched in the face and my sister running off with the 3 year old and the sheriffs coming to the house. My parents didn’t press charges for assault and the deputy didn’t observe signs of mental illness so he left.

All of this backstory to ask...can I or my parents have my sister admitted to a psychiatric hospital for treatment for bipolar disorder? I’m in another state and there is no one to shield my parents from her if she goes off again. Christmas discussions were centered around their fear that she’s going to snap and kill herself, my parents, or harm the 3 year old. Police help is at least 30 minutes away at best so we can’t rely on them. 

Tl;dr: looking for legal help to have bipolar violent sister committed before she kills someone.

Thanks, Reddit. ",
post,legaladvice,Bittersweet [update] about violent sister,https://www.reddit.com/r/legaladvice/comments/9xj4av/bittersweet_update_about_violent_sister/,2018-11-15 21:05:46 PST,1716,"You can read my original post \[here\]([https://old.reddit.com/r/legaladvice/comments/9haszo/my\_parents\_have\_refused\_for\_years\_to\_do\_anything/](https://old.reddit.com/r/legaladvice/comments/9haszo/my_parents_have_refused_for_years_to_do_anything/))

&amp;#x200B;

Off rip, I want to thank everyone from the bottom of my heart for the kind, supportive words. It was overwhelming and I cried because I thought yall would tell me to grow up, or something like that. My own family doesn't give a shit about me, I didn't think strangers would either. I wasn't able to reply to every DM and comment  I got but please know I read every single one.

So much has happened since I posted here like I could write a novel about it so some things might not make too much sense, or out of order because I don't want to trouble anyone to read an enormous update. Some good has happened and some really bad. I'll start with the good.

First of all, my dad left a few weeks before my brother was born. Haven't heard from him, haven't seen him. Him and my mom got in a huge fight over my sister coming home so he dipped. My mom had my brother and he's perfectly healthy and happy. The pregnancy was high risk so that is honestly a blessing. I love him to pieces already. He's my everything. 

There was a lot of issues with my sister. My mom didn't want her back at all and mom thinks dad left so he could have her live with him. I don't know if that's the whole truth because as far as I know he never once tried to make that happen amd she had to be discharged back to us because I guess we don't have insurance anymore, dad cancelled it or something and the hospital wanted her out and there was no where else for her to go. I don't really know the whole story because I didn't talk to her at all while she was in the hospital, only my mom did and when I tried to talk about her she would get really mad and tell me she was stressed out enough which I honestly understood. 

So she came back. I was really anxious about it but she seemed so much better. That's the thing... I had never seen her like she was. She actually apologized to me about everything and cried. I believed her. I didn't want to pry into everything, but she did tell me the ""angels"" told her to do a lot of the things she did. She was sounding like my grandma who had schizophrenia. It freaked me out but I accepted her apology and thought we could build an actual relationship. She was good with the baby, too. She was his favorite person, just like with the cats. I guess they could see in her heart she was a good person. Kids and animals have that sense, I think.

This is really hard for me to type so sorry for rambling on but my sister is no longer with us. She passed the day before Halloween. She didn't come down for breakfast and mom told me to get her. I never go in her room because she gets upset so I knocked on the door. No answer. I went in and there she was on the bed shaking and shivering like she had DTs. She was dripping sweat and made no sense. I went to her and tried to feel her forehead and she took a swing at me but missed and fell on the ground. I panicked. I screamed at her to tell me what she took as I assumed it was a drug thing and I'll never forget, the last thing she said to me was, she screamed some absolute nonsense. I won't repeat it to anyone. I just like to remember that we made peace and we were good.

Anyway, I ran downstairs and told my mom and she went to her and by that point she was seizing real bad and passed out. My mom called an ambulance but she never came back. Mom searched her room and found a bunch of those fucking cough pills. They were fresh too because mom threw out all of the other ones while my sister was in the hospital.

So, that's it. I gained a brother but lost my sister right when things were starting to look up and I fucking hate myself for not being a better big sister and paying attention to what she was doing, but I really thought things were looking up. She was taking her meds, she was going to the clinic. Fuck, dude. The thing that bothers me the most is I don't know if she did it on purpose. Did she kill herself, or was it an honest accident... did she know you can't be doing all of that on her meds? I honestly don't know. She was so goddamn intelligent, she had to have known, yet I can't accept she would do that when things were finally getting better! Maybe that's not right. I never truly knew her. Things were better for US, but who knows what she was going through in her own head. 

Thanks for reading",
post,DysfunctionalFamily,Violent Sister,https://www.reddit.com/r/DysfunctionalFamily/comments/9vh74z/violent_sister/,2018-11-08 19:57:34 PST,5,[deleted],
post,bestoflegaladvice,"OP's parents won't do anything about OP's violent sister, so OP takes matters into their own hands.",https://www.reddit.com/r/bestoflegaladvice/comments/9hehht/ops_parents_wont_do_anything_about_ops_violent/,2018-09-20 04:28:04 PDT,0,,https://np.reddit.com/r/legaladvice/comments/9haszo/my_parents_have_refused_for_years_to_do_anything/
post,relationships,"My [35/F] sister, also [35/F] (twins) has fallen out with the family but she won't move on and stop harassing the family,",https://www.reddit.com/r/relationships/comments/7zo8vb/my_35f_sister_also_35f_twins_has_fallen_out_with/,2018-02-23 06:04:40 PST,9,"My sister is a very complicated person.   She takes offence easily at situations and has cut herself off from the family but she won't move on with her life and tormenting the family.  

I live at home with my mother and one brother.   Two other brothers have emigrated 6years ago.   

The start of all this: 

One of the brothers who emigrated was useless at keeping in touch with the family at home.   My sister took an issue with this and saw it badly and saw it as him cutting contact with the family.   
I tried to tell my sister that this might'the be it.   Maybe the brother is homesick and its his way of dealing with things.  Or maybe life is just busy with him and he's finding it hard to find the time to contact home.   Maybe his only free time doesn't sit in with the time differences.   Or maybe cost of living is high where he is and he can't afford to phone home.  
My sister became angry and irritable at my response and said - why are you making excuses for him? I wasn't making excuses for him. I was able to see it from a different angle. 
In time she constructed a message for sending to him and showed me and I told her 'christ, don't be sending that to him, he won't be able to make head nor tails out from that and if it is the case that's he cut contact with the family, just leave it be and leave the door open so to speak for him to come back in his own time.   
She didn't listen to me and she sent the message to him.   Within minutes she got a call back from him and he was shouting down the phone to her.  She hung up and he rang our mother saying he got an abusive message from the sister and to pass the phone over.   He gave out to her on the phone and said to never contact him again.   

Around about 8/9 months later he rang home with some news for our mother.  There was some brief contact at times before that.  Anyways, he was due to become a dad. Our mother told us the news and I got excited and my instinct was to congratulate him and wish him the very best.  My sister stood up and threw a bit of a tantrum shouting 'he wants nothing to do with us and look at you two wanting to wish him well' or something on them lines.  
My sister didn't want to know about it or the fact that she was due to become an aunty.  
I thought whatever went on between them the year before should have been dropped and for her to wish him well. It was big news for the family. She didn't want to know. I thought she would come around in time but she very much didn't want to know.  I left things be with her.  When the baby was born, she didn't want to know and seeing me and our mother excited and wishing him well,  seemed to anger and irritate her  so went went about in secret organising a new baby card and gift.  

Some months later,   my sister was being very negative over a different thing entirely and I had though spell at work for some weeks with no signs of easing up and I snapped and gave out to her because of her negativity.   

This led into an absolute complete nightmare within the family.  

I tried to apologise and make amends for giving out to her but she didn't want to know and she snubbed me. She went about ignoring me around the house and I felt intimated from her.   For instance, If I boiled the kettle for tea, she would stand in the way of the cuterly cupboard and I would be there saying - excuse me and she wouldn't move.  

She told me at some stage I was a fat, 20 stone piece of shit and that she wants nothing to do with me and that I'm dead to her.   

I'm overweight but no where near 20 stone.   It felt to me, she felt better with dishing out degradatory rubbish to me.  That was fine with me.  I was busy and had so much planned for the year ahead. 

There was another time when I didn't have the foresight to sleep with my purse and I went to my bag, I found money gone from it.   I knew it was her and I was raging inside but I held back and bottled it up.   I saw it as her trying to provoke a reaction out from me so that she can go around and behave like 'poor me with an abusive and violent sister. I did nothing wrong on her and she's going mad'. 

In time she moved out and I began to get abusive messages from her into my phone.   I decided not to respond to any of it because it would lead me no where and just around in circles with her.   There was so much anger and hostility in her messages.  

In time she upped her messages and the content of her messages - there was so much abuse, insults, accusations from her and threats of contacting my employer.  Also in her messages she referred a lot to the row that happened months ago and also other rows from the past, completely forgetting about her side rows.  

I saw it from what it was from her - poison and sabotage. 

There was a night where I got a call from a man looking to buy a car from me and I had to get him to explain to me what he was talking about.   I couldn't believe, there was an ad set up on a selling site with my name and details and I explained to him that I was getting a lot of harassment and this is just a way to get to me and the ad is not organic and I have no car to sell.  

After that I changed my number.   The abuse went over to emails and Facebook messagener.   I had her blocked on Facebook but she was creating fake profiles to send me abuse.   

When I started talking up to my family about all this.  My mother and brother at home got mad at me and demanded to know what am I doing to her to anger her so much.   I was doing nothing aside from being alive and moving on from her and from old rows she was clearly holding dear to her heart.  
One brother in Australia completely believed me. No questions asked he believed me.   

In time, she developed an issue with our mother and cut contact from her and then in time she also cut contact from our brother at home.   In time, they came to realise, that I was doing nothing on her except for being alive.  

Towards the end of 2016, she got my new number and it all started up from her again.   2017 was a nightmare from her - private calls into my number accompanied by message after message.   She showed pure crazy in her messages.  There was once where I got over 500 messages in one night.  At times, she would lay off me but then start into my mother's phone of brothers phone.   My mother and brother wouldn't have half of what I got from her though.  Towards the end of 2017, she found out who my boyfriend is and she sent me messages threatening to contact him and telling him - how nasty I am and she did to it.  Thankfully he read it and just blocked her and didn't believe one word from her and saw it from her as trying to sabotage things between us.  She did it again in January but on his twitter and Instagram account but didn't stop there, she began to send my employer messages - warning her of how bad I am.  Oh my god. 

Enough was enough.  I changed my number again. I was apprehensive about getting the police involved but I had no choice to in the end and I went to the local cop station.   I came out in tears. They were useless.   They explained that without threats of violence, they can't do anything and it's a civil matter.   I think, it's nonsense because harassment is against the law where I am.  I felt they didn't want to get involved and they were washing their hands of things here.   

  ---   
  **tl;dr**:

I'm getting some peace now with a new number but this isn't over yet.   She has now moved her energies back onto our mother and brother and they got more abusive messages from her this week.   

I'm sick and tired of all this and of her tormenting us.

I can't afford to go down the civil route and taking out an injunction against her.

This has to stop but I don't know how.  Sometimes I feel about taking matters into my own hands for example I thought about making contact with her employers and providing them with everything that she has sent me over the past few years.  Included in her campaign of harassment she has sent me pictures of her breasts saying I'm jealous of her big breasts because mine are wonky - she likes to call them (I have noticeable breast asymmetry). I'm far from jealous of her and I've learned to be positive about my body. I know that isn't the answer though. She said a dangerous person and she would be likely to retaliate more.    

I'm at a loss as to what to do.  ",
post,depression,"Well, where do I begin?",https://www.reddit.com/r/depression/comments/7xwbpq/well_where_do_i_begin/,2018-02-15 20:26:41 PST,1,"Hello everyone, I'm a 25 year old male. To put things simply, my entire life, start to end, has been one gigantic clusterfuck.

I was born into some degree of poverty to a neglectful mother and absent father. Said parents pretty much turned a blind eye to my existence, instead choosing to focus their attention on my bratty, violent sister. From a young age, my sister would throw violent temper tantrums for hours at a time, on a daily basis. When I was 10, I was sexually molested by my uncle, and in that same year, my mum chose to make a suicide attempt in front of me, and told me to my face that she didn't care about me. The abuse and neglect continued into and through my teen years, where any expression of sexuality was stamped out via shaming and bullying. I was heavily bullied and isolated at school as well. My sister's tantrums grew more violent, often resulting in screaming matches until 5am on a nightly basis. While all this was happening, my own personal hygiene had nosedived as my mother had effectively cut off all access to any cleaning facilities under the threat of physical abuse. Eventually, after I finish my secondary school, my mum moves 200 miles away with her partner, away from the few friends I'd managed to make, and effectively confines me to the house. 

The new partner routinely smashed my possessions and threatened to inflict physical harm on me, and inflicted said harm on my siblings. I attend college after a while, and become a universal target of ridicule as a result of said poor hygiene, a policy which continued to exist for years. My parents would often beat my younger siblings, throwing shoes, keys and anything else within reach at them, and calling them names like 'slut, bitch, whore, cunt, worthless, etc. I got some degree of the abuse as well, mostly in the form of threats to my life as a result of my sexuality. Said parents actively conspired to shut off any access to friends who could be love interests, and forbade anyone visiting the house for any reason, or me visiting them, under the threat of abuse. 

By some miracle, I eventually find a few close friends, and meet a nice girl, who then proceeded to abuse me and drive one of my friends to attempt suicide. Over the space of two years, every single one of my close friends chose to kill themselves because of personal issues, and my parents openly mocked me for being upset about them, calling me weak and worthless. When my sexuality was made public knowledge, my parents threatened to kill me if I ever dated a guy.

So, there I am, 24 years old, with 4 dead friends, little to no romantic experience, and with no physical contact with others for years at a time. I eventually end up in a psych ward as a result of a suicide attempt, in which they mock and ridicule me for being 'weak'. I end up working in a job I absolutely despise, and incur multiple injuries working there, with my sleeping patterns being utterly ruined as a result. After my fifth friend killed himself, I made another attempt, and finally sum up the courage to pack up a suitcase and flee to another city. This brings me to today, where I am struggling to cope with the fallout from these events. I wouldn't say things are looking up, but they're a little less crap than they were. I've had issues big and small, and have made 3 suicide attempts in under 6 months, one of which very nearly succeeded. But, at this point, I guess I'm still 'alive', if that's a term.
",
post,Advice,"My violent sister physically assaults me and my mother, what should I do?",https://www.reddit.com/r/Advice/comments/6zqf5b/my_violent_sister_physically_assaults_me_and_my/,2017-09-12 15:22:56 PDT,3,[deleted],
post,Clannad,My First time Watching Clannad. Thoughts episodes 1-3,https://www.reddit.com/r/Clannad/comments/6zpbta/my_first_time_watching_clannad_thoughts_episodes/,2017-09-12 12:38:35 PDT,23,"As a huge fan of anime, especially romance, al my friends have insisted I have been missing out on the prize jewel of anime romance- Clanned.  Thus i have started watching it for the first time, no w]spoilers, and am beignining this journey which so many say has been a beautiful experience for them.

Episode one:

These female character designs may drive me insane.  Why are their eyes so big?  ah well, it is anime,    The MC is pretty adorable though.

Why isnt he helping his friend whose getting attacked?  does this school has a problem with bullying?

I'm assuming this blonde kid will be our comedic relief.

Okay who is this emo child alone in a strange room?

ah our class president is cute.  why is she telling the future with a deck of playing cards?  and how is dropping them a viable fortune telling method?

I like her violent sister.  she has some good aim. sorry, Tomoya.

Okay back to this girl.  She is awkward at making small talk.  She tells him all about her anxieties, thoughts on how she used to love the school and now has no friends and yet I dont believe she aid her name. Tomoya takes this all in stride.  what a good guy.

I am starting to like Tomoya.  Me and every other in this school, im guessing,

okay now why is a 1950's greaser bike gang attacking a high school girl?  and why is she able to kick their asses?  

Ah now its Sunohara;s turn to get his butt kicked by the karate girl.  He gets beat up a lot.  I like her though, she has sass.

Okay why is Tomoya being SO nice to this Nagisa girl?  Is she supposed to be like super pretty?  I really cant tell with these character designs.  I think he should go for the karate girl, she seems like more fun,

And now we're at her family's bakery.  Ouch, Tomoya you just gave Nagisa's mom a bad Yelp review.  Her dad is awesome though lol.  ahh Tomoya looks so uncomfy sitting with them.

""Tomoya? what a wimpy name- lets change it to Ginga"" ahahah this made me lol.  this is a fantastic interaction.

Now we met Tomoya's dad.  Not as vivacious as Nagisa's pop.  Is he drunk?  eep, he is.  aww and Tomoya lost his mom.  Maybe thats why he is so kind, he knows hardship himself.

this ending song grinds my gears.  

Final thoughts on episode 1:  I'm digging Tomoya as a character, Nagisa's parents and the karate girl. Nagisa seems a bit bland and a bit of an over sharer but hey, if Tomoya likes her I'll give her a chance.  I can see where this show is going, clearly towards romance and probably a lot of girls falling for Tomoya but I also feel like theres a lot going on besides that and I'm curious to see how this begins to unfold.  Also will Tomoya meet a lovely lady on his way to school tomorrow?  

Episode 2:

Okay I guess restarting this drama club is going to be a plot point. It doesnt sound like a hard challenge but knowing anime I'm sure there will be hurdles.

The opening song is better than the ending song but i cant say its super catchy.  I'll see if it grows on me.

Now were bac tot he emo girl and ... some used car parts?  and some existential commentary?  I hope this makes sense at some point.

Aww Tomoya gets hit by the purple haired girl, now on a bike.  Probably hurts more than the book she threw at him but he and Sunohara have a pretty high tolerance for pain it seems.  

Speaking of Sunohara and his tolerance for pain he challenges cool karate gir again.  My money is on her.  Yes, he is swiftly defeated.  This girl should ditch the romance drama and go be in a shounen series, she has some badass moves.

and now we're in the library because Tomoya wants a nap?   ahaha hes cute.  And now we meet a third girl with purple hair.   This is a weird interaction.  Isnt there a ghost around somewhere?  Is library girl the ghost?  

Its against the rules to ride a bike to school?  Thats an arbitrary rule.  No one minds when people beat the crap out of each other but you cant ride bikes?

ahahaha ""she's bi""

GREAT save Tomoya.  this anime is pretty funny, i have to say.

Now Nagisa is looking disheartened again and failing at sweeping.    She isnt a very good self starter, thank gosh Tomoya comes to the rescue.  

Okay she is the worst poster maker ever.  and from what I know about her character so far ""Big Dango Family"" WOULD be her favorite song lol.  Props to Tooya for not laughing out loud or leaving. What a man.


aww Tomoya has some serious issues with his dad.  I wanna hug him.  

Nagisa manages to be both quirky and somehow very bland.    but at least shes kind.    its cute she offered to play basketball with him.

and aww she waited for him in the rain... thats sweet and also pretty dumb,  she is an odd duck  No wonder she gets sick a lot.  A for effort though Nagisa, you silly girl.

""You have always been there to help me"" she says to him... havent they known each other for like 2 days?

well her weird heart is in the right place.

awww oh noooo.. Tomoya's arm injury and its related to his dad.  and then Nagisa collapses.  This isn't how I thought this was going to go down.

Final thoughts: The tone shifts from comedic to serious pretty fast and without warning and definitely tugs at my little heart.  And I am falling for Tomoya, as I said before, me and every other girl I assume.  Who is the ghost by the way?  Well with al these plots and characters slowly being introduced I have to admit im pretty curious to see where this is going and how this is going to all connect.

Episode 3:

And we open with the existential child and her...robot?   I'm sure this will make more sense to me later, now I'm just lost.

Junk robot is pretty cute though.

Nagisa's dad is hilarious.  I would watch a spin-off of him and his antics at the bakery.  

Now we meet a very dramatic construction worker and a man who thinks said construction worker dented his car?   construction man goes on a speech about love and strength and laughter...this town is weird.

""Boy this guy says such heavy lines with such conviction"" - you said it, Tomoya, we're on the same page.

This random construction worker has some flare and passion though.  He should join Nagisa's drama club.

a cat dented the car?  the laws of physics are as confusing as the melodramatic construction workers.

oh hes a famous musician?  hmmm didnt see that coming.

Sunohara is going to try and prove karate girl is a guy?  I predict he gets his ass kicked yet again.  

yep. he did.  and what a creepy question ""can I borrow your razor?' ew no, Sunohara haha.

Nagisa is back up and about and they both apologize for the basketball fiasco.  That was the worst first hanging out session ever, but theyre cute and awkward about it.

The girl with the knife and the star gives tomoya a star after trying to steal back his knife... shes an odd duck too.  Is there something in the water in this town?

Oh look they found a pokemon!  Oh wait it just the pet baby boar of the violent purple haired girl whose name I think is Kyou.  

Now some girl named Yukino is serving Tomoya and Nagisa tea?  'I was just thinking there are some unique characters in this school- and this town"" again Tomoya is reading my mind.

Nagisa unsurprisingly knows nothing about drama or plays.  She should start a Big Dango Family fan club instead.  Shes so sweet and awkward, she kinda reminds me of Luna Lovegood from Harry Potter.

The student council took down Nagisa's weird posters?  ah I knew this wasnt going to be easy.

Final thoughts: I feel like everytime this show answers a question, it opens up 5 more questions.  I'm starting to really enjoy these characters though and cant wait to see what happens next in this quirky world.

Looks like this is going to be a fun and unpredictable journey :)

hope you guys like my thoughts!  Look forward to sharing my Clannad experience!",
post,raisedbynarcissists,"Can you help? Therapist says my mom is a narc, but her behavior seems so different from what I understand about narcs.",https://www.reddit.com/r/raisedbynarcissists/comments/6hke95/can_you_help_therapist_says_my_mom_is_a_narc_but/,2017-06-15 21:40:50 PDT,9,"So, I have two therapists now who say my mom is a narc. I've done a lot of reading about narcs, but what I read and the stories I read here don't match my mom's behavior. Can you help me understand why my therapist thinks my mom is a narc?

Basically, my mom neglected me. I was raised in a big family and my mom raised us alone. The family story is that she was in a bad marriage and was overwhelmed and that's why she was inept. Except I have no memories at all of her ever even really talking to me like I was a person. Not one ""everyday conversation"" in my whole growing up years.

My mom allowed my violent sister to be violent. When my sister strangled me when I was 17 my mom told me it was my fault. When my other sister told me she would have thrown a party if I killed myself my mom said nothing.

Once my mom lit into me for no reason when I was in 7th grade and she wouldn't stop. It was so awful that I took off and this was at night in the middle of winter. When I came back after an hour she said nothing to me.

After making a huge family-wide deal out of my sister getting into National Honor Society, when I made it in my mom told me, ""you know I can't go to that!"" and then she and my dad went out of town. I was fifteen and couldn't drive and so my sister had to take me. My parents didn't call or anything that day. 

I once had a picnic for my softball team when I was in 6th grade. My mom made a huge deal when I told her and said the whole family would go and it would be great. Well, the day comes and the time comes to go to the picnic and none of my sisters are home and my dad's asleep. Clearly, no one is going to this picnic. She yells at me to get in the car and then drives me way out to where the picnic was. When we get there she tells me, ""Find a way home,"" and drives off. 

Twice when I was in high school I had kids I know tell me I could come live with them. I never ever discussed my home life with anyone, so for me this was totally out of the blue. 

When I left for college it's like I no longer existed. My mom never ever called me or reached out to me at all. 

So, I guess what I'm saying is that my mom just always made it clear that she did not give a shit about me and I was a pain in the ass and would never protect me. My therapist says there was gaslighting in my family, which I guess I can see. Certainly my sisters were always allowed to do to me and say to me whatever they wanted.  What I know of her just doesn't seem to match what I read about narcissists and doesn't seem to be as psychotic as the narcissists I read about here. Neglectful, yes. Abusive, yes. But exactly what kind of narcissist is she?",
post,Familyhelp,My violent sister.,https://www.reddit.com/r/Familyhelp/comments/4ue82h/my_violent_sister/,2016-07-24 11:03:23 PDT,1,"My sister and I, have never really gotten along very well. We have had good times and bad times, but the bad times take up way more space, than the good times. I am 15 years old, my sister is 19 years old. So, as hard as it is, for me to understand it, she is basically an adult.

Since I was born, we have had problems. We both have a bad temper, and when we were little, we threw things at each other, and so on. What always makes me angry, is when she is lying. You know, if she does something violent, because I say something rude. And she starts lying about it to my parents, and suddenly I am the one, who's to blame. Imagine that. It has happened through my entire life, and I am starting to think she is dangerous for me. She is very domestic. She is the one in lead. If she says we should go somewhere, that's where we are going, if not, she gets angry. She is kind of like that towards her boyfriend as well. I don't remember the last time she told me that she loved me. I guess it's because we don't love each other.

Anyways. In this month, it's holiday, and I have been on two vacations. The first, was in Sweden. In Sweden my dad got really pissed on her, because he feels like my little brother and I, are too nice to her, and that we are afraid to say no. We usually just say yes, even though we wish we could say something else. She is very commanding. When I piss her off really bad, she tends to be violent towards me. I am good at making her mad, and she is good at making me mad. We are basically good at making one another extremely mad. When she makes me angry, like really angry, it's usually because she is lying about what really happened, and I think she does it, because she is afraid of what people think of her, if they get to know the truth. In this week, I talked about something between her friend and her, something that annoys her, but something she still walks around talking about, and keeps talking about it. When she keeps talking about it in front of everyone, we should be allowed to share our opinion. I did that, told her what I thought about it, and she got pissed at me, for not agreeing with her. She threw her ice-cream at me, with all her force, and walked out and smoked a cigarette. I was shocked, and even laughing because of her reaction. I even cleaned up her ice-cream, because she didn't do it herself, fair enough, I wouldn't have done it either, if I was angry.

When I get angry, I can punch a wall, a door, kick a chair or a bin. I am quite strong, so it may seem very extreme, and I usually hurt myself, because I do it with all my force. I once walked at home for about 4 weeks, with a hand that hurt extremely much, and that I couldn't really use, because I punched a stone wall. I never told no one about the injury. I only get this angry rarely, and it almost never happens no more, only if my sister does something insane, like lying when she punch me, and say that she didn't punch me, but that I did something to her. That's when I get angry. It almost never happens, but today it did.

I didn't want to do the dish wash today, because I got burned on my shoulder, and it hurts whenever I move it, and I am the one who have pretty much helped with everything on this vacation, so I said she could do it herself with my brother, instead of commanding me to do it. She obviously got angry and went in our room to get her phone. I was kind of angry myself, because she didn't know the pain I had from my shoulder. I went into the room, to charge my phone. She borrowed my charger. I was pissed and went in to get my charger, I didn't even say anything, I just went for it, which was wrong, I should have asked for it. We were both angry, but whatever. I held a hand on her phone, while she used it, and tried to take my charger. She pushed me hard into the bed, while attempting to punch me, and she shouted at me ""DO NOT TOUCH MY PHONE!"", and then tried to throw my charger at me. I was shocked, and I couldn't' help myself from laughing, because I didn't know what to say. I said ""you must be crazy"", and she said that I was crazy, and I started laughing a bit, because I didn't know what else to do, and my mother came in and asked what happened, and she say I put a lot of force onto her hand, and squashed it. And I must say, that I really did not do that, and if I did, I don't think it was enough reason to try and punch me. It seemed like my mother believed her, and I really felt like I had done something wrong. My sister left, and I began crying, I got so angry, because I was blamed for doing something I never did, and she said she never tried to punch me. I started crying hysterically, and I was shaking because I became so angry. I asked my mom to leave, and she told me to calm down, and then she left. I punched into the wall, hurt my hand a little bit, and destroyed a little plastic bin. I got into my bed, and I couldn't stop crying. I kept saying ""how can anyone be this mean?"", ""how can anyone do this someone else?"". I called my father, and he understood me, because it has happened to many times before. Where she has lied, and got away with me being the one doing all the bad stuff. She has punched me medium hard in the face once, while my mother sat outside, and she lied about that as well. There I reacted like this as well. She tears me apart, and makes me feel crazy, even though she is the one punching and being violent. I don't think you can go to jail for punching a wall, but I know you can go to jail for punching a person. I never punch or anything when I freak out, she punch me, when she freaks out...

What can I do? Is it normal? Is she normal? Any advice, please?",
post,rational,[Q]So I'm finally getting around to reading Worm... [Spoilers],https://www.reddit.com/r/rational/comments/3o2czl/qso_im_finally_getting_around_to_reading_worm/,2015-10-08 22:00:48 PDT,11,"And I don't really like it. The Slaughterhouse 9 have just left the city, and I'm not sure I really want to read any more of it. Part of it is just fatigue over the S9, the whole ""Yes, I get it, these guys are the epitome of evil! Just kill them already!"" thing, part of it is that Lisa is blatantly obviously misusing her power at every opportunity, I can't stand Bitch, and it seems to me that all of the most interesting characters are only bit actors (Dragon, mostly). The worldbuilding is fantastic and deep, and the antagonists (can't use the world villain in this setting, can I?) are amazing at making me want them to die horribly, but the main characters? I already know before any plotline begins that all of the Undersiders are going to survive (have so far, anyway, no spoilers in case I decide to finish), so the tension feels hollow and contrived. 

I kind of hope Amy will join just because of how much more powerful it will make Skitter, but I also hate her with a burning passion. First, she's a moron. If she could make a parasite that can fix Bonesaw's prion disease, why can't she fix all prion diseases everywhere? Hell, why can't she tweak microbiomes to fix all infectious diseases? She seems stuck in the ""I need to touch people to fix them"" mindset when she has demonstrated already how untrue that is. Second, the Nine were absolutely, 100% right about her stupid rules. She has elemental control over biological matter, and she uses that to fix bones? She's falling into the trap of thinking that her making one mistake ever will somehow ruin her, while she has watched her sister make potentially lethal mistakes no less than 7 times, *and then bailed her ass out.* She never experiments with her power, always staying with what she knows is *safe.* If she got permission from someone with crippling depression to experiment on curing them, and she failed? One person dies, and she knows not to do that again. If she succeeds, though, *she can begin walking through psych wards exorcising fucking demons.* She knows how unscrupulous her family is, knows that nothing she does will really have consequences, and knows that despite those things *her family is likely a net positive to the world.* Having the mindset that it is possible to always do the 100% right thing without getting your hands dirty (which isn't possible in this world) is both unbelievable from a character standpoint (where the hell did she get that idea from? Her lawyer father? Her violent sister? Her bio-dad? Heh.) and, to me, at least, goes against a core principle of rationalism: sometimes the best option is really, really *bad.* 

I'll probably still finish Worm, just because I'm curious about a few things, but I'm afraid it will be a chore. 

Your thoughts? I'm sorry if this seems too harsh, but Worm comes up a lot here and I'm just not seeing it right now.",
post,tifu,TIFU by Instant Messaging my crush how I felt.,https://www.reddit.com/r/tifu/comments/34askt/tifu_by_instant_messaging_my_crush_how_i_felt/,2015-04-29 10:45:28 PDT,3115,"**Posted this in a comment on AskReddit, but I think it belongs here**

This happened many years ago, at a crucial point in childhood when a kid's life begins to be set out in front of him.

So, I'm sure like many of us here, I was awkward as all fuck when puberty hit. Puberty itself was the spark on top of many years of shit; from growing up with a violent sister with borderline personality disorder to physical attacks from complete strangers due to my skin color throughout a chunk of my childhood. Probably one of the biggest things that kept me out of touch from my peers was the fact that they were from rich families and I was not.

My grandparents were wealthy and provided us a great education through private schools in a very high-end, uptight community, but my mom had been hellbent all her life to not rely on them for anything else (except for her vehicles, apartments, houses, Starbucks addiction, and other things, while keeping up the facade of being a ""Make it all on my own"" type of woman), so, I went to school with kids who had parents that were doctors, lawyers, successful-ologists of all kinds, and their lifestyles reflected it. They always had the hottest clothes, the newest tech, and could watch the popular shows on cable and satellite, while I had thriftstore clothes, no tech, and our TV only received Fox. My friends loved the new show Spongebob and would laugh about certain scenes, while I had no clue what the hell they were talking about.

I had one best friend though. He was fun, nice, frequently up to sleep over, watch movies, etc...

It's somewhere around 2002-2003, and my mom had a laptop for her writing that she would let me use at times. The wonders of AOL instant messaging, anime chatrooms, and Gaia Online is where I found like-minded individuals that I could relate to, and I felt like things were okay. I started spending less time outside and more time on a computer, but, even so, I felt good about myself. So, from gaining confidence after a few months of making online friends, I ask my best friend the AOL screen name of my long-time crush.

This girl was ""that one"" that I had been crushing on for years. From 1st grade to the, at the time, present grade of 7th.  So, I gathered my recently-manned-up balls and sent her a message. I don't recall the exact words, but the interaction went something like this **(I've included my screen name at the time for added cringe)**:
  
**CuddlesTheKitten:** Hi.  
**Her:** hi?  
**Her:** whos this?  
**CuddlesTheKitten:** RadicalElation, from school.  
  *(I used to roleplay on forums and chats, so I was all about capitalization and punctuation)*  
**Her:** oh hey whats up?  
**CuddlesTheKitten:** Not much, but there's something I have to tell you that I'm having a hard time trying to tell you...  
**Her:** ok  
*(After a couple minutes of staring at my screen, trying to feel courageous again)*  
**CuddlesTheKitten:** I like you. I've had a crush on you since 1st grade.  
*(Another couple minutes of silence, but this time I'm in shock over what I just actually did)*  
**Her:** i'm sorry. i dont feel the same. we can still be friends tho  
**CuddlesTheKitten:** Oh.  
  
After that, my amazing internet social skills kicked in. Anyone who spent plenty of time on Gaia, Neopets, and various other sites, knows that there were ways of talking, and terms, used that don't translate well to people who don't frequently browse those places. There was one term in particular that, outside of those awkwardly social worlds, was normally a pretty bad one. Scary to some, even. On those sites, though, it was playful, common, and relatively ""normal"".
  
**CuddlesTheKitten:** That's okay. **Then I'll stalk you!  n_n**
  
That's it. That's the sentence that ruined my life.
  
**Her:** omg what?
  
Not 10 seconds later, messages poured in...
  
**Her ""BF""**: what the fuck did u just say to her  
**Her best friend**: omg u creep wtf is rong with u???  
**Her other best friend**: y the fuk would u say taht?
  
A couple other people messaged, saying the same sort of thing. I tried to message everyone back and explain, just that I liked her and I didn't mean anything by it. I started feeling cold and shaky, and had no idea what the hell to do, so I closed the computer, curled up on my bed, just relived it all over and over and until I fell asleep.

I faked sick the next day. I knew everyone at school knew what happened, so I didn't want to face it. There were only 3 grades with each split into two separate classes, about 15 kids each. It was a small school, everyone was friends with everyone, and most of us had been friends, going through the private school chain, since preschool. None of them remained my friends though. 

I went back the day after and no one spoke to me. Just to each other, and then whispers when I was near. I felt more out of place than ever before, and not even my best friend would talk to me. He told me himself, those words, *""I don't want to talk to you.""* Followed by, *""We can't be friends anymore.""*

That was the last day I went to school. I faked sick every day after, which resulted in numerous doctors visits with no one able to figure out what the hell was wrong with me. I became a master of it, managed to get a hold of an identical thermometer that I'd heat up to swap out with the one my mom gave me every morning, and even scalded my mouth by holding hot water in it at the doc's office, swallowed right before my temp was taken, and fooling the quickie digital thermometers they had.

It must've become clear that the problem wasn't physical, because I ended up talking to a therapist every two weeks. The guy was an asshole though, even my folks agree to this day that he wasn't much of any good.

My days were spent asleep, while my nights were spent online. I made more online friends to fill the hole caused by my fuck up, and ended up feeling like they were enough.  It eventually got to the point where my mom stopped trying to get me to go to school, and then, after a year or so, I moved in with my dad. I became even more reclusive, despite efforts from my dad, and the local public school system, to try to get me out, in school and around people. 

This continued until I was 15, until there was a knock on the front door at 4:30 in the morning. Two large men were there to take me away to a therapeutic wilderness program several states away. I spent nearly 2 years away from home in wilderness and boarding schools, which provided many crazy stories of their own, with the last facility losing all records of my credit history, so all the hard work I put in with the ""school-at-your-own-pace"" system they had was lost. I was just credits away from graduating. Came home at 17, just a couple months before becoming 18, no credits, no friends, no nothing.

And that's how one sentence ruined my life.

**Edit**: Since people are asking, I am doing great these days. What I went through made me a better person in the end, so I have no problems with what happened. Even though I have no desire to try to talk to anyone from middle school, I don't hold any negative feelings towards them. 

The reality is that it was just the straw that broke the camel's back. It was really one of the least damaging incidents in my life, but it caused what remained of my beaten-down mental state to collapse. Still, I caused it to happen by being socially inept, which is why it's my fuck up. 

I'm in a very happy place in life with people I love, even if I'm not a success in any financial or social sense. My home is lacking some walls and flooring, and my kitchen counter-top is made of Dollar Tree paper table paper, and I will likely not be able to do anything about these problems any time soon, but I am happy. This was just a cringe-worthy, depressing moment in my history, and it is far in the past.

I hope all who read this are happy as well, and if some of you are not, I hope you get there. I'm open to be talked to if anyone is struggling. I'm no professional, but I have an ear ready to listen.

*Edit #2: No more gold! Thank you peeps, but I've now gotten one on this, one privately, and one for the image of my arm on fire in the original AskReddit I posted this in. I NEED NO MORE!*",
post,offmychest,"Getting over the ghosts of Christmas past, and a bratty six year old. (Long)",https://www.reddit.com/r/offmychest/comments/2qg6te/getting_over_the_ghosts_of_christmas_past_and_a/,2014-12-26 07:13:11 PST,1,"It's so stupid and I feel stupid typing this, but it made me sad and I don't want to talk about it with my husband or my side of the family so you guys get to be my sounding board.

I am an English Canadian, recently married to a wonderful French Canadian man and moved to Quebec from Ontario. My French in Ontario was passable - I took it through High School, but never made much of an effort to use it, so when we first started dating, I needed to work on it (his English was always much better than my French). His family are a wonderful bunch, but very French, so in order to get to know my inlaws, I had to improve my communication in French. I am living in a small town in Quebec now, very French, so everything requires effort - going to the store and asking questions, getting to know people, culture...I still feel like a fish out of water. Everything still feels strange, even though I just moved one province over. I don't know the media culture well, the jokes, the songs, the who's who...I'm trying hard - I practice speaking French every day, and though my husband is super supportive and says I'm improving every day, reading and writing is still very difficult and I still find it difficult to get my meaning across to people (especially humour).

His family have been incredibly welcoming to me, patient while I try to communicate, but I still feel like an outsider. My own family are incredibly damaged people - I feel like an outsider with them as well, and I don't know my extended family well because my sister and mom are now considered the ""weirdos"" in the family (damaged, mentally ill sis and mom), I too drifted from them to be a insular unit with them. Christmas and other holidays were a minefield of alcohol and abuse when my dad was alive, never a happy time, and now that he's dead, my mom and sis have become more closed off from the world. Christmas makes me feel I can't breathe, and I often have a tendency to run away, but I try - I do.

My husband and his family love Christmas, so I try to be a warm heart and have fun, but the fear is always there.

Hubby's sister is a single mom who is trying her very best with six year old son, but he is a very spoiled little boy. He has also been very standoffish with me because of the language barrier, but I love kids and try very hard to connect with him because I don't have many connections with people. I have always felt like a wandering nomad in life and ""home"" has never felt like ""home"" for me, even when I have one. I'm always waiting for the house to turn on me and I'll have to flee (I guess growing up with a alcoholic and violent dad, a violent sister, and a enabler mom will do that). Anyway, I always try to get the little boy gifts he'll enjoy, and am always shocked with how he'll toss my gifts aside, I'll hear months later how he loves the gift now, but his bratty behaviour is offputting, but I smile and ignore because it's not my problem (not my son, not my monkeys, not my circus I suppose). So, the same thing happened last night, but I expected it and it's not the issue, it's what occurred afterwards.

He started singing an English song from that Madagascar movie (""I like to move it, move it"") and I smile and want to join him, I start doing the ""bomp bomp bomp"" to accompany him. His face just dropped, his eyes narrowed, he frowned, glared at me with his six year old angry eyes and stopped singing. He then walked up to me and whispered to me. I leaned in and asked ""Pardon?"" He repeats himself, ""Je te n'aime pas, Je te n'aime pas!"" (I don't like you, I don't like you), he held my gaze the whole time. I was shocked. I immediately asked my brother in law if he heard what the kid said and he said ""yes, but he didn't mean it"". I ask my husband to come outside with me. I told him about it, and I'm glad he believed me right away, as everyone knows the kid is a brat. He said he'd ask the kid about it, but being fearful of confrontation with family, I asked him to let it slide. Husband goes back inside and immediately asks the boy about it in front of everyone, where the son denies it and then later admits to it. His family gave me hugs and believed me, even the kid's mom. I still wanted to flee. Just jump in my car and run, but I didn't. I tried to make friends with the kid, and by the end of the night, I got a hug and kiss and a ""Je t'aime"" and I was glad, but the sadness still followed me. He's six years old, a brat, and it's not his fault, I still want to connect with him and be his friend as he grows.

It just brought so many bad holidays, so much fear, hurt, anger, rejection back to me. So many times feeling ""homeless"" and rejection by the people I wanted acceptance from the most. The feeling of being so lost in this new place, that I'll never fit in, the fear of never finding my way or place here. I know my husband loves me and I have a home with him, I'm glad I reacted to the kid situation with grace, but the old hurts and fears haunt me and it brought it all back. Scary and lonely Christmases, old hurts and old ghosts. The kid cut me to the core with his six year old words and I feel so stupid. I'll try again and again to feel like I have a home, a place, and a seat at the table for Christmas and other holidays and to shoo away the old ghosts - I always try to be a part of this world, and I will keep on trying.

Thanks for reading. Happy Holidays.",
post,SuicideWatch,I feel like I can't go on. I'm sick of picking up the pieces after my narcissistic parents bad behavior.,https://www.reddit.com/r/SuicideWatch/comments/22i9hb/i_feel_like_i_cant_go_on_im_sick_of_picking_up/,2014-04-08 03:58:30 PDT,2,"I've got in bad situations more times than I can remember because they don't have a responsible bone in their body. They seem to think I'm some sort of god who can put everything right. Now its not just me getting hurt and the guilt is just too much. I also have a violent sister to contend with who takes advantage of me, my life's a mess, I'm in debt, day to day life is so difficult. I can't take it anymore. I hate that I'm too pathetic to stick up for myself. I just can't carry on like this but I don't know how to fix it. ",
post,relationship_advice,[18m] I want to be done with all of this (long),https://www.reddit.com/r/relationship_advice/comments/1gy9kx/18m_i_want_to_be_done_with_all_of_this_long/,2013-06-23 22:09:37 PDT,1,"This will probably be a different type of post for this subreddit, but I really need help. 

I met this girl when I was in the 9th grade. She was in the 10th grade, but we shared a gym class together. I was five months older than her because she was young for her grade and I was old for mine.

I had never had a girlfriend before her, and she had never had a serious boyfriend. Needless to say, neither of us knew what we were doing. We hung out a lot at her house and I became acquainted with her family who seemed to like me, and everything was great. We dated for eleven months, and they were fantastic. We hardly ever fought, and if we did, we both felt bad about it. No resentment whatsoever.

Then it all fell apart. After school one day a little over a year ago she told me she ""didn't feel it anymore"". I thought she was kidding because we had both joked that way before, but when I saw her eyes watering I knew she was telling the truth.

Now, a little bit about my home life at the time; My father was in his early sixties, my mother was depressed and morbidly obese, and my sister was mental to the point of violence. My mother lost her job as a nurse a couple years prior and never went back to work because of her depression. My father was forced to get a job, but he could hardly provide, and as a result my sister could not take medicine. 

Needless to say, when this girl (who we will call) Rose left me, it was extremely hard.

Now here's where things take an unexpected turn. 

In January my family and I were getting kicked out of our third house in two years, and I had had enough. We went to a cheap motel where  my dad worked, but I was sick of being in the room with my violent sister. I contacted my best friend, but he couldn't help me. I re-read my journal and started thinking about Rose. ""I should contact her. She at least deserves to know what's happening to me before I leave."" No joke, I was about to leave and just walk until a new life found me or I died.

She told her parents what was happening, and they took me in the very next day.

Me, being the ambitious person I am, thought ""Wouldn't it be awesome if we got back together?"" and so I decided to pursue that goal. After ten days we were back together. She had remembered how much I meant to her, and realized that she was just confused a year ago (take my word for it here, she really was just confused. I know that she loves me now probably more than she did a year ago). 

Things have been awesome since then. She graduated, I got my GED and my first job, and we're both enrolled in a community college. Her parents don't know about us and that's a hard secret to keep, but we do it well.

Now for the actual problems. I had no idea I was so screwed up until we got back together. We have both expressed desires to be together for as long as we're happy, and even marry if we are together for a certain amount of time. We want to be different from other couples and not break up over stuff that can be solved. 

The main issue that I'm having right now is I just can't be happy. Maybe it would be better to say all of this in /r/depression but I still think here is okay. I just, in my head, fantasized that if we ever got back together it would be awesome, and it is, but I am not happy because of various issues.

1) I trust her, but I don't.

She has horrible judgment when it comes to her feelings, and I'm scared that she will stop loving me. I'm not an idiot though, if she is the type of person to not be able to make up their mind, I will leave her. We have talked about it and she understands that if we break up a second time she will never have any contact with me again (I agreed to stay friends the first time. If there is a second, I will not). 

So it isn't that I'm ill-prepared, I just love her and I worry that she will leave me again. She feels horrible about what happened a year ago, and has said that she wouldn't blindside me again, and I do believe her, but I still get paranoid about it.

2) This is the main one. She almost dated two guys and did date one guy in the intermediary period. I know that the first guy wasn't important to her, but she did stay with the second guy for a bit and they kissed a few times. It's a big deal to me because she was my first, and I was her second kiss. The third guy was in her life around when I came back in, and I stole the spotlight, so to speak, so I  don't care about him that much.

I understand that loving someone is not unique to one person, but I suppose that since she is the only person I've ever been in a serious relationship with, it seems like it should be that way. For the most part I don't care about these other guys because she obviously doesn't anymore, but on the occasion that I do think about them...it feels like be broken up with all over again. I've seen the guy she dated, so sometimes I can't help myself but to imagine them kissing and it feels like daggers in my heart, to put it dramatically. 

It's not just them though. When we first dated she was against porn and I was for it, but now we've switched. She doesn't care, but I do. I'm not saying I'm right in caring, but the thought of her masturbating watching some guy who is probably sexier than I am makes me feel like shit. But when I think about when I watch porn it seems dumb to compare porn to Rose because I think she is sexier than any porn star and I feel nothing for the women in whatever videos I watch. 

I suppose most of this is just what I wish she would feel. I don't want her to not watch porn, I want her to not want to watch it because she doesn't need it with me, like I am with her. The only times I masturbate with porn are times when I know I won't be alone with her for a couple days, but there have been times when she knew we would be alone but masturbated and then wasn't horny when we had time. I know she wouldn't do something like that on purpose, but her forgetfulness sometimes makes me wonder if she loves me as much as I love her. Deep down I know she does because I know her so well, but my paranoia gets in the way of that.

I am a lot more romantic than she is too. I want to sit together if we can and hang out whenever we have the chance. I have to initiate most things, which is okay with me, but if I did not know her I would say she wasn't interested. Again, paranoia taking over for facts.

OKAY

So that covers most of it. I really just want some advice on how to overcome these insecurities I had no idea I'd developed. I want to take care of them before they can possibly hurt my relationship.

",
post,ProRevenge,My physically and emotionally violent sister has just crossed the line tonight...,https://www.reddit.com/r/ProRevenge/comments/1eofi6/my_physically_and_emotionally_violent_sister_has/,2013-05-19 22:28:04 PDT,168,"Background: Me (19 f) and my sister (23) have never gotten along. She has always had it out for me for as long as I can remember... I have two younger siblings (17 f and 15 m) who she tolerates and for the most part gets along with. 
For example, she used to yell at me for going in the car with my mom to pick her up from places when she was in middle school/high school, on vacations with my cousins we all slept in the same bed and she would pinch me to the point of tears and whisper cruel things to me (she was around 15-17), when I was about 12 she threw scissors at me for being on the computer and not getting off when she wanted....I could go on forever but these are a few of the more minor things she's done.

She has no remorse and cares only about herself and things that will benefit her, regardless of who she hurts. She is extremely territorial as well. After doing a bit of growing up I thought we were past this and able to tolerate each other, but tonight proved otherwise.

I got a text from my younger sister telling me that my older sister was yelling and screaming that I had taken things from her room while she was away for the night.. I raced home (knowing what she is capable of in this type of mood) to find her screaming ""YOU KNOW WHAT YOU DID F*** YOU"" etc...  She couldnt tell me exactly what i took from her but she knew *something* was missing... I yelled back a bit and shrugged it off until I walked into my room to find [THIS](http://imgur.com/a/jFKcC#0)  

The clothes are minor, but the puppy holds **a lot** of sentimental value..I picked up one of the legs off of my floor and fell to the floor in tears..I've had him for 11 years and fallen asleep with him in my arms every night. She knew how much this would hurt me. 
                In third grade I went to work with my father for the day. After work he took me over to his friends restaurant in the seaport and we hung out there for a bit. I remember him giving me a little bit of money and his friends girlfriend (now wife) took  me into the south street seaport mall where I picked out the cutest, softest stuffed animal i could find. We went back into the restaurant and started brainstorming names.. We finally decided on Jereca.... a combination of  my name, her name and the waitresses name (who I always thought was the coolest girl) From then on, Jereca pretty much became my best friend in a way... He always provided me with comfort.. So when i walked in to see her do **that** over something that she was imagining killed me... 

I don't know what to do with myself..I'm hurt, angry and sad about this whole situation... Any questions, comments or suggestions would be greatly appreciated..

P.S.The skirt is by the brand Splendid... I bought it last year for a great price at Loehmanns but I can't seem to find it online anywhere...anyone know a place that would have it? 



**UPDATE**

So my parents said they had this long talk with her, she will replace what she damaged and that I need to let it go... This type of behavior from her is not uncommon and has been occurring since I was young. I threatened a police report and got yelled at. I asked for money to install deadbolts on my closet doors and i was told to knock it off. I really don't understand what goes through my parents heads, but my sister is not mentally stable.",
post,relationships,"Me (35F), my mother (70F), and trying to avoid a violent sister (38F) who lives with her.",https://www.reddit.com/r/relationships/comments/1bm8nb/me_35f_my_mother_70f_and_trying_to_avoid_a/,2013-04-03 14:57:04 PDT,1,"I live 3 hours away from the rest of my family; I was planning on taking a day trip to see my mom and other family members soon. I haven't been up there in almost a year.

My mentally ill, violent sister has recently moved in with my mom (that's a whole other mess). I would really, REALLY like to avoid seeing her if at all possible -- our last contact involved her screaming obscenities in my face; she also has a physically abusive history towards myself, her significant others, and other family members.

My mom can't drive at the moment, so I can't really ask her to come to me. I'm afraid that if I drive to her house to pick her up, it would lead to a confrontation with my sister. 

I want to tell my mom all of this, but she has the idiotic habit of telling my mentally ill sister everything (yeah, we're a dysfunctional family), so I'm also afraid of this starting even more family drama and setting my sister off into another violent episode. 

Any ideas on how to handle this?

TL;DR: want to see my non-driving mom, but want to avoid a violent sibling who lives with her.",
post,Music,Slowcoaster - Violent Sister - [4:55],https://www.reddit.com/r/Music/comments/qqc6i/slowcoaster_violent_sister_455/,2012-03-10 07:43:24 PST,5,,http://www.youtube.com/watch?v=TmsNyY8uohQ&amp;feature=autoplay&amp;list=AVGxdCwVVULXfAYcsXqbxUd9sZCtxxpMWS&amp;lf=list_related&amp;playnext=5
post,Music,Slowcoaster- Violent Sister,https://www.reddit.com/r/Music/comments/qihqp/slowcoaster_violent_sister/,2012-03-05 04:41:31 PST,1,,http://www.youtube.com/watch?v=TmsNyY8uohQ
post,AskReddit,"Violent sister, parents need help on where to send her (violent when she doesn't get what she wants)",https://www.reddit.com/r/AskReddit/comments/osfbt/violent_sister_parents_need_help_on_where_to_send/,2012-01-22 20:28:45 PST,0,"My sister is 15 (16 in 3 months) and she is somewhat insane. She has episodes when my other sister does something ""disrespectful"" and she proceeds to tackling her down and pulling her hair. I know this is somewhat normal, but the problem is that nobody can do anything about it, (i cannot hit her, im a guy) and she continues to do it simply because she can.
Yes, when she has violent episodes we have tried calling the police, but she usually plays it off and nothing gets done.
My dad is the only one who can stop her from beating up my other sister, but the problem is that he is gone for extended periods of time because of work. 
All our family and friends know she does this, but everyone pretends its not a problem and turns the other way. 
My parents and i have agreed that if we find a place to fix her problem (simple counseling isnt going to do shit).
Today she chased my youngest to my room. my youngest sister locked the door and hid. Violent sister **BREAKS DOWN MY DOOR** and pulls her hair and screams at her ""YOU NEED TO LEARN RESPECT"" 

ask questions if you want

**TLDR; Sister is violent towards me and my other sister when she doesnt get what she wants or is ""disrepcted""(i cannot hit her back as i am a guy and she would victimize herself) Need help to find a real fix to her problem.**",
post,Music,Slowcoaster - Violent Sister,https://www.reddit.com/r/Music/comments/e8uwo/slowcoaster_violent_sister/,2010-11-19 13:51:20 PST,2,,http://www.youtube.com/watch?v=TmsNyY8uohQ
post,listentothis,"Slowcoaster - Violent Sister [acoustic, chill, indie rock]",https://www.reddit.com/r/listentothis/comments/clpp4/slowcoaster_violent_sister_acoustic_chill_indie/,2010-07-03 13:50:54 PDT,10,,http://www.youtube.com/watch?v=TmsNyY8uohQ
