type,subreddit,title,url,datetime_pst,score,body,media_url
post,offmychest,Physically violent sister,https://www.reddit.com/r/offmychest/comments/1utg6r8/physically_violent_sister/,2026-07-11 03:12:21 PDT,19,"I'm scared, I can't even cry loud right now, my sister used a scissor and cut my legs, just a scrap really but intentional. I hate this house that doesn't feel safe I hate it. It is still bleeding and I'm still crying while typing. Fuck this ",
post,pregnant,Toxic/violent sister in law,https://www.reddit.com/r/pregnant/comments/1uhgvni/toxicviolent_sister_in_law/,2026-06-27 16:10:57 PDT,4,"SUPER Toxic sister in law:

It’s a long story but my sister in law is a toxic/violent person. With a history of violence towards multiple people including me. 

She lived with me for sometimes and it was absolute HELL. I’m still traumatized and because of that I started taking anti-anxiety medications.

I’m pregnant now with my first child and I feel so scared. I don’t want her to see the kid. I’m so anxious that she might be abusive toward me or my child. 

What should I do? Can I file something that stops her from seeing the kid? Should I go no-contact? ",
post,SuicideWatch,Im being blamed for the family dog dying,https://www.reddit.com/r/SuicideWatch/comments/1u0mcwe/im_being_blamed_for_the_family_dog_dying/,2026-06-08 15:05:07 PDT,2,"The family dog is dying he's  very elderly can barely walk or eat anymore, I had actually been away for months to get away from my drug addict violent sister (she has punched me multiple times and mentally torments me) who lives with my mom and the dog, so I actuslly havent been around him much lately, He's in horrible shape and my mom and I know its time for him to go, I'm crying just thinking about it. Im so upset that I didnt get to spend time with him but now I'm at the house seeing him. I cant handle losing my dog I can't cope with this. I love dogs mote than anything he is my friend and has treated me with more kindness than humans ever have

Well now the violent drug addict is blsming me, she is blaming me for the idea of euthanizing him, she is calling me a ""dog killer"" because she thinks its my idea, even though my mom agrees, she barely spends time with the dog, never even pets him, never gave him baths or anything, the dogs don't even like her. She is telling other people I want the dog to die. I can't live with this being told its my fault I just can't. After being tormented and bullied and beaten by her multiple times this is the final straw I want to die. Please I just want to die. I want to die. I can't live anymore

I hope my dog knows I love him Im sorry",
post,Morocco,Help with violent sister,https://www.reddit.com/r/Morocco/comments/1tcrvoo/help_with_violent_sister/,2026-05-14 01:27:39 PDT,6,"Hi, I’ll make it short, there are 6 of us in the family and the youngest, my 15 yo sister, has been making life impossible for everyone, for years, and the more she grows up the worse it seems to go, to the point that she is ruining the whole family and the relationship between my parents (soon to divorce), she doesn’t want to study, she doesn’t do anything, she complains about everything all the time and at least once or twice a month she uses some excuse to create a disaster, she starts screaming, insulting everyone, even my parents, with bad words and serious offenses, until they lose patience and They yell or beat her, but she exaggerates even more starting to scream very loudly even before they get to her, my parents have tried them all both with the good and the bad, nothing seems to work, at this point I think she has some mental problems but I don’t even know what, she behaves very differently from me and the other two siblings, yesterday she even raised her hands to my mother saying “I hate you” “you suck” if my sister and I hadn’t gotten in the way, my mom would have killed her. The situation is unsustainable, my mom blames my dad for everything but it’s not his fault that a daughter came out like that, what can he do about it? Anyone who’s had a situation like this can tell me how they did it? Is there any association to turn to? Thank you all",
post,narcissisticparents,Recent events,https://www.reddit.com/r/narcissisticparents/comments/1s1wdqq/recent_events/,2026-03-23 15:51:27 PDT,3,"I've mentioned in the past that my mother is narcissistic and forces people to do things. She forced my sister's to get matching tattoos with her, and when my brother and I refused, she took pictures off our social media and got our tattoos tattooed onto her.

Something I've picked up more recently is her manipulation tactics.

A few weeks ago, my mother told me brother (that has a cleaning problem (something similar to OCD) that she was going to put something urine covered in the dish washer, knowing it would freak him out and then he'd clean it, as she wanted it cleaned but didn't want to do it herself.

She even laughed about it and told her friend that she knows how to manipulate her children into doing what she wanted.

She's also recently said my father's not allowed a funeral when he dies, unless my siblings and I all agree to ""control"" my drug addict, violent sister.

Honestly the sooner I move away from my family and all their drama, the happier I'll be",
post,TrueOffMyChest,I am an affair child and I am lost,https://www.reddit.com/r/TrueOffMyChest/comments/1owjldl/i_am_an_affair_child_and_i_am_lost/,2025-11-13 17:45:22 PST,2,"F(20) and from the Philippines, My father is a military man who's married and met my biological mother who's unmarried, they had an affair and produced me. When I was a child my father told me that I want not taken care of in my biological mother's side so he took me when I was 3 years old and brought me to his family home in Manila. I knew nothing about life but from there, life taught me many lessons. As I live with my 5 half siblings, life have become miserable. I knew that I was an illegitimate child, 'sampid', 'makapal mukha' at a very early age and I was always quiet at home because I am scared with the 2 half sisters I have who's become very violent to me without my father's knowledge during that time. My step mom on the other hand, loved me as someone who's a real daughter who came from her and I was always thankful for that and I wished I have became her biological daughter.

Growing up, I was quite, afraid of good attention from the house that could trigger my half sisters and be jealous and do something to me, up until highschool my other sister was violent and so I believe made me a liar until today, I protected myself from lying because I have always been misunderstood and instead of acceptance I always received severe judgment from them. It was continuous, and when my violent sister left the Philippines, she tortured me mentally with messages everyday. My sisters were always mad at me for a small matter like unfinished choir and would often hurt me like pulling my hair, slapping me and else, and tells me things regarding my place in the house, but I did not say anything and did not talked back because I have always been scared of them.

My third sister was good to me back then, but she became my other 2 sisters when I turned college, she was way worser and she would always hurt me physically for small things, she even took the side of my other sister whom she hated in the past because of hurting me, but now she would help her abuse me mentally. She will always have me take care of her babies when she is going to do something and I felt like it have became my responsibility because I cannot refuse her order to take care of her children because she will be very mad. 

I was an achiever, a model student and I was very active in school which is very different from what I behave in the house. During my second year college, my sister who's been always asking me to take care of her child always wants to know private matters that I handle and she wants to take control, not guiding me but rather judging me, and so there are things we can't explain to them tell them because they are Philippine sisters, a conservative one. 

My house was far from my university, it would get me 1-2 hours to get home. But if I can, i always go home early like with a span of 1 and a half hour, if I go home 15 minutes and beyond she'll take my phone, read my messages, look at all the things I have in phone because she wants to use it against me to tell my dad but my father and I are close but I do not tell him the things that I have always been experiencing .

Because if the worsened treatment, it affected my studies, and I don't know I felt lost in life and cannot take it anymore, so I told my dad about this and he got mad to my sister's and then my sister told my father a secret I didn't know they knew, I was so scared but my father chosed to understand me. My father threatened them to not mind my business and now my father's not home yet still they do and I feel like they still want control.

I already told my dad I want to leave the house but he does not want me to, but I want to because I know how I can sustain my living but I respect my father and mother so much, should I just leave the house because I don't think I handle another year before I graduate in college to be around them. Should I leave and not listen to my father?

You see, I hated my entire life, I hated that I was born out of an affair, until today I cannot live the life I wanted. ",
post,HazbinHotel,Helluva Boss cast shares songs they would sing for “karaoke night in hell”,https://www.reddit.com/r/HazbinHotel/comments/1oqfhda/helluva_boss_cast_shares_songs_they_would_sing/,2025-11-06 16:08:46 PST,3,"Sallie May, Millie's cheerful and violent sister, would sing The Giver by Chappel Roan, voice actress Morgana Ignis says.

""You know why,"" she says.",https://www.thepopverse.com/tv-helluva-boss-karaoke-night-in-hell-fan-expo-chicago-2025/
post,FirstTimeHomeBuyer,MEDICARE and an Inheritance,https://www.reddit.com/r/FirstTimeHomeBuyer/comments/1ooehz8/medicare_and_an_inheritance/,2025-11-04 10:07:39 PST,0,"I'm totally green to home buying.  My income is currently a little over $1200 monthly. I'm  66. Have an inherited car, which I  plan to pay off, one debt due to a bank error under $2,000.

My issue is Medicare.  They already know and have warned me other than a primary home and primary car, I will permanently lose my Medicare unless I spend it

I have CalPers that I  can't withdraw because it will put me over. As well as a tiny 401k and a tinier amount from a bankrupt company.

CalPers actually suggested I donate my retirement back into their general fund!?!?

All my family is gone in the space of 11 months. Except one vindictive violent sister who has vowed to ruin me. She's about 2 years younger and wants my meager assets by institutionalizing me. She can lie convincingly with a sincere straight or tearful face. And I'm leaving a domestic violence situation where I  am being thrown under the bus as abusive and mentally ill on the grounds I made fun of his heart medicine side effects. They literally make him dopey and vulnerable  

But I  wasn't making fun. I  was suggesting he take them at bedtime or when he knows he's  not going anywhere. 

I seem to come from a family of narcs, and my boyfriend, too. I take abuse long after anyone else would have cut ties. 

So, I  MUST be wise with this one time windfall from my brother. He would want me in a paid off car, and paid for home. It's  just me and my dog.

I have to have bought a home by December.  I want to have endless summer and am considering AZ and go on vacation July ish-September but I  can only own one home



",
post,CharlotteDobreYouTube,"AITA for cutting off my ""perfect"" sister?",https://www.reddit.com/r/CharlotteDobreYouTube/comments/1nx8os7/aita_for_cutting_off_my_perfect_sister/,2025-10-03 12:27:58 PDT,4,"Hello Pretty Potatoes.
I'm having some serious issues and I've been in my head about this for months. I need to get some outside perspective on the situation.
Note!! - Sorry for any mistakes! I'm on my mobile and I have a 6m old lil boy so this is going to take a while to type out. 
Buckle up! It's long! 

Me (28f) and my sister Brenda(25f) don't get along. I am the oldest of 4 siblings and she's the 2nd middle child. 

Now, full disclosure, when we were growing up I was a HELL of a child. I've had an adult autism diagnosis, as well as BPD and Generalized Anxiety Disorder for the last 3 years, but we grew up in a messed up family. My step mum and dad got married and raised my brother and I. For all intents and purposes, she's my mother. But she had something going on in her brain for years that went undiagnosed and untreated. Basically, she was crazy. Like actual psychosis. 

She has now been through proper treatment and is a completely different person that she was before. But growing up with that was hard for everyone. Namely, us kids. She was abusive verbally and physically to all of us. 

I got my period at 12 and it was BAAAD. My mum took me to get birth control, but it didn't help like it was supposed to. Instead, I was 12 and 13, dealing with major mood swings, violent anger, and pure hatred. Then, I was given an IUD birth control at 14 which also didn't work to emd the pain and heaviness, and also caused the same unstable mood swings. As a result, I would regularly lash out at my younger siblings. Brenda and our other 2 siblings remember a very abusive and violent sister. 

After I turned 18, I left home. I almost immediately got into hard drugs and my life continued even further down. (This is all important later! I promise!)

Fast forward to 2021 and I found sobriety. I found therapy. I found a better purpose for myself and my life. I had long talks with all of my old friends and my family to clear the air and I took accountability and responsibility for everything I had done. In my mind, even if it wasn't my fault, I still did those things to them and they deserve that apology and genuine sincerity from me. I even met my actual soul mate and I had my rainbow miracle baby boy in March, 2025.

The only one who still has an issue with me is Brenda. Brenda firmly believes that I am a danger to children because of what she went through with me. Which I get and feel awful for, but her beliefs about me specifically have gotten worse.
Its too much to really get in to, so I'll list them.

1. She believes if someone has done hard drugs they don't deserve children. And has told me this to my face in front of my fiancée.


2. When I got pregnant after being told I couldn't, I knew she would probably freak out, as she also wants kids but has been told she can't. To soften the emotional blow and to make sure she didn't get caught by a surprise Facebook post about my pregnancy, I had our mum call her. Brenda called our brother crying and went on and on for an hour about how unfair it was.


3. She firmly believes its only a matter of time till I relapse and my parents ""get to raise her kid"". Again.. to my face.


4. She told MULTIPLE people we both know QUOTE ""Its better if she just loses that baby"" when I was pregnant.


5. If SHE is telling me what I'd done to her as a kid it was her ""getting out the trauma"" but when I brought up things she had done to me, she cut me off and said ""You're just venting and making me the problem"" 


6. She's been in therapy with the same therapist for 12 years and her therapist is affirming this behavior as ""self expression"" so Brenda sees nothing wrong with it.


7. She has diagnosed me as a ""narcissistic personality"" and she said she firmly believes i don't know how to feel empathy. She said Ive always abused people and used people. That I'm manipulative and ""I need help"" 


8.) She thinks she is the main character always and needs to keep a perfect image always and she will just leave situations where her wrongdoings are brought up.

And so. Much. More. 

After so many times of trying to build that bridge with her, only to be met with negativity, I got tired. She also does things like this to our other siblings, but much worse with me. But she NEVER says anything or does anything in front of our parents or mutual acquaintances. She's always perfect.

My breaking point?

Her best friend (we'll call her Aubrey) has 2 babies. Brenda is their Godmother/Aunt. Since she cant have babies, she sees those babies as her own, which is fair. Tragically, the younger child had something happen and passed away. 
My fiancée runs a side card business and worked a whole day and donated all his profits that do to the family's GoFundMe. It was a shock for all of the family, because we'd known this girl for over 10 years. 

A few weeks after, Brenda held a yard sale to help the family sell the belongings of the baby. 
My dad (my parents stay out of sibling beefs since we're all over 18 now) called me and asked me to go buy something and show up for my sister. And I WANTED TO. I wanted to be there. My baby is only 2 weeks younger than hers. I wanted to bake some bread and come and support a fellow mother.

I'm happy I checked with a mutual friend, and had her covertly mention me showing up, because I didn't want to walk into the same negative and hateful situation as always. 
When the friend got back with me, she said
said ""honestly, she would take that as you basically saying ""look! MY baby is still alive."" 
And advised me to just stay home. 

So I did. And I realized that I was constantly trying to repair a relationship that she didn't care about. My siblings are tired of her shit, but they believe that family is family and blah blah blah but I started seeing it differently. 

What if she keeps making me feel like I'm a worthless mother because I'm a recovered addict? What if she ends up telling him things when I'm not in the room? What if this dynamic teaches my boy that this kind of behavior is acceptable because no one says anything? Will he notice how I get her and her husband gifts for Christmas every year while they pass out ones to everyone but me? Will he think he also should treat people that way? 

I decided it was best to just block Brenda, her husband, and her bestie on everything and delete their numbers. My fiancee is firmly on my side and absolutely hates anyone that makes me cry that much so he could care less. 
My siblings understand my pov, but from time to time, they bring up maybe trying to reach out to her again.
My parents do the same. Everyone wants me to reach out to her. 

Now don't get me wrong, I'm a woman and I'm also the oldest sister. Brenda can call me any day and say she needs me and I'll be there. Blocked or not. I will always be there. But I've set a firm boundary that if she wants to reconcile, she should start the conversation. 
Brenda says this is ""emotional manipulation"" on my part and I'm childish for giving her the ""silent treatment"" and believes i should be the one to come to her. 

I'm perfectly fine waiting my whole life for that moment, but everyone in our family telling me to reconcile with her sometimes eats at me, because I'm the oldest and it was ingrained into my brain that I always be there for my younger siblings no matter what. 

Sorry that this is all over the place. I only every bring this up in therapy and even she said that getting some truly impartial opinions could help me. 

So. AITA for cutting off my ""perfect"" sister? 
I am ready to accept my judgment.

Also Charlotte if you see this, I have been following you since the beginning of your YouTube journey!! You've been in the background of my life through my divorce, drunken nights, and my pregnancy. I've loved watching you grow into the petty queen every woman deserves to be. Congratulations on your marriage!! 
Love youuu!!!! ",
post,BPDlovedones,Feeling crushed. Mixed signals and a her secretly seeing a guy.,https://www.reddit.com/r/BPDlovedones/comments/1np1ukz/feeling_crushed_mixed_signals_and_a_her_secretly/,2025-09-23 20:29:32 PDT,3,"Hi all,

I’m struggling to process a breakup after being with someone for five years who has BPD. We broke up seven weeks ago. But we’ve been talking, and she keeps giving me mixed signals. She says both ""we will never be together again"" and ""you need to do x y and z then we could maybe be together again"". She admits part of her screams to be with me (my words, but she agreed), she did something very overtly sexually enticing in front of me just two weeks ago, and she tells me what she wants from me and is always asking about my progress on that. So mixed signals everywhere.

On Sunday, after spending the evening together at a festival, I asked about getting back together again and got all the same signals. No, never, maybe, unless, perhaps, never, no, maybe, etc. I complained about the mixed signals and said I wanted her to be more firm with what she felt.

Later that night after 11pm she calls me and is panicked. Her sister attacked her and chased her across the house. I believe it, that is exactly in line with what her sister is capable of (and what led to our breakup, I wasn't willing to live with her psychotic sister).

This is perhaps the heaviest thing I have ever had to support her through. I continued to support her even aftet the breakup in whatever way I can because of her latent suicidality. I listened to her wail and scream in her car, made sure she was safe (pulled over) and had what she needed, and when she started to worry about where she was going to go that night, I offered my place and also suggested the house of some close friends. She insinuated I only was offering my bed to have sex with her. Then said she was going to go back home. 

I found out today from her sister that she spent the last few nights including that night at the house of a guy she went on one date with last week.

This is a guy that she has met once, not the person who she called for help or who has been her emotional anchor for five years. Some guy.

I got upset at her for this and she told me she ""doesn't owe me anything!!!!!"" when I confronted her and demanded we spoke.

I told her she should have told me she was safe and not living with her violent sister during this time, and that I feel betrayed that she is simultaneously so close to a guy that she went to him after using me for emotional support, and did not tell me that when I asked again about getting back together after the festival.

Her excuse is that she didn't really want to rush things with him but needed a place to stay. Again, my place and our mutual friends places were options.

I feel betrayed and humiliated. This is seven weeks after our breakup but just two weeks after I asked to get back together and these mixed signals started. It was also there day that she did the overtly sexual thing I mentioned above, while cuddling me in bed. After saying we weren't getting back together, unless, maybe, possibly. Just two weeks ago. 

How do you deal with someone you still care about who might also still have attachment to you, without letting the hurt take over? How do you accept their choices and still protect your own heart?

Thanks for any advice or shared experiences.",
post,legaladvice,Advice for successfully acquiring a protective order against a family member,https://www.reddit.com/r/legaladvice/comments/1mh98zr/advice_for_successfully_acquiring_a_protective/,2025-08-04 02:57:03 PDT,1,"Location: Washington state, US, Skagit county


Hello, this is actually for my gf trying to get a restraining order against her violent sister. 


Back in November my gf Hannah (fake name) and her sister Jessica (also fake) got into an argument that was started by Jessica involving laundry. This took place within Hannahs house that she co-owns with their father. Basically Jessica was mad that Hannah did not do Jessicas laundry for her but the overall details of the argument are fairly irrelevant.As the argument progressed, Jessica's 5 year old son emerged from the bedroom at the sounds of the arguing. Hannah immediately stopped arguing and ushered towards the son that he should go back to bed. Jessica, who has an anger problem, yelled at Hannah not to talk to her son, grabbed Hannahs arm, dug her fingers in hard enough to leave bruises, and violently yanked Hannah backwards causing her neck to be visibly snapped sideways. This was the moment of first physical contact. As this happened Jessica did not let go of Hannah's shirt. While attempting to pull away, Hannah struck Jessica on the back in an attempt to get her to let go. This sent Jessica into a rage who then threw many punches at Hannah and throwing her to the ground by the hair continuing to punch her repeatedly. Hannah only acted defensively during this whole moment. 


All of this was captured on video. Cameras had been set up inside the house after Jessica had violently attacked Hannah once before as well as their mother and then denied the attacks occurred at all. This fight only ended because another family member came down and ripped Jessica off of Hannah.


Sadly Hannah made an attempt to protect herself and called the police. The police watched this video and cited that first punch was grounds to label Hannah as the primary aggressor. They said I'm the bodycam footage that in the state of Washington whoever throws the first punch is automatically the primary aggressor. I am no lawyer but as far as I can tell this law does not exist. Hannah was arrested and charged with DV misdemeanor assault in the 4th degree. Nothing happened to Jessica. A protection order was put in place against Hannah essentially banning her from her own home. 


Many difficult and expensive months later, the case was dropped the moment the prosecutor saw the video. She relayed to Hannah's lawyer that they clearly arrested the wrong person. We have all the video evidence and many images that I took of Hannah the next day showing the extensive injuries that Hannah sustained. This includes bruises on her arms and body, about 5 majors scratches that drew blood, and a swollen face next to her eye. Once the case has been dropped and the original protection order had been dropped as well Jessica moved out of the house but still frequently brings her son over for babysitting as their parents also live there. 


Simply put, Hannah wishes to return to her own home without fear of Jessica entering the home and assaulting for a third time. The first was equally brutal but didn't involve police so I'm skipping it for now but it has a lot of relevance in showing the mental state of Jessica. I can answer further questions if needed. Hannah is currently seeking to file a protection order against Jessica. After many months of therapy and attempts to fix the problems through the parents, our only true option is to make it so Jessica legally can not get near Hannah. 


Here is where our debate begins though as we are unsure of what evidence and testimony is going to be most helpful in achieving this goal. The video clearly shows Jessica's tendencies towards violence and how far she's willing to take it but we're worried that she could also argue that the results of that day might invalidate this evidence as it ended in Hannah's arrest. We believe Jessica would attempt to use that fact against Hannah during the proceedings. Hannah will have my testimony and the testimony of two other family members that discuss just how awful and dangerous Jessica is and has been in the past. Jessica has also on two occasions showed up at Hannah's work after this incident. She didn't say anything to her but definitely made her presence known. Since then she has also been using her son as tool to threaten Hannah. She informed her parents that if her son is at that house and Hannah shows up she will file her own restraining order. We know there is no grounds for this actually happening (Hannah can be inside her own home) but these threats keep happening anyway.


So does anyone here have any advice moving forward on exactly what we should do and say to make sure this happens successfully? Hannah has been living in fear long enough.


TLDR: gf was attacked by her sister, got arrested, charges dropped, but now wants restraining order to feel safe in her own home.",
post,cancer,How do you deal with nosey questions about your health from people who have no right to ask you these questions?,https://www.reddit.com/r/cancer/comments/1lxoppo/how_do_you_deal_with_nosey_questions_about_your/,2025-07-11 18:55:34 PDT,25," 

^(I grew up in a house of horrors. I stopped talking to my violent sister years ago and refuse to have my kids around my incestuous pedophile father. As a result, my sister and brother have turned my extended family members against me.)

I will attend an event soon that many aunts, uncles and cousins will also attend. These people have no respect for boundaries and they will surely ask me about my cancer treatment when I am at this event. So will my ugly siblings. These monsters never feel the need to call me or even send me a lazy text since I was diagnosed with Stage 4 Cancer, but they do feel entitled to know about the juicy info. about my health.

  
Any tips on how to tell these people to ""Fuck Off"" and ""Back Off"" without using those incendiary words? The event will be a funeral so I don't want to cause scenes. (Otherwise, I would tell them to Mind Their Own Fucking Business.)",
post,SiblingStories,Why is my sister so violent?,https://www.reddit.com/r/SiblingStories/comments/1kpfvvd/why_is_my_sister_so_violent/,2025-05-18 02:19:37 PDT,1,"Bro my sister is way younger then me, already going through puberty and acts like a child.
She always has violent outbursts which leave me shaken.
She always hits me and scratches me like a child and I can't do anything about it because my mum doesn't help.
How do I stop a violent sister?",
post,Vent,A bit of a collection of vents,https://www.reddit.com/r/Vent/comments/1jfykks/a_bit_of_a_collection_of_vents/,2025-03-20 13:21:31 PDT,1,"(Literally think of most TW's b4 reading)  
  
Today:

My mom said making sure I do my work is ""dealing with me"", my sister is abusive as ever, my dad couldn't be less present emotionally, and I'm just tired of being near them, I don't have the energy to deal with two child-like adults and a 17 y/o with the temper and and patience of a toddler who resorts to hitting others when they're angry A month since my friend died and I never got tome to process it, first because MUN was the day after the news, and then my grades were more important than that... I couldn't even visit her for her birthday on sunday Because ""there's no point in visiting a dead person"" I can't express how angry it makes me when my sister says ""well, I can't help you with that, you should talk to the school counselor or something"" I couldn't help you when I was nine and you told me you wanted to kys but I guess that doesn't count, and the counselor would either tell my parents or do smth that causes a lot of trouble for my parents,,, I guess my sister's only abilities are berating me or threatening my life, I love when my heart races and tears almost start forming in my eyes from the mention of ""contacting my parents so I get work done"" can't forget the immediate knot in my throat and the sudden need to never speak again

Yesterday: 

I js realized one month has passed since my friend died, she would've turned 16 on sunday but my parents didn't let us go see her  
  
My mom hates me... I can feel it. She says how making sure I do my homework is ""dealing with me."" My dad was basically never here, working all day and bow never emotionally present. Oh, and my sister... my amazing, abusive, violent sister... I wish I would've ignored this all, and then I wouldn't have wondered about death since I was 6... my friend died exactly a month ago, and I can't help but think it should've been me.  
  
I was highkey supposed to be gone by febraury first, didn't do it, a bit over two weeks later my friend did, nobody gave a fuck after a day or two, and now I'm back to ""normal life"" after I had no time to process it all. I have to suppress everything, and I've forgotten so much because of that. I can't forget when my sister taught me what NSFW was. I can't forget all the times she choked me, how I thought she was going to end me. How she said she would've if she wanted to. I can't help that I think she hates me, and yet she acts like she doesn't know why. I feel like every time I vent to someone, they end up completely misinterpreting what I say, idk if it's my fault. I haven't harmed myself in over 5 months, but I still feel it. It gave me relief. Her EDs stuck with me, I can't see my body normally. Her suicidal ideation and attempts stuck with me. Her self-harm stuck with me. I'm just like her, and I'll never escape that. Everyone thinks I'm making it up, probably. She's ""too nice."" The funny thing is that sometimes she fools me. Sometimes, all the memories I've lost because of her and my parents fade just enough for me to ignore those years of a memory void. The brainfog, I forget everything so soon, and I know I'm suppressing this, too. I'm suppressing my life as it happens. All I want is for someone to try and understand instead of telling me I'm thinking too much. I just want to forget when this started, how early I lost my innocence. I just want it to stop.

(there's more but I haven't found it) Also, please do not say stuff like ""you're thinking too much"" because it genuinely doesn't help at all & I only wanted to let all my emotions out, not really to get advice or something so yeah

||
||
||ReplyForwardAdd reaction|",
post,CPTSD_NSCommunity,Getting better at boundaries and getting back to my old personality by reconnecting with my anger,https://www.reddit.com/r/CPTSD_NSCommunity/comments/1jezpcg/getting_better_at_boundaries_and_getting_back_to/,2025-03-19 08:30:42 PDT,23,"there's been a lot of growth for me lately and I'm trying to be kinder to myself and celebrate evry step.  I've spent about 4 or 5 months working on learning to feel angry again and to acknowledge it.  I would know proudly describe myself as an angry person B) I get mad everyday and the anger is my bullshit detector for life.

  
I was out last night doing some volunteer work (for socializing) when someone asked me a bit about my current plans.  I'm presently working on my GED and generally recovering from unschooling.  Anyway, this became a bit uncomfortable after someone asked why I didn't get my highschool diploma as an 18 yo and why I don't live with my parents (my parents were extremely mentally ill and, between each of their own attempts, had tried killing me 3 times).  I was already not feeling quite right with this person as they were being generally condescending to me and even said something backhanded about my first name, but I also wasn't someone who wasn't going to NOT grieve and honor my younger self's struggles either.  So I simply stated, with some sarcasm, ""you sure?  it's pretty sad, you know.""  And stopped there.

Ofc, this person kept pushing, accused me of not being honest with them (as if they're even entitled to my personal information.  wtf?) and then started guessing and would ask me if they guessed correctly.  I'd say no, and then they'd keep pushing.  They finally did ask that I didn't seem to be budging and that maybe, just MAYBE, they were prying.  And I let them have it.

""I'm not answering your questions because it's creepy and RUDE.""

They didn't answer or apologize, of course.  Eventually they tried to ""comfort"" me by oversharing some traumatic details, as if trying to say they totally understand me.  After that I just stopped responding.  I'm actually proud of myself for this.  Not only am I learning about ACTUAL boundaries, but I'm learning what MY boundaries are, what I am personally comfortable sharing.  Even just the fact that I didn't want to traumabond and actually felt OFFENDED by them trying to push for such a thing makes me proud, as it means I'm slowly moving on from the past.  Cuz I KNOW for a fact that I definitely just wanted human intimacy over like, normal topics.  I was entirely okay with appearing as a complete asshole, lol, I ddn't even judge myself, I knew I was in the right, and I wasn't worried about hurting his feelings or anything and whatever I did think of him was just ""this says more about his own failings than mine.""  I absolutely put myself first that night and everytime I wasn't sure what to say, I just asked myself what I wanted/needed.  It was also beautiful being able to trust myself enough to reflect that night on who was clearly a safer person or potential friend and who wasn't.  Trusting MY own judgement!

Lately I think I HAVE been angry more lately, expressing it in healthier and more honest ways.  A thought I've been deconstructing over the past 2-3 days is the idea that I'm naturally a submissive doormat because that's something my mom told me a lot (that's the kind of child she wanted).  Suddenly my body has been processing angry emotions and memories I thought I had long gotten over or at least over enough.  Memories where, in retrosepct, the traumatic stuff happened ONLY because I was the one person in the family willing to stand up for what I thought and go toe to toe with EVERY member of the household for what I thought, even if that risked physical violence towards me or general child endagerment (like the time I was pressured to attend a party where my cousin was letitng his extremely aggressive dog around despite constantly showing signs of sizing me up for a bite).  Or the times I was willing to physically fight my 17 yo sadistic, pedophilic, violent sister with my bare hands whenever she tried to suffocate me for fun.  As a 6 yo.  Those are not the traits of a doormat, especially when I didn't have anyone to model it for me and people were ecnouraging me to GIVE UP AND GIVE IN instead.",
post,familydrama,Violent sister-in-law,https://www.reddit.com/r/familydrama/comments/1iu5v1p/violent_sisterinlaw/,2025-02-20 10:42:19 PST,1,,https://www.reddit.com/r/helpme/comments/1iu3559/violent_sisterinlaw/
post,helpme,Violent sister-in-law,https://www.reddit.com/r/helpme/comments/1iu3559/violent_sisterinlaw/,2025-02-20 08:53:48 PST,2,"I’ve been going through something really unexpected lately. I used to live with my fiancé at his family home, rent-free, but things took a turn when his sister, who's 34, started acting erratically. It felt like her behavior was directed at me, and over the months, she became increasingly aggressive, screaming, yelling, and even threatening to hit others. She called 911 multiple times, thinking she was having a stroke, and claimed she had a heart attack in front of everyone, but we were all so on edge around her that I feel like we would’ve noticed if something was seriously wrong.

I told my fiancé that I felt like she wanted to hurt me, and while everyone tried to reassure me that she was just being dramatic, it didn’t help. The night before the incident, I made dinner for the family, and she accused me of poisoning them, which was really unsettling. 

The next morning, I was just talking with my mother-in-law about my pregnancy when suddenly, his sister came running up and punched me out of nowhere. I hadn’t even said anything to her! She was screaming about suing us and how much she hated us. I panicked and pushed her away with my foot to get her off me, and while she was on the ground, she kept screaming that she wanted to kill me and my unborn child. 

I really miss my fiancé and want to see him, but his mother is... well, it’s complicated. It’s just a lot to deal with right now. I want to help find a way to get her out of the house because she’s making everyone who lives there miserable. What do I do?? 
",
post,VerseVibe,The Vulture & the Body,https://www.reddit.com/r/VerseVibe/comments/1hpbm00/the_vulture_the_body/,2024-12-29 17:31:56 PST,1,"By Ada Limón

On my way to the fertility clinic,
         I pass five dead animals.

First a raccoon with all four paws to the sky
    like he’s going to catch whatever bullshit load
falls on him next.

Then, a grown coyote, his golden furred body soft against the white
    cement lip of the traffic barrier. Trickster no longer,
an eye closed to what’s coming.

Close to the water tower that says “Florence, Y’all,” which means
I’m near Cincinnati, but still in the bluegrass state,
    and close to my exit, I see

three dead deer, all staggered but together, and I realize as I speed
past in my death machine that they are a family. I say something

to myself that’s between a prayer and a curse—how dare we live
      on this earth.

I want to tell my doctor about how we all hold a duality
  in our minds: futures entirely different, footloose or forged.

I want to tell him how lately, it’s enough to be reminded that my
body is not just my body, but that I’m made of old stars and so’s he,
     and that last Tuesday,

I sat alone in the car by the post office and just was
     for a whole hour, no one knowing how to find me, until
I got out, the sound of the car door shutting like a gun,

and mailed letters, all of them saying, Thank you.

But in the clinic, the sonogram wand showing my follicles, he asks
if I have any questions, and says, Things are getting exciting.

I want to say, But what about all the dead animals?

But he goes quicksilver, and I’m left to pull my panties up like a big girl.

Some days there is a violent sister inside of me, and a red ladder
     that wants to go elsewhere.

I drive home on the other side of the road, going south now.
The white coat has said I’m ready, and I watch as a vulture
       crosses over me, heading toward

the carcasses I haven’t properly mourned or even forgiven.
    What if, instead of carrying

 a child, I am supposed to carry grief?

The great black scavenger flies parallel now, each of us speeding,
intently and driven, toward what we’ve been taught to do with death.",https://www.poetryfoundation.org/poems/1618846/the-vulture-the-body
post,Warhammer40k,sketched up a very violent sister...,https://www.reddit.com/r/Warhammer40k/comments/1h5q4wq/sketched_up_a_very_violent_sister/,2024-12-03 07:34:18 PST,66,,https://i.redd.it/79obl89hkn4e1.png
post,AmItheCloaca,AITC for trying to put Mahm into a Hallmark movie?,https://www.reddit.com/r/AmItheCloaca/comments/18zpnaj/aitc_for_trying_to_put_mahm_into_a_hallmark_movie/,2024-01-05 18:58:34 PST,117,"Several weeks ago, mahm and grandmahm brought in the Tree of Wonder, the annual sacrifice to the cold times that they bring us to please us and entertain us because it's so dark we can't see the peasants outside. After putting up the tree, mahm went about putting up the supplemental sacrifices.

While she was hanging the one on the door I (10m, cat) just sort of... decided not to be there.

See, the problem with living with Mahm and Violent Sister is that they aren't dudes. I love dudes. I need to find a bro. So I slipped out when she wasn't looking and wandered around the hallway in our 'high rise' for a while before a very nice New Bro brought me into his house.

After hanging out with him for about six hours, Mahm must have figured out I wasn't just having some me time and figured out where I was and came to get me.

Apparently part of the cold times sacrifice tradition for mahms to go to their home towns to make dude friends with the help of their children, but all mahm did was call me a little shit and take me away from my new friend! AITC? Did I do it wrong?",
post,CPTSD,Need someone to talk to. please.,https://www.reddit.com/r/CPTSD/comments/15jtpsj/need_someone_to_talk_to_please/,2023-08-06 09:24:27 PDT,23,"i still live with my abusive family. Im an adult that doesn’t earn enough to move out.

i got into a fight with my violent sister, who has a history of harming people around her. shes way bigger than me and i certainly don’t have the strength to fight back. i was about to get hurt so i grabbed the nearest scissors and told her to back off. my father then grabs my arm and tells me to go kill her. he then grabs my arm harder and basically almost plunges the scissors into my sister. 

im so shaken. i just wanted to fucking defend myself from her, i don’t want to kill her. the fact that my dad fucking didn’t break up the fight and encouraged me to kill her makes me feel even worse. after that he proceeded to blame me and told me i was crazy for trying to kill her. 
i feel like shit. i don’t know who to talk to. i feel like a horrible person, i cant stop crying it’s been 3 hours since it happened.",
post,DysfunctionalFamily,What do you do when they die?,https://www.reddit.com/r/DysfunctionalFamily/comments/11fiai4/what_do_you_do_when_they_die/,2023-03-01 13:13:59 PST,12,"I know how I feel, and what I want to do, but I wanted to hear what other people do?

I have a dysfunctional family. Alcoholic dad who walked out many times, crazy bipolar controlling narcissistic mom, complete bipolar violent sister who has been arrested 5 times for DV/assault….I’m not sure how I came from this family, but I rose above, and have a beautiful life with my husband and our 3 kids. 

I’ve had no contact with my mom for 6 years, sister and dad for 5 years. They are batshit crazy. I’ve tried and tried and tried. Last contact I had with my dad, he screamed at me at my rehearsal dinner because he didn’t like the food, then he insisted on being in the wedding but was an hour late, then stole an entire sheet pan of catered food and left without saying goodbye. He’s been DEEP in the alcoholism for as long as I can remember. I’ve tried to reach out, but he has shut everyone out. I will say my life has NEVER been as happy, calm, and peaceful as it’s been the last 5 years.

Wellllllll I just got a text out of nowhere from my sister that my dad is dying. She said I better hurry and see him, and she asked if I want to be part of the funeral arrangements.

I don’t want ANY part of this, I’m good. He hasn’t given 2 shits about me since before high school. He has never met one of his grandchildren. I have no desire to say “goodbye”, I said that a long time ago. And I CERTAINLY don’t want to spend any money on him.

What would you guys do, how would you feel?",
post,BestofRedditorUpdates,My parents have refused for years to do anything about my sister and now she has broken my nose. I am sick of this shit,https://www.reddit.com/r/BestofRedditorUpdates/comments/tz7wxk/my_parents_have_refused_for_years_to_do_anything/,2022-04-08 09:51:36 PDT,4469,"***I am NOT OP, this is a repost. Original post:*** [My parents have refused for years to do anything about my sister and now she has broken my nose. I am sick of this shit (Florida)](https://www.reddit.com/r/legaladvice/comments/9haszo/my_parents_have_refused_for_years_to_do_anything/) to r/legaladvice by u/Ifuckinghatemysister

Trigger Warning: >!Child abuse, (potential) Sexual Assault, Drug Overdose!<

Mood Spoiler - >!Bittersweet!<
***
*Original: posted to r/legaladvice by u/Ifuckinghatemysister on 20 Sep 2018*

##[My parents have refused for years to do anything about my sister and now she has broken my nose. I am sick of this shit (Florida)](https://www.reddit.com/r/legaladvice/comments/9haszo/my_parents_have_refused_for_years_to_do_anything/)

For clarity we're both minors. I'm 16 and my demonic sister is 15. She has never been right since we were little kids. Always violent. She bashed me in the head with a metal pipe when I was 5 because I wouldn't let her ride my bike. All of my life I've been putting up with this shit and I have had enough.

She hits me, breaks my things, literally stabbed me last year, stole the keys to my car and banged it up twice this year. My parents wont do anything about it. She's already in alternative school for stalking another girl in her class. I really don't know what is wrong with her. She's not slow or anything like that before she got kicked out of regular school she was in the gifted program. My parents think she's like this misunderstood genius or whatever. They refuse to involve cops because it's a ""family issue"". Which brings us to today. My parents force me to let her tag along with me and my friends because honestly she doesn't have any except for this delinquent at the alternative school she is supposedly dating. Whatever, not important.

Anyway, I was hanging out with my friends today and of course the demon was with us. We decided to go to the Dollar Tree to get some snacks. Demon didn't buy anything. As we left the store I could hear something in her bag like a rattling noise. I confronted her and this little beezy stole a bunch of cough pills! I don't know why. Don't they make meth out of those or something? So I told her I was going to call mom. I pulled out my phone right there and she fucking punched me in the face! I was really angry she did that in front of my friends and no way was I going to let her embarrass me so we started fighting. I took her down and had her pinned on the ground. That's what you have to do pin her and let her tire herself because she will NOT stop otherwise. I had her arms pinned and she started flailing her legs and kicking me. She got me in the throat and I was letting her go! I was getting off of her when she kicked me right smack in my face full fucking force like she charged that fucking kick up and broke my nose. Blood was gushing everywhere and she didn't even care she just left!

It took forever to stop the bleeding and my face is swollen and ugly. It hurts like a bitch. My friend gave me a bunch of Tylenol and it still hurts. I came home and told my parents immediately and they asked me what did I do to upset her?! I was so angry I told them I was calling the cops and my dad told me I couldn't go to the cops without parental consent! Is that true???

Something needs to be done about her because she's like getting a lot worse and my mom is 8 months pregnant now and I'm really scared for my little brother when he gets here. Please help me.

Update: Well shit went down basically how I expected it would. My mom called me very upset that police had came. What happened is my dad answered the door and he was really mad and probably drunk honestly and they told him they were there to check up on my sister. I asked if my friend's mom would really play up the fact she's crazy af to get her Baker Acted because I was afraid they wouldn't arrest her and she'd come after me. Well my dad didn't want to let the cops in and basically told them to fuck off and they threatened to arrest him if he didn't so he finally let them and I guess my sister must have heard all of this going down so she barricaded herself in her room and wouldn't answer so they broke down the door and they found a bunch of empty pill bottles in her room and she was really disoriented so they called an ambulance and she got taken to the hospital. My mom said she went in after they left and there was a bunch of empty bottles of cough medicine. She said my dad is super pissed but she told me she's honestly relieved.

#####Relevant Comments from u/Ifuckinghatemysister

*In response to advice about a 72-hour evaluation (Baker Act):*

> My dad would kill me if I did that. He's against psychiatry because our grandma was schizophrenic and bipolar. He thinks this mental hospital killed her.

> Yeah it was our blood grandma on my dad's side. I think he thinks he's protecting her or something. She's going to kill someone one day. I swear to God she will. I've read some of the fanfics she's written she basically makes me read this crap like she's really proud of it. It's extremely graphic, basically just torture porn. She writes this shit about real people too. She got kicked out of normal school for giving the girl she is and was still obsessed this fucked up story about demon kidnapping, raping and torturing her until the other girl basically gets Stockholm syndrome and falls in love with her. It legit made me feel ill and in her sick mind she thought the other girl would like it.

> I really think she's going to kill someone before she's 18 or maybe just commit suicide. As much as she lashes out at me she hurts herself too. Bangs her head against the wall, cuts herself, pulls out her hair and stuff like that. I don't know, grandma was crazy. She always thought people were coming into her house, she told me one time, I wont forget, she said the Air Force was shooting lasers through her window and melting her ice. Shit like that. I've never heard the demon say anything like that.

*In response to lack of action by OOP's parents:*

> It's true, they didn't even take me to get stitches when she stabbed me last year. She has pushed me off our trampoline several times. I have broken fingers from it. They healed kind of crooked. They don't even take my sister to the doctor. She was really sick with like pneumonia or something. I honestly thought she was going to die. She has some stomach problem and they just give her Peptobismal or tums. Sometimes she throws up several times a day and it's not an eating disorder she complains all of the time about her stomach and they won't do anything.

*In response to removed comments:*

> My mom basically does whatever my dad says and now that's she's pregnant she doesn't want to deal with it. After the first time my sister took out my car and went to Alabama she did call the cops. My name isn't on the title and my dad refused to press charges when she showed back up. Then my mom wanted to take her to see a psychiatrist after that but my dad put his foot down on that.

> Oh she does set stuff on fire. She set the woods behind our house on fire with one of our older neighbors. The fire department had to come out.Oh she does set stuff on fire. She set the woods behind our house on fire with one of our older neighbors. The fire department had to come out.

***
*Update 1: posted to redacted by u/Ifuckinghatemysister on 1 Oct 2018*

##Dad [42M] walked out, how can I [16F] help my extremely pregnant mom [35F]?

*Link to post removed to avoid breaking external sub rules.*

Title pretty much says it all. It's a very long story but basically my sister [15F] is in a bad way mentally ill. I finally got sick of not just her abuse but my parents doing nothing about it. The last straw was when she kicked me in the face. I thought my nose was broken but it was just bruised. Anyway, I had the police called on her and she was Baker Acted.

Since then my parents have been fighting really bad. My dad is pissed at me first of all for getting her sent to the hospital and pissed at my mom because she doesn't want my sister to be around my baby brother who will be here very soon in the next 2 weeks or so.

A couple of days ago he just stormed off. I don't know his whereabouts. I don't know what to do. Obviously my mom can't work and I just have this crappy part time job at Subway. My mom is exhausted from my sister being in the hospital, my dad leaving, the pregnancy, everything. How can I help her? The pregnancy is already high risk and my mom has gestational diabetes. She's so stressed out and we don't even know what to do about my sister.

I do all of the chores and errands so my mom can chill. Is there anything else I can do to help her??

TLDR Dad stormed out after a week straight of fighting with my mom about my mentally ill. Mom is very pregnant. I just want to help.
***
*FINAL Update: posted to r/legaladvice by u/Ifuckinghatemysister on 16 Nov 2018*

##[Bittersweet [update] about violent sister](https://www.reddit.com/r/legaladvice/comments/9xj4av/bittersweet_update_about_violent_sister/)

*Link to previous post removed.*

Off rip, I want to thank everyone from the bottom of my heart for the kind, supportive words. It was overwhelming and I cried because I thought yall would tell me to grow up, or something like that. My own family doesn't give a shit about me, I didn't think strangers would either. I wasn't able to reply to every DM and comment I got but please know I read every single one.

So much has happened since I posted here like I could write a novel about it so some things might not make too much sense, or out of order because I don't want to trouble anyone to read an enormous update. Some good has happened and some really bad. I'll start with the good.

First of all, my dad left a few weeks before my brother was born. Haven't heard from him, haven't seen him. Him and my mom got in a huge fight over my sister coming home so he dipped. My mom had my brother and he's perfectly healthy and happy. The pregnancy was high risk so that is honestly a blessing. I love him to pieces already. He's my everything.

There was a lot of issues with my sister. My mom didn't want her back at all and mom thinks dad left so he could have her live with him. I don't know if that's the whole truth because as far as I know he never once tried to make that happen amd she had to be discharged back to us because I guess we don't have insurance anymore, dad cancelled it or something and the hospital wanted her out and there was no where else for her to go. I don't really know the whole story because I didn't talk to her at all while she was in the hospital, only my mom did and when I tried to talk about her she would get really mad and tell me she was stressed out enough which I honestly understood.

So she came back. I was really anxious about it but she seemed so much better. That's the thing... I had never seen her like she was. She actually apologized to me about everything and cried. I believed her. I didn't want to pry into everything, but she did tell me the ""angels"" told her to do a lot of the things she did. She was sounding like my grandma who had schizophrenia. It freaked me out but I accepted her apology and thought we could build an actual relationship. She was good with the baby, too. She was his favorite person, just like with the cats. I guess they could see in her heart she was a good person. Kids and animals have that sense, I think.

This is really hard for me to type so sorry for rambling on but my sister is no longer with us. She passed the day before Halloween. She didn't come down for breakfast and mom told me to get her. I never go in her room because she gets upset so I knocked on the door. No answer. I went in and there she was on the bed shaking and shivering like she had DTs. She was dripping sweat and made no sense. I went to her and tried to feel her forehead and she took a swing at me but missed and fell on the ground. I panicked. I screamed at her to tell me what she took as I assumed it was a drug thing and I'll never forget, the last thing she said to me was, she screamed some absolute nonsense. I won't repeat it to anyone. I just like to remember that we made peace and we were good.

Anyway, I ran downstairs and told my mom and she went to her and by that point she was seizing real bad and passed out. My mom called an ambulance but she never came back. Mom searched her room and found a bunch of those fucking cough pills. They were fresh too because mom threw out all of the other ones while my sister was in the hospital.

So, that's it. I gained a brother but lost my sister right when things were starting to look up and I fucking hate myself for not being a better big sister and paying attention to what she was doing, but I really thought things were looking up. She was taking her meds, she was going to the clinic. Fuck, dude. The thing that bothers me the most is I don't know if she did it on purpose. Did she kill herself, or was it an honest accident... did she know you can't be doing all of that on her meds? I honestly don't know. She was so goddamn intelligent, she had to have known, yet I can't accept she would do that when things were finally getting better! Maybe that's not right. I never truly knew her. Things were better for US, but who knows what she was going through in her own head.

Thanks for reading

#####Relevant Comments from u/Ifuckinghatemysister on related r/bestoflegaladvice post

> Hi, LAOP here. I found this place after my last post got linked here. I really appreciate the kind words. I left some things out of my post out of respect for my sister and I know a lot of people thought my dad was abusing her. She never told me as much, but something happened, something a teenager should never have to go through. Remember how I said she was throwing up a lot in a comment on my last post? We found out why. Sorry I'm being so vague but I don't want to put all of her business out there.

*In response to comment guessing OOP's sister was pregnant:*

> I didn't want to say all of that but yeah this is true. We found out while she was in the hospital I guess it's standard to pregnancy test girls and yeah... so that happened. We have no clue who the dad was. I thought she had a little boyfriend from the alternative school but idk. I know she liked girls for sure. I don't want to label her when she's not here to speak her own words but I strongly suspected she was a lesbian so I really don't know... she lost the baby tho right before it happened she wasn't far along probably a month or so when we found out. She did claim the test was wrong she said that up until she lost the baby and she never named a dad. I honestly don't know if she wanted the baby or not we didn't talk about it much.

*In response to comment telling OOP she did the right thing:*

>Thank you this is all so fresh and with everything happening all at one time and my mind is full of fuckery trying to process it all. I will be getting counseling tho! Mom just got off the phone with the place and I have an appointment for intake next week!

*In response to comment telling OOP to remember the good of her deceased sister:*

> I know I was really harsh on her in my op but it wasn't all bad. Like one time this girl was singling me out for some reason to be bitchy to and threw a half full drink cup from her car at me while I was walking home before I got my car. I told my sister and that little beezy got the hands and her tires slashed. Never said a word to me after that wouldn't even make eye contact with me lol. She told me half seriously that SHE was the only person who could fuck with me. It wasn't exactly difficult to redirect her either. If she was getting into one of her moods I'd tell her let's go play Pokemon Go. I wasn't too big into it but she loved that game it made her so happy.

***
*I am NOT the original poster. This is a repost sub.*",
post,relationship_advice,I (F20) don't know how to deal with my violent sister (F18) anymore,https://www.reddit.com/r/relationship_advice/comments/twr3bo/i_f20_dont_know_how_to_deal_with_my_violent/,2022-04-05 02:38:03 PDT,11,"Basically what the title says.

My younger sister is an absolute menace. She just to be this kind of annoying, hyper kid who would bully her older sister, but since she turned 18, it has been hell in our home. She just seems permanently angry and takes it out on everyone.

She steals money from me and my parents, she steals our stuff, she steals your stuff and then loses it, she yells at everyone and everything, she is cruel to our pets, tried to break me and my girlfriend up, so on and so forth.

She has done a lot of horrible things, but some of the worst were when she mocked the fact that I was SA's MULTIPLE times, when she tried to get my bird to fly out the front door, when she admitted she wants my bird dead, when she stepped on my bird nearly killing him, and when she tried to punch my mom. 

Our house has become an absolute hell hole. I have to listen to screaming matches whenever she is home. I have to lock my doors when I got to work to prevent her from stealing. I have started therapy for the remarks she makes about my SA, my weight, my relationship, and my disability. My parents are depressed, they feel like a failure. She refuses any therapy that is offered to her, instead, she goes out to drink and party every night. She refuses to do chores, or pay any rent cause she constantly spends her money on going out and drinking. 

My parents are on the brink of kicking her out, but they're too scared to do it. The housing prices are ridiculously expensive in the city where we live (my parents got lucky with a very good deal on an apartment, that's the reason I haven't moved out) and they are scared she will end up on the streets. But we can't handle her anymore. 

Her boyfriend's (she cheated on the previous one) dad is a cop, she keeps trying to fake that my parents are physically abusing her. When she tried to attack my mom, my dad pulled her out of the way, defending his wife, and she landed with her ribs on the chair, causing her to get bruised quite a bit. She showed this to her bf's dad as proof they abuse her. 

I can't live with her in this house anymore. My self-confidence has been destroyed, I am permanently scared for the pets' safety around her, my parents are depressed and being watched unfairly by the police and she is stealing money from everyone.

Any advice? Like how can I survive this hell? 

&#x200B;

TL;DR: My violent sister has been making our house a living hell for everyone around.",
post,relationship_advice,Should I go no contact or low contact with my sister after she cause my 4 yr old to be hospitalized,https://www.reddit.com/r/relationship_advice/comments/sjcw91/should_i_go_no_contact_or_low_contact_with_my/,2022-02-02 23:15:24 PST,2,"Hello, to make long story short. I 25f have a older sister 28f. We grow up with sugar and alcohol addicted parents. We started drinking before we where both 11, but through it all out of all 4 of my mothers kids none of us are drug addicted. My sister took my daughter from my dads against my wishes ( he can’t say no to violent blond princess) and let my asthmatic 4 yr old daughter out side by her self with her kids in a heavy wind advisory in with her mean 8 yr old push my daughter out of the treehouse, and later that night took her for a walk 3 houses down ( this is the south so there is a bit of a distance) to an adult party. During this time all the adults but all the kids in a room by themselves and started a fire. When the night was winding down and the adults where all liquored up she started a fight with her husband. And took them home. The following day I called a pond finding out she was the and my sister said my daughter had a cough. Something didn’t fell right so I called my dad and told him to get my baby ASAP. Within 30 minutes my step mother called me and said she was taking my baby to the hospital. I went there and she got released after a breathing treatment, when home with my dad and 3 hours later we went back to the hospital and she was admitted due to her asthma( low oxygen levels) and we where there for 3 days and my sister hasn’t even texted to say boo. So I am here to ask if you internet strangers what should I do go with angry violent sister. For more information when my baby was 2 her neighbor called me on Facebook to tell me that she had found my daughter and took my to my sister two separate times when I asked my sister she said that her kids where supposed to watch her 4m and 6f at the time. She has been mean and violet anytime she doesn’t get her way.
 TLDR; I’m scared of my sister how do I protect my daughter from my sister",
post,socialskills,I stopped talking to my sister because she assaulted my mom and idk what to do ?,https://www.reddit.com/r/socialskills/comments/n83bgb/i_stopped_talking_to_my_sister_because_she/,2021-05-08 18:24:49 PDT,2,"Hope you guys remember me, 4 days ago I think, I made a post about how pathetic loser I'm, but there's another problem and that's my violent sister.
My sister is crazy to a certain degree and she's a habit of picking fights with everywhere over trivial reasons, in other words she's a violent ( Karen ).
She's been tormenting my little (15 f) sister lately and giving her a hard time.

Last month, she was complaining about my little sister's noise while playing PUBG on her IPhone and started her typical Karen attitude ( Yelling, derogatory names and smashing doors out of anger), my mom intervened and tried to calm her down, but my crazy sister got more angry and guess what ?? She punched my mom and scratched her with her nailed, then I lost my temper.......and I pushed my sister and slapped her.

After that day, my sister apologized to my mom, but she refused to talk to me and told me that I'm not a man because I hit a woman. I feel weird right now, idk, it's like I can't stand her and I'm not getting used not to talk to her at all at the same time.

Sorry 4 my bad grammar.

Idk what to do ?",
post,adultsurvivors,"Repressed memory or imagination? [trigger warning: weed, rape description, and regular abuse / bullying]",https://www.reddit.com/r/adultsurvivors/comments/n7aibc/repressed_memory_or_imagination_trigger_warning/,2021-05-07 15:15:12 PDT,3,"This week work had me doing 12 hour shifts watching a post, maybe checking about 5-10 badges an hour. The rest of the time I was just sitting there. I was able to keep myself occupied with Reddit and TikTok for the first two days but then I got bored of those. I spent the rest of the week listening to music and stewing in my own mind, reliving memories. I started recalling suppressed memories, times bullies beat me up and knocked me out, remembering just how bad my dad’s mental abuse and yelling was, my mom’s struggles with money, my emotionally abusive & violent sister, etc. Then I got stoned last night. I’ll post my journal entry below. 

———————————————

Very stoned

I’m laying in bed trying to sleep. Suddenly there was a phantom sensation of something big in my rear and a burning pain. I’m at church, [redacted] Catholic Church. Church was supposed to be safe so my dad let me go use the bathroom on my own. Bathroom in side office, dark. Someone is behind me as I enter the bathroom. That sensation again. Then I’m sitting up stares next to my dad, Dissociating hard. 
I’m really stoned, this has to be a nightmare or stoned delusions but it feels like a memory and it hurts so fucking much. 

Now I’m laying in bed with someone, I think dad? I’m about 8 to 10 years old. He has me in little spoon, he shifts closer, crotch to butt, and I scoot away. This repeats until I run out of bed. 
This would explain that random nightmare I had a couple years ago where he raped me but again, this memory can’t be real. I have to be imagining it. 

A note from the next morning:
My imagination is extremely vivid, I’ve never had trouble telling my imagination from reality before but I was also very stoned last night.

—————————————————————

I’ve had “repressed” memories before. Like, I remembered them at the time and for a while afterwards before they were repressed but this is different. I, to my knowledge, have never remembered this. For the first memory, I question the details but the phantom sensation and location feels painfully real. I went to a catholic preschool, Sunday school and Wednesday bible study every week, and bible summer camps until I was in high school when I started outright refusing to go. For the second memory I very clearly remember when I was 10/11 years old, just after my parents got divorced. My dad converted my entire room into a Christmas nativity scene. He deconstructed my bed to do this and I remember telling him I wanted to sleep on the couch but he wouldn’t let me, he made me share a bed with him. I remember him making me pray with him, then he pulled me close. I’ve always found that memory kinda creepy but it cuts out as he pulls me close, I always assumed I fell asleep. Now that I’m recalling his old apartment I remember he had a nude photo of my sister as in infant, bits showing. I always thought that was just one of his quirks from being a Portuguese immigrant. I’ve always had suspicions of something happening but I just assumed it was a mix of my regular childhood abuse and my overly vivid imagination. I want this to just be a figment of my imagination, I don’t want such fucked up things flashing through my mind. That horrid fucking feeling. I’ve been zoning out hard all day and it’s getting in the way of work. How do I make this stop? I need a therapist but I can’t find any in network and all the out of network ones I’ve contacted are too expensive. I’m going to have to figure this out alone.",
post,MomForAMinute,Wedding dress,https://www.reddit.com/r/MomForAMinute/comments/mhw4bw/wedding_dress/,2021-04-01 07:10:19 PDT,1,"Hi mum, I know your no longer in my life because of how toxic and abusive you and dad were or the fact that you consistently chose my abusive violent sister over me but I get to wedding dress shopping in a couple of weeks. 

I wish you could have been there for me, but I will be sharing the experience with my little girls and (soon to be) MiL who has treated better than you ever have. I wish things had been different but it’s for the best and it breaks my heart that it came to this.",
post,DMAcademy,How do I RP dragons politically?,https://www.reddit.com/r/DMAcademy/comments/l778i5/how_do_i_rp_dragons_politically/,2021-01-28 12:07:52 PST,2195,"Just looking for some ideas on how a dragon (say a green dragon for instance) would engage in political games.  Dragons are powerful and horde treasure, but so far any fights with dragons have been more or less, the dragon trying to kill/defend it's lair while the PCs just do their best to kill it.  They very obviously and wisely don't trust anything it says if I try to RP with them.

While I was able to make the first dragon be a bit tricky thanks to some advice I received on how to run Venomfang in LMoP, I haven't really been able to think of how a dragon comes to be involved in the politics of a town or how to have more of an interesting encounter when the PCs come across one.  For reference what I did with Venomfang here are my notes:

Venomfang is perched up high in the tower and invites them in saying “I can smell your stench small folk.  There's no use hiding out there”

“I can destroy you, but that would make me vulnerable to my sister” Besides I’m full right now as I consumed another party not long ago...oh the druid didn’t tell you about them did he?”  He makes a promise to not harm them saying that Draconic guest rites forbid him from harming anyone he willingly invites into his lair.  He (lies) tells the party that the druid that sent them has an arrangement where he sends parties to clear him out when really he's either sending him a meal or some useful idiots, and in return he keeps his more violent sister at bay.  ""Perhaps you are of the second category.""  

He invites them to come closer saying “I must whisper now as my sister’s spies are all around”  He tries to make a deal: ""Help me get rid of my sister and I will leave this place, and I will take her lair which is more preferable to me""

Come I’ll mark the spot on your map...how can I thank you..hm perhaps?  *unable to contain his devlish smile any longer* ...""I’ll have you for dinner.""  Roll Initiative.

That went pretty well when I used it, but now I'm trying to think more about how a dragon might weasel himself into politics of a local area.  What does he/she gain from it?  What does he/she provide?  How does a dragon go about interacting with people without them being scared away? etc.",
post,DestinyTheGame,Warden seal speculation,https://www.reddit.com/r/DestinyTheGame/comments/k3asc1/warden_seal_speculation/,2020-11-29 07:04:58 PST,1,"Before I begin, this is just my opinion. I am not a data miner. I’m not sure everything that is known. All I DO know is that the current seal has 14/19 available. Including the last update to the lure needing one more upgrade. I’m on mobile so I’m not sure if it will affect the format. 

First. Let’s talk Hawkmoon. We’re positive it’s coming out this season, soon?  With that we will have a mission like all D1 exotics that return during a season. My guess, on the cosmodrome as we have not really done anything there aside from meeting the one vanguard with hair. Nice. Whether this mission ties in any lore or not, I believe completing it on heroic will be a triumph, wasn’t that a triumph for Bad Juju?  This would tie into something that’s missing for this season. The collections tab for season or the hunt, the second triumph I would like to discuss. 

I looked when it came out to see what cool stuff we have to look forward to. Well. It’s not there. My guess is that it’s the next triumph and there’s a few items in there that will he released in time. Giving us another. Gain the three exotics. Maybe. 

Next. Our lure. Word is that there’s a crypto crap on the moon that’s not active. Maybe it’s time gated for our final hunt. Maybe it’s related to our weapons having the same runes on them. Either way. I hope it’s a dungeon to find a crota style herald of our violent sister of Oryx. Being another Triumph. 

Anyone else have some ideas?",
post,abusiveparents,Violent sister,https://www.reddit.com/r/abusiveparents/comments/iqi2ra/violent_sister/,2020-09-10 19:36:25 PDT,2,I called my sister Farquaad because she’s a stupid and rude POS. Then she tried to smash my head with the refrigerator door. I’ve never been violent towards her and she never gets in trouble for being violent towards me so how can I get petty revenge? I’d get in huge trouble if I so much as pinched her. I wish the Goblin King from that movie would take her away and turn her into a goblin. I’m sick of her.,
post,relationship_advice,Me (23F) wants to move in w/ boyfriend (29M) but he wants to live alone to be able to have friends over four times a week and every weekend,https://www.reddit.com/r/relationship_advice/comments/gqwhrl/me_23f_wants_to_move_in_w_boyfriend_29m_but_he/,2020-05-26 05:54:26 PDT,0,"We started dating two autumns ago, and spent almost every night at each other’s place. Mostly I stayed at his place because I have a difficult family situation with an abusing and violent sister who’s suicidal, and he became the person who helped me keep staying calm during those times. I also developed a depression and he was a huge emotional support for me.

He is an extrovert who likes having friends over everyday of the week except maybe one or two days. I started getting used to this pattern, that we would only see each other when we went to bed, and he would be away all evening eating out with his friends while I studied. As an introvert, spending every Thursday, Friday and Saturday evening with him and his friends ‘till 3 a.m. was a bit much for me, so I would go back to my parents on those days. We would have an evening for ourselves maybe once or twice a week.

When the abuse at home became too much for me to handle (for example the weeks before my uni exams) I lived half time at my boyfriend’s new flat, and moved in some items. He had looked at several apartments (while I lived abroad for 6 months in the beginning of our relationship) and decided to buy a small one for one person to live in. Even though it’s small, he really wanted me to be comfortable there so he gave me shelves in the wardrobe, bathroom and kitchen for my things. I felt as if he saw me more than my psychological problems, and a person he loved and wanted to be with. I started dreaming about sharing our lives together and then started to drop hints about moving in together, until we had a big talk two months ago. 

When I finally confronted him about wanting to live together or not, he said he bought this apartment to live a certain lifestyle and it wouldn’t work with both of us living there. He told me he loves me but doesn’t want to change our situation, and felt pressured that I wanted to run away from my home, but I told him it is mainly that I want to spend my life next to him. I felt as if he always thought about “his” life rather than “our” life, for example choosing this apartment when I had showed him other options which would work for both of us. But he bought it with his own money, so I can’t complain.

I started renting a room at a friend’s house to live cheap away from home, and started to visit him less often. I stopped doing his dishes, cleaning and taking out trash/recycling, and he recently complained how much he has to do nowadays, so I wonder if he even noticed what I used to do in the apartment haha...
Due to covid-19 we can’t see each other right now, and I miss him terribly. I used to have dreams about creating a family with him, getting married and have an evening just me and him cooking dinner in our own flat and go to bed together, but from what he has told me he doesn’t want us to live together in probably a year or two. My dreams with him as a partner are crushed, and I don’t feel as happy in this relationship as before. 

What should I do? Should I be satisfied and stop being irrational? Am I too emotionally dependent on him? Or should I make some changes in my life? I want to be with him but at the same time I feel less and less affection for him, when I know he doesn’t want to take the next step with me (or if he ever will). I know it’s early to be expecting that commitment, but still... I don’t know what to think anymore....",
post,AsOneAfterInfidelity,"Got asked if we were OK, felt terrible. Who in your life knows about your struggle?",https://www.reddit.com/r/AsOneAfterInfidelity/comments/ffgdlp/got_asked_if_we_were_ok_felt_terrible_who_in_your/,2020-03-08 11:09:23 PDT,10,"TL;DR in the subject line, thanks to anyone reading the rambling...

Last night we were out with friends. A friend mentioned an annual event he’d attended, and he remembered seeing my WH at the same event years ago, and we remembered it was an event WH had attended solo, while we were broken up prior to being married. Gotta include a little backstory...

We had a 3 month breakup prior to being married. WH wasn’t dealing with his family issues (violent sister, alcoholic with sociopath/narcissist tendencies—she’s always hated me for taking her victim from her), and I wasn’t going to let him continue to rugsweep how awful his sister was to me, so he broke it off. He was in a really codependent relationship with her, but to everyone, it seemed like they were “best friends”...and his parents are really passive enablers. She immediately threw him a huge party and love bombed him, but of course, still ultimately stayed in the abuse cycle. A few months later, obvs he realized the problems were still there, and that he missed me, so he reached out to me, and we reconciled. It took him a long time to see how she was negatively impacting his life, because she is very charming and manipulative, but now we’re both NC with her. She now has criminal charges in 2 different states, so it’s catching up to her finally.

Anyway, after we “remembered” our breakup with our friend, he asked how things were with us. Just point blank. This is an extremely socially intelligent friend who my WH acted weird around recently, so I know he knows something is off, and like the straightforward guy he is, he just outright asked. I immediately looked down and became silent. Nobody in our massive social circle knows, and he was sitting next to his wife, and a few other people were in earshot. But I couldn’t even stand the idea of lying to this friend, who was originally my friend before I met my husband, so I just froze. My WH covered for me, as he is between jobs (great huh, he lost it the day after my birthday, then I found out about the affair the following day when I was helping him fix his phone contacts—rollercoaster week for sure), so he said we were stressed about that (which is true too), and then pivoted the convo to talk about that.

But I feel awful that my friend who I respect tremendously noticed, asked directly, and I couldn’t be truthful. I know we can’t tell most people about the affair if we reconcile, but damn, I thought I was hiding things pretty well, but I am not, apparently. We had always been so affectionate in public that if you’re looking and thinking about it, a difference is obvious, but most folks are too busy in their own lives to notice.

Anyway, since I don’t have anyone else to tell, I posted it here. Anyone else had to deal with an interaction like that? Who in your life knows besides your therapist? For me, it’s just my supervisor and 1 coworker. I had told a longtime gf of mine too, but she completely ended our friendship (since 1999), just told me I needed to get therapy and then ghosted, so I am very hesitant to tell others, esp since I know so many get judgy about staying. I feel so lonely in this fight for my marriage.",
post,raisedbynarcissists,Narcs literally talk thro their teeth. They dont move their jaw and they widen their eyes. This is a sign that if u challenge them they will lounge at u. This is what predators in the wild do when stalking prey. So beware.,https://www.reddit.com/r/raisedbynarcissists/comments/f13vg5/narcs_literally_talk_thro_their_teeth_they_dont/,2020-02-08 20:53:46 PST,9,"No matter what emotion they show on the surface, it always leads to one type: anger.

Whether it was dealing with my violent sister, or that doctor who glared at me when i asked for help, they always give off signs that they r about to jump off. Subconsciously or consciously, their facial expressions always warn u. It doesnt just happen.",
post,nosleep,"We had an exorcism for my sister, but something worse happened.",https://www.reddit.com/r/nosleep/comments/ex4cpt/we_had_an_exorcism_for_my_sister_but_something/,2020-02-01 02:37:18 PST,447,"My mother died when I was six.

No one knew what happened. She’s survived by the three of us, my Dad Nathaniel, my sister Chauncy, and me, Lucas. We were never religious until we were compelled to be. I once read a story on Reddit about a lonely man who didn’t believe in God. Until one night, when he found himself gazing at a skinless, black figure with no eyes standing by his bedroom door. In that moment, he said, he had no choice but to pray to God.

My Dad and I have no idea how Chauncy came to be possessed. Yes, that’s right. My sister was possessed by a demon at one point in my life. My uncle and a neighbor were present during the exorcism. We needed the muscle.

Father Ellio arrived at 10:00 PM.

“Father, bless you and thank you for coming,” Uncle Roland said earnestly. He took the priest’s coat and closed the front door immediately so as not to allow the night’s cold breeze inside. Our home was cold enough.

“Nathaniel, everything is going to be fine,” Father Ellio reassured the mess that was my Dad that night. I had never seen my Dad sob like that before. His face was as red as a tomato, but every time he caught me looking at him, he pulled himself back together.

Father Ellio scanned the room in a manner that I can only describe as authoritative. My Dad wasn’t in control, and my Uncle wasn’t either. No, it was Father Ellio who was in control. “And you are?”

“Oh, I’m their neighbor, John. Thought you guys could use some help.”

“That’s kind of you, John. God bless you for this,” said Father Ellio approvingly, nodding his head. John smiled and seemed to blush like a girl. He’s a Catholic man himself.

Father Ellio is a tall man who stands at six-feet and two-inches. He had that salt and pepper colored hair that indicated his older age, along with the wisdom that comes with it.

“Before we go upstairs-”

The sound of something like heavy furniture moving interrupted Father Ellio. All of our eyes snapped up at the closed bedroom door upstairs. My Dad motioned to run up there and check on my sister, but was stopped by Uncle Roland, his brother.

Once again the sound of heavy objects in motion rumbled throughout our two-story home. John made the sign of the cross in fear.

Sometimes, when I think back on this night, I laugh to myself. Poor John, who was just trying to be a good neighbor, was absolutely petrified, even though he came over voluntarily. And the thing is, he wouldn’t leave no matter how scared he was. After all, Father Ellio gave him that honorable compliment. What would he think of John if he just got up and booked it?

“Before we go upstairs, you should all be informed on some matters. Time is not on our side tonight, so I cannot explain everything, but I will tell you this. You must not, under any circumstances, speak to it. You are not speaking to Chauncy, you are speaking to evil. And you should never speak to evil, whether it asks you a question or taunts you, or whether you yourself wish to ask or taunt it. Simply don’t speak.”

We all nodded our heads and everyone seemed to take the Father’s warnings as common sense. He continued,

“Stay away from the window.”

Again, we all agreed to obey.

“Now, before we go upstairs, I must warn you of one other thing.” Father Ellio took a few steps forward and gestured us to come closer. “Is there anything that anyone wishes to confess right now?”

We traded looks of confusion with one another and then set our eyes back on him.

“You see, demons are spirits, and as such they know things, things beyond our comprehension. They don’t know everything. No, only God Almighty knows everything. However, for some reason, they know of certain things you may have done throughout your life, and the only way to keep them from exposing those things is to confess that sin. I can’t tell you the many times during exorcisms when the deepest and darkest secrets of those in the room were exposed by demons. For some people, it brought them great shame. For others, it ruined their lives. However, if you confess your sins with me - which we can do right now in the kitchen - then that demon upstairs, or any other evil spirit in that room, has no right to accuse you before God. So please, for your guys’ sake, let's get this done.”

One by one, we walked over to the kitchen and Father Ellio heard our confessions. It took about fifteen minutes.

Then we headed upstairs.

The bedroom was made as empty as possible except for a table Father Ellio needed for his things - holy water, Bible, crucifix and whatnot. Chauncy wasn’t restrained with ropes as my Dad wouldn’t allow it. Uncle Roland and John were kneeling down on either side of her bed and holding on to her wrists.

Time was not wasted.

Father Ellio stood over my sister and began praying, switching words between English and Latin. “In the name of the Father, and of the Son, and of the Holy Spirit.”

My Dad began crying for my sister as she resisted the words of the priest. She spat on his purple stole and cursed him, saying and uttering things so perverted and so evil, all in a voice unlike that of a nineteen-year-old girl. My Dad scratched at his white-brown patch of a beard in distress.

“Stop it! That’s enough, Father,” my Dad suddenly cried out.

Uncle Roland gestured to me with a nod of his head to go and comfort my Dad, as he and John couldn’t let go of my increasingly violent sister. But John almost did let go.

Chauncy slowly turned her head towards John, her eyes wide and her lips forming an uncomfortable smile on her pale face.

“John the cheater! John the cheater! You lying pig!” Chauncy yelled at the top of her lungs. Her words echoed loudly against the wooden walls of the empty bedroom. “You gonna tell your wife, Johnny boy? You gonna tell her what you did with Michelle from work?”

John looked up at Father Ellio for reassurance, trying to remember and heed his words from earlier. John put his head down in shame, still gripping Chauncy’s left wrist.

Was it true? Did John cheat on his wife? I don’t know. But man’s reaction to strangers exposing their secrets is often telling. And John's reaction was very telling.

Father Ellio flicked more holy water on my sister’s face, reminding us all to remember what he said earlier. “Ignore. Just ignore.”

One moment during the exorcism, Uncle Roland and I caught eyes. He didn’t look confident anymore. His big, hazel eyes became watery, and a few tears raced down his cheeks. He had taken off his jacket before preparing to restrain Chauncy, only to reveal a sweat-dampened shirt. With one hand, he reached for his ball cap and put it back on, lowering the top to cover his eyes. He looked as if he was preparing for something. He looked guilty.

Chauncy began screaming and throwing violent fits, and if a complete stranger had entered the room at that moment, they would have chuckled to themselves before dismissing the scene as a film shoot.

Father Ellio asked us all to pray with him as he picked up a metal crucifix. We all did as he told us and prayed under our breaths, with the voice of the Father leading.

Chauncy twitched her head towards Uncle Roland, who was looking down at the mattress as he prayed. He tried to ignore her. We all tried to ignore her. Well, “it” would be more appropriate, but I could never bring myself to call my sister that, no matter how unrecognizable she was that night. I knew she was still in there.

Chauncy spat on Uncle Roland’s face. “Pig! Why don’t you tell everyone here what you did last night.” She looked around, scanning the room with a grin on her face. She looked like a child who was eager to share her newly found secret. “Disgusting, folks! It’s disgusting!” she said while laughing, but in a deep voice akin to that of a heavy-built man.

Uncle Roland looked as if he was ready to get up and leave. But he didn’t, and thank God for that.

Father Ellio had warned us to confess all of our major sins. If not, he explained, then the unconfessed sin, having not been forgiven by God, could possibly be available to the demon for exposing. And not just before God, who sees all, but also before our fellow man.

I, for one, confessed all my major sins that night in the kitchen. I hadn’t done much at seventeen.

The demon was torturing Uncle Roland - mentally. It wouldn’t tell us what he had done that was so “disgusting”. Instead, Chauncy, or it, kept threatening to reveal his secret to the entire room, but would stop and say, “maybe in another thirty minutes”.

The doorbell rang from downstairs.

“Don’t!” Father Ellio warned sternly. “It’s playing tricks, trying to distract us. No one is there.”

My Dad stood near the open bedroom door, almost hiding behind it he was so scared.

“Father Ellio?” Chauncy said suddenly. “What about you? Nothing to hide? Hypocrite! You creatures are not so different, if not even worse than us. That’s why God throws you in Hell along with us! You’re not above us! See? You’re pathe-”

Chauncy’s eyes widened abnormally. Her mouth remained open as she cut herself off from finishing that sentence. Her thin eyebrows rose and her head shifted slowly to the left. She was looking at my Dad. Our Dad.

The room fell silent. And it remained silent for a few moments, until Chauncy finally spoke.

“You sick bastard,” she said with a mild chuckle. She opened her mouth as if to gasp. “Like I said, folks! We aren’t so different!”

My Dad was shaking. Uncle Roland and John kept restraining. And Father Ellio continued praying.

“Oh. Oh, this one I shan’t keep to myself! Nay! Nay, I say!” Chauncy yelled excitedly.

Goodness it was weird, seeing my sister act like that. I knew it wasn’t her, but it didn’t fail to irk me anyway. She continued,

“Lucas, you’re such a good boy! Look at you! All sparkling clean after your little confession downstairs.” Then, she looked straight at me, lowering her eyebrows. “I’ll get you next time. But for now, I want you to ask our Dad Nathaniel hiding behind the door over there what I’m talking about.”

“Lies!” my Dad suddenly screamed. “Father of lies! Isn’t that right, Ellio? Isn’t that right? The Devil is a liar! He’s a liar! How can we believe a word that comes out of his rotten mouth? How?”

My Dad’s reaction. It was telling. He made the same face and had the same mannerisms of Uncle Roland and John, but more extreme. And although the Devil is indeed the father of lies, our actions speak louder than anything that could have slithered out of that demon’s mouth.

“Dad? Are you okay?” I asked. “Whatever it says, we’ll just ignore it. Okay?” I looked over at Uncle Roland and John. There was no need to look at Father Ellio, who, throughout the exorcism, seemed disappointed in us. He did warn them to confess, after all.

“Nathanieeeel,” Chauncy said tauntingly. “Are you ready?”

My Dad was pulling at his hair. His face was a deep red and spit came from his mouth with every word. He looked just as possessed as his daughter was that night. “Fuck off! Fuck off! It’s not true! Shut up!”

“Dad, please! Calm down! Just tell us what it is before she does! Get in front of this, Dad,” I cried out.

We ignored Father Ellio and his repeated reminders not to speak with the demon.

My Dad fell to his knees, with a floorboard sounding a single, quiet creak. “It was an accident, okay? I-I didn’t mean to do it but she made me so angry! Son, surely you know that. Surely you know I didn’t mean to take your mother away from you. Bu-but she made me so angry! So fucking angry! We were in the garage one night, and that’s when I had to do it. I was fed up! So I grabbed a hammer from the toolbox and that was the end of it.”

To think I’ve been living under the same roof with a murderer. I’ll spare you the rest, and in doing so I will have spared myself. My Dad’s confession to murdering my mother was shocking, and my sister and I haven’t recovered since.

But it didn’t have to happen.

Demons are tricky. They're playful, too. And if they can get you to admit to something wicked you've done, something that they didn't even know about, it's all the more fun to them.

After Dad had finished his half sob and half anger induced confession, the demon spoke through my sister one last time before finally leaving, 

“Nathaniel, I had no idea you murdered your wife, silly! I was just going to tell everyone about that one time when you used God's name in vain.”",
post,legaladvice,What to do with violent sister in law,https://www.reddit.com/r/legaladvice/comments/ch7okl/what_to_do_with_violent_sister_in_law/,2019-07-24 05:41:11 PDT,0,"My ol ladys sister is dangerous. Brooke (my wife) has cut all ties with her sister. We will not be anywhere her sister is. If she shows up to family functions we leave. The other day her sister showed up to her parents anniversary and became confrontational with Brooke. Brooke's sister is dating a violent felon who has multiple convictions on drugs, firearms and other violent acts. Her sister drives with her two kids (under the age of 8) in the car while she's drunk or high, and allows him to drive the kids without a license drunk or high. Her sister constantly tries to fight and be a ""bad bitch"" (her sister's words). Brooke and her sister got into a fight on their parents front lawn in front of the kids. Brooke did not hit her back. We went and filed a police report and attempted to get a PPO but it was denied. We are scared she will harass or try to assault us, break into our house, poison or kill our animals, or any number of awful things. She is diagnosed bipolar and has been admitted to a mental hospital. She refuses to take her medication and refuses treatment. What more can we do except try to avoid her?",
post,raisedbynarcissists,Violent sister is bullying the dog,https://www.reddit.com/r/raisedbynarcissists/comments/aq3jfh/violent_sister_is_bullying_the_dog/,2019-02-12 22:18:16 PST,1,"Shell wake up the dog while it sleeping or yelling at it to disturb her. Especially when im around.

This isnt the 1st time shes done this. When i was a teen, she screamed at the dog and kicked it off the bed with her feet. I was suprised at the time, wondering where tht anger was coming from.  And angry tht my mother didnt say anything.

Makes me wonder how bad this is gonna get.",
post,legaladvice,Can I have my bipolar sister committed to a psychiatric hospital?,https://www.reddit.com/r/legaladvice/comments/aabcwd/can_i_have_my_bipolar_sister_committed_to_a/,2018-12-28 07:44:44 PST,0,"I’m in California. This is a long one. 

My sister (20sF) recently moved home to my parents house and brought her kids with her. She has 2 kids, an infant and a 3 year old. 

My sister is bipolar and not taking any medication. She self medicates with marijuana only. She has incredible mood swings and often takes her anger out on her kids by yelling and screaming at them. 

She’s getting a divorce and her soon to be ex husband has taken the infant away from her, so that child is safe. The 3 year old is from a previous relationship and there is no father to come save her from my shit sister. 

My parents do their best to take care of the 3 year old, but they’re in their 70s and ill equipped to handle a rowdy 3 year old as well as my sisters mercurial moods. My sister lashes out at them on a regular basis and verbal arguments are common.

She attacked my mother just before Christmas which resulted in my mom having a head injury, my dad punched in the face and my sister running off with the 3 year old and the sheriffs coming to the house. My parents didn’t press charges for assault and the deputy didn’t observe signs of mental illness so he left.

All of this backstory to ask...can I or my parents have my sister admitted to a psychiatric hospital for treatment for bipolar disorder? I’m in another state and there is no one to shield my parents from her if she goes off again. Christmas discussions were centered around their fear that she’s going to snap and kill herself, my parents, or harm the 3 year old. Police help is at least 30 minutes away at best so we can’t rely on them. 

Tl;dr: looking for legal help to have bipolar violent sister committed before she kills someone.

Thanks, Reddit. ",
post,legaladvice,Bittersweet [update] about violent sister,https://www.reddit.com/r/legaladvice/comments/9xj4av/bittersweet_update_about_violent_sister/,2018-11-15 21:05:46 PST,1757,"You can read my original post \[here\]([https://old.reddit.com/r/legaladvice/comments/9haszo/my\_parents\_have\_refused\_for\_years\_to\_do\_anything/](https://old.reddit.com/r/legaladvice/comments/9haszo/my_parents_have_refused_for_years_to_do_anything/))

&#x200B;

Off rip, I want to thank everyone from the bottom of my heart for the kind, supportive words. It was overwhelming and I cried because I thought yall would tell me to grow up, or something like that. My own family doesn't give a shit about me, I didn't think strangers would either. I wasn't able to reply to every DM and comment  I got but please know I read every single one.

So much has happened since I posted here like I could write a novel about it so some things might not make too much sense, or out of order because I don't want to trouble anyone to read an enormous update. Some good has happened and some really bad. I'll start with the good.

First of all, my dad left a few weeks before my brother was born. Haven't heard from him, haven't seen him. Him and my mom got in a huge fight over my sister coming home so he dipped. My mom had my brother and he's perfectly healthy and happy. The pregnancy was high risk so that is honestly a blessing. I love him to pieces already. He's my everything. 

There was a lot of issues with my sister. My mom didn't want her back at all and mom thinks dad left so he could have her live with him. I don't know if that's the whole truth because as far as I know he never once tried to make that happen amd she had to be discharged back to us because I guess we don't have insurance anymore, dad cancelled it or something and the hospital wanted her out and there was no where else for her to go. I don't really know the whole story because I didn't talk to her at all while she was in the hospital, only my mom did and when I tried to talk about her she would get really mad and tell me she was stressed out enough which I honestly understood. 

So she came back. I was really anxious about it but she seemed so much better. That's the thing... I had never seen her like she was. She actually apologized to me about everything and cried. I believed her. I didn't want to pry into everything, but she did tell me the ""angels"" told her to do a lot of the things she did. She was sounding like my grandma who had schizophrenia. It freaked me out but I accepted her apology and thought we could build an actual relationship. She was good with the baby, too. She was his favorite person, just like with the cats. I guess they could see in her heart she was a good person. Kids and animals have that sense, I think.

This is really hard for me to type so sorry for rambling on but my sister is no longer with us. She passed the day before Halloween. She didn't come down for breakfast and mom told me to get her. I never go in her room because she gets upset so I knocked on the door. No answer. I went in and there she was on the bed shaking and shivering like she had DTs. She was dripping sweat and made no sense. I went to her and tried to feel her forehead and she took a swing at me but missed and fell on the ground. I panicked. I screamed at her to tell me what she took as I assumed it was a drug thing and I'll never forget, the last thing she said to me was, she screamed some absolute nonsense. I won't repeat it to anyone. I just like to remember that we made peace and we were good.

Anyway, I ran downstairs and told my mom and she went to her and by that point she was seizing real bad and passed out. My mom called an ambulance but she never came back. Mom searched her room and found a bunch of those fucking cough pills. They were fresh too because mom threw out all of the other ones while my sister was in the hospital.

So, that's it. I gained a brother but lost my sister right when things were starting to look up and I fucking hate myself for not being a better big sister and paying attention to what she was doing, but I really thought things were looking up. She was taking her meds, she was going to the clinic. Fuck, dude. The thing that bothers me the most is I don't know if she did it on purpose. Did she kill herself, or was it an honest accident... did she know you can't be doing all of that on her meds? I honestly don't know. She was so goddamn intelligent, she had to have known, yet I can't accept she would do that when things were finally getting better! Maybe that's not right. I never truly knew her. Things were better for US, but who knows what she was going through in her own head. 

Thanks for reading",
post,Clannad,My First time Watching Clannad. Thoughts episodes 1-3,https://www.reddit.com/r/Clannad/comments/6zpbta/my_first_time_watching_clannad_thoughts_episodes/,2017-09-12 12:38:35 PDT,23,"As a huge fan of anime, especially romance, al my friends have insisted I have been missing out on the prize jewel of anime romance- Clanned.  Thus i have started watching it for the first time, no w]spoilers, and am beignining this journey which so many say has been a beautiful experience for them.

Episode one:

These female character designs may drive me insane.  Why are their eyes so big?  ah well, it is anime,    The MC is pretty adorable though.

Why isnt he helping his friend whose getting attacked?  does this school has a problem with bullying?

I'm assuming this blonde kid will be our comedic relief.

Okay who is this emo child alone in a strange room?

ah our class president is cute.  why is she telling the future with a deck of playing cards?  and how is dropping them a viable fortune telling method?

I like her violent sister.  she has some good aim. sorry, Tomoya.

Okay back to this girl.  She is awkward at making small talk.  She tells him all about her anxieties, thoughts on how she used to love the school and now has no friends and yet I dont believe she aid her name. Tomoya takes this all in stride.  what a good guy.

I am starting to like Tomoya.  Me and every other in this school, im guessing,

okay now why is a 1950's greaser bike gang attacking a high school girl?  and why is she able to kick their asses?  

Ah now its Sunohara;s turn to get his butt kicked by the karate girl.  He gets beat up a lot.  I like her though, she has sass.

Okay why is Tomoya being SO nice to this Nagisa girl?  Is she supposed to be like super pretty?  I really cant tell with these character designs.  I think he should go for the karate girl, she seems like more fun,

And now we're at her family's bakery.  Ouch, Tomoya you just gave Nagisa's mom a bad Yelp review.  Her dad is awesome though lol.  ahh Tomoya looks so uncomfy sitting with them.

""Tomoya? what a wimpy name- lets change it to Ginga"" ahahah this made me lol.  this is a fantastic interaction.

Now we met Tomoya's dad.  Not as vivacious as Nagisa's pop.  Is he drunk?  eep, he is.  aww and Tomoya lost his mom.  Maybe thats why he is so kind, he knows hardship himself.

this ending song grinds my gears.  

Final thoughts on episode 1:  I'm digging Tomoya as a character, Nagisa's parents and the karate girl. Nagisa seems a bit bland and a bit of an over sharer but hey, if Tomoya likes her I'll give her a chance.  I can see where this show is going, clearly towards romance and probably a lot of girls falling for Tomoya but I also feel like theres a lot going on besides that and I'm curious to see how this begins to unfold.  Also will Tomoya meet a lovely lady on his way to school tomorrow?  

Episode 2:

Okay I guess restarting this drama club is going to be a plot point. It doesnt sound like a hard challenge but knowing anime I'm sure there will be hurdles.

The opening song is better than the ending song but i cant say its super catchy.  I'll see if it grows on me.

Now were bac tot he emo girl and ... some used car parts?  and some existential commentary?  I hope this makes sense at some point.

Aww Tomoya gets hit by the purple haired girl, now on a bike.  Probably hurts more than the book she threw at him but he and Sunohara have a pretty high tolerance for pain it seems.  

Speaking of Sunohara and his tolerance for pain he challenges cool karate gir again.  My money is on her.  Yes, he is swiftly defeated.  This girl should ditch the romance drama and go be in a shounen series, she has some badass moves.

and now we're in the library because Tomoya wants a nap?   ahaha hes cute.  And now we meet a third girl with purple hair.   This is a weird interaction.  Isnt there a ghost around somewhere?  Is library girl the ghost?  

Its against the rules to ride a bike to school?  Thats an arbitrary rule.  No one minds when people beat the crap out of each other but you cant ride bikes?

ahahaha ""she's bi""

GREAT save Tomoya.  this anime is pretty funny, i have to say.

Now Nagisa is looking disheartened again and failing at sweeping.    She isnt a very good self starter, thank gosh Tomoya comes to the rescue.  

Okay she is the worst poster maker ever.  and from what I know about her character so far ""Big Dango Family"" WOULD be her favorite song lol.  Props to Tooya for not laughing out loud or leaving. What a man.


aww Tomoya has some serious issues with his dad.  I wanna hug him.  

Nagisa manages to be both quirky and somehow very bland.    but at least shes kind.    its cute she offered to play basketball with him.

and aww she waited for him in the rain... thats sweet and also pretty dumb,  she is an odd duck  No wonder she gets sick a lot.  A for effort though Nagisa, you silly girl.

""You have always been there to help me"" she says to him... havent they known each other for like 2 days?

well her weird heart is in the right place.

awww oh noooo.. Tomoya's arm injury and its related to his dad.  and then Nagisa collapses.  This isn't how I thought this was going to go down.

Final thoughts: The tone shifts from comedic to serious pretty fast and without warning and definitely tugs at my little heart.  And I am falling for Tomoya, as I said before, me and every other girl I assume.  Who is the ghost by the way?  Well with al these plots and characters slowly being introduced I have to admit im pretty curious to see where this is going and how this is going to all connect.

Episode 3:

And we open with the existential child and her...robot?   I'm sure this will make more sense to me later, now I'm just lost.

Junk robot is pretty cute though.

Nagisa's dad is hilarious.  I would watch a spin-off of him and his antics at the bakery.  

Now we meet a very dramatic construction worker and a man who thinks said construction worker dented his car?   construction man goes on a speech about love and strength and laughter...this town is weird.

""Boy this guy says such heavy lines with such conviction"" - you said it, Tomoya, we're on the same page.

This random construction worker has some flare and passion though.  He should join Nagisa's drama club.

a cat dented the car?  the laws of physics are as confusing as the melodramatic construction workers.

oh hes a famous musician?  hmmm didnt see that coming.

Sunohara is going to try and prove karate girl is a guy?  I predict he gets his ass kicked yet again.  

yep. he did.  and what a creepy question ""can I borrow your razor?' ew no, Sunohara haha.

Nagisa is back up and about and they both apologize for the basketball fiasco.  That was the worst first hanging out session ever, but theyre cute and awkward about it.

The girl with the knife and the star gives tomoya a star after trying to steal back his knife... shes an odd duck too.  Is there something in the water in this town?

Oh look they found a pokemon!  Oh wait it just the pet baby boar of the violent purple haired girl whose name I think is Kyou.  

Now some girl named Yukino is serving Tomoya and Nagisa tea?  'I was just thinking there are some unique characters in this school- and this town"" again Tomoya is reading my mind.

Nagisa unsurprisingly knows nothing about drama or plays.  She should start a Big Dango Family fan club instead.  Shes so sweet and awkward, she kinda reminds me of Luna Lovegood from Harry Potter.

The student council took down Nagisa's weird posters?  ah I knew this wasnt going to be easy.

Final thoughts: I feel like everytime this show answers a question, it opens up 5 more questions.  I'm starting to really enjoy these characters though and cant wait to see what happens next in this quirky world.

Looks like this is going to be a fun and unpredictable journey :)

hope you guys like my thoughts!  Look forward to sharing my Clannad experience!",
post,raisedbynarcissists,"Can you help? Therapist says my mom is a narc, but her behavior seems so different from what I understand about narcs.",https://www.reddit.com/r/raisedbynarcissists/comments/6hke95/can_you_help_therapist_says_my_mom_is_a_narc_but/,2017-06-15 21:40:50 PDT,8,"So, I have two therapists now who say my mom is a narc. I've done a lot of reading about narcs, but what I read and the stories I read here don't match my mom's behavior. Can you help me understand why my therapist thinks my mom is a narc?

Basically, my mom neglected me. I was raised in a big family and my mom raised us alone. The family story is that she was in a bad marriage and was overwhelmed and that's why she was inept. Except I have no memories at all of her ever even really talking to me like I was a person. Not one ""everyday conversation"" in my whole growing up years.

My mom allowed my violent sister to be violent. When my sister strangled me when I was 17 my mom told me it was my fault. When my other sister told me she would have thrown a party if I killed myself my mom said nothing.

Once my mom lit into me for no reason when I was in 7th grade and she wouldn't stop. It was so awful that I took off and this was at night in the middle of winter. When I came back after an hour she said nothing to me.

After making a huge family-wide deal out of my sister getting into National Honor Society, when I made it in my mom told me, ""you know I can't go to that!"" and then she and my dad went out of town. I was fifteen and couldn't drive and so my sister had to take me. My parents didn't call or anything that day. 

I once had a picnic for my softball team when I was in 6th grade. My mom made a huge deal when I told her and said the whole family would go and it would be great. Well, the day comes and the time comes to go to the picnic and none of my sisters are home and my dad's asleep. Clearly, no one is going to this picnic. She yells at me to get in the car and then drives me way out to where the picnic was. When we get there she tells me, ""Find a way home,"" and drives off. 

Twice when I was in high school I had kids I know tell me I could come live with them. I never ever discussed my home life with anyone, so for me this was totally out of the blue. 

When I left for college it's like I no longer existed. My mom never ever called me or reached out to me at all. 

So, I guess what I'm saying is that my mom just always made it clear that she did not give a shit about me and I was a pain in the ass and would never protect me. My therapist says there was gaslighting in my family, which I guess I can see. Certainly my sisters were always allowed to do to me and say to me whatever they wanted.  What I know of her just doesn't seem to match what I read about narcissists and doesn't seem to be as psychotic as the narcissists I read about here. Neglectful, yes. Abusive, yes. But exactly what kind of narcissist is she?",
post,rational,[Q]So I'm finally getting around to reading Worm... [Spoilers],https://www.reddit.com/r/rational/comments/3o2czl/qso_im_finally_getting_around_to_reading_worm/,2015-10-08 22:00:48 PDT,12,"And I don't really like it. The Slaughterhouse 9 have just left the city, and I'm not sure I really want to read any more of it. Part of it is just fatigue over the S9, the whole ""Yes, I get it, these guys are the epitome of evil! Just kill them already!"" thing, part of it is that Lisa is blatantly obviously misusing her power at every opportunity, I can't stand Bitch, and it seems to me that all of the most interesting characters are only bit actors (Dragon, mostly). The worldbuilding is fantastic and deep, and the antagonists (can't use the world villain in this setting, can I?) are amazing at making me want them to die horribly, but the main characters? I already know before any plotline begins that all of the Undersiders are going to survive (have so far, anyway, no spoilers in case I decide to finish), so the tension feels hollow and contrived. 

I kind of hope Amy will join just because of how much more powerful it will make Skitter, but I also hate her with a burning passion. First, she's a moron. If she could make a parasite that can fix Bonesaw's prion disease, why can't she fix all prion diseases everywhere? Hell, why can't she tweak microbiomes to fix all infectious diseases? She seems stuck in the ""I need to touch people to fix them"" mindset when she has demonstrated already how untrue that is. Second, the Nine were absolutely, 100% right about her stupid rules. She has elemental control over biological matter, and she uses that to fix bones? She's falling into the trap of thinking that her making one mistake ever will somehow ruin her, while she has watched her sister make potentially lethal mistakes no less than 7 times, *and then bailed her ass out.* She never experiments with her power, always staying with what she knows is *safe.* If she got permission from someone with crippling depression to experiment on curing them, and she failed? One person dies, and she knows not to do that again. If she succeeds, though, *she can begin walking through psych wards exorcising fucking demons.* She knows how unscrupulous her family is, knows that nothing she does will really have consequences, and knows that despite those things *her family is likely a net positive to the world.* Having the mindset that it is possible to always do the 100% right thing without getting your hands dirty (which isn't possible in this world) is both unbelievable from a character standpoint (where the hell did she get that idea from? Her lawyer father? Her violent sister? Her bio-dad? Heh.) and, to me, at least, goes against a core principle of rationalism: sometimes the best option is really, really *bad.* 

I'll probably still finish Worm, just because I'm curious about a few things, but I'm afraid it will be a chore. 

Your thoughts? I'm sorry if this seems too harsh, but Worm comes up a lot here and I'm just not seeing it right now.",
post,offmychest,"Getting over the ghosts of Christmas past, and a bratty six year old. (Long)",https://www.reddit.com/r/offmychest/comments/2qg6te/getting_over_the_ghosts_of_christmas_past_and_a/,2014-12-26 07:13:11 PST,1,"It's so stupid and I feel stupid typing this, but it made me sad and I don't want to talk about it with my husband or my side of the family so you guys get to be my sounding board.

I am an English Canadian, recently married to a wonderful French Canadian man and moved to Quebec from Ontario. My French in Ontario was passable - I took it through High School, but never made much of an effort to use it, so when we first started dating, I needed to work on it (his English was always much better than my French). His family are a wonderful bunch, but very French, so in order to get to know my inlaws, I had to improve my communication in French. I am living in a small town in Quebec now, very French, so everything requires effort - going to the store and asking questions, getting to know people, culture...I still feel like a fish out of water. Everything still feels strange, even though I just moved one province over. I don't know the media culture well, the jokes, the songs, the who's who...I'm trying hard - I practice speaking French every day, and though my husband is super supportive and says I'm improving every day, reading and writing is still very difficult and I still find it difficult to get my meaning across to people (especially humour).

His family have been incredibly welcoming to me, patient while I try to communicate, but I still feel like an outsider. My own family are incredibly damaged people - I feel like an outsider with them as well, and I don't know my extended family well because my sister and mom are now considered the ""weirdos"" in the family (damaged, mentally ill sis and mom), I too drifted from them to be a insular unit with them. Christmas and other holidays were a minefield of alcohol and abuse when my dad was alive, never a happy time, and now that he's dead, my mom and sis have become more closed off from the world. Christmas makes me feel I can't breathe, and I often have a tendency to run away, but I try - I do.

My husband and his family love Christmas, so I try to be a warm heart and have fun, but the fear is always there.

Hubby's sister is a single mom who is trying her very best with six year old son, but he is a very spoiled little boy. He has also been very standoffish with me because of the language barrier, but I love kids and try very hard to connect with him because I don't have many connections with people. I have always felt like a wandering nomad in life and ""home"" has never felt like ""home"" for me, even when I have one. I'm always waiting for the house to turn on me and I'll have to flee (I guess growing up with a alcoholic and violent dad, a violent sister, and a enabler mom will do that). Anyway, I always try to get the little boy gifts he'll enjoy, and am always shocked with how he'll toss my gifts aside, I'll hear months later how he loves the gift now, but his bratty behaviour is offputting, but I smile and ignore because it's not my problem (not my son, not my monkeys, not my circus I suppose). So, the same thing happened last night, but I expected it and it's not the issue, it's what occurred afterwards.

He started singing an English song from that Madagascar movie (""I like to move it, move it"") and I smile and want to join him, I start doing the ""bomp bomp bomp"" to accompany him. His face just dropped, his eyes narrowed, he frowned, glared at me with his six year old angry eyes and stopped singing. He then walked up to me and whispered to me. I leaned in and asked ""Pardon?"" He repeats himself, ""Je te n'aime pas, Je te n'aime pas!"" (I don't like you, I don't like you), he held my gaze the whole time. I was shocked. I immediately asked my brother in law if he heard what the kid said and he said ""yes, but he didn't mean it"". I ask my husband to come outside with me. I told him about it, and I'm glad he believed me right away, as everyone knows the kid is a brat. He said he'd ask the kid about it, but being fearful of confrontation with family, I asked him to let it slide. Husband goes back inside and immediately asks the boy about it in front of everyone, where the son denies it and then later admits to it. His family gave me hugs and believed me, even the kid's mom. I still wanted to flee. Just jump in my car and run, but I didn't. I tried to make friends with the kid, and by the end of the night, I got a hug and kiss and a ""Je t'aime"" and I was glad, but the sadness still followed me. He's six years old, a brat, and it's not his fault, I still want to connect with him and be his friend as he grows.

It just brought so many bad holidays, so much fear, hurt, anger, rejection back to me. So many times feeling ""homeless"" and rejection by the people I wanted acceptance from the most. The feeling of being so lost in this new place, that I'll never fit in, the fear of never finding my way or place here. I know my husband loves me and I have a home with him, I'm glad I reacted to the kid situation with grace, but the old hurts and fears haunt me and it brought it all back. Scary and lonely Christmases, old hurts and old ghosts. The kid cut me to the core with his six year old words and I feel so stupid. I'll try again and again to feel like I have a home, a place, and a seat at the table for Christmas and other holidays and to shoo away the old ghosts - I always try to be a part of this world, and I will keep on trying.

Thanks for reading. Happy Holidays.",
post,SuicideWatch,I feel like I can't go on. I'm sick of picking up the pieces after my narcissistic parents bad behavior.,https://www.reddit.com/r/SuicideWatch/comments/22i9hb/i_feel_like_i_cant_go_on_im_sick_of_picking_up/,2014-04-08 03:58:30 PDT,2,"I've got in bad situations more times than I can remember because they don't have a responsible bone in their body. They seem to think I'm some sort of god who can put everything right. Now its not just me getting hurt and the guilt is just too much. I also have a violent sister to contend with who takes advantage of me, my life's a mess, I'm in debt, day to day life is so difficult. I can't take it anymore. I hate that I'm too pathetic to stick up for myself. I just can't carry on like this but I don't know how to fix it. ",
post,relationship_advice,[18m] I want to be done with all of this (long),https://www.reddit.com/r/relationship_advice/comments/1gy9kx/18m_i_want_to_be_done_with_all_of_this_long/,2013-06-23 22:09:37 PDT,1,"This will probably be a different type of post for this subreddit, but I really need help. 

I met this girl when I was in the 9th grade. She was in the 10th grade, but we shared a gym class together. I was five months older than her because she was young for her grade and I was old for mine.

I had never had a girlfriend before her, and she had never had a serious boyfriend. Needless to say, neither of us knew what we were doing. We hung out a lot at her house and I became acquainted with her family who seemed to like me, and everything was great. We dated for eleven months, and they were fantastic. We hardly ever fought, and if we did, we both felt bad about it. No resentment whatsoever.

Then it all fell apart. After school one day a little over a year ago she told me she ""didn't feel it anymore"". I thought she was kidding because we had both joked that way before, but when I saw her eyes watering I knew she was telling the truth.

Now, a little bit about my home life at the time; My father was in his early sixties, my mother was depressed and morbidly obese, and my sister was mental to the point of violence. My mother lost her job as a nurse a couple years prior and never went back to work because of her depression. My father was forced to get a job, but he could hardly provide, and as a result my sister could not take medicine. 

Needless to say, when this girl (who we will call) Rose left me, it was extremely hard.

Now here's where things take an unexpected turn. 

In January my family and I were getting kicked out of our third house in two years, and I had had enough. We went to a cheap motel where  my dad worked, but I was sick of being in the room with my violent sister. I contacted my best friend, but he couldn't help me. I re-read my journal and started thinking about Rose. ""I should contact her. She at least deserves to know what's happening to me before I leave."" No joke, I was about to leave and just walk until a new life found me or I died.

She told her parents what was happening, and they took me in the very next day.

Me, being the ambitious person I am, thought ""Wouldn't it be awesome if we got back together?"" and so I decided to pursue that goal. After ten days we were back together. She had remembered how much I meant to her, and realized that she was just confused a year ago (take my word for it here, she really was just confused. I know that she loves me now probably more than she did a year ago). 

Things have been awesome since then. She graduated, I got my GED and my first job, and we're both enrolled in a community college. Her parents don't know about us and that's a hard secret to keep, but we do it well.

Now for the actual problems. I had no idea I was so screwed up until we got back together. We have both expressed desires to be together for as long as we're happy, and even marry if we are together for a certain amount of time. We want to be different from other couples and not break up over stuff that can be solved. 

The main issue that I'm having right now is I just can't be happy. Maybe it would be better to say all of this in /r/depression but I still think here is okay. I just, in my head, fantasized that if we ever got back together it would be awesome, and it is, but I am not happy because of various issues.

1) I trust her, but I don't.

She has horrible judgment when it comes to her feelings, and I'm scared that she will stop loving me. I'm not an idiot though, if she is the type of person to not be able to make up their mind, I will leave her. We have talked about it and she understands that if we break up a second time she will never have any contact with me again (I agreed to stay friends the first time. If there is a second, I will not). 

So it isn't that I'm ill-prepared, I just love her and I worry that she will leave me again. She feels horrible about what happened a year ago, and has said that she wouldn't blindside me again, and I do believe her, but I still get paranoid about it.

2) This is the main one. She almost dated two guys and did date one guy in the intermediary period. I know that the first guy wasn't important to her, but she did stay with the second guy for a bit and they kissed a few times. It's a big deal to me because she was my first, and I was her second kiss. The third guy was in her life around when I came back in, and I stole the spotlight, so to speak, so I  don't care about him that much.

I understand that loving someone is not unique to one person, but I suppose that since she is the only person I've ever been in a serious relationship with, it seems like it should be that way. For the most part I don't care about these other guys because she obviously doesn't anymore, but on the occasion that I do think about them...it feels like be broken up with all over again. I've seen the guy she dated, so sometimes I can't help myself but to imagine them kissing and it feels like daggers in my heart, to put it dramatically. 

It's not just them though. When we first dated she was against porn and I was for it, but now we've switched. She doesn't care, but I do. I'm not saying I'm right in caring, but the thought of her masturbating watching some guy who is probably sexier than I am makes me feel like shit. But when I think about when I watch porn it seems dumb to compare porn to Rose because I think she is sexier than any porn star and I feel nothing for the women in whatever videos I watch. 

I suppose most of this is just what I wish she would feel. I don't want her to not watch porn, I want her to not want to watch it because she doesn't need it with me, like I am with her. The only times I masturbate with porn are times when I know I won't be alone with her for a couple days, but there have been times when she knew we would be alone but masturbated and then wasn't horny when we had time. I know she wouldn't do something like that on purpose, but her forgetfulness sometimes makes me wonder if she loves me as much as I love her. Deep down I know she does because I know her so well, but my paranoia gets in the way of that.

I am a lot more romantic than she is too. I want to sit together if we can and hang out whenever we have the chance. I have to initiate most things, which is okay with me, but if I did not know her I would say she wasn't interested. Again, paranoia taking over for facts.

OKAY

So that covers most of it. I really just want some advice on how to overcome these insecurities I had no idea I'd developed. I want to take care of them before they can possibly hurt my relationship.

",
post,relationships,"Me (35F), my mother (70F), and trying to avoid a violent sister (38F) who lives with her.",https://www.reddit.com/r/relationships/comments/1bm8nb/me_35f_my_mother_70f_and_trying_to_avoid_a/,2013-04-03 14:57:04 PDT,1,"I live 3 hours away from the rest of my family; I was planning on taking a day trip to see my mom and other family members soon. I haven't been up there in almost a year.

My mentally ill, violent sister has recently moved in with my mom (that's a whole other mess). I would really, REALLY like to avoid seeing her if at all possible -- our last contact involved her screaming obscenities in my face; she also has a physically abusive history towards myself, her significant others, and other family members.

My mom can't drive at the moment, so I can't really ask her to come to me. I'm afraid that if I drive to her house to pick her up, it would lead to a confrontation with my sister. 

I want to tell my mom all of this, but she has the idiotic habit of telling my mentally ill sister everything (yeah, we're a dysfunctional family), so I'm also afraid of this starting even more family drama and setting my sister off into another violent episode. 

Any ideas on how to handle this?

TL;DR: want to see my non-driving mom, but want to avoid a violent sibling who lives with her.",
post,Music,Slowcoaster - Violent Sister - [4:55],https://www.reddit.com/r/Music/comments/qqc6i/slowcoaster_violent_sister_455/,2012-03-10 07:43:24 PST,5,,http://www.youtube.com/watch?v=TmsNyY8uohQ&feature=autoplay&list=AVGxdCwVVULXfAYcsXqbxUd9sZCtxxpMWS&lf=list_related&playnext=5
post,Music,Slowcoaster- Violent Sister,https://www.reddit.com/r/Music/comments/qihqp/slowcoaster_violent_sister/,2012-03-05 04:41:31 PST,1,,http://www.youtube.com/watch?v=TmsNyY8uohQ
post,Music,Slowcoaster - Violent Sister,https://www.reddit.com/r/Music/comments/e8uwo/slowcoaster_violent_sister/,2010-11-19 13:51:20 PST,2,,http://www.youtube.com/watch?v=TmsNyY8uohQ
post,listentothis,"Slowcoaster - Violent Sister [acoustic, chill, indie rock]",https://www.reddit.com/r/listentothis/comments/clpp4/slowcoaster_violent_sister_acoustic_chill_indie/,2010-07-03 13:50:54 PDT,9,,http://www.youtube.com/watch?v=TmsNyY8uohQ
