row_index	post_link	classification	exclusion_reason	classification_rationale
4407	https://www.reddit.com/r/CPTSD/comments/sdhir8/i_want_my_trauma_to_be_recognized_i_need_to_be/	INCLUDE		The author reports regular beatings, forced self-degradation, severe bruising, head punches, property theft, and intimidation by a brother.
4408	https://www.reddit.com/r/askgaybros/comments/scl8b7/how_do_i_nicely_tell_my_boyfriend_to_get_over_his/	FALSE_POSITIVE	THIRD_PERSON_VICTIM	The title concerns the author's boyfriend and that boyfriend's abusive brother, not abuse of the Reddit author by their own sibling.
4409	https://www.reddit.com/r/AmItheAsshole/comments/schrjd/aita_for_not_being_a_support_for_my_abusive_sister/	INCLUDE		The first-person title identifies the author's sister as abusive and concerns refusing to support her, although the body was removed.
4410	https://www.reddit.com/r/Advice/comments/scc9fq/how_to_handle_an_abusive_sister_when_everyone/	INCLUDE		The author describes a sister's insults, copying, relationship sabotage, lies, social isolation, and manipulation.
4411	https://www.reddit.com/r/cats/comments/sbi663/sudden_sibling_aggressionish/	FALSE_POSITIVE	NONHUMAN	The cats subreddit and title indicate aggression between animal siblings, not abuse of a human by a sibling.
4412	https://www.reddit.com/r/AskReddit/comments/sbhnxw/people_of_reddit_does_anyone_have_an_abusive/	FALSE_POSITIVE	META_RESEARCH	The generic AskReddit question asks others whether they have abusive siblings and contains no first-person account.
4413	https://www.reddit.com/r/offmychest/comments/saqbfp/my_abusive_brother_keeps_terrorizing_my_mother/	FALSE_POSITIVE	THIRD_PERSON_VICTIM	The deleted post's title says the brother terrorizes the author's mother, without establishing sibling abuse directed at the author.
4414	https://www.reddit.com/r/TooAfraidToAsk/comments/sag3ws/should_i_write_my_estranged_mother_to_explain_why/	INCLUDE		The author reports being attacked by a drunk, violent brother and calling police to protect themself and their family.
4415	https://www.reddit.com/r/EMDR/comments/sacw8a/whathow_exactly_am_i_supposed_to_feel_after/	INCLUDE		The author identifies sibling abuse as part of their developmental trauma and ongoing chronic fight-or-flight response.
4416	https://www.reddit.com/r/Trishyland/comments/s9taoz/kali_is_the_new_it_girl_obviously_she_looks_gorg/	FALSE_POSITIVE	NEWS_THIRD_PERSON	The post gossips about public figures and calls one person's sister abusive; it is not the Reddit author's own sibling-abuse account.
4417	https://www.reddit.com/r/sexualassault/comments/s95zgx/i_know_my_brother_abused_me_but_could_there_have/	INCLUDE		The author reports years of physical and emotional abuse by a brother plus exposure to pornography and possible sexual misconduct.
4418	https://www.reddit.com/r/MadeOfStyrofoam/comments/s8vfaw/please_somebody_just_fucking_comment_i_cant/	INCLUDE		The author identifies a sister as abusive and says their father repeatedly covers for her amid worsening suicidal distress.
4419	https://www.reddit.com/r/exjw/comments/s8ssdl/i_want_to_go_undercover_as_a_jw_to_protect_my/	FALSE_POSITIVE	WRONG_RELATION	“Abusive brother” refers to a potentially abusive male Jehovah's Witness congregant, not the author's sibling.
4420	https://www.reddit.com/r/relationship_advice/comments/s8mh2b/my_34f_husband_36m_is_angry_i_wont_see_his/	FALSE_POSITIVE	WRONG_RELATION	The title concerns the author's husband's brother, not the author's own sibling.
4421	https://www.reddit.com/r/atheism/comments/s8ddiv/studies_find_religion_is_child_abuse/	FALSE_POSITIVE	META_RESEARCH	The post summarizes studies about religion and child abuse and supplies no first-person sibling-abuse account.
4422	https://www.reddit.com/r/rapefantasies/comments/s85kve/hate_fucked_my_older_narcisstic_abusive_sister/	FALSE_POSITIVE	SEXUAL_FANTASY_ROLEPLAY	The post is in a rape-fantasy community and frames incestuous sexual fantasy, not a real-life abuse account.
4423	https://www.reddit.com/r/Marriage/comments/s7wz93/need_advice_about_boundary_i_set_with_my_husband/	INCLUDE		Within a post about marriage abuse, the author says they grew up with a verbally abusive brother.
4424	https://www.reddit.com/r/JUSTNOFAMILY/comments/s7u3xv/i_finally_have_a_separate_room_from_my_mentally/	INCLUDE		The author describes an older sister's sustained boundary violations, retaliatory noise, sleep disruption, and psychological abuse.
4425	https://www.reddit.com/r/teenagers/comments/s7qvb7/what_are_some_interesting_things_about_your_life/	INCLUDE		The teenage author directly says they have an abusive brother.
4426	https://www.reddit.com/r/AmItheAsshole/comments/s7q1mn/aita_for_disowning_my_abusive_brother/	INCLUDE		The first-person title identifies the author's brother as abusive and concerns disowning him, although the body was removed.
4427	https://www.reddit.com/r/ptsd/comments/s7dxpk/boyfriend_broke_up_with_me_because_my_issues_were/	INCLUDE		The author reports explosive outbursts, guilt trips, coercive caretaking, and alcohol-related violence by an emotionally abusive sister.
4428	https://www.reddit.com/r/TransLater/comments/s7b6qm/sibling_violence_in_my_head/	FALSE_POSITIVE	IRRELEVANT	The post uses “sibling violence” as a metaphor for the author's internal self-criticism and describes no sibling.
4429	https://www.reddit.com/r/insaneparents/comments/s712fv/after_cutting_out_my_abusive_sister_from_my_life/	INCLUDE		The author says they cut an abusive sister out of their life to escape a toxic environment and experienced parental backlash.
4430	https://www.reddit.com/r/offmychest/comments/s6f6jb/my_abusive_brother_is_living_well_while_im/	INCLUDE		The first-person title identifies the author's brother as abusive and contrasts his life with the author's suffering.
4431	https://www.reddit.com/r/relationship_advice/comments/s6dmno/my_parents_70s_mf_refuse_to_let_us_do_anything/	INCLUDE		The author reports years of family abuse by a sister, including threats, extortion, and a recent physical attack on the author.
4432	https://www.reddit.com/r/CPTSD/comments/s653pi/sometimes_the_only_family_you_can_trust_is_the/	INCLUDE		The author identifies a brother as a major source of trauma and abuse and describes his attempted coercion during a move.
4433	https://www.reddit.com/r/CPTSD/comments/s5ljto/sometimes_all_the_anger_and_resentment_is_hard_to/	INCLUDE		The author describes hypervigilance, smear campaigns, combative behavior, and psychological attacks from an abusive sister.
4434	https://www.reddit.com/r/Advice/comments/s5f1pz/what_should_i_do_about_semiabusive_sister/	INCLUDE		The first-person advice title identifies the author's sister as semi-abusive, although the body was deleted.
4435	https://www.reddit.com/r/Parents/comments/s550bw/sibling_violence/	FALSE_POSITIVE	THIRD_PERSON_VICTIM	The generic removed post in a parenting community does not establish that the author was a sibling victim and likely concerns children.
4436	https://www.reddit.com/r/offmychest/comments/s549jm/i_used_to_bully_my_little_brother_growing_up_and/	FALSE_POSITIVE	PERPETRATOR_ONLY	The author confesses verbally and physically abusing a younger brother; the author's stated abuser was their mother.
4437	https://www.reddit.com/r/disney/comments/s4qunw/i_wrote_an_essay_about_encanto_feel_free_to_read/	FALSE_POSITIVE	FICTION_MEDIA	The post is an essay analyzing abuse and family roles in Disney's fictional film Encanto.
4438	https://www.reddit.com/r/JUSTNOFAMILY/comments/s4pvoq/toxicabusive_sister_sends_an_apology_letter/	INCLUDE		The author reports years of verbal and emotional abuse, threats, screaming, thrown objects, and manipulation by a sister.
4439	https://www.reddit.com/r/astrologyreadings/comments/s46wln/any_insights_on_my_chiron_retrograde_cancer_in/	INCLUDE		The author explicitly reports an extremely emotionally abusive sibling and says they are in therapy to heal.
4440	https://www.reddit.com/r/Parenting/comments/s2wv6c/how_to_deal_with_adult_family_bullies/	INCLUDE		The author describes an adult sibling's boundary violations, verbal abuse, coercion, and retaliatory exclusion of the author's children.
4441	https://www.reddit.com/r/AskParents/comments/s2i1vy/what_are_the_best_ways_to_combat_sibling_bullying/	INCLUDE		The author reports years of escalating bullying and abuse by an older brother, including vicious conduct and lasting scars.
4442	https://www.reddit.com/r/BackYardChickens/comments/s2203m/nursing_an_injured_roo_feeling_guilty/	FALSE_POSITIVE	NONHUMAN	The post concerns one rooster injuring another rooster described as his brother.
4443	https://www.reddit.com/r/EstrangedAdultChild/comments/s17gel/no_one_would_know_if_i_died/	INCLUDE		The author identifies an estranged sister as narcissistic, emotionally abusive, and physically abusive.
4444	https://www.reddit.com/r/TwoXChromosomes/comments/s13i61/emotionally_abusive_sibling_just_got_engaged_its/	INCLUDE		The author reports years of severe verbal and emotional abuse and physical threats by an older brother, with lasting trauma.
4445	https://www.reddit.com/r/MadeOfStyrofoam/comments/s10che/vent_trigger_warnings_suicidal_thought_self_harm/	INCLUDE		The author describes an abusive sister's manipulation, invalidation, and cyclical use of the author amid suicidal distress.
4446	https://www.reddit.com/r/FamilyProblems/comments/s0pjdd/controllingabusive_sister/	INCLUDE		The first-person family-problems title identifies the author's sister as controlling and abusive, although the body was removed.
4447	https://www.reddit.com/r/TrueOffMyChest/comments/s05qbi/stood_up_to_my_abusive_brother_and_now_im_done/	INCLUDE		The author describes decades of fear, physical and verbal abuse, a recent injury, degradation, and PTSD caused by a brother.
4448	https://www.reddit.com/r/dirtykikpals/comments/rzzayz/26_m4m_incest_rp/	FALSE_POSITIVE	SEXUAL_FANTASY_ROLEPLAY	The post solicits incest roleplay featuring an abusive brother.
4449	https://www.reddit.com/r/death/comments/rzz167/dealing_with_siblings_dad_just_died_hours_ago_and/	FALSE_POSITIVE	ORDINARY_CONFLICT	The sibling is pushy and prone to blowups while urgently clearing their newly deceased father's home, but no abusive pattern toward the author is established.
4450	https://www.reddit.com/r/SuicideWatch/comments/rzusjq/it_just_keeps_on_getting_worse/	INCLUDE		The author reports that an abusive sister continually invalidates the author's traumas and contributes to suicidal distress.
4451	https://www.reddit.com/r/Mommyissues/comments/rzpv6v/emotional_and_psychological_baggage/	INCLUDE		The author says an older abusive brother with addiction problems frequently becomes physical with them.
4452	https://www.reddit.com/r/medical/comments/rz990q/abusive_sister_bit_me_in_a_fight_is_it_infected/	INCLUDE		The title reports that the author's abusive sister bit the author during a fight.
4453	https://www.reddit.com/r/adultsurvivors/comments/rz76xl/so_i_talked_to_my_now_slightly_less_abusive/	INCLUDE		The author explicitly identifies the sister as one of their abusers while recounting discussion of a separate childhood rape.
4454	https://www.reddit.com/r/abusiverelationships/comments/ryep7f/abusive_sibling/	INCLUDE		The first-person support-community title identifies an abusive sibling, although the body was deleted.
4455	https://www.reddit.com/r/MomForAMinute/comments/rybyk8/help_with_violent_brother/	FALSE_POSITIVE	THIRD_PERSON_VICTIM	The described violence targets a puppy, stepfather, mother, and friends; the author does not report being abused or threatened by the brother.
4456	https://www.reddit.com/r/AmItheAsshole/comments/ry4dyc/aita_for_not_wanting_to_speak_to_my_mother/	INCLUDE		The title identifies the author's sibling as abusive and concerns the mother's defense of that sibling.
4457	https://www.reddit.com/r/raisedbynarcissists/comments/ry2rf2/i_want_to_block_my_mother_from_my_life/	INCLUDE		The author reports secret verbal assaults and brutality by a brother, parental blame, and four years of estrangement.
4458	https://www.reddit.com/r/AmItheAsshole/comments/rxyynx/aita_for_not_wanting_to_speak_to_my_mother/	INCLUDE		The title identifies the author's brother as abusive and concerns the mother's defense of him.
4459	https://www.reddit.com/r/yugioh/comments/rx8ury/how_good_is_contact_c_in_todays_meta/	FALSE_POSITIVE	IRRELEVANT	“Aggressive brother” metaphorically describes a Yu-Gi-Oh card in a strategy discussion.
4460	https://www.reddit.com/r/raisedbynarcissists/comments/rx7p3d/did_any_one_else_hate_picture_day/	INCLUDE		The author identifies a brother as abusive and says family members pressure the author to contact him.
4461	https://www.reddit.com/r/CPTSD/comments/rx3adl/sometimes_i_feel_like_my_abuse_is_less_valid/	INCLUDE		The author explicitly reports abuse, bullying, and physical harm by an older brother and seeks validation for resulting trauma.
4462	https://www.reddit.com/r/Vent/comments/rwlsoa/trying_to_ride_out_the_next_two_months_with/	INCLUDE		The author reports years of belittling, physical threats, choking, financial exploitation, lock changes, and psychological abuse by a sister.
4463	https://www.reddit.com/r/SingaporeRaw/comments/rvpwxq/tw_sibling_abuse_regarding_my_friend/	FALSE_POSITIVE	THIRD_PERSON_VICTIM	The author describes a friend's daily physical and verbal abuse by that friend's sister.
4464	https://www.reddit.com/r/singapore/comments/rvpuzg/tw_sibling_abuse_regarding_my_friend/	FALSE_POSITIVE	THIRD_PERSON_VICTIM	The title explicitly frames the sibling-abuse victim as the author's friend.
4465	https://www.reddit.com/r/Advice/comments/rvb1x1/i_was_sexually_abused_by_my_brother/	INCLUDE		The author gives a detailed account of childhood sexual abuse, coercion, pornography exposure, and later knife threats by a brother.
4466	https://www.reddit.com/r/AmItheAsshole/comments/rvaw76/wibta_if_i_file_a_report_against_my_abusive/	INCLUDE		The title concerns the author filing a report against their abusive brother and is an adjacent removed version of the detailed account.
4467	https://www.reddit.com/r/AmItheAsshole/comments/rvasu9/aita_for_reporting_my_abusive_brother/	INCLUDE		The title concerns the author reporting their abusive brother and is an adjacent removed version of the detailed account.
4468	https://www.reddit.com/r/socialanxiety/comments/ruwkns/upset_about_life/	INCLUDE		The author reports living with an abusive sister whose renewed harmful behavior compounds isolation and distress.
4469	https://www.reddit.com/r/AmItheAsshole/comments/rtuie1/aita_for_being_friends_with_someone_my_sibling/	INCLUDE		The author describes a sibling's aggressive yelling, intimidation, unsafe driving, and recurring family guilt campaigns over the author's friendships.
4470	https://www.reddit.com/r/TwoXIndia/comments/rtlf48/i_didnt_wished_hny_to_most_people_in_my_life/	INCLUDE		The author says an abusive brother has made life hell and wants to move out and end contact.
4471	https://www.reddit.com/r/u_ManEater66/comments/rtl5cc/aita_for_not_wanting_to_spend_christmas_with_my/	INCLUDE		The author reports lifelong physical and mental abuse by an older sister, including hair dragging, knife threats, attacks, and theft.
4472	https://www.reddit.com/r/Advice/comments/rt9wvx/how_do_you_ignore_a_toxic_passive_aggressive/	INCLUDE		The first-person advice title describes an own sibling as toxic and passive-aggressive and asks how to ignore their behavior.
4473	https://www.reddit.com/r/abusesurvivors/comments/rqtf9b/boyfriends_brother_sexually_abused_him_and_he_has/	FALSE_POSITIVE	THIRD_PERSON_VICTIM	The sexual-abuse victim is the author's boyfriend, abused by his brother.
4474	https://www.reddit.com/r/relationship_advice/comments/rqmc1t/my_ex_associates_with_weird_people_and_we_share_a/	FALSE_POSITIVE	THIRD_PERSON_VICTIM	The author reports that an ex-partner was molested by the ex's oldest brother and worries about their shared child.
4475	https://www.reddit.com/r/AmItheAsshole/comments/rqf0ce/wibta_if_i_confronted_my_abusive_brother/	INCLUDE		The first-person title identifies the author's brother as abusive and concerns confronting him.
4476	https://www.reddit.com/r/abusesurvivors/comments/rps5he/cutting_ties_with_my_abusive_brother/	INCLUDE		The author reports years of controlling verbal abuse, frightening outbursts, emotional attacks, and being pinned by the throat by a brother.
4477	https://www.reddit.com/r/TrueOffMyChest/comments/rpnjwe/im_cutting_ties_with_my_abusive_brother/	INCLUDE		The author reports years of controlling verbal abuse, frightening outbursts, emotional attacks, and being pinned by the throat by a brother.
4478	https://www.reddit.com/r/JUSTNOFAMILY/comments/rph0ae/my_parents_shit_relationship_ruined_my_idea_of/	FALSE_POSITIVE	ORDINARY_CONFLICT	The post focuses on parental abuse and marital dysfunction; it only calls a sibling passive-aggressive without describing sibling abuse.
4479	https://www.reddit.com/r/JUSTNOFAMILY/comments/rpcrsf/my_brother/	INCLUDE		The author reports childhood violence, being thrown, chronic family terror, adult verbal threats, and intimidation by an older brother.
4480	https://www.reddit.com/r/AMA/comments/rp6rn4/i_was_an_abusive_brother_ama/	FALSE_POSITIVE	PERPETRATOR_ONLY	The author confesses beating, threatening with a knife, frightening, and hitting a much younger sister.
4481	https://www.reddit.com/r/confession/comments/rp6ka5/i_was_an_abusive_brother_i_beat_up_my_little/	FALSE_POSITIVE	PERPETRATOR_ONLY	The title is a confession that the author abused and threatened a younger sister.
4482	https://www.reddit.com/r/JUSTNOFAMILY/comments/rohx6a/christmas_alone/	INCLUDE		The author says they pressed charges against a brother who abused them and now avoid the home where he lives.
4483	https://www.reddit.com/r/relationship_advice/comments/rofdgu/my_parents_are_spending_christmas_with_my/	INCLUDE		The author reports childhood sexual molestation by a brother and family rejection after disclosure.
4484	https://www.reddit.com/r/AnnabelReddXXX/comments/ro704m/hot_redhead_bully_sister_bullied_by_brothers_cock/	FALSE_POSITIVE	SEXUAL_FANTASY_ROLEPLAY	The title advertises incest pornography rather than a real-life abuse account.
4485	https://www.reddit.com/r/CPTSD/comments/ro4dtd/tw_mentions_suicidesibling_abuse/	INCLUDE		The author reports years of verbal, physical, and mental abuse by an older brother that contributed to childhood suicide attempts and lasting terror.
4486	https://www.reddit.com/r/mentalhealth/comments/ro2551/my_abusive_sibling_is_suddenly_better_and_its/	INCLUDE		The author reports lifelong emotional and occasional physical abuse by a sister and current panic caused by the sister's sudden behavior change.
4487	https://www.reddit.com/r/raisedbyborderlines/comments/ro09l4/stood_up_to_mom_about_christmas_it_seems_to_have/	INCLUDE		The author avoids family Christmas because an abusive brother openly abuses and humiliates them while relatives enable it.
4488	https://www.reddit.com/r/offmychest/comments/ro04j9/i_am_ashamed_of_my_family/	INCLUDE		The author describes an aggressive brother within a frightening, hostile family environment the author repeatedly wants to escape.
4489	https://www.reddit.com/r/Advice/comments/rnu2q4/am_i_the_problem_for_hating_my_violent_brother/	FALSE_POSITIVE	THIRD_PERSON_VICTIM	The brother violently abuses the mother and younger sister; the author explicitly says he does not do anything to her beyond one torn drawing.
4490	https://www.reddit.com/r/antiwork/comments/rn3n7u/we_havent_had_any_new_dishwashers_for_months_i/	INCLUDE		The author says they are trapped living and working with a neglectful and abusive brother after conflict over necessities and transportation.
4491	https://www.reddit.com/r/siblingsupport/comments/rmsozz/emotionally_abusive_sibling_and_the_holidays/	INCLUDE		The author describes an older sibling's longstanding manipulation, screaming, destabilization, and frightening behavior during a holiday visit.
4492	https://www.reddit.com/r/relationship_advice/comments/rmpf6s/my_family_continue_to_support_my_abusive_sibling/	INCLUDE		The author reports years of death threats, verbal attacks, and physical violence by an older brother, resulting in homelessness and trauma.
4493	https://www.reddit.com/r/venting/comments/rmkdod/shitty_abusive_brother/	INCLUDE		The first-person vent title explicitly identifies the author's brother as abusive, although the body was deleted.
4494	https://www.reddit.com/r/rapecounseling/comments/rmgz6t/how_do_i_forgive_my_mother_for_protecting_my/	INCLUDE		The author reports childhood sexual assault by a brother and later discovery that the mother helped him evade accountability.
4495	https://www.reddit.com/r/relationships/comments/rmgwap/how_do_i_f34_forgive_my_mother_f60_for_protecting/	INCLUDE		The first-person title identifies the author's brother as abusive and concerns the mother's protection of him.
4496	https://www.reddit.com/r/family/comments/rm5ovz/how_do_i_19f_deal_with_an_emotionally_abusive/	INCLUDE		The author reports daily berating, insults, manipulation, intimidation, and occasional physical aggression by an older brother.
4497	https://www.reddit.com/r/CPTSD/comments/rlqpim/tis_the_season_to_be_guilttripped/	INCLUDE		The author reports years of physical abuse by a mentally ill brother and renewed manipulative contact after no contact.
4498	https://www.reddit.com/r/domesticviolence/comments/rln6wx/sibling_abuse_is_real/	INCLUDE		The first-person survivor-community title asserts sibling abuse is real, although the body was removed.
4499	https://www.reddit.com/r/raisedbynarcissists/comments/rlmu8l/how_would_you_handle_this_parentfam_sabatoge/	INCLUDE		The author identifies a brother as abusive within a family campaign of lies, gaslighting, and interpersonal sabotage directed at the author.
4500	https://www.reddit.com/r/relationship_advice/comments/rlj846/how_to_deal_with_my_32_f_parents_60ish_wanting_to/	INCLUDE		The author reports repeated screaming, insults, hateful messages, wishes of harm toward her unborn child, and other abuse by a younger brother.
4501	https://www.reddit.com/r/heartbreak/comments/rkn7mf/made_so_many_plans_and_promises_but_we_ended_it/	FALSE_POSITIVE	WRONG_RELATION	The abusive sister belongs to the author's ex-partner and primarily bullied that partner; she is not the author's own sibling.
4502	https://www.reddit.com/r/BreakUps/comments/rkn6og/made_so_many_plans_and_we_ended_with_a_break_up/	FALSE_POSITIVE	WRONG_RELATION	The abusive sister belongs to the author's ex-partner and primarily bullied that partner; she is not the author's own sibling.
4503	https://www.reddit.com/r/BreakUps/comments/rkmj1o/ex_left_the_apartment_and_me_for_her_abusive/	FALSE_POSITIVE	WRONG_RELATION	The verbally abusive sister is the author's ex-girlfriend's sibling, not the author's own sibling.
4504	https://www.reddit.com/r/VRchat/comments/rk5l6x/weird_encounter_in_the_black_cat_tw_abuse/	FALSE_POSITIVE	THIRD_PERSON_VICTIM	The author recounts possibly overhearing a stranger being beaten by her sister in VRChat and doubts whether it was real.
4505	https://www.reddit.com/r/ask/comments/rjy4xm/how_can_i_deal_with_my_abusive_brother/	INCLUDE		The first-person advice title explicitly identifies the author's brother as abusive, although the body was removed.
4506	https://www.reddit.com/r/ask/comments/rjy3je/how_can_i_deal_with_my_abusive_brother/	INCLUDE		The first-person advice title explicitly identifies the author's brother as abusive, although the body was removed.
4507	https://www.reddit.com/r/ask/comments/rjy1ng/how_can_i_deal_with_my_abusive_brother/	INCLUDE		The first-person advice title explicitly identifies the author's brother as abusive, although the body was removed.
4508	https://www.reddit.com/r/ask/comments/rjxvfy/how_can_i_deal_with_my_abusive_brother/	INCLUDE		The first-person advice title explicitly identifies the author's brother as abusive, although the body was removed.
4509	https://www.reddit.com/r/ask/comments/rjxsrr/how_can_i_deal_with_my_abusive_brother/	INCLUDE		The first-person advice title explicitly identifies the author's brother as abusive, although the body was removed.
4510	https://www.reddit.com/r/CPTSD/comments/rjgn80/how_to_see_humanity_in_your_abusive_sibling_any/	INCLUDE		The author reports severe emotional abuse by a golden-child sister that left the author feeling worthless and emotionally impaired for years.
4511	https://www.reddit.com/r/DuggarsSnark/comments/rj41cp/jane_does_14_and_anger/	FALSE_POSITIVE	NEWS_THIRD_PERSON	The post comments on the publicly reported Duggar abuse case and its victims, not the author's own sibling experience.
4512	https://www.reddit.com/r/raisedbynarcissists/comments/rj37mg/feeling_lonely_and_scared/	INCLUDE		The author reports lifelong fear of and avoidance of an abusive sibling within a family environment of abuse by older male relatives.
4513	https://www.reddit.com/r/DuggarsSnark/comments/rip5nu/too_many_kids_and_counting_season_1_episode_5/	FALSE_POSITIVE	NEWS_THIRD_PERSON	The post recaps and critiques a reality-television episode and the publicly known Duggar family abuse scandal.
4514	https://www.reddit.com/r/raisedbynarcissists/comments/rimez8/did_anyone_else_have_an_equally_abusive_sibling/	INCLUDE		The author reports privacy violations, voyeurism, hitting, false accusations, and calculated triggering of parental beatings by an older brother.
4515	https://www.reddit.com/r/family/comments/rigzdt/siblings_of_aggressive_children/	FALSE_POSITIVE	ORDINARY_CONFLICT	The author asks generally about siblings of aggressive children and cites a brother's drugs, theft, and legal trouble, but no abuse directed at the author.
4516	https://www.reddit.com/r/CPTSDmemes/comments/riau1n/golden_child_entitled_abusive_sister_facts/	UNCERTAIN	INSUFFICIENT_CONTEXT	The title may refer to the author's own sister or a generic meme trope, and the empty body provides no first-person context.
4517	https://www.reddit.com/r/selfharm/comments/rhvq23/is_this_relapse/	INCLUDE		The author reports degradation, screaming, psychological torture, and a self-harm relapse while living with an abusive sister.
4518	https://www.reddit.com/r/CPTSDmemes/comments/rhrb13/are_we_ready_to_talk_about_sibling_abuse_yet/	FALSE_POSITIVE	META_RESEARCH	The generic discussion/meme title contains no first-person sibling-abuse account, and the body was deleted.
4519	https://www.reddit.com/r/CPTSDmemes/comments/rgo2o0/sibling_abuse_is_real_and_horrendous/	FALSE_POSITIVE	META_RESEARCH	The generic statement about sibling abuse contains no first-person account and the body is empty.
4520	https://www.reddit.com/r/askatherapist/comments/rfsnc5/sibling_abuse_and_the_implication_21_years_later/	INCLUDE		The author reports childhood sexual abuse by an older brother and discusses continuing family-safety concerns decades later.
4521	https://www.reddit.com/r/askpsychologists/comments/rfqvk0/can_therapy_be_harmful_to_certain_people_or_does/	FALSE_POSITIVE	THIRD_PERSON_VICTIM	The author describes a family friend's possibly fabricated claim that her brother raped her; this is not the author's sibling account.
4522	https://www.reddit.com/r/therapyabuse/comments/rfl7r5/please_help_i_think_im_going_off_the_deep_end/	FALSE_POSITIVE	THIRD_PERSON_VICTIM	The sibling-abuse scenario comes from another mother's post that triggered the author; the author's own described abuse was parental.
4523	https://www.reddit.com/r/family/comments/rfkt7f/brother_is_a_domestic_abuser_is_this_forgivable/	INCLUDE		The author reports a brother's domestic abuse of his wife and abusive communications with family members severe enough that the author fled the shared home.
4524	https://www.reddit.com/r/offmychest/comments/rehrgx/adivce_ft_sibling_aggression_16f/	INCLUDE		The 16-year-old's first-person advice title identifies sibling aggression affecting her, although the body was removed.
4525	https://www.reddit.com/r/AmItheAsshole/comments/re87wd/aita_for_defending_myself_from_my_abusive_sister/	INCLUDE		The title reports the author defending themself from an abusive sister.
4526	https://www.reddit.com/r/BPDFamily/comments/rdiqwm/when_there_is_no_getting_away_the_grief_of/	INCLUDE		The author reports relentless screaming, aggression, degrading texts, emotional abuse, and a recent physical assault by a sister.
4527	https://www.reddit.com/r/whatsthatbook/comments/rcel13/lonely_girl_who_spent_years_with_an_abusive_sister/	FALSE_POSITIVE	FICTION_MEDIA	The author is searching for a novel about a fictional girl and her abusive sister.
4528	https://www.reddit.com/r/Ni_Bondha/comments/rb238s/venting_out_idk_what_my_life_has_come_to/	INCLUDE		The author reports living in fear while a brother screamed, broke objects, beat the mother, and physically and emotionally abused both of them.
4529	https://www.reddit.com/r/Rants/comments/ra6eq5/im_angry_and_am_continuing_to_be_aggressive_with/	INCLUDE		The author reports being subjected to a co-resident brother's repeated anger outbursts and hostility and acknowledges imitating that aggression toward family.
4530	https://www.reddit.com/r/relationships/comments/ra5cn2/abusive_sibling_wont_stop_harassing_my_family/	INCLUDE		The title reports an abusive sibling persistently harassing the author's family, although the body was removed.
4531	https://www.reddit.com/r/FamilyIssues/comments/ra5c3y/abusive_sibling_wont_stop_harassing_my_family/	INCLUDE		The author reports a decade of emotional, mental, and physical abuse plus current stalking-like visits, theft, lies, and family harassment by a sister.
4532	https://www.reddit.com/r/relationship_advice/comments/ra5blo/abusive_sibling_wont_stop_harassing_my_family/	INCLUDE		The author reports a decade of emotional, mental, and physical abuse plus current stalking-like visits, theft, lies, and family harassment by a sister.
4533	https://www.reddit.com/r/unpopularopinion/comments/r9pn7y/sibling_abuse_should_be_taken_as_seriously_as/	INCLUDE		The author gives a detailed account of years of attacks, beatings, biting, scratching, near-drowning, broken bones, and torn ligaments caused by an older sister.
4534	https://www.reddit.com/r/Degrassi/comments/r9oydj/hot_topic_social_issues_that_degrassi_skirted/	FALSE_POSITIVE	FICTION_MEDIA	The post lists social issues a fictional television series did not cover sufficiently.
4535	https://www.reddit.com/r/OMORI/comments/r90iv2/what_are_some_of_the_incorrect_theories_you/	FALSE_POSITIVE	FICTION_MEDIA	The post discusses an incorrect theory that a fictional video-game character was an abusive sister.
4536	https://www.reddit.com/r/legaladvice/comments/r8puzk/can_i_sue_my_abusive_sister_or_mom_years_later/	INCLUDE		The title asks whether the author can sue an abusive sister or mother for past harm.
4537	https://www.reddit.com/r/HomeschoolRecovery/comments/r8d86d/sibling_abuse/	INCLUDE		The author says two older brothers badly tormented them and asks other survivors how they dealt with similar abuse.
4538	https://www.reddit.com/r/lgbt/comments/r7mg9w/so_i_officially_came_out_as_trans_at_work_this/	INCLUDE		The author reports having to cut all contact with an abusive brother while coming out as transgender.
4539	https://www.reddit.com/r/incestcreampie/comments/r42t97/sibling_abuse/	FALSE_POSITIVE	SEXUAL_FANTASY_ROLEPLAY	The empty post is in an explicit incest-pornography community, not a survivor account.
4540	https://www.reddit.com/r/sexualassault/comments/r3v7jn/sibling_abuse/	FALSE_POSITIVE	THIRD_PERSON_VICTIM	The author reports learning that his wife was molested by her older brother.
4541	https://www.reddit.com/r/MadeOfStyrofoam/comments/r35pfu/i_confronted_my_abusive_sister_fjdjfijakd/	INCLUDE		The author reports shaking and crying after confronting an abusive sister.
4542	https://www.reddit.com/r/AmItheAsshole/comments/r2cry1/aita_for_breaking_up_the_family/	INCLUDE		The author reports emotional abuse by an older sibling who became their custodian, later recognizing the resulting trauma in therapy.
4543	https://www.reddit.com/r/ExtremeAsianFilms/comments/r25f7n/brother_of_darkness/	FALSE_POSITIVE	FICTION_MEDIA	The post summarizes a film plot involving fictional sibling abuse and murder.
4544	https://www.reddit.com/r/CPTSD/comments/r1r0nl/i_just_confronted_my_abusive_enabler_mother_tw/	INCLUDE		The author reports sexual assault by a brother, years of feeling unsafe, and being forced to lie to child protection authorities.
4545	https://www.reddit.com/r/AmItheAsshole/comments/r1oxkl/wibta_if_i_refused_to_eat_a_thanksgiving_meal/	INCLUDE		The title concerns refusing a family meal attended by the author's abusive brother.
4546	https://www.reddit.com/r/LegalAdviceUK/comments/r1ou36/my_abusive_brother_has_had_two_slaps_on_the_wrist/	INCLUDE		The author reports being punched in the face four times and subjected to threats, insults, coercion, and household violence by a younger brother.
4547	https://www.reddit.com/r/whatsthatbook/comments/r1job2/girls_abusive_sister_dies_book/	FALSE_POSITIVE	FICTION_MEDIA	The author is trying to identify a book whose protagonist has an abusive sister.
4548	https://www.reddit.com/r/raisedbynarcissists/comments/r18e1i/do_i_keep_4_year_old_daughter_from_her/	INCLUDE		The author reports renewed sinister comments, months of verbal attacks, and longstanding emotional abuse by a sister.
4549	https://www.reddit.com/r/adhdwomen/comments/r12r41/dealing_with_emotional_overwhelmpossibly_creeping/	INCLUDE		The author identifies a brother as abusive and says he weaponizes the author's social isolation against them.
4550	https://www.reddit.com/r/offmychest/comments/r0euqe/i_hate_my_disrespectful_and_abusive_brother_with/	INCLUDE		The author reports a brother's history of physical abuse plus current misogynistic insults and verbal abuse.
4551	https://www.reddit.com/r/Vent/comments/r0cx4m/my_mom_would_rather_spend_time_with_my_abusive/	INCLUDE		The author reports years of screaming, insults, emotional abuse, and a past physical assault by an older sister.
4552	https://www.reddit.com/r/legaladvice/comments/r01j9r/i_have_an_abusive_sibling_and_a_family_that_wont/	INCLUDE		The author reports an older sister's mental abuse, threats, aggression, gaslighting, and manipulation, causing the author to hide and feel unsafe.
4553	https://www.reddit.com/r/siblingsupport/comments/qzgfqj/am_i_an_abusive_brother/	FALSE_POSITIVE	PERPETRATOR_ONLY	The author admits repeatedly punching a younger brother while questioning the brother's claim of abuse.
4554	https://www.reddit.com/r/MomForAMinute/comments/qz7uth/i_nearly_totalled_my_car_today/	INCLUDE		The author identifies their brother as abusive while fearing being compared to him after a car accident.
4555	https://www.reddit.com/r/reactiongifs/comments/qyuxs8/mrw_my_verbally_abusive_sister_asks_to_be_part_of/	INCLUDE		The title reports that the author's verbally abusive sister is seeking renewed involvement in the author's life.
4556	https://www.reddit.com/r/emotionalabuse/comments/qyfdq9/how_would_you_handle_abusive_sister_at_xmas/	INCLUDE		The author reports lifelong bullying, degradation, mocking, screaming, ganging-up, and deliberate intimidation by a sister.
4557	https://www.reddit.com/r/LifeAfterNarcissism/comments/qyec17/how_would_you_handle_xmas_with_abusive_sister/	INCLUDE		The first-person survivor-community title concerns managing Christmas with the author's abusive sister.
4558	https://www.reddit.com/r/Advice/comments/qybgew/ive_taken_in_my_roommates_abusive_sister_my/	FALSE_POSITIVE	THIRD_PERSON_VICTIM	The author is helping a roommate's sister abused by parents and a stepfather; the author does not report abuse by their own sibling.
4559	https://www.reddit.com/r/SuicideWatch/comments/qy3o2l/i_just_want_it_all_to_end/	INCLUDE		The author reports a sister's ongoing abuse, parental permission of it, and resulting severe suicidal distress.
4560	https://www.reddit.com/r/Antipsychiatry/comments/qxme2m/meds_and_isolation_therapy_just_dont_do_shit_for/	INCLUDE		The author identifies an extremely abusive brother as one source of trauma and persistent psychiatric symptoms.
4561	https://www.reddit.com/r/legaladvice/comments/qxlkvo/possible_sibling_abuse/	FALSE_POSITIVE	THIRD_PERSON_VICTIM	The author is a parent concerned that a son may have sexually abused a daughter and asks about legal consequences.
4562	https://www.reddit.com/r/CPTSD/comments/qx0nba/adult_survivors_of_sibling_abuse/	INCLUDE		The author reports years of attacks, slaps, punches, kicks, and other physical abuse by an older sister and lasting trauma.
4563	https://www.reddit.com/r/AusLegal/comments/qwhvp5/custody_issue_involving_sibling_abuse_trigger/	FALSE_POSITIVE	THIRD_PERSON_VICTIM	The removed legal-custody title does not establish the author as a sibling victim and likely concerns abuse between children.
4564	https://www.reddit.com/r/auslaw/comments/qwhttd/case_law_or_examples_of_family_law_regarding/	FALSE_POSITIVE	META_RESEARCH	The author seeks case law about custody decisions involving sibling sexual abuse without providing a personal victim account.
4565	https://www.reddit.com/r/relationships/comments/qwd0ni/venting_and_also_trigger_warning_about_abusive/	INCLUDE		The first-person vent title identifies an abusive sibling, although the body was removed.
4566	https://www.reddit.com/r/creepypasta/comments/qw98fr/help_me/	FALSE_POSITIVE	FICTION_MEDIA	The author is searching for a fictional creepypasta involving an abusive brother.
4567	https://www.reddit.com/r/asoiaf/comments/qw1cnu/spoilers_main_anyone_else_felt_really_heartbroken/	FALSE_POSITIVE	FICTION_MEDIA	The post discusses fictional characters and events in A Song of Ice and Fire.
4568	https://www.reddit.com/r/MakeNewFriendsHere/comments/quh7j1/19m_ugh_online_classes_are_making_me_sick/	INCLUDE		The author offers to discuss their abusive sibling with prospective friends, directly indicating a personal experience.
4569	https://www.reddit.com/r/Advice/comments/quesdc/im_scared_to_leave_home/	INCLUDE		The teenage author says they need to leave home because of an abusive sister and fear becoming more suicidal if they stay.
4570	https://www.reddit.com/r/AskReddit/comments/quel2x/im_scared_to_be_independent_like_im_not_ready_yet/	INCLUDE		The title says the author must leave home to escape an abusive sister despite anxiety about independence.
4571	https://www.reddit.com/r/abusesurvivors/comments/qu4xja/feeling_lonely_cause_my_parents_protect_abusive/	INCLUDE		The author reports a sister's extreme violence, 14-hour confinement, death threats, destruction, attacks, and lifelong targeting.
4572	https://www.reddit.com/r/abusivesiblings/comments/qu4l8j/i_feel_lonely_cause_my_parents_will_never/	INCLUDE		The author reports a sister's extreme violence, 14-hour confinement, death threats, destruction, attacks, and lifelong targeting.
4573	https://www.reddit.com/r/domesticviolence/comments/qtzli6/how_do_i_spend_time_around_my_abusive_brother_in/	FALSE_POSITIVE	WRONG_RELATION	The abusive person is the author's brother-in-law, who emotionally abuses the author's sister.
4574	https://www.reddit.com/r/domesticviolence/comments/qttela/my_parents_sided_with_my_domestic_abuser_over_me/	INCLUDE		The author gives a detailed account of a brother beating and kicking her, attacking her with a fan and flashlight, dragging her by the hair, and abusing her dog.
4575	https://www.reddit.com/r/relationships/comments/qtqot9/my_16m_grandmother_59f_is_being_manipulated_by_my/	INCLUDE		The author reports near-daily beatings, suffocation, punches, groin kicks, head-bashing, theft, and pursuit by a brother.
4576	https://www.reddit.com/r/abusesurvivors/comments/qtgbwn/sibling_abuse/	INCLUDE		The author reports a brother's screaming, threats, deliberate triggering of panic attacks, destruction, and severe verbal abuse.
4577	https://www.reddit.com/r/AlAnon/comments/qt7fob/not_sure_if_i_fit_in_at_al_anon_wonder_what_the/	FALSE_POSITIVE	THIRD_PERSON_VICTIM	The abusive brother belonged to the author's mother in her childhood; the author discusses intergenerational effects.
4578	https://www.reddit.com/r/AmItheAsshole/comments/qt12a9/aita_for_not_wanting_to_be_around_my_abusive/	INCLUDE		The first-person title identifies the author's brother as abusive and concerns avoiding him at Christmas.
4579	https://www.reddit.com/r/ender/comments/qt0cg6/ender_had_a_terrible_life/	FALSE_POSITIVE	FICTION_MEDIA	The post discusses Ender and his abusive brother in a fictional novel series.
4580	https://www.reddit.com/r/JUSTNOFAMILY/comments/qsx6vz/for_those_who_cut_off_their_siblings_after_moving/	INCLUDE		The title says the author plans to permanently cut an abusive sibling out of their life after moving.
4581	https://www.reddit.com/r/DysfunctionalFamily/comments/qswy51/for_those_who_cut_off_their_siblings_after_moving/	INCLUDE		The title says the author plans to permanently cut an abusive sibling out of their life after moving.
4582	https://www.reddit.com/r/CPTSD/comments/qsnmjj/feeling_stuck_hoping_to_learn_from_your/	INCLUDE		The author reports confronting an abusive sister and suspending contact while working through trauma and low self-worth.
4583	https://www.reddit.com/r/relationship_advice/comments/qrwgv3/should_i_tell_my22f_dad_59m_how_big_of_a_pos_hes/	INCLUDE		Within a post about paternal abuse, the author reports years of brutal, deliberate bullying by two older brothers while the father enabled and joined it.
4584	https://www.reddit.com/r/CPTSD/comments/qr6yyy/cptsd_anxiety_and_depression_are_intense_today/	INCLUDE		The author identifies sibling abuse as part of the complex trauma underlying lifelong anxiety, depression, dissociation, and suicidality.
4585	https://www.reddit.com/r/NoContactTales/comments/qqkhsd/happy_cakeday_rnocontacttales_today_youre_7/	FALSE_POSITIVE	REPOST_ARCHIVE	The automated anniversary post merely lists links to other users' popular posts, including one about an abusive sibling.
4586	https://www.reddit.com/r/DysfunctionalFamily/comments/qqgi2q/my_middleaged_sister_lives_with_and_is_verbally/	FALSE_POSITIVE	THIRD_PERSON_VICTIM	The sister's verbal and emotional abuse is directed at the author's elderly mother, not the author.
4587	https://www.reddit.com/r/relationships/comments/qq5e7o/my_25m_girlfriends_brother_30m_is_draining_her/	FALSE_POSITIVE	WRONG_RELATION	The abusive brother is the author's girlfriend's sibling and primarily abuses her parents financially and emotionally.
4588	https://www.reddit.com/r/SuicideWatch/comments/qq2d1b/driven_to_suicidality_by_an_abusive_sibling_need/	INCLUDE		The title explicitly says abuse by the author's sibling drove the author to suicidality.
4589	https://www.reddit.com/r/CPTSD/comments/qpy6wv/coping_with_sibling_abuse/	INCLUDE		The author describes choosing no contact with a female sibling whose abuse damaged the family and the author's healing.
4590	https://www.reddit.com/r/CPTSD/comments/qpt07x/it_felt_like_a_real_simulation/	INCLUDE		The author identifies childhood sibling abuse as an early source of complex trauma, dissociation, and family stress.
4591	https://www.reddit.com/r/family/comments/qour3g/sometimes_i_want_to_text_my_parents_but_then_i/	INCLUDE		The author gives a detailed account of years of verbal degradation, death and rape threats, intimidation with weapons, and emotional abuse by a brother.
4592	https://www.reddit.com/r/CPTSD/comments/qotbz6/did_anyone_else_experience_sibling_abuse/	INCLUDE		The author reports confinement, terror, knife chasing, false accusations, physical bullying, and coerced sibling violence by younger brothers.
4593	https://www.reddit.com/r/ftm/comments/qoluax/unable_to_come_out_to_family_due_to_violent/	INCLUDE		The title says a violent brother prevents the author from safely coming out to family.
4594	https://www.reddit.com/r/asoiaf/comments/qna9lb/dany_lemon_trees_and_the_second_dance_of_the/	FALSE_POSITIVE	FICTION_MEDIA	The post analyzes Daenerys and her abusive brother in A Song of Ice and Fire.
4595	https://www.reddit.com/r/rapecounseling/comments/qmmorp/sexually_abused_by_brother/	INCLUDE		The author gives a detailed first-person account of grooming, pornography exposure, and repeated childhood sexual abuse by an older brother.
4596	https://www.reddit.com/r/EstrangedAdultChild/comments/qmimdy/1_year_living_my_life_nc/	INCLUDE		The author reports three years of no contact with an abusive brother and improved wellbeing after broader family estrangement.
4597	https://www.reddit.com/r/lonely/comments/qmcclq/abusive_sister_broke_her_nail_inside_of_me_and/	INCLUDE		The title reports a physical assault by the author's abusive sister severe enough that her nail broke inside the author.
4598	https://www.reddit.com/r/CPTSD/comments/qlubrt/dae_overwhelmed_left_feeling_crazy_after_therapy/	INCLUDE		The author states that a brother sexually abused them and describes severe distress while processing that trauma in therapy.
4599	https://www.reddit.com/r/asktransgender/comments/qloa87/trans_ocd_or_denial/	INCLUDE		The author identifies a brother as abusive and possibly sexually abusive, which a psychologist links to the author's trauma response.
4600	https://www.reddit.com/r/raisedbynarcissists/comments/qleplf/a_mother_is_only_as_happy_as_her_saddest_child/	INCLUDE		The author identifies an abusive brother as one of the only family members available during years of severe trauma and suicidality.
4601	https://www.reddit.com/r/depression_help/comments/ql595r/help_getting_out_of_a_depressive_episode/	INCLUDE		The author reports an abusive sister's theft, insults, yelling, exploitation, and repeated impunity worsening a depressive episode.
4602	https://www.reddit.com/r/abusiveparents/comments/qkxun5/sibling_abuse/	INCLUDE		The author reports sexualized behavior, blackmail, confinement, stalking, pinching until bleeding, spitting, hair pulling, and physical restraint by a brother.
4603	https://www.reddit.com/r/Dissociation/comments/qkw4q4/17_disassociated_for_4_months_now/	INCLUDE		The teenage author reports moving in with an abusive brother immediately before severe dissociation, anxiety, and psychiatric symptoms began.
4604	https://www.reddit.com/r/AmItheAsshole/comments/qkq7pq/aita_for_not_listening_to_her_about_my_abusive/	INCLUDE		The first-person title identifies the author's brother as abusive, although the body was removed.
4605	https://www.reddit.com/r/raisedbynarcissists/comments/qkoybw/when_i_was_younger_i_used_to_think_that_my/	FALSE_POSITIVE	THIRD_PERSON_VICTIM	The post reveals that the author's aunt was mocked and beaten by the author's mother, who was the aunt's abusive sister.
4606	https://www.reddit.com/r/u_Throwawaydhsiaoams7/comments/qkojmd/just_when_i_think_things_are_getting_good_they/	INCLUDE		The author is breaking down while preparing to move back in with an abusive sister and describes feeling trapped and hopeless.
4607	https://www.reddit.com/r/findareddit/comments/qkn6r4/i_am_having_a_crisis_in_the_relationship_between/	INCLUDE		The first-person title describes a relationship crisis between the author and the author's narcissistic, abusive sister.
4608	https://www.reddit.com/r/Advice/comments/qkm8e9/serious_regarding_a_minor/	FALSE_POSITIVE	THIRD_PERSON_VICTIM	The author is asking how to help a 16-year-old friend who is trapped and financially controlled by the friend's sisters.
4609	https://www.reddit.com/r/legaladvice/comments/qkm661/serious_regarding_a_minor/	FALSE_POSITIVE	THIRD_PERSON_VICTIM	The author is asking how to help a 16-year-old friend who is trapped and financially controlled by the friend's sisters.
4610	https://www.reddit.com/r/FamilyProblems/comments/qkfkzy/toxic_mother_daughter_relationship/	INCLUDE		The author says they live alone partly because their brother was violent and extremely abusive.
4611	https://www.reddit.com/r/CPTSD/comments/qk5gcf/am_i_wrong/	INCLUDE		The author reports that a brother hits them, leaves bruises, makes them bleed, and contributes to suicidal thoughts.
4612	https://www.reddit.com/r/FamilyProblems/comments/qk4mjj/abusive_brother/	INCLUDE		The teenage author describes being threatened with a broom by a brother and locking themself in a bathroom for safety.
4613	https://www.reddit.com/r/CPTSD/comments/qjkgil/even_when_im_doing_okay_my_mind_still_decides_to/	INCLUDE		The author recounts a brother sexually manipulating and posing the author while asleep and trying to involve a friend.
4614	https://www.reddit.com/r/WitchesVsPatriarchy/comments/qhu1ex/death_and_complications/	INCLUDE		The author describes a brother as abusive in multiple ways, has no relationship with him, and panics at the possibility of seeing him at a funeral.
4615	https://www.reddit.com/r/AmItheAsshole/comments/qhr6n7/wibta_if_i_talked_to_my_abusive_sister_about_her/	INCLUDE		The teenage author reports that an older sister beat, screamed at, mocked, and pushed them.
4616	https://www.reddit.com/r/raisedbynarcissists/comments/qhqf4m/am_i_in_the_wrong_for_thinking_my_family_was/	INCLUDE		The author describes an older sister's violence, destruction, insults, undermining, screaming, and attempt to swing at the author.
4617	https://www.reddit.com/r/angry/comments/qhdmr8/angry_do_i_get_even/	FALSE_POSITIVE	WRONG_RELATION	The emotionally abusive sibling belongs to the author's romantic partner, not to the author.
4618	https://www.reddit.com/r/helpme/comments/qfslwq/please_help_mei_think_it_not_too_late/	FALSE_POSITIVE	PERPETRATOR_ONLY	The author admits beating and abusing a six-year-old brother and chasing him with a knife, rather than reporting victimization by a sibling.
4619	https://www.reddit.com/r/MM_RomanceBooks/comments/qfiscx/if_youre_a_fan_of_fairytale_retellings_check_out/	FALSE_POSITIVE	FICTION_MEDIA	This is a recommendation for a fictional book whose content warnings include sibling abuse.
4620	https://www.reddit.com/r/vancouver/comments/qejo0e/i_am_a_college_student_volunteering_at_an/	FALSE_POSITIVE	THIRD_PERSON_VICTIM	A college volunteer asks whether to report a 14-year-old's disclosure of being bullied by a sibling.
4621	https://www.reddit.com/r/Advice/comments/qej6hm/special_needs_brother_has_been_physically_harming/	FALSE_POSITIVE	THIRD_PERSON_VICTIM	The author's brother is physically abusing their mother, while the author asks how to protect the mother and younger brothers without describing personal victimization.
4622	https://www.reddit.com/r/JUSTNOFAMILY/comments/qegxmt/jnmom_says_im_hateful_for_refusing_contact_with/	INCLUDE		The first-person title says the author refuses contact with their violent brother.
4623	https://www.reddit.com/r/depression/comments/qeflid/abusive_brother_wont_leave_me_alone_i_just_dont/	INCLUDE		The author reports that a brother nearly strangled them to death, hit them while they held an infant, made death threats, stalked them, and exposed their address.
4624	https://www.reddit.com/r/Advice/comments/qedqwy/im_worried_my_girlfriend_will_do_something/	FALSE_POSITIVE	THIRD_PERSON_VICTIM	The author's girlfriend, not the author, has a mentally abusive sister and mother.
4625	https://www.reddit.com/r/abusiverelationships/comments/qdac5u/my_brother_an_addict_at_14_and_now_verbally_and/	INCLUDE		The author reports verbal and emotional abuse by a brother, including sustained insults toward the author and family.
4626	https://www.reddit.com/r/venting/comments/qcdys6/having_a_hard_time_send_good_vibes/	INCLUDE		The author says they moved out partly to escape a verbally abusive brother.
4627	https://www.reddit.com/r/AskDocs/comments/qc5p2f/how_much_do_you_think_a_normal_ecg_and_a_troponin/	INCLUDE		In a medical history, the author identifies an abusive brother as the source of rare but extreme household stress.
4628	https://www.reddit.com/r/Vent/comments/qbtnrx/i_cant_be_in_the_same_room_as_my_mom_without/	INCLUDE		The author says they lived in fear of a physically abusive brother until he moved out.
4629	https://www.reddit.com/r/abusiverelationships/comments/qbd7w3/tw_abusive_sister_im_scared/	INCLUDE		The author describes lifelong physical, verbal, and controlling abuse by an older sister, including hitting, cornering, threats, and gaslighting.
4630	https://www.reddit.com/r/HelpMeFind/comments/qbcryt/i_watched_a_movie_on_netflix_a_couple_years_ago/	FALSE_POSITIVE	FICTION_MEDIA	The author is searching for a movie featuring a hallucinated abusive brother.
4631	https://www.reddit.com/r/FamilyIssues/comments/qaxhtk/how_do_i_deal_with_my_abusive_sister/	INCLUDE		The author says a sister is abusive toward the author and parents, repeatedly attacking perceived flaws and blaming them.
4632	https://www.reddit.com/r/witchcraft/comments/qa0p2z/my_abusive_brother_keeps_trying_to_contact_me/	INCLUDE		The author reports that a brother hit, hurt, and tortured them from infancy and later tried to run their car off the road.
4633	https://www.reddit.com/r/relationships/comments/q96gbz/i_f16_have_a_20m_abusive_brother/	INCLUDE		The teenage author describes an older brother's drug-fueled aggression, damage to bedroom doors, and creation of an unsafe, violent home.
4634	https://www.reddit.com/r/abusesurvivors/comments/q90hj9/a_warning_for_cussing_i_finally_stepped_up_to_my/	INCLUDE		The first-person title states that the author finally confronted an abusive sibling.
4635	https://www.reddit.com/r/JUSTNOFAMILY/comments/q8n0iw/my_sister_15_is_aggressive_towards_me_20f/	INCLUDE		The author describes being targeted by a younger sister's physical and verbal attacks, threats, and deliberate triggering of mental-health symptoms.
4636	https://www.reddit.com/r/JUSTNOMIL/comments/q8mp9k/mil_angry_that_i_confronted_abusive_brother_in_law/	FALSE_POSITIVE	WRONG_RELATION	The abusive person is the author's brother-in-law, not the author's own sibling.
4637	https://www.reddit.com/r/raisedbynarcissists/comments/q7qldw/looking_for_solidarity/	INCLUDE		The author says three siblings ganged up on and bullied them and that most of their trauma came from sibling abuse.
4638	https://www.reddit.com/r/Parenting/comments/q6t4hy/scorched_earth_parenting/	FALSE_POSITIVE	THIRD_PERSON_VICTIM	A parent asks about a four-year-old hitting a two-year-old sibling and explicitly reports no sibling violence in the author's own childhood.
4639	https://www.reddit.com/r/relationship_advice/comments/q67syk/abusive_sister/	UNCERTAIN	INSUFFICIENT_CONTEXT	The title says only “Abusive sister?” and the body is deleted, leaving unclear whether this concerns the author's own sibling victimization.
4640	https://www.reddit.com/r/BetterHealth/comments/q61a5u/sibling_bullying_linked_to_poor_mental_health/	FALSE_POSITIVE	META_RESEARCH	This is a study headline about associations between sibling bullying and mental health, with no personal account.
4641	https://www.reddit.com/r/conspiracy/comments/q5uw7o/washington_dc_was_designed_as_a_giant_ritual_to/	FALSE_POSITIVE	IRRELEVANT	This conspiracy and mythology post discusses Osiris and his violent brother Seth, not a real-life personal account.
4642	https://www.reddit.com/r/bestoflegaladvice/comments/q5jivc/laops_father_wont_take_back_their_violent_brother/	FALSE_POSITIVE	REPOST_ARCHIVE	This is a BestOfLegalAdvice discussion of another poster's situation, not the author's first-hand account.
4643	https://www.reddit.com/r/offmychest/comments/q5azsj/i_am_sick_of_my_life_16yo/	INCLUDE		The teenage author directly identifies an older sister as abusive within an unsafe, privacy-deprived home.
4644	https://www.reddit.com/r/self/comments/q50rsi/chronic_pain_from_childhood_trauma_its_been_13/	INCLUDE		The author identifies sibling bullying as childhood trauma contributing to ongoing chronic symptoms.
4645	https://www.reddit.com/r/ABCDesis/comments/q3xlpq/sibling_abuse_trigger_warning/	UNCERTAIN	INSUFFICIENT_CONTEXT	The generic title and removed body do not establish whether this was the author's personal account.
4646	https://www.reddit.com/r/relationship_advice/comments/q37nh5/how_do_i_deal_with_my_emotionally_abusive_brother/	INCLUDE		The author describes being belittled and yelled at by a brother, walking on eggshells, shaking, and crying.
4647	https://www.reddit.com/r/Vent/comments/q36sqv/my_parents_want_to_get_rid_of_our_abused_cat_for/	INCLUDE		Although the brother primarily abuses a cat, he also slammed a mug into the author's back and screamed at the author.
4648	https://www.reddit.com/r/hardshipmates/comments/q3475s/living_with_an_abusive_sibling_and_no_one_to_talk/	INCLUDE		The author reports that a sister strangled them, used insults and disability slurs, took property, and used physical aggression and coercion.
4649	https://www.reddit.com/r/raisedbynarcissists/comments/q32iq4/feeling_triggered/	FALSE_POSITIVE	WRONG_RELATION	The person forced to live with an abusive brother is the author's romantic partner, not the author.
4650	https://www.reddit.com/r/dirtypenpals/comments/q2qab9/m4f_quarantined_with_my_slutty_older_sister/	FALSE_POSITIVE	SEXUAL_FANTASY_ROLEPLAY	This is an explicit sexual roleplay solicitation involving an aggressive fictional sister.
4651	https://www.reddit.com/r/relationship_advice/comments/q2o3km/how_do_i_deal_with_my_unstable_violent_brother/	INCLUDE		The teenage author reports that a younger brother repeatedly shouts at and hits them and threatens further beatings.
4652	https://www.reddit.com/r/OverwatchUniversity/comments/q2h84k/tanking_design_space_and_synergy_a_swansong_for/	FALSE_POSITIVE	IRRELEVANT	The phrase “aggressive brother” is a metaphor for an Overwatch team composition.
4653	https://www.reddit.com/r/Christianity/comments/q24yup/honest_answers_from_devoted_christians_please/	INCLUDE		The author says they ran away from home because of an abusive sibling whom their parents defend.
4654	https://www.reddit.com/r/getting_over_it/comments/q1t7za/30f_i_am_really_starting_to_fully_hate_my_life/	INCLUDE		The author reports 20 years of emotional and sexual abuse by an older brother and ongoing depression after cutting ties.
4655	https://www.reddit.com/r/selfhelp/comments/q1t7ti/30f_i_am_really_starting_to_fully_hate_my_life/	INCLUDE		The author reports 20 years of emotional and sexual abuse by an older brother and ongoing depression after cutting ties.
4656	https://www.reddit.com/r/depression/comments/q1t7bs/30f_i_am_really_starting_to_fully_hate_my_life/	INCLUDE		The author reports 20 years of emotional and sexual abuse by an older brother and ongoing depression after cutting ties.
4657	https://www.reddit.com/r/legaladvice/comments/q1osnm/need_to_evict_dangerously_violent_brother/	FALSE_POSITIVE	THIRD_PERSON_VICTIM	The author asks how to remove a brother to protect the author's sister and niece without describing personal victimization.
4658	https://www.reddit.com/r/offmychest/comments/q1ndt3/i_never_want_to_talk_to_my_mom_again/	INCLUDE		The author reports that a therapist identified childhood sibling abuse and describes being beaten by a brother and living in fear.
4659	https://www.reddit.com/r/ScienceBasedParenting/comments/q1a4d1/sibling_bullying_associated_with_poor_mental/	FALSE_POSITIVE	META_RESEARCH	This is a study headline about sibling bullying and mental health, not a personal account.
4660	https://www.reddit.com/r/offmychest/comments/q0q094/dad_mom_and_i_19f_live_with_abusive_brother_24m/	INCLUDE		The first-person title says the author and parents live with an abusive brother and need help.
4661	https://www.reddit.com/r/WhatShouldIDo/comments/q0j9ln/should_i_move_in_with_stranger_or_stay_with_family/	INCLUDE		The author is considering moving in with a stranger to escape an abusive sibling.
4662	https://www.reddit.com/r/SuicideWatch/comments/q06lmo/my_dad_said_im_worse_than_his_deadbeat_alcoholic/	FALSE_POSITIVE	WRONG_RELATION	The abusive brother is the author's father's brother, making him the author's uncle rather than sibling.
4663	https://www.reddit.com/r/domesticviolence/comments/pzg4u9/cutting_out_abusive_brother/	FALSE_POSITIVE	THIRD_PERSON_VICTIM	The author's brother abused his fiancée and ex-wife; the author is deciding to cut him off but does not report being his victim.
4664	https://www.reddit.com/r/IndustrialPharmacy/comments/pz9dhc/sibling_bullying_carries_longterm_mental_health/	FALSE_POSITIVE	META_RESEARCH	This is a research headline about the long-term mental-health effects of sibling bullying, with no personal account.
4665	https://www.reddit.com/r/excatholic/comments/pyvh8e/do_i_have_religious_trauma/	INCLUDE		The author identifies a brother as verbally abusive while describing childhood trauma and ongoing fear of men.
4666	https://www.reddit.com/r/Episode/comments/pyva9t/looking_for_a_story/	FALSE_POSITIVE	FICTION_MEDIA	The author is trying to identify a fictional interactive story that featured a character with an abusive brother.
4667	https://www.reddit.com/r/NeonGenesisEvangelion/comments/pytyfv/on_asuka/	INCLUDE		Although the post also discusses a fictional character and a school bully, the author reports having an abusive brother during childhood.
4668	https://www.reddit.com/r/pakistan/comments/pyrjs3/can_lahore_police_help_me_with_my_abusive_elder/	INCLUDE		The teenage author reports frequent beatings, a nearly broken arm, death threats, and food destruction by an older brother.
4669	https://www.reddit.com/r/abusesurvivors/comments/pyqanj/how_to_tell_my_sibling_that_our_older_sister_is/	INCLUDE		The author says an older sister groomed and abused them in middle school and asks how to disclose this to another sibling.
4670	https://www.reddit.com/r/science/comments/pyh7o5/sibling_bullying_associated_with_poor_mental/	FALSE_POSITIVE	META_RESEARCH	This is a scientific-study headline about sibling bullying and later mental health, not a personal account.
4671	https://www.reddit.com/r/antiwork/comments/pyf8x6/quit_my_job_with_abusive_brother_in_law_that/	FALSE_POSITIVE	WRONG_RELATION	The abusive and threatening person is the author's brother-in-law, not the author's own sibling.
4672	https://www.reddit.com/r/Vent/comments/pya6ez/abusive_sibling/	INCLUDE		The author reports that a sister repeatedly hits their head and back, gaslights them, and makes them feel guilty for defending themself.
4673	https://www.reddit.com/r/LifeAdvice/comments/pxyezp/burned_out_from_relationship/	FALSE_POSITIVE	THIRD_PERSON_VICTIM	The author's partner, not the author, previously had a physically abusive brother.
4674	https://www.reddit.com/r/narcissisticparents/comments/pxucx3/emotionally_abusive_brother/	INCLUDE		The author describes a brother's aggressive intimidation, spitting in their face, grabbing their arm, and forcing their body down.
4675	https://www.reddit.com/r/siblingsfromhell/comments/pxr008/looking_for_advice_rooming_with_abusive_brother/	INCLUDE		The first-person title asks for advice about rooming with the author's abusive brother, although the body was deleted.
4676	https://www.reddit.com/r/dirtypenpals/comments/pxd623/m4f_quarantined_with_my_slutty_older_sister/	FALSE_POSITIVE	SEXUAL_FANTASY_ROLEPLAY	This is an explicit solicitation for a fictional incest roleplay involving a sexually aggressive sister.
4677	https://www.reddit.com/r/PetAdvice/comments/pwpigu/one_cat_has_stopped_using_the_litter_tray_due_to/	FALSE_POSITIVE	NONHUMAN	The aggressive siblings are two cats, not people.
4678	https://www.reddit.com/r/dogs/comments/pwphn2/sibling_aggression/	FALSE_POSITIVE	NONHUMAN	The sibling aggression concerns two dogs, not people.
4679	https://www.reddit.com/r/Wicca/comments/pwn4uv/protection_spells/	INCLUDE		The author lives with an abusive brother who directs homophobia at the author, interferes with their possessions and practices, and creates enough fear that they seek protection.
4680	https://www.reddit.com/r/dirtypenpals/comments/pw486q/m4f_quarantined_with_my_slutty_older_sister/	FALSE_POSITIVE	SEXUAL_FANTASY_ROLEPLAY	This is an explicit solicitation for a fictional incest roleplay involving a sexually aggressive sister.
4681	https://www.reddit.com/r/MomForAMinute/comments/pvy0ca/mom_im_under_30_with_no_parents/	INCLUDE		The author identifies a brother as abusive, says they are afraid of him, and avoided their mother's funeral partly because of him.
4682	https://www.reddit.com/r/mentalhealth/comments/pvrixz/why_is_my_little_brother_so_much_more_loved_then/	FALSE_POSITIVE	PERPETRATOR_ONLY	The phrase “abusive brother” is an accusation that the seven-year-old made against the author; the author does not describe being abused by that sibling.
4683	https://www.reddit.com/r/JUSTNOFAMILY/comments/pvoz74/dont_know_what_to_do/	INCLUDE		The author reports years of attacks by a younger brother using objects as weapons, screaming, kicking, and repeated boundary violations.
4684	https://www.reddit.com/r/SatanicTemple_Reddit/comments/pvne11/unofficial_satanic_temple_youtube_channel/	INCLUDE		In a personal history, the author says they were sent to live with an abusive sister at age 17 and moved back and forth.
4685	https://www.reddit.com/r/dirtypenpals/comments/pva5mn/m4f_quarantined_with_my_slutty_older_sister/	FALSE_POSITIVE	SEXUAL_FANTASY_ROLEPLAY	This is an explicit solicitation for a fictional incest roleplay involving a sexually aggressive sister.
4686	https://www.reddit.com/r/cantsleep/comments/pux6yw/642am_still_up/	INCLUDE		The author says they were trapped at home with an abusive sibling during the pandemic and connects this period with depression and insomnia.
4687	https://www.reddit.com/r/mdsa/comments/puuc8w/mdsa_is_the_biggest_betrayal_ever/	INCLUDE		The author repeatedly identifies a sister as abusive and describes being forced to share a room with her while managing severe trauma.
4688	https://www.reddit.com/r/AmItheAsshole/comments/pum20d/aita_my_mum_is_trying_to_force_me_to_meet_my/	INCLUDE		The first-person title says the author's mother is forcing them to meet their emotionally abusive sister.
4689	https://www.reddit.com/r/AmItheAsshole/comments/pum08q/my_mum_is_trying_to_force_me_to_meet_my/	INCLUDE		The first-person title says the author's mother is forcing them to meet their emotionally abusive sister.
4690	https://www.reddit.com/r/offmychest/comments/pu34tv/i_slapped_my_abusive_sister_and_it_felt_great/	INCLUDE		The author reports years of hitting, slurs, body shaming, threats, and being pushed down stairs by an older sister.
4691	https://www.reddit.com/r/asoiaf/comments/ptmvdr/spoilers_main_extended_dune_fans_is_dany_muaddib/	FALSE_POSITIVE	FICTION_MEDIA	This compares the story arcs of fictional characters from Dune and Game of Thrones, including one character's abusive brother.
4692	https://www.reddit.com/r/dune/comments/ptmsbb/game_of_thrones_fans_is_dany_muaddib/	FALSE_POSITIVE	FICTION_MEDIA	This compares the story arcs of fictional characters from Dune and Game of Thrones, including one character's abusive brother.
4693	https://www.reddit.com/r/FireEmblemShipping/comments/ptkqbu/buried_alive/	FALSE_POSITIVE	FICTION_MEDIA	This is an automated listing for Fire Emblem fan fiction tagged with sibling abuse.
4694	https://www.reddit.com/r/family/comments/ptfrf6/is_this_sibling_abuse_how_can_i_get_help_uk_long/	INCLUDE		The first-person title asks whether the author's experience is sibling abuse and how to obtain help, although the body was deleted.
4695	https://www.reddit.com/r/guineapigs/comments/ptcalg/so_we_just_found_out_this_morning_that_poor/	FALSE_POSITIVE	NONHUMAN	The potentially aggressive sister is a guinea pig, not a person.
4696	https://www.reddit.com/r/JUSTNOFAMILY/comments/pt8mrs/jealous_family_does_everything_they_can_to_tear/	INCLUDE		The author reports physical assault and harassment by a brother and childhood sexual abuse, property destruction, and a smear campaign by a sister.
4697	https://www.reddit.com/r/JUSTNOFAMILY/comments/pt638w/banning_my_siblings_from_meeting_my_first_born/	INCLUDE		The author describes direct verbal abuse, intimidation, threatening language, and persistent boundary violations by both siblings during pregnancy and postpartum.
4698	https://www.reddit.com/r/unpopularopinion/comments/pswnk9/abuse_between_siblings_isnt_talked_about_enough/	FALSE_POSITIVE	META_RESEARCH	This is a general opinion about sibling abuse; the author explicitly says their own sibling never hit them.
4699	https://www.reddit.com/r/TMNT2012/comments/pst0sc/do_these_scenes_look_as_if_the_a_team_are_scared/	FALSE_POSITIVE	FICTION_MEDIA	This asks about supposedly abusive relationships among fictional Teenage Mutant Ninja Turtles characters.
4700	https://www.reddit.com/r/SuicideWatch/comments/proe7i/life_will_beat_you_down/	INCLUDE		The author says a supportive sister left them trapped in a toxic household with an abusive brother and parents.
4701	https://www.reddit.com/r/personalfinance/comments/prgn44/disabled_desperate_to_move_but_wife_has_student/	INCLUDE		The author repeatedly identifies a nearby sister as abusive, fears being trapped near her, and expects her to interfere with the author's inheritance.
4702	https://www.reddit.com/r/MtF/comments/prglru/cis_bf_is_defending_me_while_his_brother_is_going/	FALSE_POSITIVE	WRONG_RELATION	The abusive brother belongs to the author's boyfriend, not to the author.
4703	https://www.reddit.com/r/OCD/comments/pr1ghe/is_this_depression_or_ocd_i_didnt_know_that/	INCLUDE		The author says an abusive sister deliberately triggered their OCD and caused trauma severe enough to produce panic attacks and touch avoidance.
4704	https://www.reddit.com/r/depression/comments/pr1fhw/could_depression_cause_this/	INCLUDE		The author says an abusive sister deliberately triggered their OCD and caused trauma severe enough to produce panic attacks and touch avoidance.
4705	https://www.reddit.com/r/mysterioustea/comments/pqqfxo/watch_this_unreleased_snippet_of_when_gh_had_tp/	FALSE_POSITIVE	NEWS_THIRD_PERSON	This commentary discusses public personalities and alleges that one personality was abused by an older sister; it is not the author's account.
4706	https://www.reddit.com/r/Advice/comments/pqdvjr/my_family_is_falling_apart_please_advise_on_what/	INCLUDE		The author says a sister treats both the author and their mother badly, responds to confrontation with verbal abuse, and threatens to beat the author.
4707	https://www.reddit.com/r/MomForAMinute/comments/pq4mt3/mom_im_having_trouble_with_a_class_and_i_wish_i/	INCLUDE		The author describes an emotionally abusive sister who weaponizes private information, belittles them, undermines achievements, and deliberately makes them cry.
4708	https://www.reddit.com/r/DreamInterpretation/comments/pple12/the_wasp_dreams_are_back_please_help_me/	INCLUDE		While interpreting a nightmare, the author identifies a real sister as abusive and as a source of substantial emotional pain.
4709	https://www.reddit.com/r/raisedbynarcissists/comments/pniyfu/my_nmom_has_decided_she_wants_to_charge_mybwifenn/	INCLUDE		The author reports that a brother tried to murder them at the dinner table and that their mother continues inviting him into the home.
4710	https://www.reddit.com/r/SuicideWatch/comments/pn7iwt/im_planning_on_killing_myself_tomorrow_except_ill/	INCLUDE		The suicidal author directly identifies a sister as abusive and plans self-harm while that sister is away.
4711	https://www.reddit.com/r/BipolarReddit/comments/pmwydj/bipolar_and_empathy/	FALSE_POSITIVE	THIRD_PERSON_VICTIM	The author is discussing empathy while helping a friend who is terrified of the friend's abusive brother.
4712	https://www.reddit.com/r/relationship_advice/comments/pmnf2a/abusive_sister/	INCLUDE		The teenage author reports years of spitting, slapping, coercive chores, and screaming by an older sister.
4713	https://www.reddit.com/r/MensRights/comments/pmicve/what_are_the_rights_on_male_sibling_abuse/	INCLUDE		The author reports prolonged verbal abuse, intimidation, threats, knife incidents, and feeling trapped with a younger brother.
4714	https://www.reddit.com/r/narcissisticparents/comments/plti2d/i_need_help_my_parents_are_having_my_abusive/	INCLUDE		The first-person title says the author's parents are forcing a meeting with an abusive brother despite the author's clear refusal.
4715	https://www.reddit.com/r/emotionalabuse/comments/pkfk84/potentially_may_be_able_to_move_away_from/	INCLUDE		The first-person title says the author may be able to move away from an emotionally abusive brother.
4716	https://www.reddit.com/r/AmItheAsshole/comments/pket77/aita_for_remaining_no_contact_with_an_abusive/	INCLUDE		The first-person title concerns remaining no-contact with the author's abusive sibling.
4717	https://www.reddit.com/r/raisedbynarcissists/comments/pjytor/parents_mock_me_for_trying_to_better_myself_but_i/	INCLUDE		The author reports that a much older brother violently attacked and strangled them and that their parents blamed the author.
4718	https://www.reddit.com/r/Advice/comments/pj2hnl/talking_about_my_abusive_brother/	INCLUDE		The author reports being bullied since adolescence by a brother who still yells at and insults the author and the author's wife.
4719	https://www.reddit.com/r/childfree/comments/pj0og2/my_friends_only_reason_for_c2_is_so_c1_has_a/	INCLUDE		While discussing a friend's pregnancy, the author identifies their own sister as verbally and physically abusive and describes parental expectations to care for her.
4720	https://www.reddit.com/r/CPTSD/comments/pivbig/normal_sibling_quarrels_rivalry_vs_sibling_abuse/	UNCERTAIN	INSUFFICIENT_CONTEXT	The generic question and deleted body do not establish whether the author is describing personal sibling victimization.
4721	https://www.reddit.com/r/TrueOffMyChest/comments/pir2ww/i_feel_so_lonely_it_hurts_its_crumbling/	INCLUDE		The author says a physically abusive brother beat them and forced them out of their home while they were grieving.
4722	https://www.reddit.com/r/narcissisticparents/comments/pi2mk5/what_to_do_when_abuser_pretends_everything_is/	INCLUDE		The author reports lifelong selective abuse by an older brother, including childhood beatings and a recent threat to beat them again.
4723	https://www.reddit.com/r/relationship_advice/comments/phzm1w/my_family_invited_my_29f_abusive_brother_36m_to/	INCLUDE		The author describes childhood beatings, punches, broken possessions, ongoing insults, and anxiety caused by an older brother.
4724	https://www.reddit.com/r/u_genericalll/comments/phzgc5/day_2_with_abusive_brother/	INCLUDE		The author is afraid to leave a room because a brother deliberately provokes and bullies them and enjoys seeing them cry.
4725	https://www.reddit.com/r/CPTSD/comments/phy7wj/cptsd_in_a_film/	INCLUDE		Although prompted by a film, the author personally says discovering sibling abuse helped them realize a brother had abused them.
4726	https://www.reddit.com/r/JUSTNOFAMILY/comments/phle5k/one_of_the_less_harmful_things_my_abusive_sibling/	INCLUDE		The first-person title presents an incident involving the author's abusive sibling, although the body was deleted.
4727	https://www.reddit.com/r/raisedbynarcissists/comments/phiqq2/feeling_very_lonely/	INCLUDE		The author describes a brother as abusive and malicious beyond ordinary sibling rivalry and feels lonely and helpless.
4728	https://www.reddit.com/r/narcissisticparents/comments/phil1t/abusive_brother_please_helpaccompany_me/	INCLUDE		The author reports childhood beatings, present threats, deliberate torment, and lasting depression caused by an older brother.
4729	https://www.reddit.com/r/emotionalabuse/comments/phgop4/potentially_may_be_able_to_move_away_from/	INCLUDE		The first-person title says the author may be able to move away from an emotionally abusive brother.
4730	https://www.reddit.com/r/raisedbynarcissists/comments/ph1x46/everything_just_came_rushing_back_brother_parents/	INCLUDE		The author reports severe physical and emotional childhood bullying by a brother and a recent trauma-triggered panic attack.
4731	https://www.reddit.com/r/bullying/comments/pgwx8s/how_to_overcome_the_trauma_of_being_bullied_by/	INCLUDE		The author reports more than 20 years of mocking, belittling, verbal and emotional abuse, and enabled school bullying by a brother.
4732	https://www.reddit.com/r/TrueOffMyChest/comments/pgqz8u/sibling_abuse_isnt_talked_about_enough_so_heres/	INCLUDE		The author gives a detailed first-hand account of daily beatings, intimidation, insults, theft, property destruction, and lasting suicidality caused by a brother.
4733	https://www.reddit.com/r/legaladvice/comments/pglixx/wondering_what_some_of_my_cousins_options_are_if/	FALSE_POSITIVE	THIRD_PERSON_VICTIM	The author is asking about a cousin whose sister is violent and emotionally abusive.
4734	https://www.reddit.com/r/Stoicism/comments/pgfxq1/my_anger/	UNCERTAIN	INSUFFICIENT_CONTEXT	The author calls a brother very violent and fears becoming like him, but does not say whether the brother's violence was directed at the author.
4735	https://www.reddit.com/r/kansailife/comments/pfo49k/6yrold_girl_fatally_abused_by_brother_sheds_light/	FALSE_POSITIVE	NEWS_THIRD_PERSON	This is a news headline about a six-year-old girl fatally abused by her brother, not the author's account.
4736	https://www.reddit.com/r/Advice/comments/pfk554/should_i_be_friends_with_this_person/	INCLUDE		While discussing another relationship, the author identifies their own brother as abusive and says he made them cry during a period of severe family difficulty.
4737	https://www.reddit.com/r/CPTSD/comments/pff529/my_abusive_sister_and_abusive_mother_are_still/	INCLUDE		The author identifies a sister as abusive and says she remains friends with the adult man who groomed the author at 19.
4738	https://www.reddit.com/r/RedPillWomen/comments/pf891y/extreme_sex_positivity/	FALSE_POSITIVE	THIRD_PERSON_VICTIM	The post recounts a former school acquaintance being threatened by that acquaintance's violent brother.
4739	https://www.reddit.com/r/therapy/comments/pf6t7e/bad_experiences_in_my_childhood/	INCLUDE		The author reports that a brother hit them with objects, locked them in a dark bathroom, and slammed their head into a wall beginning at age six.
4740	https://www.reddit.com/r/AmItheAsshole/comments/pec8un/aita_for_defending_my_mother_against_my/	FALSE_POSITIVE	THIRD_PERSON_VICTIM	The title says the author defended their mother from an aggressive brother but does not indicate that the author was the brother's victim.
4741	https://www.reddit.com/r/abusesurvivors/comments/pebk4n/sibling_abuse_needs_validation/	INCLUDE		The author reports physical and emotional abuse by an older brother from ages eight to twenty, including many times they feared he would kill them.
4742	https://www.reddit.com/r/netorare/comments/pdzp12/compilation_of_revengemc_moves_onkarmajustice/	FALSE_POSITIVE	SEXUAL_FANTASY_ROLEPLAY	This is a long compilation of fictional pornographic and erotic stories, not a real-life personal account.
4743	https://www.reddit.com/r/Totaldrama/comments/pdus99/what_are_some_headcanons_you_have_about/	FALSE_POSITIVE	FICTION_MEDIA	This post analyzes and invents headcanon for fictional Total Drama characters and a fictional abusive sibling.
4744	https://www.reddit.com/r/CPTSD_NSCommunity/comments/pdagih/i_am_experiencing_broken_heart_syndrome_has/	INCLUDE		The author says an abusive sister obliterated their childhood and describes the severe emotional and physical aftermath of ending contact.
4745	https://www.reddit.com/r/CPTSD/comments/pd91bm/dae_feel_like_their_trauma_is_too_much_to_believe/	INCLUDE		The author lists sibling abuse among extensive first-hand lifelong trauma and discusses difficulty being believed.
4746	https://www.reddit.com/r/teenagers/comments/pcu097/thinking_about_my_gaslighting_and_psychologically/	INCLUDE		The first-person title identifies the author's sister as gaslighting and psychologically abusive.
4747	https://www.reddit.com/r/legaladvicecanada/comments/pc3t13/is_this_something_i_can_be_charged_for_sorry_its/	INCLUDE		The author reports having just escaped a twin brother's physical, emotional, and financial abuse and installing security equipment because he returns to harass them.
4748	https://www.reddit.com/r/Advice/comments/pbq62w/how_do_i_convince_my_parents_to_let_me_move_to/	INCLUDE		The first-person title asks how to move to a room away from the author's abusive sibling.
4749	https://www.reddit.com/r/CPTSD/comments/pbo09x/thinking_back_about_abusive_brother/	INCLUDE		The author reports lifelong emotional and physical abuse by a much older brother and questions whether his conduct also constituted grooming.
4750	https://www.reddit.com/r/JUSTNOFAMILY/comments/pbn9cb/sister_telling_me_its_my_problem_that_i_dont_get/	INCLUDE		The first-person title concerns a sister blaming the author for not getting along with the author's abusive brother.
4751	https://www.reddit.com/r/SuicideWatch/comments/pbiiwa/all_i_want_is_death/	INCLUDE		The author describes constant yelling, threats of homelessness, gaslighting, humiliation, and severe suicidality while living with a verbally abusive sister.
4752	https://www.reddit.com/r/rape/comments/pavl0b/my_brother_is_furious_with_me_because_i_wont_care/	INCLUDE		The first-person title says the author refuses to care for one abusive brother and faces anger from another brother.
4753	https://www.reddit.com/r/relationships/comments/pav2s2/my_brother_is_furious_with_me_because_i_wont_care/	INCLUDE		The first-person title says the author refuses to care for one abusive brother and faces anger from another brother.
4754	https://www.reddit.com/r/CPTSD_NSCommunity/comments/paebr2/i_cut_contact_with_my_abusive_sister_and_im/	INCLUDE		The author reports grief, crying, and suicidal thoughts after cutting contact with an abusive sister.
4755	https://www.reddit.com/r/AskConservatives/comments/pa4ldb/is_the_notion_of_conservatism_meaning_trying_to/	FALSE_POSITIVE	NEWS_THIRD_PERSON	This political and historical discussion mentions Benjamin Franklin running away from his abusive brother and master.
4756	https://www.reddit.com/r/adultsurvivors/comments/p99vlv/sexually_abused_by_brother_facing_blackmail_if/	INCLUDE		The first-person title reports sexual abuse by a brother and blackmail connected with reporting it.
4757	https://www.reddit.com/r/CPTSD/comments/p8ye3x/is_there_platonic_grooming/	INCLUDE		The author describes a controlling, critical sister who conditionally rewarded compliance, isolated the author from other siblings, and may have groomed them.
4758	https://www.reddit.com/r/helpme/comments/p8tj8y/gaslighting_abusive_brother/	INCLUDE		The author reports constant yelling, gaslighting, family smearing, and fear of being hit by a brother while financially vulnerable in his home.
4759	https://www.reddit.com/r/AskReddit/comments/p8ssqd/can_we_get_a_name_for_karens_less_aggressive/	FALSE_POSITIVE	IRRELEVANT	The phrase “Karen's less aggressive sister” is a metaphor for a personality stereotype, not a family relationship.
4760	https://www.reddit.com/r/AskWomen/comments/p82068/what_to_do_when_living_with_a_narcissistic_and/	INCLUDE		The first-person title asks what to do while living with a narcissistic and violent sister.
4761	https://www.reddit.com/r/AskWomen/comments/p81wsd/what_to_do_when_living_with_a_narcissistic_and/	INCLUDE		The first-person title asks what to do while living with a narcissistic and violent sister.
4762	https://www.reddit.com/r/NarcissisticAbuse/comments/p7xza7/how_do_you_deal_with_a_narcissistic_and_violent/	INCLUDE		The first-person question asks how to deal with a narcissistic and violent sister.
4763	https://www.reddit.com/r/abusesurvivors/comments/p7koul/wibta_if_i_rescind_my_recommendation_for_my/	INCLUDE		The author describes a brother's physical, verbal, and emotional abuse, coerced labor, screaming, and sleep-deprivation punishments.
4764	https://www.reddit.com/r/Advice/comments/p7bs13/i_want_to_fight_back_against_my_extremely_abusive/	INCLUDE		The author describes being an older brother's easiest target, enduring severe yelling and threats of violence, and preparing to defend themself.
4765	https://www.reddit.com/r/Asmongold/comments/p79kfy/who_would_you_like_to_see_as_guest_on_allcraft/	FALSE_POSITIVE	IRRELEVANT	A streamer is metaphorically described as another streamer's “aggressive brother”; this is not a family relationship.
4766	https://www.reddit.com/r/AmItheAsshole/comments/p6inzc/aitah_for_hating_my_abusive_brother_my_parents/	INCLUDE		The first-person title says the author hates an abusive brother and the parents who allow the abuse.
4767	https://www.reddit.com/r/dogs/comments/p667k0/how_to_stop_my_pups_fighting_over_treats_also_how/	FALSE_POSITIVE	NONHUMAN	The more aggressive brother and his littermate are dogs, not people.
4768	https://www.reddit.com/r/verbalabuse/comments/p601ak/male_strangers_who_feel_the_need_to_put_a_woman/	INCLUDE		While discussing harassment by a stranger, the author also reports having lived with a verbally abusive sister.
4769	https://www.reddit.com/r/lgbt/comments/p5t3jn/my_abusive_brother_attempted_to_out_me_as_trans/	INCLUDE		The author describes ableist and verbal abuse, manipulation, smearing, and an attempted nonconsensual outing by a brother.
4770	https://www.reddit.com/r/Parenting/comments/p5nxa5/i_walked_in_on_my_two_year_old_son_physically/	FALSE_POSITIVE	THIRD_PERSON_VICTIM	A parent reports a two-year-old standing on a 14-month-old sibling and asks about toddler behavior; the author is not the sibling victim.
4771	https://www.reddit.com/r/relationship_advice/comments/p5maeq/how_do_i_tell_him/	INCLUDE		While discussing whether to have children, the author states that they grew up with an abusive brother.
4772	https://www.reddit.com/r/abusivesiblings/comments/p5i6jp/abusive_sister/	INCLUDE		The author reports lifelong emotional, verbal, psychological, and physical abuse by a sister, along with fear and acute suicidality.
4773	https://www.reddit.com/r/abusivesiblings/comments/p5hze1/abusive_sister/	UNCERTAIN	INSUFFICIENT_CONTEXT	The title says only “Abusive sister” and the body is empty, leaving no first-person context.
4774	https://www.reddit.com/r/teenagers/comments/p5acae/abusive_brother_i_guess/	UNCERTAIN	INSUFFICIENT_CONTEXT	The title says only “Abusive brother (I guess)” and the body is deleted, so personal sibling victimization is not established.
4775	https://www.reddit.com/r/BadMovieDescriptions/comments/p4nibm/two_brothers_go_on_an_emotional_journey_to_save/	FALSE_POSITIVE	FICTION_MEDIA	This is a deliberately oblique description of a fictional movie involving an abusive sister.
4776	https://www.reddit.com/r/raisedbynarcissists/comments/p4frr5/looking_for_articles_to_help_me_understand_my/	INCLUDE		The first-person title asks for help understanding the author's abusive Golden Child brother.
4777	https://www.reddit.com/r/dirtypenpals/comments/p32seh/a4a_stepsibling_bullying/	FALSE_POSITIVE	SEXUAL_FANTASY_ROLEPLAY	This is a removed roleplay solicitation from an erotic roleplay community, not a real-life account.
4778	https://www.reddit.com/r/relationship_advice/comments/p2unyo/tw_sexual_abuse_how_to_get_over_forget_about_my/	FALSE_POSITIVE	WRONG_RELATION	The sexually abusive brother is identified as the author's girlfriend's brother, not the author's sibling.
4779	https://www.reddit.com/r/therapy/comments/p2um8v/violent_sibling/	INCLUDE		The author reports two years of verbal, spiritual, and controlling abuse by a younger sister, with serious academic and mental-health effects.
4780	https://www.reddit.com/r/abusiveparents/comments/p2uawc/my_parents_dont_say_anything_to_my_violent_brother/	INCLUDE		The teenage author reports recurrent physical aggression by a younger brother, including scratching that left bloody marks, pushing, and kicking.
4781	https://www.reddit.com/r/therapy/comments/p2tjc3/im_not_crazy_right_they_are_absolutely_wrong_for/	FALSE_POSITIVE	THIRD_PERSON_VICTIM	The abusive brother belongs to the author's cousins; the author's own abuse was by another cousin, not a sibling.
4782	https://www.reddit.com/r/AmItheAsshole/comments/p2mpr1/wibta_for_exposing_my_abusive_brother/	INCLUDE		The first-person title says the author is considering exposing an abusive brother.
4783	https://www.reddit.com/r/traumacore/comments/p2g3pu/tw_abusive_sibling_just_wanted_to_vent_all_my/	INCLUDE		The first-person title labels a sister as an abusive sibling and says the author is venting about her.
4784	https://www.reddit.com/r/RBNFavors/comments/p2dp5z/im_a_disabled_teen_who_needs_to_rent_an/	INCLUDE		The disabled teenage author describes a sister's screaming, humiliation, transphobia, and deliberate gripping of fresh self-harm wounds, as well as sexual abuse by a brother.
4785	https://www.reddit.com/r/AskReddit/comments/p17ima/what_is_the_threshold_between_normal_sibling/	FALSE_POSITIVE	META_RESEARCH	This is a generic question asking others to define the threshold between sibling rivalry and abuse.
4786	https://www.reddit.com/r/raisedbynarcissists/comments/p16fgy/when_do_you_talk_to_your_children_about_your/	INCLUDE		While seeking parenting advice, the author identifies a brother as formerly physically abusive and says lack of access is the only reason the abuse stopped.
4787	https://www.reddit.com/r/TalkTherapy/comments/p0u29x/bad_therapy_experience/	INCLUDE		The author explicitly identifies themself as a victim of sibling abuse and says a brother's addiction and anger continue to cause trauma.
4788	https://www.reddit.com/r/JUSTNOFAMILY/comments/p0lpue/my_parents_have_no_idea_how_to_kick_my_abusive/	INCLUDE		The first-person title says the author's parents do not know how to remove the author's abusive brother.
4789	https://www.reddit.com/r/Healthygamergg/comments/p0fx75/how_do_you_prioritize_responsibilites_coping_with/	FALSE_POSITIVE	THIRD_PERSON_VICTIM	The person who experienced an abusive brother in childhood is the author's mother, not the author.
4790	https://www.reddit.com/r/DysfunctionalFamily/comments/p0eq7c/aggressive_sister_tw_animal_abuse/	FALSE_POSITIVE	NONHUMAN	The sister's aggression and physical abuse are directed at cats, while the author does not report being personally abused by her.
4791	https://www.reddit.com/r/raisedbyborderlines/comments/ozz1eb/how_do_i_deal_with_the_fact_that_my_parents_dont/	INCLUDE		The first-person title asks how to cope with parents who do not support the author against an abusive brother.
4792	https://www.reddit.com/r/SGExams/comments/ozoqia/rant_violent_brother_what_do_i_do/	FALSE_POSITIVE	THIRD_PERSON_VICTIM	The author's younger brother is violent toward their mother and himself; the author does not report being his victim.
4793	https://www.reddit.com/r/Advice/comments/ozk6xz/am_i_being_physically_and_emotional_abused_by/	INCLUDE		The first-person title asks whether the author is being physically and emotionally abused by a sibling.
4794	https://www.reddit.com/r/JUSTNOFAMILY/comments/ozeory/i_wish_my_kid_was_as_exciting_as_a_tee_time_or/	INCLUDE		The author reports being beaten by an older sibling while eight months pregnant after years of violence.
4795	https://www.reddit.com/r/relationship_advice/comments/oza9cj/abusive_sister/	INCLUDE		The author describes being a sister's primary target for hitting, grabbing, screaming, insecurity attacks, manipulation, and daily emotional exhaustion.
4796	https://www.reddit.com/r/Totaldrama/comments/oz6nkk/what_are_some_headcanons_you_have_about_alejandro/	FALSE_POSITIVE	FICTION_MEDIA	This is analysis and invented headcanon about a fictional Total Drama character's abusive brother.
4797	https://www.reddit.com/r/relationship_advice/comments/oyxfjt/need_help_dealing_with_abusive_brother_and/	INCLUDE		The author lives in fear of a brother's drunken threats and physical violence, cannot sleep when he drinks, and trembles during his rants about them.
4798	https://www.reddit.com/r/raisedbynarcissists/comments/oyhq7g/my_narc_abusive_sister_acts_like_she_never/	INCLUDE		The author describes a sister's belittling, insults, yelling, mockery of bulimia and self-harm scars, and apparent gaslighting.
4799	https://www.reddit.com/r/teenagers/comments/oyfqdp/my_girlfriend_has_a_lowkey_abusive_brother_and_i/	FALSE_POSITIVE	WRONG_RELATION	The abusive brother belongs to the author's girlfriend, not to the author.
4800	https://www.reddit.com/r/CPTSD/comments/oxv6yl/great_video_about_sibling_abuse_within_the/	FALSE_POSITIVE	META_RESEARCH	This is a recommendation for a therapist's general video about sibling abuse, not a personal account.
4801	https://www.reddit.com/r/roommates/comments/oxhmk5/how_to_search_for_a_roommate/	INCLUDE		While planning to leave an abusive partner, the author says returning to family is unsafe because of an abusive sister.
4802	https://www.reddit.com/r/adultsurvivors/comments/ox1nm5/my_abusive_brother/	INCLUDE		The first-person title identifies the author's brother as abusive.
4803	https://www.reddit.com/r/ptsd/comments/owtagr/feeling_down_about_regressing/	INCLUDE		The author says they are in trauma therapy for childhood sibling abuse that continues to affect intimacy.
4804	https://www.reddit.com/r/AmItheAsshole/comments/owpdo4/aita_abusive_sister_moved_to_my_city_without/	INCLUDE		The first-person title says the author's abusive sister moved to the author's city and triggered distress.
4805	https://www.reddit.com/r/raisedbynarcissists/comments/owj791/tired_of_youngest_child_stereotypes_they_always/	INCLUDE		The author reports a brother throwing them hard enough to break a hand, repeated serious injuries, restraint, and a death threat.
4806	https://www.reddit.com/r/SuicideWatch/comments/owj2zt/everything_sucks/	INCLUDE		The suicidal author says their parents force them to spend scarce free time with an abusive brother.
4807	https://www.reddit.com/r/r4r/comments/ow5mgg/22_f4r_pennsylvaniaanywhere_sitting_alone_on_my/	INCLUDE		The author identifies a sister as narcissistic and abusive and describes a distressing falling-out after defending their mother from her verbal abuse.
4808	https://www.reddit.com/r/AmItheAsshole/comments/ow1gkn/wibta_if_i_didnt_give_my_abusive_brother_money/	INCLUDE		The first-person title concerns refusing to give allegedly owed money to the author's abusive brother.
4809	https://www.reddit.com/r/AmItheAsshole/comments/ow0s21/wibta_if_i_kept_the_money_meant_for_my/	INCLUDE		The first-person title concerns keeping money intended for the author's emotionally abusive brother.
4810	https://www.reddit.com/r/relationship_advice/comments/ovuzvo/how_do_i_go_about_handing_my_abusive_brother_cut/	INCLUDE		The first-person title asks how to handle or cut ties with the author's abusive brother.
4811	https://www.reddit.com/r/JUSTNOFAMILY/comments/ovc9ru/abusive_sister/	UNCERTAIN	INSUFFICIENT_CONTEXT	The title says only “Abusive Sister” and the body is deleted, leaving no first-person context.
4812	https://www.reddit.com/r/AskReddit/comments/ov49dd/what_are_your_questions_ask_me_anything_i_live/	INCLUDE		The first-person title says the author lives with an abusive sister and her boyfriend.
4813	https://www.reddit.com/r/Vent/comments/ouv1qj/told_i_need_therapy_by_reddit/	INCLUDE		The author identifies a brother as abusive and says police handled the case involving him poorly, contributing to the author's hypervigilance.
4814	https://www.reddit.com/r/FamilyIssues/comments/ousq99/need_helpexperiencing_sibling_abuse/	INCLUDE		The author explicitly says a sibling is psychologically, emotionally, and physically abusing them and asks for resources.
4815	https://www.reddit.com/r/JUSTNOFAMILY/comments/oujyf7/verbally_abusive_sister/	INCLUDE		The author describes weekly insults, slurs, blame reversal, and destabilizing manipulation by a sister.
4816	https://www.reddit.com/r/redditserials/comments/otx20c/bob_the_hobo_a_celestial_wars_spinoff_part_0473/	FALSE_POSITIVE	FICTION_MEDIA	This is an installment of a fantasy fiction serial featuring a character's abusive brother.
4817	https://www.reddit.com/r/SuicideWatch/comments/otoa6u/no_one_loves_me_how_can_i_love_myself/	INCLUDE		The suicidal author fears that a physically and verbally abusive brother will lash out and kill them.
4818	https://www.reddit.com/r/mentalhealth/comments/otibu7/abusive_sister/	UNCERTAIN	INSUFFICIENT_CONTEXT	The title says only “Abusive sister?” and the body is deleted, leaving personal victimization unestablished.
4819	https://www.reddit.com/r/CaregiverSupport/comments/ote5se/should_i_step_in/	FALSE_POSITIVE	THIRD_PERSON_VICTIM	The author's mother has PTSD from the author's abusive brother; the post does not say the author was that brother's victim.
4820	https://www.reddit.com/r/mentalhealth/comments/osrvah/can_anyone_explain_my_parents_thought_process_here/	INCLUDE		The author reports continuing bullying by a younger sister, parental enabling, and serious suicidal thoughts.
4821	https://www.reddit.com/r/Advice/comments/osr58t/gifts_for_abusive_sisterinlaw/	FALSE_POSITIVE	WRONG_RELATION	The abusive person is the author's sister-in-law, who abuses the author's brother.
4822	https://www.reddit.com/r/teenagers/comments/osdsww/my_sister_says_the_only_reason_i_hurt_myself_was/	INCLUDE		The author reports years of manipulation, gaslighting, bullying, emotional abuse, and shaming by a sister.
4823	https://www.reddit.com/r/abusiverelationships/comments/os7qyy/finally_moving_out_and_away_from_my_mentally/	INCLUDE		The first-person title says the author is moving away from a mentally abusive sister.
4824	https://www.reddit.com/r/mentalhealth/comments/os2p90/my_mother_has_pushed_my_abusive_brother_back_into/	INCLUDE		The author reports childhood manipulation, beatings, and forced sexual acts by an older brother, with severe current trauma when he enters the author's home.
4825	https://www.reddit.com/r/relationship_advice/comments/os1719/emotionally_abusive_sister/	UNCERTAIN	INSUFFICIENT_CONTEXT	The title says only “Emotionally abusive sister” and the body is deleted, leaving no first-person account.
4826	https://www.reddit.com/r/rant/comments/orwufg/after_18_years_with_an_verbally_abusive_brother/	INCLUDE		The first-person title says the author is becoming free after 18 years with a verbally abusive brother.
4827	https://www.reddit.com/r/MMFB/comments/orwhlj/i_hate_my_life_right_now/	INCLUDE		The author reports daily terror and repeated childhood-trauma triggers while living with an abusive sister.
4828	https://www.reddit.com/r/ABDL/comments/oqx0w8/my_mom_told_her_friend_about_me_being_abdl_and_im/	INCLUDE		While discussing a privacy violation, the author identifies their own brother as toxic and abusive.
4829	https://www.reddit.com/r/Advice/comments/oqr23m/really_need_advice_on_toxic_now_turned_abusive/	INCLUDE		The first-person title asks for advice about a sister whose toxic conduct has turned abusive.
4830	https://www.reddit.com/r/GachaVenting/comments/oqk4um/i_want_my_brother_d3dcw_suicidal_thoughts_sa/	INCLUDE		The first-person title says the author wants a brother dead and warns of sibling abuse, sexual assault, death threats, and being told to kill themself.
4831	https://www.reddit.com/r/relationship_advice/comments/oqe9pg/how_do_i_m23_deal_with_my_physically_abusive/	INCLUDE		The author describes a sister's punches, scratches, kicks, insults, pursuit, door beating, and threat to murder the author.
4832	https://www.reddit.com/r/relationships/comments/oqe5wc/how_do_i_m23_deal_with_my_physically_abusive/	INCLUDE		The first-person title asks how to deal with the author's physically abusive sister.
4833	https://www.reddit.com/r/CPTSD/comments/opp2z2/what_to_do_when_your_abusers_dont_remember_what/	INCLUDE		The author reports a brother's humiliation, entrapment, airsoft shooting, and penetration with a pool toy, followed by present-day dismissal.
4834	https://www.reddit.com/r/relationship_advice/comments/opiwxt/i_cant_help_abusive_brother_what_do_i_do/	INCLUDE		The first-person title asks what to do when the author cannot help an abusive brother.
4835	https://www.reddit.com/r/relationship_advice/comments/opimsb/i_cant_fix_my_abusive_brother_and_idk_what/	INCLUDE		The first-person title asks what boundaries to set with the author's abusive brother.
4836	https://www.reddit.com/r/ptsd/comments/opfoo7/are_there_any_online_support_groups_for_people/	INCLUDE		The author asks for support groups for people who have experienced sibling abuse, indicating a potentially personal survivor context.
4837	https://www.reddit.com/r/CPTSD/comments/opcacw/trigger_warning_sibling_abuse_suicide_mention/	UNCERTAIN	INSUFFICIENT_CONTEXT	The title names sibling abuse and an emotionally abusive or toxic sibling, but the deleted body leaves unclear whether it is the author's account.
4838	https://www.reddit.com/r/offmychest/comments/op6v1q/i_was_more_abused_than_i_remember/	INCLUDE		The author reports years of beatings, bruises, death threats, emotional abuse, forced pornography exposure, and hiding in fear from a brother.
4839	https://www.reddit.com/r/DynastyCW/comments/oocuiu/celias_life_story_is_so_sad_and_heartbreaking/	FALSE_POSITIVE	FICTION_MEDIA	The post explicitly analyzes the hardships of a fictional television character, including an abusive brother-in-law.
4840	https://www.reddit.com/r/abusiverelationships/comments/onpm8l/abusive_sister/	INCLUDE		The teenage author reports years of beatings, broken bones, hair pulling, head slamming, humiliation, and attacks by an older sister.
4841	https://www.reddit.com/r/relationship_advice/comments/onpgzi/abusive_sister/	UNCERTAIN	INSUFFICIENT_CONTEXT	The title says only “Abusive sister” and the body is removed, leaving personal victimization unestablished.
4842	https://www.reddit.com/r/abusesurvivors/comments/on67ir/sibling_abuse_relationship_with_parents/	INCLUDE		The author explicitly states that an older brother abused them and discusses the parents' enabling role.
4843	https://www.reddit.com/r/MMFB/comments/on1yw7/because_my_mom_is_an_idiot_my_dad_wont_be_at_my/	UNCERTAIN	INSUFFICIENT_CONTEXT	The author calls a brother abusive, but the post only describes his estrangement from and handling of their father, leaving the target of his abuse unclear.
4844	https://www.reddit.com/r/BPD/comments/oms8ge/i_finally_cut_my_abusive_brother_off_long/	INCLUDE		The first-person title says the author finally cut off an abusive brother.
4845	https://www.reddit.com/r/relationships/comments/om76jn/was_i_30f_right_to_cut_off_my_verbally_abusive/	INCLUDE		The first-person title asks whether the author was right to cut off a verbally abusive sister.
4846	https://www.reddit.com/r/Totaldrama/comments/olot8b/my_top_10_interactions_that_never_happened_in/	FALSE_POSITIVE	FICTION_MEDIA	This is a speculative list of interactions among fictional Total Drama characters, including characters with fictional abusive siblings.
4847	https://www.reddit.com/r/family/comments/ol5ug8/what_is_the_worst_thing_youve_said_to_your_parents/	FALSE_POSITIVE	IRRELEVANT	The post is about conflict with the author's mother and only calls a favored brother crazy and violent without describing abuse of the author by him.
4848	https://www.reddit.com/r/Buddhism/comments/oktsnj/im_struggling_to_figure_out_how_to_interact_with/	FALSE_POSITIVE	WRONG_RELATION	The emotionally abusive sister is the author's husband's sister, making her the author's sister-in-law.
4849	https://www.reddit.com/r/WarhammerCompetitive/comments/oksjc5/looking_for_advice_for_1k_point_ultra_aggressive/	FALSE_POSITIVE	IRRELEVANT	The “ultra aggressive Sister list” is a Warhammer army list, not a person's sibling.
4850	https://www.reddit.com/r/abusesurvivors/comments/okn3vu/i_need_help_with_an_abusive_brother/	INCLUDE		The author reports slurs, physical attacks, privacy invasion, intimidation, and fear while living with a younger brother.
4851	https://www.reddit.com/r/AskDID/comments/okmb8z/concerned_parent_i_need_support/	INCLUDE		While seeking help for a child, the author says their own CPTSD resulted partly from growing up with an abusive sibling.
4852	https://www.reddit.com/r/raisedbynarcissists/comments/ok52mr/struggling_to_enforce_boundaries_with_my_abusive/	INCLUDE		The first-person title says the author struggles to enforce boundaries with an abusive sister and an enabling mother.
4853	https://www.reddit.com/r/FamilyIssues/comments/ok3wbb/throwaway_how_to_solve_your_issues_if_your_a/	INCLUDE		The author reports childhood and adolescent slurs, shaming, coercion, and repeated hitting by a brother.
4854	https://www.reddit.com/r/AmItheAsshole/comments/ok2neb/aita_for_abandoning_my_abusive_sister/	INCLUDE		The first-person title asks whether the author was wrong to abandon an abusive sister.
4855	https://www.reddit.com/r/relationship_advice/comments/oj7u17/i_have_begun_isolating_myself_from_my_family_due/	INCLUDE		The first-person title says the author is isolating while facing the effects of possible childhood sibling abuse.
4856	https://www.reddit.com/r/relationship_advice/comments/oj7slv/im_beginning_to_isolate_myself_from_my_family/	INCLUDE		The first-person title says the author is isolating while processing possible childhood sibling abuse and the family's response.
4857	https://www.reddit.com/r/relationship_advice/comments/oj7pjx/am_i_wrong_to_isolate_myself_from_my_family/	INCLUDE		The first-person title says the author is processing possible sibling abuse that the family enabled.
4858	https://www.reddit.com/r/relationship_advice/comments/oj7otk/aita_for_isolating_myself_from_my_family_whilst/	INCLUDE		The first-person title says the author is processing possible sibling abuse that the family enabled.
4859	https://www.reddit.com/r/AmItheAsshole/comments/oj76jr/aita_for_isolating_myself_from_my_family_whilst/	INCLUDE		The first-person title says the author is coming to terms with possible sibling abuse that the family enabled.
4860	https://www.reddit.com/r/emotionalabuse/comments/oj4pvn/growing_up_with_an_emotionally_abusive_brother/	INCLUDE		The author describes an older brother's intimidation, object throwing, violent outbursts, misogyny, ridicule, and repeated emotional invalidation.
4861	https://www.reddit.com/r/relationship_advice/comments/oj2hsj/my_21m_verbally_and_physically_abusive_older/	INCLUDE		The author reports 15 years of violent control, physical attacks, threats, property destruction, terror, and trauma caused by an older brother.
4862	https://www.reddit.com/r/LifeAfterNarcissism/comments/oj0hv0/trying_to_explain_bad_grades_after_the_fact/	INCLUDE		The author says unannounced visits from a physically abusive brother contributed to a dangerous home environment and major academic and mental-health harm.
4863	https://www.reddit.com/r/family/comments/oib0ab/help_with_aggressive_brother/	UNCERTAIN	INSUFFICIENT_CONTEXT	The generic title asks for help with an aggressive brother, but the deleted body does not establish who was targeted.
4864	https://www.reddit.com/r/relationship_advice/comments/ohm35e/should_i_move_out_because_of_my_passive/	UNCERTAIN	INSUFFICIENT_CONTEXT	The author considers moving out because of a passive-aggressive brother, but the removed body leaves the severity and nature of the conduct unknown.
4865	https://www.reddit.com/r/unpopularopinion/comments/ohldhj/serious_depending_on_how_bad_sibling_rivalry_gets/	INCLUDE		The author reports three years of hitting, being jumped on and pushed through a wall, and lasting trauma symptoms caused by a sister.
4866	https://www.reddit.com/r/MomForAMinute/comments/ohgf2l/why_didnt_you_protect_me/	INCLUDE		The author gives a detailed account of physical, verbal, emotional, and psychological abuse by a sister, including hitting, thrown objects, theft, threats, and fear during sleep.
4867	https://www.reddit.com/r/BorderlinePDisorder/comments/oh9lyz/when_your_drunk_and_violent_brother_falls_asleep/	INCLUDE		The first-person title says a drunk and violent brother repeatedly hit the author and told them to kill themself.
4868	https://www.reddit.com/r/COCSA/comments/oh62zl/i_am_struggling_and_i_dont_know_how_to_make_it/	INCLUDE		The author recounts a resurfaced childhood abuse memory involving one of three brothers and struggles with not knowing which brother did it.
4869	https://www.reddit.com/r/narcissisticparents/comments/oghgmn/last_week_was_when_i_had_my_final_straw_with_my/	INCLUDE		The author describes a half-sister's surveillance, infantilization, yelling, hair pulling, physical attack, humiliation, manipulation, and boundary violations.
4870	https://www.reddit.com/r/CPTSD/comments/og7v7d/my_abusive_mom_never_taught_me_any_rules_but/	INCLUDE		The author says an older abusive sister joined their mother in screaming and berating them whenever they made mistakes.
4871	https://www.reddit.com/r/offmychest/comments/og16wn/intersibling_abuse_perpetrator/	FALSE_POSITIVE	PERPETRATOR_ONLY	The removed post is titled “Inter-sibling Abuse Perpetrator,” indicating the author is presenting themself as the perpetrator rather than victim.
4872	https://www.reddit.com/r/relationship_advice/comments/ofcpza/my_15_sister_14_abuses_and_manipulates_our_family/	INCLUDE		The teenage author reports bullying, berating, hitting, blackmail, social-media smearing, and false allegations by a younger sister.
4873	https://www.reddit.com/r/DysfunctionalFamily/comments/of9em9/how_does_my_family_get_my_brother_18help/	INCLUDE		The author reports an emotionally abusive brother's insults, coercive demands for money, sleep deprivation, family intimidation, and dangerous driving.
4874	https://www.reddit.com/r/raisedbynarcissists/comments/of30z7/the_other_day_was_when_i_had_my_final_straw_with/	INCLUDE		The author describes a half-sister's surveillance, infantilization, yelling, hair pulling, physical attack, humiliation, manipulation, and boundary violations.
4875	https://www.reddit.com/r/SuicideWatch/comments/oept1g/so_far_everything_was_good_but_it_all_went_down/	INCLUDE		The suicidal 12-year-old author identifies a brother as abusive while describing threats and humiliation within the family.
4876	https://www.reddit.com/r/EntitledPeople/comments/oedo3f/entitled_abusive_brother/	INCLUDE		The author reports a younger brother beating them, breaking a bathroom lock to continue the attack, verbally degrading them, and stealing and wrecking their car.
4877	https://www.reddit.com/r/LifeAfterNarcissism/comments/oecv8r/the_other_day_was_when_i_had_my_final_straw_with/	INCLUDE		The author describes a half-sister's surveillance, infantilization, yelling, hair pulling, physical attack, humiliation, manipulation, and boundary violations.
4878	https://www.reddit.com/r/CPTSD/comments/oe4oif/being_good_to_myself_is_terrifying/	INCLUDE		The author identifies an abusive sibling among the people whose lifelong abuse and mistreatment continue to shape severe self-criticism.
4879	https://www.reddit.com/r/Advice/comments/odxwk2/psychotic_and_violent_brother/	INCLUDE		The author is trapped in fight-or-flight with an armed, psychotic brother who aimed a gun at another sibling and poses an imminent threat to the entire household.
4880	https://www.reddit.com/r/CPTSD/comments/odrr7k/sibling_abuse_confusion_about_your_identityself/	INCLUDE		The author says a brother abused them for more than six years in childhood through humiliation and physical harm, producing enduring identity and trauma symptoms.
4881	https://www.reddit.com/r/TwoXChromosomes/comments/oc8xq7/change_is_in_the_air/	INCLUDE		The author identifies a sister as abusive and describes altering daily routines and even sleeping in a vehicle to avoid encountering her.
4882	https://www.reddit.com/r/JUSTNOFAMILY/comments/oc202n/depressed_and_abusive_sister/	UNCERTAIN	INSUFFICIENT_CONTEXT	The title says only “Depressed and abusive sister” and the body is removed, leaving the target and conduct unclear.
4883	https://www.reddit.com/r/ask/comments/obr0kg/how_do_i_decondition_myself_from_an_older_abusive/	INCLUDE		The author asks how to undo behavioral conditioning acquired from an older abusive sister.
4884	https://www.reddit.com/r/relationship_advice/comments/obbzs5/abusive_sister_broke_into_my_house_long_read/	INCLUDE		The first-person title says an abusive sister broke into the author's house.
4885	https://www.reddit.com/r/TrueOffMyChest/comments/ob9p4w/my_mom_doting_on_her_abusive_son_is_killing_me/	INCLUDE		The author reports a brother's abuse from ages nine to fourteen, including drugging, followed by a forced interstate trip alone with him.
4886	https://www.reddit.com/r/raisedbynarcissists/comments/oavxp5/my_mums_response_when_i_tell_her_about_my_abusive/	INCLUDE		The author identifies a sister as abusive and describes her spending hours speaking badly about the author while their mother enables her.
4887	https://www.reddit.com/r/legaladvice/comments/oasm4a/questions_about_sibling_abuse/	UNCERTAIN	INSUFFICIENT_CONTEXT	The generic title and deleted body do not establish whether the legal questions concern the author's own sibling victimization.
4888	https://www.reddit.com/r/SuicideWatch/comments/o9bmkh/too_many_fucking_problems/	INCLUDE		The suicidal author says they grew up in the same house as an abusive brother and connects that environment with ongoing distress.
4889	https://www.reddit.com/r/family/comments/o93aiw/manage_living_with_abusive_sibling/	INCLUDE		The first-person title asks how to manage living with an abusive sibling.
4890	https://www.reddit.com/r/abusivesiblings/comments/o91dod/manage_living_with_abusive_brother/	INCLUDE		The author reports a brother's verbal and physical abuse, provocation, police involvement, estrangement, and current fear about moving back in with him.
4891	https://www.reddit.com/r/offmychest/comments/o8rz8k/i_hate_living_with_my_abusive_brother/	INCLUDE		The first-person title says the author hates living with an abusive brother.
4892	https://www.reddit.com/r/unpopularopinion/comments/o8rj0n/people_who_complain_about_their_siblings_247_is/	FALSE_POSITIVE	META_RESEARCH	This is a general opinion about people complaining about siblings and merely exempts genuine abuse from its argument.
4893	https://www.reddit.com/r/toxicparents/comments/o8mi01/divorced_parents_cop_father_personality/	INCLUDE		The title presents sibling abuse among the author's family history and diagnoses, strongly indicating a personal trauma account despite the deleted body.
4894	https://www.reddit.com/r/abusiveparents/comments/o85m3s/moving_out/	INCLUDE		The author says an aggressive brother and toxic mother caused years of trauma and pain and are the reason the author is trying to move out.
4895	https://www.reddit.com/r/AskReddit/comments/o7lqji/should_i_report_my_abusive_brother_for_posseion/	INCLUDE		The first-person title asks whether the author should report an abusive brother for possessing marijuana.
4896	https://www.reddit.com/r/raisedbynarcissists/comments/o7flxb/tw_sexual_abuse_abusive_sister_or_developmental/	INCLUDE		The author describes an older sister's control, sexual acts, threats, bribery, and coercion after the author began refusing participation.
4897	https://www.reddit.com/r/WacoverseFanfics/comments/o7dd2j/power_rangers_beyond_the_grid_episode_34/	FALSE_POSITIVE	FICTION_MEDIA	This is an original Power Rangers fan-fiction episode featuring a fictional creature's abusive brother.
4898	https://www.reddit.com/r/relationship_advice/comments/o7cfjh/family_i_have_an_abusive_sibling_what_do_i_do/	FALSE_POSITIVE	THIRD_PERSON_VICTIM	The author seeks help for a younger half-brother who is repeatedly beaten by their other half-brother, without disclosing personal victimization.
4899	https://www.reddit.com/r/BPD/comments/o789jc/complicated_relationship_with_bpd_from_sister/	INCLUDE		The author describes a sister who raged at, beat, belittled, gaslit, and directed transphobic and homophobic slurs at them.
4900	https://www.reddit.com/r/raisedbynarcissists/comments/o6sbay/over_15_years_of_abuse_from_my_nmom_and_abusive/	INCLUDE		The author reports more than fifteen years of abuse from their mother and sister, including bullying that damaged their confidence.
4901	https://www.reddit.com/r/JUSTNOFAMILY/comments/o6r11r/my_overly_nice_parents_cant_kick_my_toxic_abusive/	INCLUDE		The first-person title identifies the author's own brother as toxic and abusive.
4902	https://www.reddit.com/r/CPTSD/comments/o6nwqo/was_i_a_victim_of_sibling_abuse_an_abuser_both/	INCLUDE		The author describes siblings chasing, pinning, and restraining them, and a brother trashing their room, spraying cleaner in their eyes, and leaving bruises.
4903	https://www.reddit.com/r/mentalhealth/comments/o6hnzr/i_still_see_my_abuser_on_a_weekly_basis/	INCLUDE		The author's significantly older brother repeatedly insulted, belittled, and physically assaulted them, leaving them terrified and having nightmares.
4904	https://www.reddit.com/r/depression/comments/o67as8/i_cant_escape/	INCLUDE		The author describes verbal abuse and exclusionary silent treatment from their sister that worsens severe depression.
4905	https://www.reddit.com/r/JUSTNOFAMILY/comments/o66ter/it_is_absolutely_ok_to_shut_bad_people_oiut_of/	INCLUDE		The author gives a first-person account of ending contact with their abusive sister.
4906	https://www.reddit.com/r/domesticviolence/comments/o4s03c/sorry_this_is_a_long_read_i_need_help/	INCLUDE		The author says their sister beat and stole from them, threatened and chased them, threw them down, grabbed their phone, and left bruises.
4907	https://www.reddit.com/r/autism/comments/o4jena/people_forcing_me_to_talk_when_i_have_a_non/	INCLUDE		The author's sister yells, calls them names, tells them to end their life, and intensifies their autistic meltdowns.
4908	https://www.reddit.com/r/Advice/comments/o3ygtz/how_do_you_make_someone_understand_that_youre_not/	INCLUDE		The author explicitly says they suffered sibling abuse that their parents dismissed and that they are now no-contact.
4909	https://www.reddit.com/r/raisedbynarcissists/comments/o3yayy/does_it_get_better/	INCLUDE		The author describes being forced out when their family invited an abusive brother into the home, within a personally traumatic family history.
4910	https://www.reddit.com/r/abusesurvivors/comments/o38o7p/eldest_sibling_abuse/	FALSE_POSITIVE	WRONG_RELATION	The described abuse and parentification came from the author's mother for being the eldest child, not from a sibling.
4911	https://www.reddit.com/r/relationship_advice/comments/o35hvg/my_vaguely_abusive_brother_has_a_really_nice/	INCLUDE		The first-person title identifies the author's own brother as potentially abusive.
4912	https://www.reddit.com/r/legaladvice/comments/o2raqr/how_can_i_legally_be_able_to_remove_my_violent/	INCLUDE		The author lives with a violent sibling who throws objects, punches, bites, strangles, and scratches household members, creating a direct threat.
4913	https://www.reddit.com/r/AsianParentStories/comments/o2o17b/how_bad_is_my_family_abusive_sibling_and_ignorant/	INCLUDE		The first-person title identifies an abusive sibling and an enabling or ignorant parent in the author's own family.
4914	https://www.reddit.com/r/JUSTNOFAMILY/comments/o2n41l/very_abusive_brother_i_dont_know_how_to_cope_with/	INCLUDE		The author's older brother screams, undermines their art, friendships, and life, financially coerces and controls them, and orders them to perform labor.
4915	https://www.reddit.com/r/OnlyChild/comments/o245y1/thinking_about_only_having_one_kid_because_of_my/	INCLUDE		The author's violent brother regularly threatened to kill them, causing lifelong fear.
4916	https://www.reddit.com/r/relationship_advice/comments/o1laid/girlfriend_struggles_to_feel_good/	FALSE_POSITIVE	THIRD_PERSON_VICTIM	The victim is the author's girlfriend, who was traumatized by her own abusive brother.
4917	https://www.reddit.com/r/Advice/comments/o1l341/anorexia_abusive_brother/	FALSE_POSITIVE	THIRD_PERSON_VICTIM	The author is seeking help for a girlfriend who is hit and abused by her brother.
4918	https://www.reddit.com/r/narcissisticparents/comments/o1kdc4/im_mad_at_my_parents_for_making_me_raise_myself/	INCLUDE		The author reports physical and verbal abuse by their sister alongside parental mistreatment.
4919	https://www.reddit.com/r/Advice/comments/o1jry8/my_19f_mother_54f_sided_with_my_brother_22m_i/	INCLUDE		The author describes lifelong insults and physical attacks by a brother, including a stomach kick, an attack after surgery, and recent threats.
4920	https://www.reddit.com/r/CPTSD/comments/o1al8b/my_toxicabusive_sister_is_trying_to_fix_my/	INCLUDE		The first-person title identifies the author's own sister as toxic and abusive.
4921	https://www.reddit.com/r/unpopularopinion/comments/o0wegz/i_dont_think_people_birth_mega_families_because/	FALSE_POSITIVE	THIRD_PERSON_VICTIM	This is a general opinion post that cites sibling abuse in an acquaintance's large family rather than the author's experience.
4922	https://www.reddit.com/r/AmItheAsshole/comments/o0uxet/aita_for_not_wanting_a_relationship_with_my/	INCLUDE		The first-person title identifies the author's own brother as abusive and concerns refusing a relationship with him.
4923	https://www.reddit.com/r/toxicparents/comments/o0fw1t/emotionally_abusive_sibling_am_i_doing_the_right/	INCLUDE		The author describes years of mental abuse and past physical abuse by an older sister that left them feeling worthless.
4924	https://www.reddit.com/r/Advice/comments/nzwfrb/how_to_help_abusive_sister/	INCLUDE		The author's twin sister stands and twists on their bare feet and repeatedly belittles and berates them until they sob.
4925	https://www.reddit.com/r/raisedbynarcissists/comments/nz3syh/people_that_tell_your_narc_abuse_story_to_someone/	INCLUDE		The author reports that their sister physically assaulted them to force sleepovers and then exposed their abuse history.
4926	https://www.reddit.com/r/JUSTNOFAMILY/comments/nz2e11/need_help_with_abusive_brother/	INCLUDE		The direct first-person context seeks help with the author's abusive brother.
4927	https://www.reddit.com/r/AmItheAsshole/comments/nz285v/aita_for_going_off_on_my_brother/	INCLUDE		The author says their brother constantly tears them down and severely harms their mental health.
4928	https://www.reddit.com/r/abusiverelationships/comments/nxp2ak/i_think_im_getting_an_anxiety_attack_or_im_just/	INCLUDE		The author is afraid of their abusive older brother and experiences severe anxiety and suicidality when family pressures them to make contact.
4929	https://www.reddit.com/r/BPD/comments/nwrnxo/teachers_with_bpd_or_anyone_who_works_with_kids/	UNCERTAIN	INSUFFICIENT_CONTEXT	The author mentions a violent brother and childhood effects, but does not establish that the brother's violence was directed at them.
4930	https://www.reddit.com/r/BreakTheSilence/comments/nvzums/is_this_sibling_sexual_abuse/	INCLUDE		The author gives a first-person account of coerced sexual acts by an older brother when they were five and eight years old.
4931	https://www.reddit.com/r/family/comments/nvrk1l/my_girlfriends_older_brother/	FALSE_POSITIVE	THIRD_PERSON_VICTIM	The victim is the author's girlfriend, who is abused by her own older brother.
4932	https://www.reddit.com/r/rant/comments/nvg0mo/my_sister_always_gets_tired_of_the_conversation/	FALSE_POSITIVE	PERPETRATOR_ONLY	The author's family calls the author an abusive brother; the post describes an ordinary argument with an older sister rather than the sister abusing the author.
4933	https://www.reddit.com/r/AmItheAsshole/comments/nv3x69/aita_for_telling_my_mom_she_is_a_bad_parent_for/	INCLUDE		The author says their sister is physically and mentally abusive, steals medication, screams, and contributed to their depression.
4934	https://www.reddit.com/r/raisedbynarcissists/comments/nu4bnp/abusive_sister_is_keeping_me_from_moving_out/	INCLUDE		The author's half-sister screams and curses, uses financial coercion, forces chores and childcare, may become physically harmful, and blocks the author from moving.
4935	https://www.reddit.com/r/offmychest/comments/ntmzei/how_to_come_out_as_a_victim_of_sibling_abuse/	INCLUDE		The first-person title explicitly identifies the author as a victim of sibling abuse.
4936	https://www.reddit.com/r/LifeAfterNarcissism/comments/ntij1s/can_anyone_recommend_any_books_on_sibling_abuse/	INCLUDE		The author seeks resources after physical and emotional abuse and murder attempts by their brother.
4937	https://www.reddit.com/r/relationship_advice/comments/ntga55/today_i_was_ready_to_punch_my_abusive_sister/	INCLUDE		The author says their sister raped them in childhood and continues to beat, scratch, and blame them.
4938	https://www.reddit.com/r/legaladvice/comments/nt92th/sibling_abuse/	FALSE_POSITIVE	THIRD_PERSON_VICTIM	The author discusses another girl being beaten by her brother and refers to the girl's parents, without presenting themselves as the victim.
4939	https://www.reddit.com/r/DynastyCW/comments/nt3rww/cristal_appreciation_a_little_long/	FALSE_POSITIVE	FICTION_MEDIA	This is analysis of a television character and her abusive brother-in-law.
4940	https://www.reddit.com/r/CPTSD/comments/nsu42r/can_anyone_recommend_any_books_on_sibling_abuse/	INCLUDE		The author seeks resources after physical and emotional abuse and murder attempts by their brother.
4941	https://www.reddit.com/r/raisedbynarcissists/comments/nsu1hl/can_anyone_recommend_any_books_on_sibling_abuse/	INCLUDE		The author seeks resources after physical and emotional abuse and murder attempts by their brother.
4942	https://www.reddit.com/r/infj/comments/nsu0pd/can_anyone_recommend_any_books_on_sibling_abuse/	INCLUDE		The author seeks resources after physical and emotional abuse and murder attempts by their brother.
4943	https://www.reddit.com/r/Dogtraining/comments/ns095m/sibling_aggression_and_jealousy/	FALSE_POSITIVE	NONHUMAN	The post concerns sibling aggression and jealousy between dogs.
4944	https://www.reddit.com/r/Advice/comments/nrynql/abusive_brother_during_toughest_time_of_my_life/	INCLUDE		The first-person title identifies the author's own abusive brother during a difficult period.
4945	https://www.reddit.com/r/CPTSD/comments/nrtcih/did_anybody_else_grow_up_in_squalor/	INCLUDE		The author's violent brother smashed into their childhood home with a hammer, contributing to a personally unsafe and traumatic environment.
4946	https://www.reddit.com/r/Advice/comments/nrsl7i/i_need_to_cut_off_my_toxic_abusive_sibling_but_i/	INCLUDE		The first-person title says the author needs to cut off their toxic, abusive sibling.
4947	https://www.reddit.com/r/modsbeingdicks/comments/nrqefw/i_was_banned_in_rbullying/	INCLUDE		The author says they wrote several posts about their own experience of sibling bullying and were banned because a moderator denied that category.
4948	https://www.reddit.com/r/narcissisticparents/comments/nrofwy/i_never_thought_id_have_something_of_my_own_since/	INCLUDE		The author reports cutting an abusive brother out of their life in the context of longstanding personal abuse.
4949	https://www.reddit.com/r/amiwrong/comments/nrjen3/aiw_for_calling_the_cops_on_my_aggressive_brother/	INCLUDE		The author's brother punched them in the head, threatened to put them in the hospital, and continues to taunt them.
4950	https://www.reddit.com/r/shittyaita/comments/nrjbg7/aita_for_calling_the_cops_on_my_aggressive_brother/	FALSE_POSITIVE	REPOST_ARCHIVE	This is a mocking or archival repost of another story in a repost subreddit rather than a first-hand account by the original author.
4951	https://www.reddit.com/r/AlAnon/comments/nrcjpd/nervous_to_go_to_a_meeting/	INCLUDE		The author's sister beat and belittled them while the family forced the author into a caretaker role.
4952	https://www.reddit.com/r/relationship_advice/comments/nqe822/my_family_accepts_my_25f_abusive_brother_in_law/	FALSE_POSITIVE	WRONG_RELATION	The alleged abuser is the author's brother-in-law, not their sibling.
4953	https://www.reddit.com/r/toxicparents/comments/npm9pb/what_do_i_do/	FALSE_POSITIVE	ORDINARY_CONFLICT	The post describes passive-aggressive sisters, ruined milestones, a hostile email, and family arguments, but not sibling abuse meeting the study criteria.
4954	https://www.reddit.com/r/FamilyProblems/comments/npm97c/why_is_my_family_like_this/	FALSE_POSITIVE	ORDINARY_CONFLICT	This duplicate describes passive-aggressive sisters, ruined milestones, a hostile email, and family arguments, but not sibling abuse meeting the study criteria.
4955	https://www.reddit.com/r/psychologist/comments/npm8le/why_is_my_family_like_this/	FALSE_POSITIVE	ORDINARY_CONFLICT	This duplicate describes passive-aggressive sisters, ruined milestones, a hostile email, and family arguments, but not sibling abuse meeting the study criteria.
4956	https://www.reddit.com/r/narcissisticparents/comments/nplnhv/can_anyone_relate/	FALSE_POSITIVE	ORDINARY_CONFLICT	This duplicate describes passive-aggressive sisters, ruined milestones, a hostile email, and family arguments, but not sibling abuse meeting the study criteria.
4957	https://www.reddit.com/r/BreakUp/comments/nplgim/broke_up_with_a_childhood_best_friend_if_that/	FALSE_POSITIVE	THIRD_PERSON_VICTIM	The abusive sister belongs to the author's former friend; the author's own abuser in the post is that friend, not a sibling.
4958	https://www.reddit.com/r/SuicideWatch/comments/nphato/how_do_i_deal_with_abusive_brother/	INCLUDE		The first-person title asks how the author should deal with their abusive brother.
4959	https://www.reddit.com/r/relationship_advice/comments/np1nmy/what_is_wrong_with_my_family/	FALSE_POSITIVE	ORDINARY_CONFLICT	This duplicate describes passive-aggressive sisters and dysfunctional family arguments, but not sibling abuse meeting the study criteria.
4960	https://www.reddit.com/r/depression_help/comments/nod0jo/whats_a_genuine_reason_to_not_commit_suicide/	INCLUDE		The author's sister physically and emotionally abuses them, calls them a friendless loser, and tells them to kill themselves.
4961	https://www.reddit.com/r/Advice/comments/no541u/my_boyfriend_and_i_want_to_get_married_but_we/	INCLUDE		The author's abusive brother lived with them and seriously harmed their mental health, including suicidality.
4962	https://www.reddit.com/r/homophobic_stories/comments/no1kdz/my_best_friend_of_2_years_is_internally/	FALSE_POSITIVE	THIRD_PERSON_VICTIM	The abusive brother belongs to the author's friend; the author's own reported family abuse concerns their mother rather than a sibling.
4963	https://www.reddit.com/r/offmychest/comments/nnpx4i/im_so_fucking_stressed_vent/	INCLUDE		The author reports lifelong emotional abuse by a brother that destroyed their self-esteem.
4964	https://www.reddit.com/r/abusiverelationships/comments/nnpwv7/is_it_a_red_flag_if_he_got_spanked_as_a_child/	INCLUDE		The author's much older brother beat, hurt, isolated, and severely mentally abused them.
4965	https://www.reddit.com/r/confessions/comments/nnltvr/i_have_a_secret_that_could_potentially_ruin_my/	INCLUDE		The author directly identifies their older brother as verbally abusive in a first-person account.
4966	https://www.reddit.com/r/shoppingaddiction/comments/nnloo9/i_have_a_secret/	INCLUDE		The author directly identifies their older brother as verbally and physically abusive.
4967	https://www.reddit.com/r/Advice/comments/nnhinf/my_abusive_brother_is_coming_back_from_college/	INCLUDE		The first-person title identifies the author's abusive brother and concern about his return.
4968	https://www.reddit.com/r/CPTSD/comments/nlr6cv/sibling_abuse/	UNCERTAIN	INSUFFICIENT_CONTEXT	The generic title and deleted body do not establish whether this is the author's own victimization or another kind of discussion.
4969	https://www.reddit.com/r/narcissisticparents/comments/nlb5z5/narc_sibling/	INCLUDE		The author explicitly says their sibling abused them throughout their life.
4970	https://www.reddit.com/r/CPTSD/comments/nkmxk3/uhhh_help_plz/	INCLUDE		The author explicitly identifies as having survived sibling abuse and discusses a therapist's mistaken assumption that it was sexual.
4971	https://www.reddit.com/r/relationships/comments/nk7ga7/my_18f_has_an_abusive_brother_and_i_want_to_help/	FALSE_POSITIVE	THIRD_PERSON_VICTIM	The title indicates that the author wants to help an 18-year-old girlfriend or partner who has an abusive brother.
4972	https://www.reddit.com/r/brandnew/comments/nk4hxx/this_band_sort_of_means_everything_to_me/	INCLUDE		The author's psychologically abusive brother controlled their schooling and isolated them.
4973	https://www.reddit.com/r/FemaleLevelUpStrategy/comments/nj6qi2/how_to_emotionally_detach_from_emotionally/	INCLUDE		The title asks how the author can detach from their own emotionally abusive sister and parents.
4974	https://www.reddit.com/r/Advice/comments/nil916/abusive_brother/	INCLUDE		The author's brother screamed at them and punched them twice, causing them to run away in fear.
4975	https://www.reddit.com/r/fragrance/comments/nifq5r/which_tom_ford_leather_scent_you_guys_prefer/	FALSE_POSITIVE	IRRELEVANT	The phrase “aggressive brother” is a metaphor comparing perfumes, not a family account.
4976	https://www.reddit.com/r/raisedbynarcissists/comments/ni6y6j/advicequestion_about_parentificationolder_sibling/	UNCERTAIN	INSUFFICIENT_CONTEXT	The generic title and deleted body do not reveal whether the author was victimized by a sibling or is discussing parentification or another abuse direction.
4977	https://www.reddit.com/r/domesticviolence/comments/ni6f0a/my_abuser_and_their_sister_used_my_past_mental/	INCLUDE		The author also identifies their own sister as abusive and describes gaslighting, abandonment, and sabotage.
4978	https://www.reddit.com/r/LegalAdviceUK/comments/ni3vn4/mum_is_scared_of_calling_the_police_on_my_violent/	FALSE_POSITIVE	THIRD_PERSON_VICTIM	The brother's attacks are described as targeting the author's mother and girlfriend, without disclosure that he victimized the author.
4979	https://www.reddit.com/r/raisedbynarcissists/comments/ni0imb/i_hit_my_abusive_brother/	INCLUDE		The author says their brother verbally abuses them and the family and mocks their suicidality; the author describes retaliating physically.
4980	https://www.reddit.com/r/emotionalabuse/comments/nhqyke/how_do_you_know_when_youre_doing_enough/	INCLUDE		The author's sister shouts, berates, controls, and calls them stupid and incompetent.
4981	https://www.reddit.com/r/MomForAMinute/comments/nhqlkx/mom_your_abusive_sister_is_spreading_lies_about/	FALSE_POSITIVE	WRONG_RELATION	The phrase “your abusive sister” addresses the author's mother, making the alleged abuser the author's aunt.
4982	https://www.reddit.com/r/relationship_advice/comments/nhq2et/my_girlfriend_cries_almost_daily/	INCLUDE		The author's home life includes their own very violent brother, whose presence creates a personally unsafe situation.
4983	https://www.reddit.com/r/offmychest/comments/nho2jb/today_i_hit_my_abusive_brother/	INCLUDE		The author says their brother verbally abuses them and the family and mocks their suicidality; the author describes retaliating physically.
4984	https://www.reddit.com/r/AsianParentStories/comments/nhnyex/i_hit_my_abusive_brother/	INCLUDE		The author says their brother verbally abuses them and the family and mocks their suicidality; the author describes retaliating physically.
4985	https://www.reddit.com/r/Advice/comments/nhlce7/advice_on_dealing_with_abusive_brother/	INCLUDE		The author's brother is emotionally abusive, destroys property, makes threats, and leaves the author terrified that he could kill someone.
4986	https://www.reddit.com/r/confession/comments/nhktm1/i_hit_my_abusive_brother_for_the_first_time_i_am/	INCLUDE		The first-person title identifies the author's abusive brother and describes the author's retaliatory violence.
4987	https://www.reddit.com/r/offmychest/comments/nhioim/i_am_so_mad_at_our_abusive_sister/	INCLUDE		The author's sister throws objects, bites, scratches, and subjects the family to mental and physical abuse.
4988	https://www.reddit.com/r/AsianParentStories/comments/nh4uad/abusive_brother_32_and_enabling_parents/	INCLUDE		The post presents a first-person survivor context involving an abusive brother and enabling parents.
4989	https://www.reddit.com/r/Advice/comments/nh2mln/how_can_i_protect_my_family_from_my_abusive_sister/	INCLUDE		The author identifies their own sister as abusive and seeks to protect their family from her, indicating a directly threatening family context.
4990	https://www.reddit.com/r/TraumaBasics/comments/nh1r1n/sibling_abuse_patrick_teahan/	FALSE_POSITIVE	META_RESEARCH	This is the title of an informational resource or video about sibling abuse, not a first-hand account.
4991	https://www.reddit.com/r/u_CryptoRevolution11/comments/ngkrol/chihua_new_meme_token_that_will_melt_faces/	FALSE_POSITIVE	IRRELEVANT	The phrase “aggressive brother” describes a cryptocurrency token as Dogecoin's counterpart, not a person or family.
4992	https://www.reddit.com/r/emotionalabuse/comments/ng40du/how_do_you_know_when_to_believe_your_abuser/	INCLUDE		The author's sister explodes and shouts, controls their clothes, and calls them disgusting, a pig, and useless.
4993	https://www.reddit.com/r/raisedbynarcissists/comments/nfgifm/firsttime_poster_looking_for_support_my_mom_aunt/	INCLUDE		The author lists their own alcoholic and abusive brother among the family abusers they have cut off.
4994	https://www.reddit.com/r/GoodGirls/comments/nfd2cu/409_rionick_thoughts/	FALSE_POSITIVE	FICTION_MEDIA	This is analysis of a television storyline and a fictional character's abusive brother.
4995	https://www.reddit.com/r/MentalHealthPH/comments/ne8jv6/bullied_by_sibling_because_of_my_acne/	INCLUDE		The author describes an older brother repeatedly judging and mocking their acne, damaging their self-worth.
4996	https://www.reddit.com/r/CPTSD/comments/ne8ff1/my_inner_child_is_seriously_not_well/	INCLUDE		The author identifies an abusive brother whose actions and circumstances trigger childhood panic.
4997	https://www.reddit.com/r/TrueOffMyChest/comments/ne41vs/my_best_friend_almost_got_in_a_fightand_it_made/	INCLUDE		The author directly identifies their sister as abusive and says her presence intensifies their distress.
4998	https://www.reddit.com/r/ToxicSiblings/comments/nctk68/ahtw_abuse/	INCLUDE		The author's sister subjected them to lifelong ridicule and degradation, kicked and punched their face, and told them to die.
4999	https://www.reddit.com/r/family/comments/ncpddp/abusive_brotherinlaw_going_to_my_grandmothers/	FALSE_POSITIVE	WRONG_RELATION	The alleged abuser is the author's brother-in-law, not their sibling.
5000	https://www.reddit.com/r/relationship_advice/comments/ncnlla/should_i_tell_my_girlfriend_the_truth_about_my/	INCLUDE		The author's sister beat, scratched, scarred, and threatened them and coerced them into sexual acts.
5001	https://www.reddit.com/r/LGBTeens/comments/ncif2f/rant_i_am_confused_angry_and_scared_in_having_a/	INCLUDE		The author explicitly compares their present fear to fear of their abusive brother.
5002	https://www.reddit.com/r/askgaybros/comments/ncidna/i_am_scared_angry_and_confused_about_having_a/	INCLUDE		This duplicate explicitly compares the author's present fear to fear of their abusive brother.
5003	https://www.reddit.com/r/helpme/comments/nc0r01/dear_reddit_users/	INCLUDE		The author describes being jailed by a payee to protect their abusive brother and seeks to escape the family's mistreatment.
5004	https://www.reddit.com/r/siblingsfromhell/comments/nbyj1f/any_good_resources_on_sibling_abuse/	INCLUDE		The author says their siblings traumatized them and made them fear for their life.
5005	https://www.reddit.com/r/disability/comments/nbjg8l/my_abusive_disabled_brother_might_never_be_able/	INCLUDE		The author's disabled brother has violent rages and assaults them and other family members, forcing confinement and locks and causing fear.
5006	https://www.reddit.com/r/MentalHealthPH/comments/nbh4qp/my_mom_loves_her_sibling_more_than_me_and_my/	FALSE_POSITIVE	WRONG_RELATION	The person who beat the author is their mother's brother, making him the author's uncle rather than sibling.
5007	https://www.reddit.com/r/relationship_advice/comments/naka4r/how_to_support_girlfriend_that_suffeted_sexual/	FALSE_POSITIVE	THIRD_PERSON_VICTIM	The author seeks to support a girlfriend who has an aggressive brother; this is not the author's own sibling-victim account.
5008	https://www.reddit.com/r/domesticviolence/comments/nahlnd/what_can_i_do_about_my_emotionally_abusive_sister/	INCLUDE		The author explicitly says their sister emotionally abuses them and has contributed to severe depression and anxiety.
5009	https://www.reddit.com/r/Advice/comments/na9bt3/i_feel_like_running_away_from_home/	INCLUDE		The author wants to run away because their brother mentally and physically abuses them.
5010	https://www.reddit.com/r/Advice/comments/na7ax2/i_feel_like_i_should_run_away_from_home/	INCLUDE		This duplicate says the author wants to run away because their brother mentally and physically abuses them.
5011	https://www.reddit.com/r/emotionalabuse/comments/n9zwu7/how_to_heal_from_and_let_of_go_of_anger_from/	FALSE_POSITIVE	THIRD_PERSON_VICTIM	The author's abuser is a former friend, while the abusive sister mentioned belongs to that friend.
5012	https://www.reddit.com/r/TrueOffMyChest/comments/n9pn7i/putting_the_dog_to_sleep/	INCLUDE		The author reports growing up with an emotionally and sometimes physically abusive brother and believes it may have caused PTSD.
5013	https://www.reddit.com/r/asktransgender/comments/n9oq9f/issues_with_parents/	INCLUDE		The author must hide their trans identity from an abusive brother within a seriously unsafe home situation linked to suicidality.
5014	https://www.reddit.com/r/JUSTNOFAMILY/comments/n9ft85/parents_covering_up_for_abusive_sister_but_mom/	INCLUDE		The author describes five years of physical and mental abuse by their sister, including a recent attack involving police.
5015	https://www.reddit.com/r/relationship_advice/comments/n93dqg/what_should_i_do_about_my_abusive_brother/	INCLUDE		The first-person title asks what the author should do about their abusive brother.
5016	https://www.reddit.com/r/AmItheAsshole/comments/n93b8z/aita_for_disowning_my_abusive_brother/	INCLUDE		The first-person title concerns the author disowning their abusive brother.
5017	https://www.reddit.com/r/mbti/comments/n86knk/heroes_from_each_mbti_type/	FALSE_POSITIVE	FICTION_MEDIA	This is analysis of fictional heroes and merely mentions a fictional abusive brother.
5018	https://www.reddit.com/r/socialskills/comments/n83bgb/i_stopped_talking_to_my_sister_because_she/	FALSE_POSITIVE	THIRD_PERSON_VICTIM	The sister's violence targets the author's mother and younger sister; the author reports striking the sister but not being victimized by her.
5019	https://www.reddit.com/r/panicdisorder/comments/n7x9ir/advice/	INCLUDE		The author attributes part of their panic and anxiety to abuse by their brother.
5020	https://www.reddit.com/r/SuicideWatch/comments/n7unba/all_opinions_welcome_negativepositive/	INCLUDE		The author reports a history of being bullied by their sister in the context of severe suicidality.
5021	https://www.reddit.com/r/AmItheAsshole/comments/n7sabi/aita_for_disowning_and_reporting_my_abusive/	INCLUDE		The first-person title identifies an abusive sister whom the author disowned and reported.
5022	https://www.reddit.com/r/adultsurvivors/comments/n7aibc/repressed_memory_or_imagination_trigger_warning/	INCLUDE		The author identifies their emotionally abusive and violent sister while recounting personal trauma memories.
5023	https://www.reddit.com/r/GetHelpGiveHelp/comments/n79d4n/tw_abusive_brother/	INCLUDE		The title identifies an abusive brother and the distressed author seeks mental-health help.
5024	https://www.reddit.com/r/homeless/comments/n6z219/tips_on_being_homeless/	INCLUDE		The author chooses homelessness to escape more than twenty years of ongoing verbal abuse by their brother.
5025	https://www.reddit.com/r/TwoXChromosomes/comments/n6ac71/feeling_guilty_for_never_speaking_out_against_my/	INCLUDE		The first-person title and sibling-abuse warning indicate the author's own experience with an abusive brother.
5026	https://www.reddit.com/r/singapore/comments/n62ug5/woman_sexually_abused_by_brother_jailed_5_years/	FALSE_POSITIVE	NEWS_THIRD_PERSON	This is a news headline about a woman abused by her brother, not the Reddit author's account.
5027	https://www.reddit.com/r/EDAnonymous/comments/n627a4/abusive_brother_who_reminds_me_why_id_rather/	INCLUDE		The first-person title identifies the author's abusive brother and links his behavior to the author's desire to starve.
5028	https://www.reddit.com/r/SuicideWatch/comments/n5nnaa/reaching_out/	INCLUDE		The author shares a room with an abusive brother whose treatment makes them wish to die.
5029	https://www.reddit.com/r/entitledparents/comments/n5e73w/not_3_days_after_calling_up_my_narcissist_mother/	FALSE_POSITIVE	WRONG_RELATION	The phrase “my narcissist mother's abusive sister” refers to the author's aunt.
5030	https://www.reddit.com/r/raisedbynarcissists/comments/n5e1qd/not_3_days_after_calling_up_my_narcissist_mother/	FALSE_POSITIVE	WRONG_RELATION	The abuse described comes from the author's aunt, who is their mother's sister, not from a sibling.
5031	https://www.reddit.com/r/SingaporeR/comments/n5dn98/woman_sexually_abused_by_brother_jailed_5_years/	FALSE_POSITIVE	NEWS_THIRD_PERSON	This is a news headline about a woman abused by her brother, not the Reddit author's account.
5032	https://www.reddit.com/r/relationship_advice/comments/n4s47g/how_do_i_tell_my_20_nb_brother_18m_my_parents/	FALSE_POSITIVE	WRONG_RELATION	The post explicitly says the brother is not abusive; the alleged abusers are the author's parents.
5033	https://www.reddit.com/r/legaladvice/comments/n486p4/or_us_multnomah_countyfound_out_moms_been_being/	FALSE_POSITIVE	THIRD_PERSON_VICTIM	The sister is described as abusing the author's mother, whom the author rescues, without disclosure of sibling abuse against the author.
5034	https://www.reddit.com/r/dirtypenpals/comments/n3xkbl/m4f_mean_abusive_and_violent_sister_is_a_deep/	FALSE_POSITIVE	SEXUAL_FANTASY_ROLEPLAY	This is an explicit incest and sleep-play roleplay prompt involving a fictional sister.
5035	https://www.reddit.com/r/AsianParentStories/comments/n3kuib/living_with_a_dysfunctional_family_and_a_abusive/	INCLUDE		The author's brother bullied and physically abused them, invaded their privacy, humiliated them, and continues the mistreatment.
5036	https://www.reddit.com/r/Advice/comments/n3fgao/should_i_go_to_my_dads_wedding/	INCLUDE		The author has disowned an abusive brother and feels unsafe around him at their father's wedding.
5037	https://www.reddit.com/r/relationship_advice/comments/n34dz9/narcissistic_abusive_brother/	UNCERTAIN	INSUFFICIENT_CONTEXT	The generic title and deleted body do not establish that the author was personally victimized by a sibling.
5038	https://www.reddit.com/r/family/comments/n30uqr/narcissistic_abusive_brother/	UNCERTAIN	INSUFFICIENT_CONTEXT	The generic title and deleted body do not establish that the author was personally victimized by a sibling.
5039	https://www.reddit.com/r/Advice/comments/n30tqz/narcissistic_abusive_brother/	UNCERTAIN	INSUFFICIENT_CONTEXT	The generic title and deleted body do not establish that the author was personally victimized by a sibling.
5040	https://www.reddit.com/r/mentalhealth/comments/n30sl8/narcissistic_abusive_brother/	UNCERTAIN	INSUFFICIENT_CONTEXT	The generic title and deleted body do not establish that the author was personally victimized by a sibling.
5041	https://www.reddit.com/r/BPD/comments/n30q1h/im_having_a_hard_time_knowing_who_i_am/	INCLUDE		The author identifies an abusive brother and father and explains how enduring their behavior harmed the author's identity.
5042	https://www.reddit.com/r/JUSTNOFAMILY/comments/n2v7n7/i_am_coming_to_realize_that_my_deplorable_abusive/	INCLUDE		The first-person title identifies the author's own sister as abusive and concerns accepting that she will not change.
5043	https://www.reddit.com/r/AskWomenOver30/comments/n2szci/words_of_wisdomencouragement_re_learning_to/	INCLUDE		The author says they witnessed and experienced sibling-to-sibling abuse and identifies siblings among their past abusers.
5044	https://www.reddit.com/r/abusesurvivors/comments/n25f23/abusive_sister/	UNCERTAIN	INSUFFICIENT_CONTEXT	The generic title and deleted body do not establish whether this is the author's own victimization.
5045	https://www.reddit.com/r/HousingUK/comments/n20y7z/housing_advice_for_21_year_old_graduating_this/	INCLUDE		The author's brother physically assaulted them multiple times, resulting in arrests, and now directs daily slurs and stalking at them.
5046	https://www.reddit.com/r/relationship_advice/comments/n1r2ai/this_is_about_my_abusive_sister/	INCLUDE		The author's younger sister hit them and their family invalidated the incident.
5047	https://www.reddit.com/r/AskReddit/comments/n1r1kg/why_is_sibling_abuse_so_normalized/	FALSE_POSITIVE	META_RESEARCH	This is a generic discussion question about sibling abuse rather than a first-hand account.
5048	https://www.reddit.com/r/relationship_advice/comments/n1dtxm/horrible_and_aggressive_brother/	INCLUDE		The author's brother verbally abuses and insults them, has attacked them before, and threatens further physical escalation.
5049	https://www.reddit.com/r/emotionalabuse/comments/n177qg/i_feel_bad_about_leaving_my_abusive_sister_behind/	INCLUDE		The first-person title identifies the author's own abusive sister.
5050	https://www.reddit.com/r/helpme/comments/n0q7wz/abusive_brother_and_not_real_friends_or_friend/	INCLUDE		The title presents a first-person help-seeking context concerning the author's abusive brother.
5051	https://www.reddit.com/r/u_Sweetieheart567/comments/n0mbnb/my_little_abusive_brother_is_favored_by_my_mother/	INCLUDE		The author's younger brother directs slurs at, punches, and bites them, contributing to suicidality.
5052	https://www.reddit.com/r/relationship_advice/comments/n0cfun/i_19f_dont_know_how_to_deal_with_my_boyfriends18m/	FALSE_POSITIVE	THIRD_PERSON_VICTIM	The victim is the author's boyfriend, who was sexually and physically abused by his sister.
5053	https://www.reddit.com/r/raisedbynarcissists/comments/n0753e/come_throw_away_your_entire_summer_by_living_in/	INCLUDE		The author describes their sibling and father as equally abusive through verbal and mental abuse and shaming.
5054	https://www.reddit.com/r/Advice/comments/mzp140/how_to_deal_with_a_violent_and_arrogant_brother/	INCLUDE		The author's brother punched and kicked them, spraining their knee and leaving bruises.
5055	https://www.reddit.com/r/aaaaaaacccccccce/comments/mzlo76/hiiiii_i_am_mess_and_feel_bad_that_there_i_dont/	INCLUDE		The author identifies their brother as abusive and describes a severe emotional response to his apology.
5056	https://www.reddit.com/r/AmiInTheWrong/comments/mz531b/wanting_to_break_away_from_my_family/	INCLUDE		The author reports that a violent sibling directs vulgar abuse at them and has devastated their mental health.
5057	https://www.reddit.com/r/JUSTNOFAMILY/comments/mz2uwv/i_need_advice_on_dealing_with_my_abusive_sister/	INCLUDE		The first-person title asks for advice about the author's abusive sister.
5058	https://www.reddit.com/r/siblingsfromhell/comments/mz25yr/anyone_ever_confronted_their_abusive_sibling/	INCLUDE		The author is writing a no-contact letter to confront their own abusive sister.
5059	https://www.reddit.com/r/LegalAdviceUK/comments/myz60q/non_molestation_order_on_abusive_brother_payment/	INCLUDE		The author obtained a non-molestation order against their abusive brother.
5060	https://www.reddit.com/r/legaladvice/comments/myz2o6/uk_non_molestation_order_on_abusive_brother/	INCLUDE		The first-person legal context concerns an order obtained against the author's abusive brother.
5061	https://www.reddit.com/r/dirtypenpals/comments/mystpw/m4ff_submissive_sister_in_law_looking_to_be/	FALSE_POSITIVE	SEXUAL_FANTASY_ROLEPLAY	This is an erotic roleplay prompt involving a sister-in-law.
5062	https://www.reddit.com/r/siblingsfromhell/comments/myoz8w/my_abusive_19yo_sister_is_now_pregnant/	INCLUDE		The author's sister attacked them twice in one day, causing extensive bruising, within years of abuse.
5063	https://www.reddit.com/r/siblingsfromhell/comments/myec5w/sibling_abuse_needs_to_be_acknowledged/	INCLUDE		The author's older brother sat on them until they could not breathe, grabbed and threw things, tickled and terrorized them, and caused lasting trauma responses.
5064	https://www.reddit.com/r/NoStupidQuestions/comments/myax5n/my_abusive_brother_please_advise/	INCLUDE		The first-person title seeks advice about the author's abusive brother.
5065	https://www.reddit.com/r/relationships/comments/mxw1g5/i_am_wrong_for_wanting_to_cut_ties_with_my_sister/	INCLUDE		The author's sister targets their insecurities and sexuality with insults, threw an object that hit them, and has caused fear and mental-health harm.
5066	https://www.reddit.com/r/CPTSD/comments/mxs6ak/sibling_bullying_and_abuse_the_hidden_epidemic/	FALSE_POSITIVE	META_RESEARCH	This is the title of an informational article about sibling bullying and abuse rather than a first-hand account.
5067	https://www.reddit.com/r/raisedbynarcissists/comments/mxofk4/anyone_elses_narc_parents_allow_sibling_abuse_to/	INCLUDE		The first-person question indicates that the author's own parents allowed sibling abuse within their family.
5068	https://www.reddit.com/r/CPTSDNextSteps/comments/mxn6p5/low_contact_is_all_that_works_but_im_sad_that_it/	INCLUDE		The author says one sibling abused them throughout childhood and still frightens and triggers them.
5069	https://www.reddit.com/r/FundieSnarkUncensored/comments/mxm7jf/what_would_be_justice_re_sex_pest_anna_their_kids/	FALSE_POSITIVE	NEWS_THIRD_PERSON	This is a discussion of public figures and hypothetical justice for victims of sibling abuse, not the author's own experience.
5070	https://www.reddit.com/r/depression/comments/mxczfa/things_said_to_me_as_a_child_seem_to_be_coming/	INCLUDE		The author's abusive brother repeatedly told them they were disgusting and unwanted, contributing to lasting damage to their self-esteem.
5071	https://www.reddit.com/r/LifeProTips/comments/mx8i9i/lpt_if_you_are_looking_into_getting_a_puppy_only/	FALSE_POSITIVE	NONHUMAN	The post discusses sibling aggression between two puppies.
5072	https://www.reddit.com/r/siblingsfromhell/comments/mwkpzd/family_relationships_with_an_abusive_sibling/	INCLUDE		The author asks how others manage family relationships after cutting off an abusive and unstable older sibling, implying their own direct situation.
5073	https://www.reddit.com/r/exmormon/comments/mvjjeb/patterns_of_systemic_abuse_in_utah_a_call_to/	FALSE_POSITIVE	META_RESEARCH	This is a call to collect other people's stories as evidence of systemic abuse, with sibling abuse only one item in a research-style list.
5074	https://www.reddit.com/r/JUSTNOFAMILY/comments/mvg1lu/desperate_for_help_or_advice_abusive_sister/	INCLUDE		The author's sister has physically and emotionally abused them, then directed death wishes, insults, blame, and a smear campaign at them.
5075	https://www.reddit.com/r/NoStupidQuestions/comments/mvaaci/does_anybody_remember_the_redditor_who_basically/	FALSE_POSITIVE	WRONG_RELATION	The post asks about another Redditor allegedly poisoning an abusive brother-in-law, not the author's sibling or experience.
5076	https://www.reddit.com/r/Anxiety/comments/mv527c/anyone_had_this_symptom_before/	INCLUDE		The author identifies their own brother as abusive and says dealing with him and his family contributes to their anxiety and stress.
5077	https://www.reddit.com/r/AmItheAsshole/comments/muuvlk/aita_for_refusing_to_let_my_abusive_brother_back/	INCLUDE		The first-person title concerns refusing to let the author's abusive brother back into their life.
5078	https://www.reddit.com/r/AmItheAsshole/comments/muucd7/aita_for_refusing_to_let_my_abusive_brother_back/	INCLUDE		The first-person title concerns refusing to let the author's abusive brother back into their life.
5079	https://www.reddit.com/r/RedditForGrownups/comments/musrsn/when_you_fck_off_to_the_beach_for_a_week_because/	FALSE_POSITIVE	THIRD_PERSON_VICTIM	The only abusive sister mentioned belongs to an employee, while the author's post concerns workplace burnout.
5080	https://www.reddit.com/r/CPTSD/comments/mun70a/realisation_that_low_contact_with_my_family_of/	INCLUDE		The author says their brother bullied them relentlessly to the point of sibling abuse and continues to punish their boundaries.
5081	https://www.reddit.com/r/love/comments/muiz9s/by_loving_myself_im_attracting_what_i_deserve/	INCLUDE		The author says they were raised with an abusive brother, without healthy boundaries, and were treated like garbage in a cult environment.
5082	https://www.reddit.com/r/NoContactTales/comments/muhald/nc_with_abusive_sibling_coming_to_an_end/	INCLUDE		The author's sister attacked them twice, including while pregnant, chasing, punching, and throwing them down while preventing escape.
5083	https://www.reddit.com/r/ADHD/comments/mu9m4g/im_sorry_mom/	UNCERTAIN	INSUFFICIENT_CONTEXT	The author calls their brother violent but does not describe whether his violence or mistreatment was directed at them.
5084	https://www.reddit.com/r/emotionalabuse/comments/mu8x2i/sibling_abuse/	UNCERTAIN	INSUFFICIENT_CONTEXT	The generic question title and deleted body do not establish whether the author was personally victimized by a sibling.
5085	https://www.reddit.com/r/raisedbynarcissists/comments/mu3led/flares_of_triggering_memories_and_shame_during/	INCLUDE		The first-person title describes the author's journey away from parental and sibling abuse and associated triggering memories.
5086	https://www.reddit.com/r/FriendshipAdvice/comments/mu265z/am_i_the_asshole_for_telling_my_childhood_friend/	FALSE_POSITIVE	THIRD_PERSON_VICTIM	The abusive sister belongs to the author's former friend, whose trauma the author describes second-hand.
5087	https://www.reddit.com/r/emotionalabuse/comments/mtm2rc/sibling_abuse_and_parental_neglect/	INCLUDE		The author gives an extensive first-person account of years of psychological and physical abuse by their sister, including assaults, property vandalism, body shaming, and manipulation.
5088	https://www.reddit.com/r/transgenderUK/comments/mtafnj/starting_a_familyclose_knit_group_postop/	INCLUDE		The author says they currently live with an emotionally abusive brother and seeks hope for building a healthier family or support group.
5089	https://www.reddit.com/r/moviereviews/comments/mtabso/my_review_of_mid90s_by_jonah_hill_on_letterboxd/	FALSE_POSITIVE	FICTION_MEDIA	This is a review of the film Mid90s and discusses a fictional character's violent brother.
5090	https://www.reddit.com/r/Advice/comments/mt332f/abusive_sister/	UNCERTAIN	INSUFFICIENT_CONTEXT	The generic title and deleted body do not establish whether the author was personally victimized by a sibling.
5091	https://www.reddit.com/r/Advice/comments/mt2y0k/abusive_sister/	UNCERTAIN	INSUFFICIENT_CONTEXT	The generic title and deleted body do not establish whether the author was personally victimized by a sibling.
5092	https://www.reddit.com/r/TrueOffMyChest/comments/msi3cg/i_want_to_do_so_much_but_i_cant/	INCLUDE		The author identifies their brother as abusive and says uncertainty about his return from the hospital contributes to their inability to function.
5093	https://www.reddit.com/r/family/comments/mshkl4/what_do_i_do_about_a_jealous_abusive_sibling/	INCLUDE		The author's sister has repeatedly threatened them with a knife, scratched them, stalked them, and tried to fight and manipulate them.
5094	https://www.reddit.com/r/raisedbynarcissists/comments/msh0q8/my_very_first_post_on_reddit_ever_and_it_may_be_a/	INCLUDE		The author describes a mentally abusive brother who exerted control over their adult life and whose treatment continues to cause hurt.
5095	https://www.reddit.com/r/legaladvice/comments/mscznf/im_17_f_can_i_report_my_18_year_old_abusive/	INCLUDE		The first-person title asks whether the 17-year-old author can report their abusive 18-year-old brother.
5096	https://www.reddit.com/r/Advice/comments/mscxcb/im_17_f_can_i_report_my_18_year_old_abusive/	INCLUDE		The first-person title asks whether the 17-year-old author can report their abusive 18-year-old brother.
5097	https://www.reddit.com/r/legaladvice/comments/ms8xi1/domestic_sibling_abuseviolence_india/	UNCERTAIN	INSUFFICIENT_CONTEXT	The generic title and deleted body do not reveal the author's role, relationship, or whether this was a first-hand account.
5098	https://www.reddit.com/r/TheVampireDiaries/comments/ms5tqi/am_i_overreacting/	FALSE_POSITIVE	FICTION_MEDIA	This is analysis of The Vampire Diaries characters and a fictional abusive brother.
5099	https://www.reddit.com/r/CPTSD/comments/mrmivx/anxiety_that_im_going_to_ruin_any_special_event/	INCLUDE		The author identifies an abusive sibling within a family pattern that left them fearful of punishment and special events.
5100	https://www.reddit.com/r/JUSTNOFAMILY/comments/mrgoyu/going_no_contact_with_abusive_sister_long_vent/	INCLUDE		The author says their sister has abused them for years through berating, insults, nasty calls, manipulation, and other mistreatment.
5101	https://www.reddit.com/r/AmItheAsshole/comments/mr8cje/aita_for_moving_out_of_my_elderly_grandparents/	UNCERTAIN	INSUFFICIENT_CONTEXT	The removed body and ambiguous title do not establish whether the abusive brother belongs to or victimizes the author.
5102	https://www.reddit.com/r/SuicideWatch/comments/mr51ku/i_getting_mad_even_there_is_nothing_to_be_mad/	INCLUDE		The author says they were bullied by their older brother after school, within an account of resulting aggression and self-harm.
5103	https://www.reddit.com/r/JustNoFriend/comments/mqvrwn/my_ex_childhood_friend_thinks_i_hurt_her_a_lot/	FALSE_POSITIVE	THIRD_PERSON_VICTIM	The abusive sister belongs to the author's former friend, whose family and relationship abuse is recounted second-hand.
5104	https://www.reddit.com/r/TrueOffMyChest/comments/mqng4o/i_think_ive_lost_my_will_in_life/	INCLUDE		The author lives with and directly identifies their own brother as abusive in an account of depression and loss of control.
5105	https://www.reddit.com/r/relationship_advice/comments/mqer03/living_with_bfs_passive_aggressive_sister_is/	FALSE_POSITIVE	WRONG_RELATION	The passive-aggressive person is the author's boyfriend's sister, not the author's own sibling.
5106	https://www.reddit.com/r/legaladvice/comments/mprtij/restraining_order_from_sibling/	INCLUDE		The author says their sister abused them, left documented injuries, and used a restraining order dispute to make them homeless.
5107	https://www.reddit.com/r/JUSTNOFAMILY/comments/mp49uv/abusive_sibling_parents_treating_me_like_crap/	INCLUDE		The author details years of mental and emotional abuse from an older brother, including suicide encouragement, degradation, racism toward friends, and mockery of mental illness.
5108	https://www.reddit.com/r/JUSTNOFAMILY/comments/mp3mds/abusive_sibling_parents_treating_me_like_crap/	INCLUDE		The first-person title identifies an abusive sibling whom the author does not want a relationship with despite parental pressure.
5109	https://www.reddit.com/r/sad/comments/moia29/i_want_to_get_everyones_opinions_i_dont_know_if_i/	INCLUDE		The author says their sister has abused them since childhood and currently calls them a waste of space, damaging confidence.
5110	https://www.reddit.com/r/Advice/comments/mo6jsb/my_abusive_sister_26yo_has_gone_into_my_personal/	INCLUDE		The first-person title describes the author's abusive sister invading their room, insulting them, and mocking their attempt to appear brave.
5111	https://www.reddit.com/r/raisedbynarcissists/comments/mo52w0/laughing_at_me_when_i_told_her_how_her_behaviour/	FALSE_POSITIVE	WRONG_RELATION	The allegedly abusive brother is the author's mother's brother, making him the author's uncle; the author's direct conflict is with their mother.
5112	https://www.reddit.com/r/JUSTNOMIL/comments/mne5w9/the_time_jnmil_gave_me_something_very_personal/	INCLUDE		The author identifies their own brother as abusive and says he used shared personal information to attack them and wish harm on their unborn child.
5113	https://www.reddit.com/r/MtF/comments/mn8fkf/first_time_posting_completely_overwhelmed/	INCLUDE		The author identifies their brother as abusive and says he screamed at them and constantly ordered them to “man up.”
5114	https://www.reddit.com/r/CPTSD/comments/mmwu16/abusive_sister_ruined_my_childhood/	INCLUDE		The author details years of fear, humiliation, degrading remarks, and emotional abuse by a sister nine years older, with lasting trauma.
5115	https://www.reddit.com/r/CPTSD/comments/mmwmns/my_abusive_sister_ruined_my_childhood/	INCLUDE		The first-person title says the author's abusive sister ruined their childhood.
5116	https://www.reddit.com/r/CPTSD/comments/mmwicv/abusive_sister_ruined_my_childhood/	INCLUDE		The title says an abusive sister ruined the author's childhood, establishing a personal victim context despite the deleted body.
5117	https://www.reddit.com/r/EDAnonymous/comments/mmbvzi/physically_abusive_sister_came_home_and_im_too/	INCLUDE		The author is too afraid to leave their room for food after their physically abusive sister comes home.
5118	https://www.reddit.com/r/rant/comments/mm8eny/sibling_abuse_is_not_taken_seriously_compared_to/	FALSE_POSITIVE	META_RESEARCH	The generic opinion title discusses social treatment of sibling abuse without disclosing a first-hand experience.
5119	https://www.reddit.com/r/Advice/comments/mlwwb9/graduating_early/	INCLUDE		The author is considering early graduation and employment so they can move away from their abusive sibling.
5120	https://www.reddit.com/r/LifeAfterNarcissism/comments/mlvxf2/how_do_i_deal_with_social_media_and_family/	INCLUDE		The author has gone no-contact with an abusive sister whose intimidation and ongoing family presence continue to affect them.
5121	https://www.reddit.com/r/raisedbynarcissists/comments/mlrt4p/what_to_do_about_an_emotionally_abusive_sister/	INCLUDE		The author's much older sister hits, terrorizes, humiliates, invades the author's room, breaks property, and once slammed their head into a door.
5122	https://www.reddit.com/r/Advice/comments/mlql6o/what_do_i_do_about_an_emotionally_abusive_sister/	INCLUDE		The author's sister has hit, terrorized, humiliated, invaded their room, and broken their property.
5123	https://www.reddit.com/r/relationship_advice/comments/mlpt58/im_dealing_with_sibling_abuse/	INCLUDE		The author says their younger brother emotionally abuses and threatens them, violates their privacy, stares while they are naked, and beats on their door.
5124	https://www.reddit.com/r/adultsurvivors/comments/mlnkhd/nsfw_tried_to_crosspost_from_radvice_but_couldnt/	INCLUDE		The author gives a first-person account of sexual abuse by one older brother at age eight and a later sexual violation by another brother.
5125	https://www.reddit.com/r/Advice/comments/mlmzxf/nsfw_ive_run_into_a_major_problem_while/	INCLUDE		The author gives a first-person account of sexual abuse by one older brother at age eight and a later sexual violation by another brother.
5126	https://www.reddit.com/r/family/comments/mlmbd0/im_dealing_with_sibling_abuse/	INCLUDE		The author says their younger brother emotionally abuses and threatens them, violates their privacy, stares while they are naked, and beats on their door.
5127	https://www.reddit.com/r/Stormlight_Archive/comments/mlj8jh/rereading_tfe_after_row_kinda_spoilers_i_did_my/	FALSE_POSITIVE	FICTION_MEDIA	This is literary analysis of the fictional Mistborn character Vin and her fictional abusive brother.
5128	https://www.reddit.com/r/Advice/comments/mla1y8/how_do_i_deal_with_my_abusive_sister/	INCLUDE		The author's sister beats them, helps bash their head into surfaces, forces physical contact, and directs homophobic slurs at them.
5129	https://www.reddit.com/r/ApplyingToCollege/comments/ml4u1d/overcoming_sexual_abuse_makes_me_feel_so_much/	INCLUDE		The author says they lived their entire life with a sexually abusive brother and is struggling with the educational and emotional aftermath after his departure.
5130	https://www.reddit.com/r/u_mayacraftscooking/comments/mkmp8p/how_to_deal_with_an_abusive_sibling_bibi_yaya_ep/	FALSE_POSITIVE	FICTION_MEDIA	The title promotes episodes of a Bibi and Yaya media series about an abusive sibling rather than giving a first-hand account.
5131	https://www.reddit.com/r/raisedbynarcissists/comments/mk6p0s/being_forced_can_anyone_relate_provide_any/	INCLUDE		The author says their sister abused them and that they were forced to hide that abuse, alongside extensive abuse by their father.
5132	https://www.reddit.com/r/BPDlovedones/comments/mk3olf/walking_on_eggshellsa_personal_insight/	INCLUDE		The author explicitly says an abusive sibling trained them throughout childhood and youth to walk on eggshells.
5133	https://www.reddit.com/r/relationship_advice/comments/mjtq2k/i_15nb_want_to_move_in_with_my_mother_but_my/	INCLUDE		The author's sister screams at and beats them almost daily, making them choose between remaining in abuse and risking another neglectful home.
5134	https://www.reddit.com/r/MomForAMinute/comments/mhw4bw/wedding_dress/	INCLUDE		The author identifies their sister as abusive and violent and says their parents consistently chose the sister over them.
5135	https://www.reddit.com/r/CPTSD/comments/mh0dvz/dae_feel_terrible_for_letting_comparatively_minor/	INCLUDE		The author's older brother hit, threatened, bruised, dragged, restrained, and physically intimidated them throughout childhood.
5136	https://www.reddit.com/r/FTMOver30/comments/mfrz9q/my_doctor_just_sent_in_an_order_for_t_to_my/	INCLUDE		The author lives with an emotionally abusive brother who deadnames them and may react with anger or ridicule to their transition.
5137	https://www.reddit.com/r/raisedbynarcissists/comments/mfruko/dae_feel_the_need_to_exaggerate_to_get_people_to/	INCLUDE		The author identifies a physically abusive brother whose unwanted communications after no-contact feel harassing in light of their history.
5138	https://www.reddit.com/r/Vent/comments/mexciu/my_partner_and_i_had_a_bad_blow_out_and_both_were/	INCLUDE		The author describes an older sister as emotionally abusive, manipulative, and gaslighting and says living with her became intolerable.
5139	https://www.reddit.com/r/Advice/comments/mex5wl/my_partner_and_i_had_a_nasty_blowout_and_ive/	INCLUDE		The author describes an older sister as emotionally abusive, manipulative, and gaslighting and says living with her became intolerable.
5140	https://www.reddit.com/r/CPTSD/comments/mep4tr/successes_little_victories_things_that_worked/	INCLUDE		The author gives an extensive account of brothers hitting, beating, threatening, isolating, stealing from, gaslighting, and terrorizing them throughout childhood and adulthood.
