row_index,post_link,classification,exclusion_reason,classification_rationale
980,https://www.reddit.com/r/DirtyChatPals/comments/1fkeucb/f4f_f4tf_abusive_sister_helps_herself_to_her/,FALSE_POSITIVE,fiction_or_roleplay,Dirty-chat solicitation frames an abusive-sister sexual scenario; it is not a real-life account.
981,https://www.reddit.com/r/CPTSD/comments/1fjywwc/does_anyone_else_have_sibling_abuse_trauma_cw/,INCLUDE,,"The author says their older biological brother repeatedly beat them with bats, crowbars, and poles and degraded them."
982,https://www.reddit.com/r/findareddit/comments/1fjm1ny/my_brother_said_i_was_like_my_abusive_brother_how/,INCLUDE,,The 16-year-old author reports that one brother sexually assaulted her from ages eight to twelve.
983,https://www.reddit.com/r/family/comments/1fjg72q/dangerously_aggressive_brother/,INCLUDE,,"The author describes her brother's repeated verbal attacks, threatened physical violence, thrown objects, and death threat."
984,https://www.reddit.com/r/AskReddit/comments/1fjedg8/my_brother_said_i_was_like_my_abusive_brother_how/,INCLUDE,,"The first-person title identifies one of the author's brothers as abusive, though the body is empty."
985,https://www.reddit.com/r/relationship_advice/comments/1fjebgj/my_brother_said_i_was_like_my_abusive_brother_how/,INCLUDE,,"The first-person title identifies one of the author's brothers as abusive, though the body was removed."
986,https://www.reddit.com/r/CPTSD/comments/1fj1wae/can_someone_who_has_healed_from/,FALSE_POSITIVE,third_person_victim,"The sister is described as abusing her own daughter; the author's distress is about failing to protect the child, not sibling-on-author abuse."
987,https://www.reddit.com/r/Parenting/comments/1fir155/need_advice_on_sibling_bullying/,FALSE_POSITIVE,third_person_victim,A parent asks how to stop an older son from bullying the younger son; the author is not the sibling victim.
988,https://www.reddit.com/r/BeautyEmpties/comments/1fi85qi/summer_2024_empties_before_they_hit_the_bin/,FALSE_POSITIVE,wrong_relation,A product-review list only mentions a passive-aggressive sister-in-law.
989,https://www.reddit.com/r/BeautyEmpties/comments/1fi820m/summer_2024_empties_before_the_recycling_bin/,FALSE_POSITIVE,wrong_relation,A product-review list only mentions a passive-aggressive sister-in-law.
990,https://www.reddit.com/r/AITAH/comments/1fhzujh/abusive_brother/,UNCERTAIN,insufficient_context,"Only “Abusive Brother” remains, so it is unclear who was abused or whether this is the author's firsthand account."
991,https://www.reddit.com/r/Parenting/comments/1fhyrn8/need_advice_on_sibling_bullying/,FALSE_POSITIVE,third_person_victim,A parent asks how to stop an older son from bullying the younger son; the author is not the sibling victim.
992,https://www.reddit.com/r/narcissisticparents/comments/1fhy0bw/i_will_stop_posting_on_this_subreddit_goodbye/,INCLUDE,,The author explicitly refers to her own abusive sibling and says they are no-contact because of the mistreatment.
993,https://www.reddit.com/r/CPTSD/comments/1fhvtmk/is_this_a_terrible_friend_or_just_a_really/,INCLUDE,,"The author says they currently live with a narcissistic, abusive brother and rely on a friend to discuss that situation."
994,https://www.reddit.com/r/AITAH/comments/1fhf5hm/aitah_for_vowing_i_would_never_speak_to_my_dad/,INCLUDE,,"Besides extensive paternal abuse, the author says her mother enables her older sister's abuse of her."
995,https://www.reddit.com/r/offmychest/comments/1fh83nc/need_advice_feeling_helpless_with_my_verbally/,INCLUDE,,"The author describes being repeatedly screamed at, demeaned, and emotionally hurt by her younger sister's aggressive conduct."
996,https://www.reddit.com/r/toxicparents/comments/1fh58ui/abusive_brother_and_passive_mother/,INCLUDE,,"The author recounts her brother beating, bruising, degrading, bullying, and controlling her throughout childhood."
997,https://www.reddit.com/r/abusesurvivors/comments/1fgzz4i/is_sibling_abuse_a_thing/,UNCERTAIN,insufficient_context,The body was removed and the generic question “Is sibling abuse a thing?” does not establish a personal victim account.
998,https://www.reddit.com/r/Advice/comments/1fgnnaq/i_think_i_want_to_unalive_myself/,INCLUDE,,The author reports ongoing physical and emotional abuse by a sibling and says her body is covered in bruises.
999,https://www.reddit.com/r/CPTSD/comments/1fgb0g6/please_if_you_relate_let_me_hear_your_story_im_so/,INCLUDE,,"The author details years of beatings, suicidal taunts, theft, destruction, and sabotage by her younger sister."
1000,https://www.reddit.com/r/AmIOverreacting/comments/1ffxrob/aio_for_wanting_to_report_sibling_violence/,FALSE_POSITIVE,third_person_victim,The author witnessed an unrelated schoolchild punch his younger sister and is considering reporting it.
1001,https://www.reddit.com/r/sexualassault/comments/1ffwdxr/how_to_help_brother_with_sa/,FALSE_POSITIVE,third_person_victim,The author is seeking help for a younger brother who disclosed sexual abuse by another brother; the author is not the victim.
1002,https://www.reddit.com/r/teenagers/comments/1ffhnpp/guys_is_sibling_abuse_a_thing_or_is_it_normal_for/,INCLUDE,,The first-person title asks whether it is normal for the author's sibling to strangle them.
1003,https://www.reddit.com/r/family/comments/1ff69kd/my_mom_is_probably_on_drugs_and_idk_how_to_feel/,INCLUDE,,The author calls her sister her lifelong bully and describes identity invalidation and ongoing mental abuse.
1004,https://www.reddit.com/r/ClassicBookClub/comments/1feq9iq/demons_part_1_chapter_5_section_5_spoilers_up_to/,FALSE_POSITIVE,fiction_or_media,This is a discussion prompt about an abusive brother among characters in Dostoevsky's novel Demons.
1005,https://www.reddit.com/r/NarcissisticAbuse/comments/1fei3nf/rant_older_abusive_sister_sent_i_love_you_text/,INCLUDE,,The first-person title identifies the author's older sister as abusive and describes receiving an unwanted “I love you” text.
1006,https://www.reddit.com/r/greatpyrenees/comments/1feevwg/just_some_ivory_photos/,FALSE_POSITIVE,nonhuman,"The sibling aggression is between the author's pet dogs, a Pyrenees mix and her husky “brother.”"
1007,https://www.reddit.com/r/Vent/comments/1fe1oht/sibling_abuse_sibling_bullying_why_is_it_so_hard/,UNCERTAIN,insufficient_context,The removed body and generic title about sibling abuse/bullying do not establish that the author is a victim.
1008,https://www.reddit.com/r/Advice/comments/1fdz0kl/how_do_i_stop_my_abusive_brother_from_becoming_a/,FALSE_POSITIVE,third_person_victim,The brother is described as abusing his fiancée and threatening others; no abuse of the author is reported.
1009,https://www.reddit.com/r/LifeAdvice/comments/1fdy5bx/advice_would_be_great/,INCLUDE,,"The author says one brother bullied them, their siblings are narcissistic, and they fear returning home to the abusive brother."
1010,https://www.reddit.com/r/legaladvice/comments/1fdxv4i/help_with_suing_my_sister_for_abuse/,INCLUDE,,"The minor author reports years of her sister's verbal, emotional, and physical abuse, threats, and regular attacks."
1011,https://www.reddit.com/r/AmIOverreacting/comments/1fdw24p/aio_for_husband_siding_with_abusive_brother_in_law/,FALSE_POSITIVE,third_person_victim,The author's brother-in-law assaulted and controlled the author's sister; the author is helping the victim.
1012,https://www.reddit.com/r/CPTSD/comments/1fdr7h4/i_dont_know_whats_wrong_with_me_tw_mention_of_csa/,INCLUDE,,"The author suspects childhood sexual abuse by a brother and definitively describes his lifelong harassment, boundary violations, and sleep disruption."
1013,https://www.reddit.com/r/childfree/comments/1fdlmxe/off_the_fence_but_might_cost_a_relationship/,INCLUDE,,The author describes an adopted older brother as emotionally abusive and says his narcissistic treatment damaged the family and childhood.
1014,https://www.reddit.com/r/CPTSD/comments/1fcvnr4/starting_to_realize_how_much_my_younger_sibling/,INCLUDE,,The author says their younger sibling repeatedly shamed their trauma struggles and that they genuinely feel bullied by that sibling.
1015,https://www.reddit.com/r/askSingapore/comments/1fcip6u/is_there_any_legal_obligation_when_it_comes_to/,INCLUDE,,The author is moving out to escape an abusive sibling and reports prior physical injury and continuing violence.
1016,https://www.reddit.com/r/Sturniolotripletsnark/comments/1fcfm7q/sibling_abusetriggers/,FALSE_POSITIVE,ordinary_conflict_or_media,The post mainly assesses online triplets; the author's own sister relationship is reciprocal “picking on” without a personal abuse account.
1017,https://www.reddit.com/r/Sturniolotripletsnark/comments/1fc2afy/its_not_normal_or_okay_to_be_horrible_to_your/,FALSE_POSITIVE,third_person_or_media,The author comments on the public interactions of the Sturniolo triplets and explicitly doubts they reach abuse.
1018,https://www.reddit.com/r/DysfunctionalFamily/comments/1fc0vb6/abusive_brother/,INCLUDE,,The author reports that her brother punched her eye until it bled after a long history of physical and emotional abuse.
1019,https://www.reddit.com/r/AmItheAsshole/comments/1fbpfrw/aita_fiance_still_wants_abusive_brother_in_our/,FALSE_POSITIVE,third_person_victim,The allegedly abusive brother is the fiancé's brother who mistreated the fiancé; the author is not his sibling victim.
1020,https://www.reddit.com/r/AITAH/comments/1fb9g5m/aitah_for_ignoring_my_sister_who_says_she_has/,INCLUDE,,"The author describes an older sister's physical and emotional abuse, financial coercion, insults, and repeated boundary violations."
1021,https://www.reddit.com/r/youtubedrama/comments/1farzru/chandler_is_the_only_one_to_get_a_good_ending/,FALSE_POSITIVE,irrelevant_or_public_figure,"This is commentary about YouTube personalities and an allegedly abusive brother-in-law, not the author's sibling experience."
1022,https://www.reddit.com/r/sexualassault/comments/1famo41/was_this_sibling_abuse_or_normal/,INCLUDE,,The author recounts older sisters exposing her to pornography and initiating sexualized contact during elementary school.
1023,https://www.reddit.com/r/RomanceBooks/comments/1famaif/breathe_the_sky_by_michelle_hazen_with_you/,FALSE_POSITIVE,fiction_or_media,The abusive brother belongs to a fictional character in the romance novel Breathe the Sky.
1024,https://www.reddit.com/r/RomanceBooks/comments/1famahz/breathe_the_sky_by_michelle_hazen_with_you/,FALSE_POSITIVE,fiction_or_media,The abusive brother belongs to a fictional character in the romance novel Breathe the Sky.
1025,https://www.reddit.com/r/BestofRedditorUpdates/comments/1fa64o8/new_update_aita_for_not_inviting_my_siblings_to/,FALSE_POSITIVE,repost_or_archive,The post explicitly says “I am NOT OOP” and reproduces another Reddit user's wedding/sibling account.
1026,https://www.reddit.com/r/CPTSD/comments/1fa29jv/sibling_abuse_as_adults/,INCLUDE,,"The author says her younger brother routinely pins, pushes, throws things at, and physically injures her."
1027,https://www.reddit.com/r/emotionalneglect/comments/1f9z1dl/privilege_means_nothing_when_your_parents_never/,INCLUDE,,"The author identifies sibling bullying as part of the unsafe, chaotic childhood home that left lasting psychological harm."
1028,https://www.reddit.com/r/legaladvice/comments/1f9uc86/joint_bank_account_abusive_sister/,INCLUDE,,"The author describes a sister's physical violence, financial coercion, threats, false reports, and efforts to ruin her life."
1029,https://www.reddit.com/r/sex/comments/1f9pql9/sexual_abused_by_sister/,INCLUDE,,The title directly states that the author was sexually abused by their sister; the body was removed.
1030,https://www.reddit.com/r/BORUpdates/comments/1f9lwae/aita_for_not_inviting_my_siblings_to_my_wedding/,FALSE_POSITIVE,repost_or_archive,"This is a Best-of-style reproduction of another user's wedding and sibling-abuse updates, not the poster's firsthand account."
1031,https://www.reddit.com/r/playstation/comments/1f9fpim/how_to_set_up_a_password_on_ps5_for_total/,INCLUDE,,"The author seeks to protect a PlayStation from “my abusive brother,” directly identifying a personal abusive sibling."
1032,https://www.reddit.com/r/QueerSFF/comments/1f8qjbz/its_been_a_while_so_let_me_share_my_review_and/,FALSE_POSITIVE,fiction_or_media,This is a book-recommendation list whose “abusive sibling relationships” refer to fictional characters.
1033,https://www.reddit.com/r/CPTSD/comments/1f8ggya/there_have_to_be_healthy_ways_to_frame_being_a/,INCLUDE,,The author says they formerly lived with a physically abusive sibling and still fear future violence.
1034,https://www.reddit.com/r/depressionmeals/comments/1f8d2y8/my_abusive_sister_is_tearing_my_family_apart_my/,UNCERTAIN,insufficient_context,"The title calls the sister abusive and says she is tearing the family apart, but the food-only body gives no victim or conduct details."
1035,https://www.reddit.com/r/gameofthrones/comments/1f874dw/season_8_encyclopedia_daenerys_ii/,FALSE_POSITIVE,fiction_or_media,The post analyzes Daenerys Targaryen's abuse by her brother in Game of Thrones.
1036,https://www.reddit.com/r/naath/comments/1f873l7/season_8_encyclopedia_daenerys_ii/,FALSE_POSITIVE,fiction_or_media,The post analyzes Daenerys Targaryen's abuse by her brother in Game of Thrones.
1037,https://www.reddit.com/r/bipolar/comments/1f7sten/i_lost_a_group_of_friends_due_to_disrespect/,INCLUDE,,The author refers to their own abusive brother while explaining why jokes about him were serious enough to end friendships.
1038,https://www.reddit.com/r/NarcissisticAbuse/comments/1f7rtn8/abusive_sibling_needs_to_leave_my_parents_house/,UNCERTAIN,insufficient_context,"The body was removed, and “abusive sibling needs to leave my parents house” does not show whether the author was abused."
1039,https://www.reddit.com/r/ShrugLifeSyndicate/comments/1f7rg5u/out_of_body/,INCLUDE,,"The author calls his own brother abusive, describes cathartically fighting him in a dream, and contrasts that with forgiving him in waking life."
1040,https://www.reddit.com/r/BPD/comments/1f7lakh/anyone_else_a_victim_of_sibling_abuse/,INCLUDE,,The author says an older brother emotionally abused them throughout childhood and relentlessly eroded their self-worth.
1041,https://www.reddit.com/r/AmItheAsshole/comments/1f7l9z5/aita_for_wishing_my_mother_would_give_up_on_my/,FALSE_POSITIVE,third_person_victim,"The brother's abusive conduct is described as exploitation and stress inflicted on their mother, not on the author."
1042,https://www.reddit.com/r/SaintMeghanMarkle/comments/1f7d5oi/the_start_of_harrys_rehabilitation_campaign/,FALSE_POSITIVE,news_or_public_figure,The post reproduces press commentary about Prince Harry's allegations concerning Prince William.
1043,https://www.reddit.com/r/u_Traditional-Sign2398/comments/1f6ytvj/im_tired_of_everyone_and_everything/,INCLUDE,,The author says a sibling's bullying displaced them from a bedroom and forces them to sleep on the floor.
1044,https://www.reddit.com/r/weddingplanning/comments/1f6t3qq/feeling_down_bridal_partyfamily_drama_woes/,INCLUDE,,"The author's sister repeatedly blames her, calls her awful names, preserves a hurtful family joke, and destabilizes her wedding."
1045,https://www.reddit.com/r/CPTSD/comments/1f6ppse/processing_sibling_abuse_that_fed_into/,INCLUDE,,"The author provides detailed firsthand accounts of a sister trying to break her arm, restraining and bruising her, degrading her, and continuing emotional abuse."
1046,https://www.reddit.com/r/DID/comments/1f6pk0s/processing_sibling_abuse_that_fed_into/,INCLUDE,,"The author provides detailed firsthand accounts of a sister trying to break her arm, restraining and bruising her, degrading her, and continuing emotional abuse."
1047,https://www.reddit.com/r/family/comments/1f68f5e/formerly_abusive_sister_who_ruined_my_life_just/,INCLUDE,,"The author describes a sister's physical aggression, threats, verbal abuse, false accusations, and renewed invasion of his space."
1048,https://www.reddit.com/r/ExNoContact/comments/1f610en/8_months_down_the_drain/,FALSE_POSITIVE,third_person_victim,"The abusive brother belongs to the author's ex-partner; the post is about the author's breakup, not abuse by her own sibling."
1049,https://www.reddit.com/r/tipofmytongue/comments/1f5y7st/tomt_movie_1980s90s_abusive_brothers/,FALSE_POSITIVE,fiction_or_media,The author is trying to identify an old movie featuring violent fictional brothers.
1050,https://www.reddit.com/r/FamilyIssues/comments/1f5nn6l/sister_extremely_manipulative/,INCLUDE,,"The author reports daily bullying, silencing, manipulation, and intimidation by a sister with whom they are trapped living."
1051,https://www.reddit.com/r/FriendshipAdvice/comments/1f5if64/how_do_i_tell_someone_that_i_dont_want_to_be/,FALSE_POSITIVE,third_person_victim,The sister-abuse survivor is the author's online friend Martha; the author is discussing ending that friendship.
1052,https://www.reddit.com/r/LifeAfterNarcissism/comments/1f5hsli/best_online_sources_for_education_on_the_effects/,INCLUDE,,The author seeks resources on narcissistic sibling abuse specifically to make sense of what happened to them.
1053,https://www.reddit.com/r/women/comments/1f59jrt/venting_about_living_with_a_misogynist_family/,INCLUDE,,The author describes her brother as abusive and says he participates in monitoring and controlling whether she may go out alone.
1054,https://www.reddit.com/r/TwoXChromosomes/comments/1f599d8/venting_about_living_with_a_misogynist_family/,INCLUDE,,The author describes her brother as abusive and says he participates in monitoring and controlling whether she may go out alone.
1055,https://www.reddit.com/r/Hijabis/comments/1f52mb0/unbearable_to_live_with_my_verbally_abusive_sister/,INCLUDE,,"The author reports a sister's repeated verbal attacks and weaponization of private insecurities, although she acknowledges reciprocal fighting."
1056,https://www.reddit.com/r/bridezillas/comments/1f4scx8/final_update_aita_for_not_inviting_my_siblings_to/,INCLUDE,,"In her own update, the author describes siblings excluding, insulting, pressuring, and bad-mouthing her and identifies the pattern as sibling abuse."
1057,https://www.reddit.com/r/MentalHealthSupport/comments/1f4pdyq/my_sister_is_severely_neglecting_herself_because/,FALSE_POSITIVE,perpetrator_only,The author worries that limiting her self-neglecting sister's phone use might make the author an “abusive sister”; she reports no sibling abuse of herself.
1058,https://www.reddit.com/r/AmITheAngel/comments/1f3qw1u/my_fiance_32m_promised_me_he_was_going_to_cut_off/,FALSE_POSITIVE,wrong_relation,"The allegedly abusive brother is the author's fiancé's brother, not the author's own sibling."
1059,https://www.reddit.com/r/Vent/comments/1f3oje0/i_hate_being_around_my_mother_my_whole_family/,INCLUDE,,"The author says her eldest sister regularly hits, punches, and throws objects at her and another sister took her whole salary."
1060,https://www.reddit.com/r/TheOwlHouse/comments/1f3nqpi/unconfirmed_palismen/,FALSE_POSITIVE,fiction_or_media,This discusses fantasy characters' animal familiars and uses hyena sibling violence as an analogy.
1061,https://www.reddit.com/r/emotionalneglect/comments/1f3ma9x/abusive_sister/,INCLUDE,,"The author's twin sister constantly yells at her and calls her fat, ugly, and selfish, making shared time unbearable."
1062,https://www.reddit.com/r/BORUpdates/comments/1f3k661/oops_fiancé_makes_a_post_aita_for_uninviting_my/,FALSE_POSITIVE,repost_or_archive,This post compiles and labels another user's posts and a fiancée's response and expressly says it is not the original poster.
1063,https://www.reddit.com/r/relationships/comments/1f3gam1/my_fiance_32m_promised_me_he_was_going_to_cut_off/,FALSE_POSITIVE,wrong_relation,"The abusive man is the author's fiancé's adopted brother; although he harassed her, he is not her own sibling."
1064,https://www.reddit.com/r/relationship_advice/comments/1f3fkbl/my_fiance_32m_promised_me_he_was_going_to_cut_off/,FALSE_POSITIVE,wrong_relation,"The abusive man is the author's fiancé's adopted brother; although he harassed her, he is not her own sibling."
1065,https://www.reddit.com/r/domesticviolence/comments/1f39meo/living_with_a_violent_father_and_sister/,INCLUDE,,"The author says her violent sister yells at her, shoves her aside, throws things, and behaves physically aggressively."
1066,https://www.reddit.com/r/NoStupidQuestions/comments/1f38b29/my_sister_and_i_are_planning_on_running_away_from/,FALSE_POSITIVE,wrong_relation,"The sister is the author's ally in fleeing; “his abusive sister” refers to their father's sister, the author's aunt."
1067,https://www.reddit.com/r/AITAH/comments/1f383mu/aita_for_wanting_to_leave_my_toxic_home_with_my/,FALSE_POSITIVE,wrong_relation,"The sister is the author's ally in fleeing; “his abusive sister” refers to their father's sister, the author's aunt."
1068,https://www.reddit.com/r/raisedbynarcissists/comments/1f3825r/my_sister_and_i_are_planning_onrunning_away_from/,FALSE_POSITIVE,wrong_relation,"The sister is the author's ally in fleeing; “his abusive sister” refers to their father's sister, the author's aunt."
1069,https://www.reddit.com/r/Advice/comments/1f3709s/my_sister_and_i_are_planning_on_leaving_our_toxic/,FALSE_POSITIVE,wrong_relation,"The sister is the author's ally in fleeing; “his abusive sister” refers to their father's sister, the author's aunt."
1070,https://www.reddit.com/r/Estrangedsiblings/comments/1f36b0u/my_abusive_sister/,INCLUDE,,"The author recounts her sister punching her bloody, threatening another blow, and asking whether she wanted to be left to die."
1071,https://www.reddit.com/r/offmychest/comments/1f32waj/update_my_sister_seems_to_think_i_am_the_golden/,INCLUDE,,The author recognizes her older sister's treatment in descriptions of sibling abuse and says she still fears disclosure and disbelief.
1072,https://www.reddit.com/r/CPTSD/comments/1f2o0ok/discussion_of_sibling_abuse_something_my_sister/,INCLUDE,,The author says her sister hit her and locked her in a dark room with threats that cockroaches would eat her.
1073,https://www.reddit.com/r/Healthygamergg/comments/1f2gwk1/autism_adhd_highly_sensitive_personality_and_my/,INCLUDE,,"Amid a long account of gaming and neurodivergence, the author says his abusive brother kicked him out of home for a month."
1074,https://www.reddit.com/r/AITAH/comments/1f2g9qr/aita_for_not_defending_my_wife_against_her/,FALSE_POSITIVE,third_person_victim,"The author witnessed his wife being assaulted by her brother; the wife, not the Reddit author, is the sibling victim."
1075,https://www.reddit.com/r/raisedbynarcissists/comments/1f2fmtw/mom_claims_i_abused_my_sibling_whenever_i_call/,FALSE_POSITIVE,perpetrator_only,"The author's mother alleges the author abused a sibling, which the author denies; the claimed abuse of the author is maternal."
1076,https://www.reddit.com/r/pakistan/comments/1f2c21h/father_going_to_remove_me_and_my_siblings_from/,FALSE_POSITIVE,wrong_relation,"The abusive sibling phrase refers to the father's brother and sisters, while the author's alleged abuser is the father."
1077,https://www.reddit.com/r/psychoanalysis/comments/1f26mgu/what_is_most_likely_cause_of_someone_who_uses/,FALSE_POSITIVE,generic_or_third_person,The author speculates about another person's passive aggression and unaddressed childhood sibling violence rather than sharing their own experience.
1078,https://www.reddit.com/r/whatsthatbook/comments/1f21sb4/book_with_gay_mc_with_abusive_brother_broken/,FALSE_POSITIVE,fiction_or_media,The author is trying to identify a YA novel with a gay protagonist and abusive fictional brother.
1079,https://www.reddit.com/r/abusiverelationships/comments/1f1z3s9/tried_to_make_amends_with_my_abusive_brother/,INCLUDE,,The author says they tried to make amends with their own abusive brother; this is their corrected repost after hiding his name.
1080,https://www.reddit.com/r/abusiverelationships/comments/1f1z23c/tried_to_make_amends_with_my_abusive_brother/,INCLUDE,,"The title says the author tried to make amends with their own abusive brother, though the body is deleted."
1081,https://www.reddit.com/r/BorderlinePDisorder/comments/1f1u77k/was_anyone_heavily_bullied_by_their_sibling/,INCLUDE,,"The author reports an older brother's sustained teasing, threats, invalidation, and emotional abuse that damaged their identity and mental health."
1082,https://www.reddit.com/r/LifeAdvice/comments/1f1py3x/can_you_guys_help_me_find_a_place_to_live_in/,INCLUDE,,The disabled author is seeking housing specifically to escape her abusive sister and the sister's wife.
1083,https://www.reddit.com/r/CPTSD/comments/1f1j3i5/how_do_you_deal_with_chronic_suicidal_ideation/,INCLUDE,,The bedridden author says she is trapped with a physically abusive brother who attacks her if she leaves her room.
1084,https://www.reddit.com/r/GriefSupport/comments/1f1fml3/how_do_i_do_this_without_them/,INCLUDE,,The author identifies an estranged brother as abusive while describing the absence of safe family support.
1085,https://www.reddit.com/r/islam/comments/1f1fcz4/abusive_brother/,UNCERTAIN,insufficient_context,"Only the generic title “Abusive brother” remains, so neither victim nor conduct can be established."
1086,https://www.reddit.com/r/CPTSD/comments/1f12l1x/sibling_abuse/,INCLUDE,,"The author recounts an older brother hitting, abandoning, and exposing her to pornography while placed in charge of her."
1087,https://www.reddit.com/r/AmITheDevil/comments/1f0virt/sibling_bullying_is_ok_if_its_at_my_son/,FALSE_POSITIVE,repost_or_archive,The framing is an AmITheDevil commentary title about another parent's tolerance of bullying directed at his son; the body is deleted.
1088,https://www.reddit.com/r/emotionalneglect/comments/1f0qto5/a_realization_that_i_may_have_experienced/,INCLUDE,,"The author describes an older brother stealing money, hitting and degrading her, throwing things, and causing an eating disorder."
1089,https://www.reddit.com/r/raisedbynarcissists/comments/1f0q7eq/almost_everyone_online_saying_therapymedication/,INCLUDE,,"The author lives with an abusive brother, fears he may beat her, and explicitly calls the household members her abusers."
1090,https://www.reddit.com/r/AITAH/comments/1f0ok5a/aita_for_not_inviting_my_abusive_brother_to_my/,INCLUDE,,"The author details years of sexual, physical, and emotional abuse by her older brother, including daily beatings and threats."
1091,https://www.reddit.com/r/NoStupidQuestions/comments/1f0l6x7/sibling_violence/,FALSE_POSITIVE,generic_or_observer,The author grew up effectively as an only child and asks generally about violence observed between other siblings.
1092,https://www.reddit.com/r/Incestconfessions/comments/1ezz9pm/bullied_by_sister/,INCLUDE,,"The first-person title says the author was bullied by their sister, though the body was removed."
1093,https://www.reddit.com/r/InsaneSiblings/comments/1ezvgzi/cut_contact_with_my_abusive_sister/,INCLUDE,,"The author says an older half-sister bullies, belittles, invalidates diagnoses, and repeatedly violates a photo boundary."
1094,https://www.reddit.com/r/CPTSD/comments/1ezele7/neglected_abused_and_subjected_to_other_horrible/,INCLUDE,,"The author recounts an older brother's daily unprovoked hitting, insults, scapegoating, calculated torment, and control."
1095,https://www.reddit.com/r/relationship_advice/comments/1eza3yd/my_brothers_wife_f30_is_leaving_my_abusive/,INCLUDE,,"The author describes an older brother's childhood ridicule, exclusion, social sabotage, and lasting emotional abuse."
1096,https://www.reddit.com/r/Advice/comments/1ez1htq/do_i_accept_that_my_mother_cares_about_my_abusive/,INCLUDE,,The title identifies the author's own brother as abusive and asks about a mother's favoritism toward him; the body is deleted.
1097,https://www.reddit.com/r/legaladvice/comments/1eysusw/abusive_brother_financially_and_verbally_abusing/,FALSE_POSITIVE,third_person_victim,"The brother's financial, verbal, and occasional physical abuse is directed at the author's elderly parents."
1098,https://www.reddit.com/r/TwoXIndia_Over25/comments/1eyf25d/women_who_live_with_abusive_people_in_any/,INCLUDE,,The author says she is trapped living with a verbally abusive sibling and must walk on eggshells to avoid conflict.
1099,https://www.reddit.com/r/AskReddit/comments/1eyc8n5/how_do_you_deal_with_a_mentally_abusive_sibling/,UNCERTAIN,insufficient_context,The context-free question about “a mentally abusive sibling” does not establish that the author is describing their own victimization.
1100,https://www.reddit.com/r/AITAH/comments/1eya31n/aita_for_wanting_to_cut_my_family_off_because_of/,FALSE_POSITIVE,perpetrator_only,The author learned that her brother raped and abused several romantic partners; she reports no sibling abuse against herself.
1101,https://www.reddit.com/r/webtoons/comments/1ey1n5n/help_me_find_the_title_please/,FALSE_POSITIVE,fiction_or_media,The sexually abusive stepsister is a character in a Korean manhwa the author is trying to identify.
1102,https://www.reddit.com/r/offmychest/comments/1ey03vh/abusive_sister_and_idk_what_to_do/,INCLUDE,,"The author reports longstanding bullying, suicidal taunts, blackmail threats, hitting, and being punched by her older sister while driving."
1103,https://www.reddit.com/r/domesticviolence/comments/1exqlrb/abusive_brother_threats/,INCLUDE,,"The title reports threats from the author's abusive brother, though the body is deleted."
1104,https://www.reddit.com/r/mentalhealth/comments/1exjty7/stuck_living_in_house_with_parents_and_violent/,INCLUDE,,"The title says the author is financially trapped in a house with a violent sibling, though the body was removed."
1105,https://www.reddit.com/r/legaladvice/comments/1exgtj0/lawyer_contacting_me_to_confirm_no_funds_nv/,FALSE_POSITIVE,wrong_relation,"The abusive sibling is one of the author's deceased uncle's siblings, not the author's own sibling."
1106,https://www.reddit.com/r/MuslimLounge/comments/1excmq1/i_think_my_husband_i_may_be_heading_for_a_divorce/,INCLUDE,,The author says she cannot return to her parents' home because her abusive brother still lives there.
1107,https://www.reddit.com/r/raisedbynarcissists/comments/1exbutk/i_think_im_done_with_my_whole_family/,INCLUDE,,"The author gives detailed accounts of brothers repeatedly kicking, slapping, pinning, and beating her from early childhood into adulthood."
1108,https://www.reddit.com/r/TrueOffMyChest/comments/1ex9s0x/my_uncle_asked_for_money_he_gave_me_to_cremate/,FALSE_POSITIVE,wrong_relation,"The “abusive sister” is the author's deceased mother described in relation to the author's uncle, not an abusive sibling of the author."
1109,https://www.reddit.com/r/MuslimLounge/comments/1ex2d7l/i_think_my_husband_i_may_be_heading_for_a_divorce/,INCLUDE,,The author says she cannot return to her parents' home because her abusive brother still lives there.
1110,https://www.reddit.com/r/MuslimMarriage/comments/1ex2cgh/i_think_my_husband_i_may_be_heading_for_a_divorce/,INCLUDE,,The author says she cannot return to her parents' home because her abusive brother still lives there.
1111,https://www.reddit.com/r/domesticviolence/comments/1ex1vso/sibling_violence_family_take_his_side/,INCLUDE,,"The author says her brother grabbed and pinned her against a wall, then later pushed and hit her while withholding her phone."
1112,https://www.reddit.com/r/FamilyIssues/comments/1ex19ko/violent_brother_17_m/,INCLUDE,,"The author describes an adopted brother who shouts and swears at the family, destroys property, and creates fear with violence including thrown knives."
1113,https://www.reddit.com/r/family/comments/1ex18n3/living_with_violent_brother_17m/,INCLUDE,,"The author describes an adopted brother who shouts and swears at the family, destroys property, and creates fear with violence including thrown knives."
1114,https://www.reddit.com/r/AITAH/comments/1ex14b1/aitah_for_refusing_to_go_to_my_brothers_wedding/,INCLUDE,,The author says her brother made childhood hell through severe bullying that left no happy memories and still refuses accountability.
1115,https://www.reddit.com/r/abusiverelationships/comments/1ex0sb4/living_with_violent_brother/,INCLUDE,,"The author describes an adopted brother who shouts and swears at the family, destroys property, and creates fear with violence including thrown knives."
1116,https://www.reddit.com/r/relationship_advice/comments/1eweqvs/i_22m_messaged_my_20f_gf_that_she_needs_to/,FALSE_POSITIVE,wrong_relation,The primary sibling victim is the author's girlfriend abused by her sister; that sister is not the author's own sibling.
1117,https://www.reddit.com/r/raisedbynarcissists/comments/1ewd96n/anyone_able_to_help_me_lay_out_a_plan_to_help_me/,INCLUDE,,"The author works alongside an abusive brother and says the family, including him, drains the energy needed to escape."
1118,https://www.reddit.com/r/ExplainAFilmPlotBadly/comments/1ew6v2d/she_only_went_on_the_date_because_of_her/,FALSE_POSITIVE,fiction_or_media,This is a deliberately vague film-plot clue about fictional characters.
1119,https://www.reddit.com/r/domesticviolence/comments/1ew06tg/my_life_right_now/,INCLUDE,,The author identifies her own brother as abusive and says she had to ask him to leave her home.
1120,https://www.reddit.com/r/SherlockHolmes/comments/1evwejh/sherlock_holmes_chapter_one_kinda_broke_my_heart/,FALSE_POSITIVE,fiction_or_media,The abusive brother is a character in the Sherlock Holmes Chapter One video game.
1121,https://www.reddit.com/r/Nocontactfamily/comments/1evw0jq/no_contact_attempts_to_reach_out_but_doesnt_say/,INCLUDE,,The author has been no-contact with a verbally abusive sister and describes renewed blocking behavior that destabilized them.
1122,https://www.reddit.com/r/relationship_advice/comments/1evqhdt/how_do_i_24f_help_my_parents_deal_with_my_abusive/,FALSE_POSITIVE,third_person_victim,The title frames the issue as helping the parents deal with the brother; the removed body provides no abuse of the author.
1123,https://www.reddit.com/r/rant/comments/1evi8ra/abusive_sister/,UNCERTAIN,insufficient_context,"Only the generic title “Abusive sister” remains, so the victim and conduct cannot be established."
1124,https://www.reddit.com/r/offmychest/comments/1evgnpr/i_have_an_abusive_sister_and_i_dont_how_to_deal/,INCLUDE,,"The author reports a sister's lifelong beatings, control, hair-pulling, slaps, and an attack that caused her to faint."
1125,https://www.reddit.com/r/TrueOffMyChest/comments/1evggiv/i_have_an_abusive_sister_and_i_dont_how_to_deal/,INCLUDE,,"The author reports a sister's lifelong beatings, control, hair-pulling, slaps, and an attack that caused her to faint."
1126,https://www.reddit.com/r/abusesurvivors/comments/1ev5q36/looking_for_sources_discussing_sibling_abuse/,FALSE_POSITIVE,generic_or_research,The removed body and title seeking sources about sibling abuse contain no firsthand personal account.
1127,https://www.reddit.com/r/AmITheBadApple/comments/1ev289i/aitba_for_not_reaching_out_to_my_sister_who_is/,FALSE_POSITIVE,third_person_victim,The author explains that a distant sister is abused by her own brother; the Reddit author does not report being that brother's victim.
1128,https://www.reddit.com/r/depression/comments/1euyk8l/wanna_move_depressed_about_my_past/,INCLUDE,,"The author recounts a brother's lifelong terror culminating in a headlock, dragging, punches, and interference with a 911 call."
1129,https://www.reddit.com/r/LifeAdvice/comments/1euv425/i_need_somewhere_to_live_im_on_disability/,INCLUDE,,The disabled author seeks housing to escape an abusive sister and the sister's wife.
1130,https://www.reddit.com/r/abusiverelationships/comments/1eum9l2/im_being_abused_by_brother_and_feel_trapped_need/,INCLUDE,,"The author says her brother controls and degrades her, called her vile names for hours on camera, and makes her fear him."
1131,https://www.reddit.com/r/CPTSD/comments/1eu6wpg/i_was_groomed_as_a_teenager_a_decade_ago_now_he/,INCLUDE,,"Alongside partner abuse, the author describes a sister's daily childhood abuse, weight bullying, boundary violations, and continuing explosions."
1132,https://www.reddit.com/r/police/comments/1eu5wx1/abusive_brother_finally_hurt_my_mom_should_i_get/,INCLUDE,,"The brother has threatened to harm the whole family, and the author says she fears for her own life as well as her mother's."
1133,https://www.reddit.com/r/EstatePlanning/comments/1eu252s/indiana_trustwill_changes/,FALSE_POSITIVE,third_person_victim,The abusive sibling has verbally and physically abused the author's parents; the author is assisting with their estate.
1134,https://www.reddit.com/r/autism/comments/1eu1zij/vent_about_misinformation_calling_autistic/,FALSE_POSITIVE,generic_or_commentary,The author criticizes another poster's story and autism claims without describing abuse by their own sibling.
1135,https://www.reddit.com/r/Autism_Parenting/comments/1ety53y/my_likely_autistic_sibling_is_the_worst_thing/,INCLUDE,,"The author reports a sibling breaking bones, leaving scars, molesting, punching, locking out, and relentlessly controlling them."
1136,https://www.reddit.com/r/ScienceBasedParenting/comments/1et9cpx/older_sibling_bullying_younger_sibling/,FALSE_POSITIVE,third_person_or_ordinary_conflict,"A parent asks about an older daughter's mild in-game teasing of a younger daughter, whom the parent says does not perceive bullying."
1137,https://www.reddit.com/r/IndianTellyTalk/comments/1esweie/anyone_who_likes_abhimanyu_birla_its_okay_if_you/,FALSE_POSITIVE,fiction_or_media,The abusive sister and other relationships are among characters in an Indian television show.
1138,https://www.reddit.com/r/mentalhealth/comments/1esv1aj/living_with_violent_sibling/,INCLUDE,,The title says the author is living with a violent sibling; the body was removed.
1139,https://www.reddit.com/r/AmItheAsshole/comments/1esujof/aita_for_calling_out_my_abusive_sister_and_mother/,INCLUDE,,"The author reports a sister's past insults, assault, stalking, current threats, and fabrication of accusations."
1140,https://www.reddit.com/r/india/comments/1esp0p5/abusive_brother/,UNCERTAIN,insufficient_context,"Only the generic title “abusive brother” remains, leaving the victim and conduct unknown."
1141,https://www.reddit.com/r/LivingWithABully/comments/1esolkw/i_needed_an_outlet/,INCLUDE,,The author directly describes herself as living with a verbally and physically abusive sister.
1142,https://www.reddit.com/r/legaladvice/comments/1esmon9/aggressive_brother_need_legal_advice_asap/,UNCERTAIN,insufficient_context,"The title says “aggressive brother,” but the body only asks about hitting an unnamed man while caring for the wife's father, so the relation is unclear."
1143,https://www.reddit.com/r/Vent/comments/1es7tdz/abusive_brother/,INCLUDE,,"The author says her brother attacks her, chases her with knives, destroys her devices, steals, locks her out, flashes, and frames her."
1144,https://www.reddit.com/r/PakistaniConfesssions/comments/1erv9ul/scammy_murderous_marriage/,FALSE_POSITIVE,third_person_victim,The author recounts a cousin's wife's allegations about her own abusive brother; it is not the author's sibling experience.
1145,https://www.reddit.com/r/Lahore/comments/1eruxwg/scam_weddingsscam_love/,FALSE_POSITIVE,third_person_victim,The author recounts a cousin's wife's allegations about her own abusive brother; it is not the author's sibling experience.
1146,https://www.reddit.com/r/BPD/comments/1ern4pc/considering_cutting_off_my_therapist/,INCLUDE,,The author says an abusive sibling has subjected them to lifelong sibling abuse and that fear prevents seeking protective help.
1147,https://www.reddit.com/r/mentalhealth/comments/1erbsw3/inbornly_neglected/,INCLUDE,,The author identifies her brother as abusive and says he randomly broke her bedroom door while she slept.
1148,https://www.reddit.com/r/hollyoaks/comments/1er6egk/sibling_abuse_story_gives_me_the_ick/,FALSE_POSITIVE,fiction_or_media,The post reacts to a sibling sexual-abuse storyline involving fictional Hollyoaks characters.
1149,https://www.reddit.com/r/CPTSD/comments/1er3jhg/in_this_thread_ill_be_the_big_sister_that_you/,INCLUDE,,The author explicitly includes themself among people who grew up struggling with sibling abuse in a dysfunctional family.
1150,https://www.reddit.com/r/raisedbynarcissists/comments/1er1o8x/in_this_thread_ill_be_the_big_older_sister_that/,INCLUDE,,The author explicitly includes themself among people who grew up struggling with sibling abuse in a dysfunctional family.
1151,https://www.reddit.com/r/legaladvice/comments/1eqy7bk/is_there_any_legal_advice_regarding/,FALSE_POSITIVE,wrong_relation,"The abusive brother is the author's boyfriend's brother, who harasses the author but is not their own sibling."
1152,https://www.reddit.com/r/EstrangedAdultKids/comments/1eqvglf/unlearning_trauma_responses/,INCLUDE,,The author describes a no-contact sister who turns communication into repeated emotional battering.
1153,https://www.reddit.com/r/whatsthatbook/comments/1eqqcg4/young_adult_contemporary_fiction_book_about_two/,FALSE_POSITIVE,fiction_or_media,The violent brother is a character in a YA novel the author is trying to identify.
1154,https://www.reddit.com/r/BisexualMen/comments/1eql0n1/what_is_like_to_be_a_biman_and_feel_alone/,INCLUDE,,The author says he concealed his sexuality because he feared his abusive brother would beat him.
1155,https://www.reddit.com/r/Infidelity/comments/1eqhzoz/husbands_emotional_affair_with_ex_says_its_not/,FALSE_POSITIVE,third_person_victim,The abusive brother belongs to the husband's affair partner and is incidental to the author's marital problem.
1156,https://www.reddit.com/r/Marriage/comments/1eqh54d/husbands_emotional_affair_with_ex_saying_its_not/,FALSE_POSITIVE,third_person_victim,The abusive brother belongs to the husband's affair partner and is incidental to the author's marital problem.
1157,https://www.reddit.com/r/AITAH/comments/1eq9egc/aitah_if_i_stop_talking_to_my_family_over_my/,INCLUDE,,"The author details decades of a sister pinning, suffocating, confining, spitting on, threatening, stealing from, insulting, and psychologically terrorizing her."
1158,https://www.reddit.com/r/AskReddit/comments/1epz2mh/is_it_normal_that_i_have_to_tell_my_abusive/,INCLUDE,,The author's question identifies her sister as abusive and describes the sister's ongoing control over the 21-year-old's movements.
1159,https://www.reddit.com/r/teenagers/comments/1epjcv9/do_you_believe_in_sibling_abuse/,FALSE_POSITIVE,generic_or_research,The context-free question asks whether readers believe in sibling abuse and contains no personal account.
1160,https://www.reddit.com/r/offmychest/comments/1epccqq/my_dad_is_probably_a_sociopath/,INCLUDE,,The author describes a violent brother who crossed repeated boundaries in the author's home until the author had to evict him.
1161,https://www.reddit.com/r/raisedbynarcissists/comments/1ep7p4f/going_nc_while_still_living_close/,INCLUDE,,The author works alongside a physically abusive brother and remains guarded because of continuing family manipulation and abuse.
1162,https://www.reddit.com/r/CPTSD_NSCommunity/comments/1ep7ju1/i_hate_my_father/,FALSE_POSITIVE,perpetrator_or_third_person,The author regrets excluding a brother during childhood and says his adult physical abuse was not toward the author; no sibling abuse of the author is described.
1163,https://www.reddit.com/r/OSDD/comments/1eoz6iy/possible_sibling_abuse_tw_possible_emotional/,INCLUDE,,The author describes an older brother coercing and controlling her and choking her so severely she believed she would suffocate.
1164,https://www.reddit.com/r/raisedbynarcissists/comments/1eoxoo6/am_i_becoming_the_monster/,INCLUDE,,"The author identifies an abusive sibling, fears giving them access, and says the family made the author the lifelong scapegoat."
1165,https://www.reddit.com/r/autism_mom_lifeSNARK/comments/1eowkhq/hi_jerry_chonie_and_ryanlets_talk_about_the/,FALSE_POSITIVE,third_person_or_public_figure,The author addresses online personalities about violence among their children; the author is not one of the sibling victims.
1166,https://www.reddit.com/r/Roleplay__Hentai/comments/1eosfge/f4m_looking_for_someone_to_do_a_big_abusive/,FALSE_POSITIVE,fiction_or_roleplay,This is an explicit sexual roleplay solicitation for an abusive-brother scenario.
1167,https://www.reddit.com/r/family/comments/1eo96j9/sibling_abuse_is_a_real_thing/,INCLUDE,,"The author says her brother repeatedly hits, spits on, and terrorizes her for days while her parents prevent police contact."
1168,https://www.reddit.com/r/dating_advice/comments/1eo3nsb/overwhelmingly_ashamed_after_asking_out_a/,INCLUDE,,"The author says a brother they tried to reunite with became violent and homophobic, forcing renewed cutoff."
1169,https://www.reddit.com/r/selfharm/comments/1eo3ehx/a_random_strangers_rejection_has_thrown_me_into_a/,INCLUDE,,"The author says a brother they tried to reunite with became violent and homophobic, forcing renewed cutoff."
1170,https://www.reddit.com/r/offmychest/comments/1eo34j8/i_just_need_things_to_stop_happening_for_a_few/,INCLUDE,,"The author details years of smothering, strangling, death threats, beatings, and attempted murder by an older sibling."
1171,https://www.reddit.com/r/ptsd/comments/1ens0ik/did_anyone_completely_lose_their_sex_drive_after/,INCLUDE,,The author explicitly lists childhood sibling abuse among the traumas affecting her adult sexuality and mental health.
1172,https://www.reddit.com/r/SuicideWatch/comments/1enqsbg/abusive_sister/,INCLUDE,,The author says her much larger sister hits and shoves her when they are alone and manipulates their mother.
1173,https://www.reddit.com/r/fnafpornrp/comments/1enjj3f/m4f_3_long_term_plots_inside/,FALSE_POSITIVE,fiction_or_roleplay,"This porn-roleplay post proposes scripted characters, including a sexualized aggressive sibling rivalry."
1174,https://www.reddit.com/r/TwoXChromosomes/comments/1enipj1/tired_of_all_the_lazyunnecessary_fan_service_in/,FALSE_POSITIVE,fiction_or_media,The abusive brother is an anime character in Tokyo Revengers.
1175,https://www.reddit.com/r/legaladvice/comments/1ena7pt/what_do_i_do_about_an_abusive_sister/,INCLUDE,,"The author reports a younger sister's repeated hitting, screaming, and behavior severe enough to cause panic attacks."
1176,https://www.reddit.com/r/40k/comments/1en1t2v/very_violent_sister_of_battle/,FALSE_POSITIVE,irrelevant_collision,"“Sister of Battle” is a Warhammer title, and “violent” describes a convention performance rather than a family sibling."
1177,https://www.reddit.com/r/transplant/comments/1emuwzd/possible_donation_of_liver_to_abusive_brother_but/,INCLUDE,,The title identifies the author's brother as abusive while considering whether to donate part of a liver to him.
1178,https://www.reddit.com/r/narcissisticparents/comments/1emufny/when_your_parent_died_were_you_forced_to_mourn/,INCLUDE,,The author says an abusive sister abandoned her during illness and quickly resumed mistreatment after reconnection.
1179,https://www.reddit.com/r/Advice/comments/1emikxi/my_partners_sister_hit_her_on_holiday_and_then/,FALSE_POSITIVE,wrong_relation,"The assaulted sibling is the author's partner, and the abuser is the partner's sister rather than the author's own sibling."
1180,https://www.reddit.com/r/AskAstrologers/comments/1elw5qz/older_half_sibling_abuse_in_chart/,INCLUDE,,The author directly states that her older half-sister mentally and physically abused her throughout childhood.
1181,https://www.reddit.com/r/TooAfraidToAsk/comments/1elqtlw/can_a_sibling_abuse_you_physically_or_verbally/,UNCERTAIN,insufficient_context,The generic question about whether a co-resident sibling can be abusive does not explicitly establish a personal experience.
1182,https://www.reddit.com/r/CPTSD/comments/1ekumig/am_i_being_triggered_or_abused/,INCLUDE,,The author says her brother repeatedly threatened to kill her and was violent during childhood.
1183,https://www.reddit.com/r/disability/comments/1ekj82m/i_survived_familial_abuse_now_i_want_to_go_to/,INCLUDE,,The author identifies themself as a survivor of family and sibling violence and describes coercion and forced labor within the sibling-care structure.
1184,https://www.reddit.com/r/comicbooks/comments/1ekj6nm/does_anyone_know_any_comic_series_that_delves/,FALSE_POSITIVE,fiction_or_media,The author seeks comic-book fiction about sibling abuse rather than sharing a personal account.
1185,https://www.reddit.com/r/comics/comments/1ekj5wy/does_anyone_know_a_comic_series_that_delves_into/,FALSE_POSITIVE,fiction_or_media,The author seeks comic-book fiction about sibling abuse rather than sharing a personal account.
1186,https://www.reddit.com/r/AskGayMen/comments/1ekdnyj/could_being_abused_by_brother_as_child_decide_my/,INCLUDE,,The author explicitly asks about the effects of having been abused by his brother as a child.
1187,https://www.reddit.com/r/teenagers/comments/1ek605k/life_isi_cannot_say_actually/,INCLUDE,,The teenage author says an older brother mentally and physically abused him and made him live in fear as a tool.
1188,https://www.reddit.com/r/CPTSD/comments/1ejzg9v/feedback_on_this_conversation_with_my_sister_help/,INCLUDE,,"The author reports a sister's years of excessive physical violence, bullying, gaslighting, and blame for the author's suicidality."
1189,https://www.reddit.com/r/mentalhealth/comments/1ejy6sz/i_feel_crushed_and_alone/,INCLUDE,,The author says an older brother recently attacked her and grabbed her throat without provocation.
1190,https://www.reddit.com/r/relationship_advice/comments/1ejwlig/im_24_f_being_bullied_by_sister_in_law_23f/,FALSE_POSITIVE,wrong_relation,"The bully is the girlfriend of the author's boyfriend's brother, described loosely as a prospective sister-in-law."
1191,https://www.reddit.com/r/That70sshow/comments/1ejv9nu/eric_forman_was_a_victim_of_sibling_abuse/,FALSE_POSITIVE,fiction_or_media,Eric Forman is a fictional television character from That '70s Show.
1192,https://www.reddit.com/r/raisedbynarcissists/comments/1ejv4n3/day_felt_ruined_before_i_even_got_up/,INCLUDE,,The author calls her brother physically abusive and violent and has trauma nightmares about being forced to interact with him.
1193,https://www.reddit.com/r/EstrangedAdultKids/comments/1eje4wk/25m_brother_threatens_to_fight_me_19f/,INCLUDE,,The author's much older brother has repeatedly threatened to fight her and privately intimidates her with claims he could overpower her even if armed.
1194,https://www.reddit.com/r/EstrangedAdultChild/comments/1eje4b2/25m_brother_threatens_to_fight_me_19f/,INCLUDE,,The author's much older brother has repeatedly threatened to fight her and privately intimidates her with claims he could overpower her even if armed.
1195,https://www.reddit.com/r/Estrangedsiblings/comments/1eje3u9/25m_brother_threatens_to_fight_me_19f/,INCLUDE,,The author's much older brother has repeatedly threatened to fight her and privately intimidates her with claims he could overpower her even if armed.
1196,https://www.reddit.com/r/CPTSD/comments/1eje1tm/25m_brother_threatens_to_fight_me_19f/,INCLUDE,,The author's much older brother has repeatedly threatened to fight her and privately intimidates her with claims he could overpower her even if armed.
1197,https://www.reddit.com/r/Parenting/comments/1ej51x9/mentally_abusive_sister/,INCLUDE,,"The author describes a younger sister's daily name-calling and hitting, including a hard face slap and stomach punch that winded him."
1198,https://www.reddit.com/r/Vent/comments/1ej3oci/toxic_siblings_dynamics_should_never_be_seen_in/,INCLUDE,,The author identifies themself as a sibling-abuse survivor whose brother's cruelty caused trauma still difficult to discuss in therapy.
1199,https://www.reddit.com/r/AITAH/comments/1ei048f/aitah_for_worrying_too_much_about_my_friend/,FALSE_POSITIVE,third_person_victim,The abusive sister belongs to the author's friend Y; the author is discussing boundaries in that friendship.
1200,https://www.reddit.com/r/askapsychologist/comments/1ehxkj2/why_do_i_forget_to_talk_about_important_things/,FALSE_POSITIVE,third_person_victim,The physically abusive brother belongs to the ex-husband's girlfriend and is incidental to the author's relationship narrative.
1201,https://www.reddit.com/r/TrueOffMyChest/comments/1ehryj9/brother_abuses_women_but_my_religious_family_cut/,FALSE_POSITIVE,perpetrator_only,The brother abused multiple romantic partners; the author was ostracized for supporting those victims but reports no abuse by him against herself.
1202,https://www.reddit.com/r/Healthygamergg/comments/1ehmq2n/will_leaving_home_help_my_academics/,INCLUDE,,The author says a verbally abusive brother harmed both the author and their mother and that memories of his conduct impair schoolwork.
1203,https://www.reddit.com/r/Advice/comments/1ehl9an/i_am_16_and_living_with_my_abusive_sister_who_is/,INCLUDE,,"The minor author says an older sister has abused her for two years, withholds food, and leaves her dangerously malnourished."
1204,https://www.reddit.com/r/family/comments/1ehj8zr/at_what_point_is_toxic_family_enough_to_cut_ties/,INCLUDE,,"The author details a brother's decade of belittling, body-shaming, confinement, gaslighting, intimidation, and explosive aggression."
1205,https://www.reddit.com/r/BokuDakegaInaiMachi/comments/1ehds4c/how_evil_he_is_especially_if_you_had_been_read/,FALSE_POSITIVE,fiction_or_media,"The violent brother belongs to Gaku Yashiro, a fictional manga/anime character."
1206,https://www.reddit.com/r/mentalhealth/comments/1ehbrj2/im_ending_my_life_cant_do_this_anymore/,INCLUDE,,The author says a sibling's bullying displaced them from a bedroom and leaves them sleeping on the floor.
1207,https://www.reddit.com/r/SuicideWatch/comments/1eh4cmy/feeling_like_its_the_day/,INCLUDE,,The author lists an abusive brother among the ongoing family violence driving suicidal thoughts.
1208,https://www.reddit.com/r/Vent/comments/1egs8ds/i_fucking_hate_my_abusive_brother_and_wish_he_died/,INCLUDE,,The first-person title expresses hatred toward the author's own abusive brother; the body was removed.
1209,https://www.reddit.com/r/BPD/comments/1eg8me4/comfortable_saying_im_bpd_afraid_that_ill_never/,INCLUDE,,"The author explicitly says her sister, mother, and father each subjected her to years of abuse."
1210,https://www.reddit.com/r/raisedbynarcissists/comments/1eg6icq/narcissists_enabeling_each_others_abuse/,INCLUDE,,"The author says a brother routinely attacks and tries to beat her, requiring no contact for physical safety."
1211,https://www.reddit.com/r/offmychest/comments/1efz1z7/alcoholic_father_and_verbally_abusive_brother/,INCLUDE,,"The author describes a brother's sustained workplace screaming, degradation, and insults that made him afraid every day."
1212,https://www.reddit.com/r/offmychest/comments/1efyzw1/alcoholic_father_and_verbally_abusive_brother/,INCLUDE,,The title identifies the author's brother as verbally abusive alongside an alcoholic father; the body was removed.
1213,https://www.reddit.com/r/bipolar/comments/1efypo4/alcoholic_father_and_verbally_abusive_brother/,INCLUDE,,The title identifies the author's brother as verbally abusive alongside an alcoholic father; the body was removed.
1214,https://www.reddit.com/r/blmanwha/comments/1efsrix/looking_for_bl/,FALSE_POSITIVE,fiction_or_media,The abusive sister is a character in a boys-love story the author is trying to identify.
1215,https://www.reddit.com/r/offmychest/comments/1efocmi/i_just_realised_i_was_raped_by_my_brother/,INCLUDE,,The author recounts prolonged rape and sexual abuse by an older brother while a twin brother watched and laughed.
1216,https://www.reddit.com/r/Advice/comments/1efjj5t/im_embarrassed_and_feel_like_self_isolating_myself/,INCLUDE,,"The author describes eight years of emotional caretaking, financial exploitation, manipulation, and volatility by an older sibling."
1217,https://www.reddit.com/r/u_MaleficentDiet7400/comments/1efjhuc/im_embarrassed_and_feel_like_self_isolating_myself/,INCLUDE,,"The author describes eight years of emotional caretaking, financial exploitation, manipulation, and volatility by an older sibling."
1218,https://www.reddit.com/r/alcoholism/comments/1efid03/how_can_i_stop_my_overly_aggressive_brother_from/,INCLUDE,,The author's aggressive alcoholic brother grabbed him by the neck and threatened to kill him.
1219,https://www.reddit.com/r/SuicideWatch/comments/1ef2xtc/i_tied_a_noose_around_my_neck_and_stood_on_a/,INCLUDE,,The author says her brother has called her a whore and abused her throughout her life.
1220,https://www.reddit.com/r/abusiverelationships/comments/1eeqfrd/my_mom_legitametly_has_split_personalities_and_it/,INCLUDE,,The minor author says she is trapped with an abusive sister and is forced into unwanted proximity with her.
1221,https://www.reddit.com/r/TwoXChromosomes/comments/1eep03s/nobody_escapes_sa/,FALSE_POSITIVE,third_person_victim,The abusive brother is the author's mother's brother; the author is reacting to her mother's childhood and later sexual exploitation.
1222,https://www.reddit.com/r/TrueOffMyChest/comments/1eeopdi/im_plotting_revenge_for_a_friend_who_left_me_and/,FALSE_POSITIVE,third_person_victim,The violent brother belongs to the author's former friend J and threatened J's mother and younger siblings.
1223,https://www.reddit.com/r/CPTSD/comments/1eemqw6/being_pushed_while_deregulated/,INCLUDE,,The author directly links current provocation trauma to an abusive brother who repeatedly pushed them to breaking point in childhood.
1224,https://www.reddit.com/r/legaladvice/comments/1eeit42/what_would_the_legal_process_be_if_i_filed/,INCLUDE,,"The author reports lifelong physical, verbal, and emotional abuse by a sister, including beatings arising from verbal altercations."
1225,https://www.reddit.com/r/NarcissisticAbuse/comments/1ee8jvq/escaping_a_house_protecting_a_abusive_brother/,INCLUDE,,The title says the author is escaping a household that protects their abusive brother.
1226,https://www.reddit.com/r/CPTSD/comments/1ee55ab/should_you_say_sorry_for_being_abusive_towards_an/,INCLUDE,,"The author says a stronger sibling beat and psychologically abused them, most recently bullying them into a suicide attempt, although violence was sometimes reciprocal."
1227,https://www.reddit.com/r/offmychest/comments/1edy98i/my_abusive_sister_is_telling_everyone_i_abuse_her/,INCLUDE,,"The author recalls a much older sister physically harming her as a toddler, facilitating others' harm, controlling, exploiting, and publicly smearing her."
1228,https://www.reddit.com/r/nocontact/comments/1edhzru/going_no_contact_after_escaping_a_house/,FALSE_POSITIVE,third_person_or_perpetrator_only,"The violent brother attacked other people, including the author's fiancé; the author reports fear but no mistreatment of themself."
1229,https://www.reddit.com/r/marriageadvice/comments/1edb5xm/couples_w_adhd_struggling_mightily/,FALSE_POSITIVE,third_person_victim,"The sibling-abuse survivor is the author's wife, allegedly sexually abused by her sister; the author is discussing his marriage."
1230,https://www.reddit.com/r/relationship_advice/comments/1edb2db/36m_35f_married_both_w_adhd_suggestions/,FALSE_POSITIVE,third_person_victim,"The sibling-abuse survivor is the author's wife, allegedly sexually abused by her sister; the author is discussing his marriage."
1231,https://www.reddit.com/r/CPTSD/comments/1edb161/long_post_advice_seekingpartners_patterns_fit_this/,FALSE_POSITIVE,third_person_victim,"The sibling-abuse survivor is the author's wife, allegedly sexually abused by her sister; the author is discussing his marriage."
1232,https://www.reddit.com/r/AmItheAsshole/comments/1ed29jv/wibta_if_i_refused_to_attend_one_of_my_parents/,INCLUDE,,The author has gone no-contact with a physically and verbally abusive sibling and considers skipping a parent's funeral to maintain it.
1233,https://www.reddit.com/r/CPTSD/comments/1eco2sv/was_this_sibling_abuse_or_just_normal_sibling/,INCLUDE,,"The author recounts a brother's headlocks, broken door, threats, sexual touching, shower intrusion, and frightening conduct."
1234,https://www.reddit.com/r/FireEmblemShipping/comments/1ecgdgq/its_no_big_surprise_you_turned_out_this_way/,FALSE_POSITIVE,fiction_or_media,This automated post links a Fire Emblem fanfiction tagged “Sibling Abuse.”
1235,https://www.reddit.com/r/bipolar/comments/1ec5x1z/sibling_abuse/,INCLUDE,,The author says her sister severely mentally and sometimes physically abused her in childhood.
1236,https://www.reddit.com/r/aspergirls/comments/1ebyxnu/sibling_abuse_venting/,INCLUDE,,"The author reports a sibling's hitting, attempted killings, public humiliation, body-shaming, and deliberate sensory torment."
1237,https://www.reddit.com/r/abusiverelationships/comments/1ebjljz/i_feel_helpless/,INCLUDE,,The author identifies her sister as abusive and says their mother forces unwanted contact and blames the author instead.
1238,https://www.reddit.com/r/Advice/comments/1ebd8ue/abusive_brother/,FALSE_POSITIVE,third_person_victim,The brother is emotionally abusing his own son; the author seeks help for that child rather than reporting sibling abuse of themself.
1239,https://www.reddit.com/r/Parenting/comments/1eazt3j/i_wish_families_still_helped_eachother_out/,UNCERTAIN,insufficient_context,"The author calls her brother physically, verbally, and formerly sexually abusive but only specifies risk to her children, not whether she was his victim."
1240,https://www.reddit.com/r/CPTSDmemes/comments/1eazryg/facts/,INCLUDE,,The author says a physically abusive sister repeatedly hit her and would retaliate harder if she defended herself.
1241,https://www.reddit.com/r/OffMyChestPH/comments/1eawbcr/f_young_irresponsible_parent/,INCLUDE,,The author describes a sister's verbal abuse and repeated physical fighting and says she needs to escape.
1242,https://www.reddit.com/r/hollyoaks/comments/1eaw5cd/mcqueen_hypocrites/,FALSE_POSITIVE,fiction_or_media,The allegedly abusive brother is part of relationship drama among Hollyoaks characters.
1243,https://www.reddit.com/r/mentalhealth/comments/1eave39/everyday_is_just_such_a_battle/,INCLUDE,,The author describes a narcissistic older sister as physically and mentally abusive and links her to ongoing trauma.
1244,https://www.reddit.com/r/tipofmytongue/comments/1ea8dc7/tomtmovie_low_budget_mean_spirited_1990s_horror/,FALSE_POSITIVE,fiction_or_media,The abusive brother is a character in a low-budget horror movie the author is trying to identify.
1245,https://www.reddit.com/r/offmychest/comments/1e9xbnr/my_21_sibling_23_who_abused_me_keeps_putting/,INCLUDE,,"The author says an older sibling was cruel, controlling, and abusive enough that the author still maintains distance from trauma."
1246,https://www.reddit.com/r/raisedbynarcissists/comments/1e9srr4/home_alone_with_abusive_brother_what_to_do/,INCLUDE,,The author says a brother physically abused them in private and that they fear another attack while home alone.
1247,https://www.reddit.com/r/askwomenadvice/comments/1e8j92s/violent_sister_49f_hates_me_35f_and_i_am_in_her/,INCLUDE,,"The author reports a half-sister's decade of bullying, beating threats, abusive messages, stalking, physical intimidation, and retaliation."
1248,https://www.reddit.com/r/askwomenadvice/comments/1e8j8ed/my_violent_sister_hates_me_i_am_directly_in_her/,INCLUDE,,The title says the author's violent sister hates her and has her in the sister's “warpath”; the body was removed.
1249,https://www.reddit.com/r/self/comments/1e8fw4p/finally_cut_off_relationship_w_alcoholic/,INCLUDE,,"The author says an alcoholic sister subjected them to a decade of abuse and aggressive, vile messages."
1250,https://www.reddit.com/r/Advice/comments/1e8dh46/how_can_i_29f_tell_my_autistic_and_sometimes/,INCLUDE,,The author has had physical fights with an unpredictable brother who hits with objects and fears for her pregnancy and future baby.
1251,https://www.reddit.com/r/AmItheAsshole/comments/1e8ctj3/aita_or_is_she_violent_sister_hates_me/,INCLUDE,,The title describes the author's sister as violent and hateful; the removed body appears to be the author's personal conflict.
1252,https://www.reddit.com/r/WomensHealth/comments/1e8cq4q/violent_sister_hates_me_please_help/,INCLUDE,,"The title asks for help with the author's violent, hateful sister; the body was removed."
1253,https://www.reddit.com/r/family/comments/1e8ciwy/violent_sister_hates_me_i_need_advise_please/,INCLUDE,,"The author reports a half-sister's decade of bullying, beating threats, abusive messages, stalking, physical intimidation, and retaliation."
1254,https://www.reddit.com/r/AskUK/comments/1e7vp2v/what_to_do_with_my_drug_abusive_sister/,FALSE_POSITIVE,irrelevant_collision,“Drug abusive” means the sister is abusing drugs; the post seeks addiction help and reports no abuse of the author.
1255,https://www.reddit.com/r/women/comments/1e7fnu8/how_to_deal_with_my_abusive_sister/,INCLUDE,,"The author says her sister physically and verbally abuses, controls, hits, threatens, and repeatedly devastates her."
1256,https://www.reddit.com/r/TalkTherapy/comments/1e720ma/how_normal_is_having_to_see_more_than_one/,INCLUDE,,The author seeks trauma-sensitive therapy for personal experiences including sibling violence and wants their interconnected effects understood.
1257,https://www.reddit.com/r/awwwtf/comments/1e6yqml/aggressive_sibling/,UNCERTAIN,insufficient_context,"The removed body and generic title “Aggressive sibling” do not identify a human author, relation, victim, or conduct."
1258,https://www.reddit.com/r/XSomalian/comments/1e6t6n2/where_do_i_go_from_here_passive_mum_violent/,INCLUDE,,The author's violent younger brother targeted her and issued a credible death threat that forced the family to flee at midnight.
1259,https://www.reddit.com/r/policeuk/comments/1e6t4rm/england_where_to_go_from_here_passive_mum_violent/,INCLUDE,,The author's violent younger brother targeted her and issued a credible death threat that forced the family to flee at midnight.
1260,https://www.reddit.com/r/LegalAdviceUK/comments/1e6t43p/england_passive_mum_violent_brother/,INCLUDE,,The author's violent younger brother targeted her and issued a credible death threat that forced the family to flee at midnight.
1261,https://www.reddit.com/r/Vent/comments/1e6ogm9/i_cannot_stand_my_gfs_abusive_brother/,FALSE_POSITIVE,wrong_relation,"The abusive brother belongs to the author's girlfriend; although he also owes the author money, he is not the author's sibling."
1262,https://www.reddit.com/r/Advice/comments/1e6l676/afraid_of_breaking_up_with_my_suicidal_girlfriend/,FALSE_POSITIVE,third_person_victim,The sexually abusive brother belongs to the author's girlfriend; the author is asking how to end that romantic relationship.
1263,https://www.reddit.com/r/DecidingToBeBetter/comments/1e6fn09/i_am_a_narcissistic_abusive_brother_i_realized/,FALSE_POSITIVE,perpetrator_only,"The author admits being the explosive, verbally abusive brother and seeks help to stop hurting his sibling."
1264,https://www.reddit.com/r/u_Ok_Falcon8302/comments/1e6fke3/i_am_a_narcissistic_abusive_brother_i_realized/,FALSE_POSITIVE,perpetrator_only,The title identifies the author as the narcissistic abusive brother; the body was removed.
1265,https://www.reddit.com/r/relationships/comments/1e64bd5/blind_sided_by_cheating_bf_m36_f_26/,INCLUDE,,"The author recently cut off an abusive sister who employed her, and that sister sent a nasty retaliatory message about leaving the company."
1266,https://www.reddit.com/r/relationships/comments/1e5tg19/how_to_cope_living_with_abusive_sibling/,INCLUDE,,"The author says an older sister is verbally, emotionally, and sometimes physically abusive and has caused severe anxiety."
1267,https://www.reddit.com/r/offmychest/comments/1e5tbk1/how_to_cope_living_with_abusive_sibling/,INCLUDE,,"The author says an older sister is verbally, emotionally, and sometimes physically abusive and has caused severe anxiety."
1268,https://www.reddit.com/r/LifeAdvice/comments/1e5t6kw/living_with_verbally_abusive_sibling_and_how_to/,INCLUDE,,"The author says an older sister is verbally, emotionally, and sometimes physically abusive and has caused severe anxiety."
1269,https://www.reddit.com/r/relationship_advice/comments/1e5p6k6/my_23f_mother_55f_is_letting_my_abusive_brother/,INCLUDE,,"The author fears that a manipulative, harassing brother will make her life hell in retaliation for her police call when he moves home."
1270,https://www.reddit.com/r/CPTSD/comments/1e5dfx4/i_let_my_mother_break_my_heart_again_i_want_out/,INCLUDE,,The author says a brother abused her and that she remains so afraid of him that disclosure of her address is a serious safety breach.
1271,https://www.reddit.com/r/narcissisticparents/comments/1e58vmb/living_w_abusive_sister_advice_needed/,INCLUDE,,"The author reports a sister's lifelong verbal and emotional abuse, intimidation, lockouts, and repeated success making her homeless."
1272,https://www.reddit.com/r/whatsthemoviecalled/comments/1e4y772/latino_movie_from_late_90s_early_2000s/,FALSE_POSITIVE,fiction_or_media,The abusive brother is a character in a Latino movie the author is trying to identify.
1273,https://www.reddit.com/r/relationships/comments/1e4vmoa/how_can_i_deal_with_my_abusive_brother/,INCLUDE,,"The author has bruises, marks, and difficulty walking because her younger brother hits, degrades, mocks, and invades her privacy."
1274,https://www.reddit.com/r/exchristian/comments/1e4hkht/oh_we_pray_for_biden_even_id_we_dont_like_him/,INCLUDE,,The author personally identifies a sister as abusive while describing the sister's religious coercion and family dynamic.
1275,https://www.reddit.com/r/therapyabuse/comments/1e40lf5/my_abusive_sibling_is_a_licensed_trauma_therapist/,INCLUDE,,The title says the author's abusive sibling is a licensed trauma therapist; the body was removed.
1276,https://www.reddit.com/r/Incestconfessions/comments/1e3tqnj/bullied_by_brother/,INCLUDE,,"The author reports a brother's repeated slaps, exposure, spanking, and nonconsensual genital touching."
1277,https://www.reddit.com/r/Advice/comments/1e3mu0y/what_do_i_do_when_people_ask_for_prayers_but_i_am/,INCLUDE,,The author says an emotionally abusive sibling vindictively evicted her and continues triggering her through religion.
1278,https://www.reddit.com/r/teenagers/comments/1e3jb23/i_cooked_a_kid/,FALSE_POSITIVE,third_person_victim,The “abusive sister” belongs to another child whom the author mocks; the author is not the victim.
1279,https://www.reddit.com/r/TrueOffMyChest/comments/1e3av2c/im_classmates_again_with_my_bullies_and_i_dont/,INCLUDE,,"While discussing school bullies, the author also identifies her sister as abusive within the home where her mental health collapsed."
1280,https://www.reddit.com/r/AITAH/comments/1e2mdoa/is_this_sa_or_am_i_overreacting/,INCLUDE,,"The author details a brother pinning and painfully rubbing her genitals as a child and continuing breast, thigh, and intimate touching through age 18."
1281,https://www.reddit.com/r/TrueOffMyChest/comments/1e2m50k/is_this_sa_or_am_i_overreacting/,INCLUDE,,"The author details a brother pinning and painfully rubbing her genitals as a child and continuing breast, thigh, and intimate touching through age 18."
1282,https://www.reddit.com/r/AITAH/comments/1e2frch/wbtah_if_i_exposed_my_abusive_brother_and_ruined/,INCLUDE,,The author says her brothers abused her throughout her life and continues seeking protection for a sister still living with them.
1283,https://www.reddit.com/r/narcissisticparents/comments/1e29wya/parental_cancer_news/,INCLUDE,,"The author says both parents and the golden-child sibling abused, mocked, and bullied them for decades."
1284,https://www.reddit.com/r/emotionalabuse/comments/1e20p40/advice_needed_asap_please/,INCLUDE,,"The author reports a sister's lifelong targeting, isolation, gaslighting, health endangerment, sexual assault of her husband, and pregnancy-related torment."
1285,https://www.reddit.com/r/abusiveparents/comments/1e1x2br/my_24f_mother_never_protected_me_from_her_abusive/,FALSE_POSITIVE,wrong_relation,"The abuser is the author's mother's sister, meaning the author's aunt, not the author's own sibling."
1286,https://www.reddit.com/r/rant/comments/1e1wxpl/my_24f_mother_never_protected_me_from_her_abusive/,FALSE_POSITIVE,wrong_relation,"The abuser is the author's mother's sister, meaning the author's aunt, not the author's own sibling."
1287,https://www.reddit.com/r/offmychest/comments/1e1wvys/my_24f_mother_never_protected_me_from_her_abusive/,FALSE_POSITIVE,wrong_relation,"The abuser is the author's mother's sister, meaning the author's aunt, not the author's own sibling."
1288,https://www.reddit.com/r/TwoHotTakes/comments/1e1wmbn/my_24f_mother_never_protected_me_from_her_abusive/,FALSE_POSITIVE,wrong_relation,"The abuser is the author's mother's sister, meaning the author's aunt, not the author's own sibling."
1289,https://www.reddit.com/r/NarcissisticAbuse/comments/1e1wkal/my_24f_mom_never_protected_me_from_her_abusive/,FALSE_POSITIVE,wrong_relation,"The abuser is the author's mother's sister, meaning the author's aunt, not the author's own sibling."
1290,https://www.reddit.com/r/autism/comments/1e1t7da/dont_know_how_to_help_violent_sibling_any_advice/,FALSE_POSITIVE,third_person_victim,"The author describes the younger brother attacking their father, a schoolgirl, and others, but does not say the brother mistreated the author."
1291,https://www.reddit.com/r/PrayerRequests/comments/1e1ozqp/pray_for_my_family_facing_homelessness/,INCLUDE,,"The author says their own violent brother forced the author, spouse, and children to flee the family home, a first-hand account of sibling-caused danger and displacement."
1292,https://www.reddit.com/r/writers/comments/1e18270/sibling_nicknames/,FALSE_POSITIVE,fiction_or_media,The post is asking for sibling nicknames for fictional novel characters; the aside about the author's poor sibling relationship gives no account of mistreatment.
1293,https://www.reddit.com/r/Autism_Parenting/comments/1e12tja/sibling_abuse/,FALSE_POSITIVE,third_person_victim,"A parent describes one child hitting and biting another; the sibling victim is the author's daughter, not the Reddit author."
1294,https://www.reddit.com/r/AvPD/comments/1e11ml5/school_bullying_vs_homeschool_sibling_bullying/,INCLUDE,,"The author gives a first-hand account of an older brother persistently scaring, hurting, pinning, choking, and coercing them while homeschooled."
1295,https://www.reddit.com/r/CPTSD/comments/1e0r61w/why_is_sibling_abuse_not_taken_seriously_in/,INCLUDE,,"The author details years of verbal and physical abuse by their sister, including a beating that caused lasting facial nerve damage."
1296,https://www.reddit.com/r/wedding/comments/1e0q126/fiancés_abusive_sister_is_coming_and_now_my_day/,FALSE_POSITIVE,wrong_relation,"The aggressive sister is the author's fiancé's sister, and her described direct victims are the fiancé and mother-in-law, not the author and their own sibling."
1297,https://www.reddit.com/r/wedding/comments/1e0pvlf/fh_abusive_sister_is_coming_and_now_my_day_is/,FALSE_POSITIVE,wrong_relation,"The post concerns the author's future spouse's sister and her abuse of their mother, not abuse of the author by the author's sibling."
1298,https://www.reddit.com/r/RoleplayPartnerSearch/comments/1e0gzza/m4f_of_love_and_lust/,FALSE_POSITIVE,fiction_or_roleplay,The violent brother is a character in an explicitly advertised medieval fantasy roleplay premise.
1299,https://www.reddit.com/r/Divorce/comments/1e0gcdj/i_m23_married_too_early_with_my_wife_f24_and_ive/,FALSE_POSITIVE,wrong_relation,The post is about the author's wife's toxic behavior and her conflicts with her siblings; no sibling of the author is described abusing the author.
1300,https://www.reddit.com/r/relationship_advice/comments/1e0g9kg/i_m23_married_too_early_with_my_wife_f24_and_ive/,FALSE_POSITIVE,wrong_relation,"The author describes abuse within a marriage and the wife's fights with her siblings, not mistreatment of the author by the author's sibling."
1301,https://www.reddit.com/r/LifeAdvice/comments/1dzzomq/help_my_with_this_options/,UNCERTAIN,insufficient_context,"The author lives with a younger brother described only as violent, without saying whom he is violent toward or whether he has mistreated the author."
1302,https://www.reddit.com/r/LifeAdvice/comments/1dzzmpm/help_my_with_this_options/,UNCERTAIN,insufficient_context,"The author's co-resident younger brother is called violent, but the post supplies no incident or direct victim identifying sibling abuse of the author."
1303,https://www.reddit.com/r/LifeAdvice/comments/1dzzgj4/options/,UNCERTAIN,insufficient_context,"The author calls the younger brother violent while discussing life options, but does not state that the brother directed violence or abuse at the author."
1304,https://www.reddit.com/r/darksouls3/comments/1dzxp4d/finally_beat_ds3/,FALSE_POSITIVE,fiction_or_media,“Sister Friede” is a Dark Souls video-game boss metaphorically bullying the player.
1305,https://www.reddit.com/r/sexualassault/comments/1dzsh9b/sibling_abuse/,FALSE_POSITIVE,generic_or_research,The author asks generally how common sibling abuse is and gives no first-hand experience.
1306,https://www.reddit.com/r/BPD/comments/1dzikil/maybe_this_is_why_i_think_im_worthless_and/,INCLUDE,,"The author identifies their own brother as abusive and describes needing to bar him from their birthday, while their mother pressures them to accept him."
1307,https://www.reddit.com/r/ROCD/comments/1dyqhm5/this_is_the_healthiest_relationship_ive_been_in/,INCLUDE,,The author explicitly identifies an own brother as abusive and says a partner crossed a boundary by taking that brother to lunch despite the author's discomfort.
1308,https://www.reddit.com/r/hsp/comments/1dym7xa/hsp_and_bullying/,INCLUDE,,The author recounts lifelong degradation and bullying by an older brother that damaged their confidence and required years of therapy.
1309,https://www.reddit.com/r/Tophia/comments/1dyj4f4/tophia_defending_her_abusive_brother_again/,FALSE_POSITIVE,third_person_or_public_figure,The title comments on Tophia defending someone described as her abusive brother; it is not the poster's own first-hand sibling experience.
1310,https://www.reddit.com/r/tophiachutiktok/comments/1dyj19f/tophia_defending_her_abusive_brother_again/,FALSE_POSITIVE,third_person_or_public_figure,"The post is commentary about Tophia and her brother, not an account of the Reddit author being abused by a sibling."
1311,https://www.reddit.com/r/CPTSD/comments/1dygqal/saw_my_abusive_sister_for_the_first_time_in_18/,INCLUDE,,The author recounts childhood physical and emotional bullying by sisters and a recent threat and punch in the face from one sister.
1312,https://www.reddit.com/r/AmItheAsshole/comments/1dy7mga/aita_for_refusing_to_let_my_abusive_brother_eat/,INCLUDE,,"Even though the body was removed, the author's first-person title clearly calls their own brother abusive and describes setting a birthday boundary with him."
1313,https://www.reddit.com/r/BreakUps/comments/1dy38zr/breakup_story_still_a_struggle/,FALSE_POSITIVE,third_person_victim,The abusive sister belonged to the author's ex-partner; the author only says they helped the ex through that sibling abuse.
1314,https://www.reddit.com/r/HentaiAndRoleplayy/comments/1dy37xj/f4apf_sub4dom_sisters_toxic_yuri_please_be_okay/,FALSE_POSITIVE,fiction_or_roleplay,The title solicits sexual roleplay involving an abusive-sister fantasy and taboo kinks.
1315,https://www.reddit.com/r/raisedbynarcissists/comments/1dxyz9h/nmom_never_asks/,INCLUDE,,The author states that their own brother sexually abused them in childhood and describes current boundary violations that revive the same vulnerability.
1316,https://www.reddit.com/r/ReverseHarem/comments/1dxu4lu/fmc_escapes_abusive_brother_and_reunities_with/,FALSE_POSITIVE,fiction_or_media,The abusive stepbrother or half-brother is a character in a reverse-harem book the poster is trying to identify.
1317,https://www.reddit.com/r/raisedbynarcissists/comments/1dxd19i/tired_of_being_a_parent_to_parents/,UNCERTAIN,insufficient_context,"The author calls a brother violent and says their mother defends him, but describes no conduct by him toward the author; the direct abuse detailed is from the father and parents."
1318,https://www.reddit.com/r/abusesurvivors/comments/1dxai9i/sibling_abuse_and_suppressed_memory_of_other/,UNCERTAIN,insufficient_context,"The deleted body leaves only a broad title about sibling abuse and a possibly suppressed memory, without enough context to establish the poster as the sibling victim."
1319,https://www.reddit.com/r/AsianParentStories/comments/1dx2ef1/dealing_with_an_abusive_sibling_seeking_advice/,INCLUDE,,"The author describes a younger brother's constant insults, belittling, false accusations, and instigation as verbal abuse harming the author's mental health."
1320,https://www.reddit.com/r/AmIOverreacting/comments/1dwyzgq/aio_to_a_known_abuser_staying_in_my_coparents/,FALSE_POSITIVE,wrong_relation,The abuser is the author's co-parent's brother and the feared victim is their daughter; he is not the Reddit author's sibling.
1321,https://www.reddit.com/r/AskPsychiatry/comments/1dwsx22/is_this_normal/,INCLUDE,,"The author lists an abusive sibling as part of their own intense childhood and PTSD history, even though the post mainly seeks help for mood symptoms."
1322,https://www.reddit.com/r/bipolar2/comments/1dwqrca/bipolar_ii/,INCLUDE,,"The author's personal trauma history explicitly includes an abusive sibling, alongside bereavement and PTSD."
1323,https://www.reddit.com/r/oggyandthecockroaches/comments/1dwl5jl/tom_joeys_big_abusive_brother/,FALSE_POSITIVE,fiction_or_media,The abusive brother is an anthropomorphic cockroach character from the cartoon Oggy and the Cockroaches.
1324,https://www.reddit.com/r/AmItheAsshole/comments/1dwhs6b/aitah_for_not_accepting_my_abusive_brother_in_law/,FALSE_POSITIVE,wrong_relation,"The removed post's title explicitly concerns an abusive brother-in-law, not the author's own sibling."
1325,https://www.reddit.com/r/india/comments/1dw4qq9/urgently_help_needed_please_abusive_brother/,UNCERTAIN,insufficient_context,"The urgent title says only “abusive brother” and the body is removed, so it cannot establish whether the poster is the brother's victim rather than another concerned person."
1326,https://www.reddit.com/r/excatholic/comments/1dvy2de/im_miserable_all_the_time/,INCLUDE,,"The author identifies their own brother as narcissistic and abusive, says his presence drove them from their faith, and describes being trapped in the threatening household he creates."
1327,https://www.reddit.com/r/AdoptionFailedUs/comments/1dvnqiy/anyone_else_experience_sibling_abuse_within_their/,INCLUDE,,"The first-person “anyone else” title asks peers about sibling abuse within the author's adopted family, directly framing the poster as an adoptee with that experience."
1328,https://www.reddit.com/r/Adoption/comments/1dvldac/anyone_else_experience_sibling_abuse_within_their/,INCLUDE,,"The adoptee author details an adoptive sister's attempted suffocation, forced submersion, public stripping, physical abuse, and cruel rejection taunts."
1329,https://www.reddit.com/r/BipolarReddit/comments/1dv96oh/what_does_it_feel_like_for_you_am_i_bipolar_ii/,INCLUDE,,The author identifies an abusive sibling as part of their own severe childhood and PTSD history while asking about later mood problems.
1330,https://www.reddit.com/r/HentaiAndRoleplayy/comments/1duqtuj/f4m_slut_sister_covered_on_by_an_abusive_brother/,FALSE_POSITIVE,fiction_or_roleplay,The title is a sexual roleplay prompt built around an abusive-brother scenario.
1331,https://www.reddit.com/r/abusiverelationships/comments/1dunfxs/i_hate_sibling_abuse/,INCLUDE,,"The author gives a direct account of a younger brother repeatedly beating, filming, humiliating, and injuring them over four years."
1332,https://www.reddit.com/r/SuicideWatch/comments/1duna2x/27m_unemployed_and_not_cut_out_for_this_world/,INCLUDE,,"The author says they are trapped living with their own abusive brother and cannot resolve the situation, contributing to severe hopelessness."
1333,https://www.reddit.com/r/Naruto/comments/1dukk87/defend_this_character_against_his_haters/,FALSE_POSITIVE,fiction_or_media,"The “abusive brother” is Itachi, a fictional character in Naruto."
1334,https://www.reddit.com/r/Naruto/comments/1dukdz6/defend_this_character_against_his_haters/,FALSE_POSITIVE,fiction_or_media,The post debates whether the Naruto character Itachi was an abusive brother.
1335,https://www.reddit.com/r/Totaldrama/comments/1duc6pt/davo59_you_got_so_much_hate_for_this_but_i_your/,FALSE_POSITIVE,fiction_or_media,The post critiques a Total Drama storyline and its fictional abusive-sister character.
1336,https://www.reddit.com/r/Advice/comments/1du6isz/what_can_i_do_with_an_abusive_sister/,INCLUDE,,"The author says a younger sister yells at and harasses them, destroys their belongings, and directs abusive tantrums at the household."
1337,https://www.reddit.com/r/ExNoContact/comments/1dttx8e/no_contact_with_fearful_avoidant/,FALSE_POSITIVE,third_person_victim,"The abusive brother belongs to the author's former girlfriend and is mentioned only as part of her childhood neglect, not the author's sibling experience."
1338,https://www.reddit.com/r/reactivedogs/comments/1dtnbz8/tipsmethods_to_introduce_overreactive_dog_to_new/,FALSE_POSITIVE,nonhuman,"The “aggressive brother” is one of the author's dogs, discussed in a dog-introduction question."
1339,https://www.reddit.com/r/amiwrong/comments/1dtgh4m/i_want_to_go_no_contact_with_my_parents_because/,INCLUDE,,"The author details years of an older brother's threats, insults, thrown objects, spitting, and strangulation that caused PTSD."
1340,https://www.reddit.com/r/malaysia/comments/1dtg9hm/abusive_sibling_that_do_not_want_to_talk_asking/,INCLUDE,,"The author reports a sibling's destructive outbursts, emotional intimidation, and recent direct attack by throwing a rack at them."
1341,https://www.reddit.com/r/salicylateIntolerance/comments/1dszx2p/terror_in_ontario_and_update/,INCLUDE,,The author says they are mentally and verbally abused in their home and identifies the co-resident brother and sibling as one of the abusers worsening their medical crisis.
1342,https://www.reddit.com/r/MCAS/comments/1dszvpt/terror_in_ontario_old_and_update/,INCLUDE,,This duplicate first-hand account identifies an abusive brother in the author's household and says the sibling and another co-resident abuse and medically endanger them.
1343,https://www.reddit.com/r/BenzoWithdrawal/comments/1dszv1k/terror_in_ontario_old_and_update/,INCLUDE,,The author reports ongoing mental and verbal abuse at home and explicitly identifies their sibling/abusive brother as one of the people harming them.
1344,https://www.reddit.com/r/ChemicalSensitivities/comments/1dszu1o/terror_in_ontario_old_and_update/,INCLUDE,,The author describes being mentally and verbally abused in a toxic home and names their co-resident brother/sibling among the abusers responsible.
1345,https://www.reddit.com/r/africanparents/comments/1dss7i9/sibling_abuse_and_being_a_girl_21f/,INCLUDE,,"The author recounts lifelong physical, verbal, and emotional abuse by two brothers, including bullying, misogynistic control, and sexuality-based blackmail."
1346,https://www.reddit.com/r/COCSA/comments/1dsj2mr/i_experienced_sibling_abuse_but_suffer_no_trauma/,INCLUDE,,"The first-person title explicitly states that the author experienced sibling abuse, even though the body was removed and the author reports no resulting trauma."
1347,https://www.reddit.com/r/raisedbynarcissists/comments/1dse6we/i_dont_know_what_to_do_about_my_narcissistic/,INCLUDE,,"Within a first-hand account of family abuse, the author identifies their own brother as abusive and says their mother protects and favors him."
1348,https://www.reddit.com/r/Akathisia/comments/1ds4qpg/terror_in_canada_i_am_wasting_away/,INCLUDE,,The author says they are mentally and verbally abused in their home and identifies their co-resident brother/sibling as one of the abusers worsening their illness.
1349,https://www.reddit.com/r/autism/comments/1drniri/need_advice_for_my_violent_brother_whos_autistic/,INCLUDE,,"The author describes an own brother repeatedly hitting, chasing, sexually violating, stealing from, and destroying the author's belongings over years."
1350,https://www.reddit.com/r/abusesurvivors/comments/1drn6cd/anyone_here_have_abusive_older_siblings/,INCLUDE,,The author directly says their older sister is emotionally and verbally abusive and asks other sibling-abuse survivors about recovery.
1351,https://www.reddit.com/r/CPTSD/comments/1driov7/what_were_the_episodes_that_happened_in_your/,INCLUDE,,The author says a physically abusive brother made painful “games” of hurting them while their mother refused to protect them.
1352,https://www.reddit.com/r/FamilyIssues/comments/1driklt/im_tired_of_my_narcissistic_sister_what_should_i/,INCLUDE,,"The author reports a sister stealing and discarding their clothes, trying to take needed medication, guilt-tripping them, and telling them they deserve death."
1353,https://www.reddit.com/r/AutismInWomen/comments/1dre1rv/ive_been_teaching_myself_to_present_as_calm_and/,INCLUDE,,The author identifies an own sibling as abusive and describes restricting communication because personal information has been weaponized against them.
1354,https://www.reddit.com/r/offmychest/comments/1dr7f8q/my_wife_suffers_from_mental_illness_and_i_hate/,FALSE_POSITIVE,third_person_victim,The abusive sister belongs to the author's wife and is mentioned as part of the wife's traumatic background; she is not the author's sibling.
1355,https://www.reddit.com/r/offmychest/comments/1dr7ec5/my_wife_suffers_from_mental_illness_and_i_feel/,FALSE_POSITIVE,third_person_victim,"This duplicate post describes the wife's abusive sister as part of her history, not mistreatment of the Reddit author by an own sibling."
1356,https://www.reddit.com/r/FamilyIssues/comments/1dqtfv2/my_dad_let_my_abusive_brother20_move_back_in/,INCLUDE,,"The minor author recounts years of an older brother causing bruises and bleeding, then threatening them with a knife and describing how he would kill them."
1357,https://www.reddit.com/r/TrueOffMyChest/comments/1dqsxfk/abusive_brother/,UNCERTAIN,insufficient_context,"The removed post leaves only the generic title “Abusive Brother,” with no indication of whose brother he is or whether the author is the victim."
1358,https://www.reddit.com/r/CPTSD/comments/1dqrt2j/can_unresolved_trauma_make_people_talk_to/,INCLUDE,,"The author describes a brother's ongoing physical abuse and sisters' prolonged mental abuse and bullying, within a family that used the author as a “boxing ball.”"
1359,https://www.reddit.com/r/AmItheAsshole/comments/1dq7sz2/aita_for_leaving_when_my_sister_came_to_visit/,INCLUDE,,"The author describes a sister's lifelong cursing, name-calling, coercive demands, public lies, and recent sustained verbal attack."
1360,https://www.reddit.com/r/TrueOffMyChest/comments/1dq3lrf/i_have_incest_and_sa_fantasies_due_to_abuse/,FALSE_POSITIVE,wrong_relation,"The author's real abuse was by an older cousin; the brother-sister abuse discussed later is an incest fantasy involving self-created fictional characters, and the author explicitly has no brother."
1361,https://www.reddit.com/r/EstrangedAdultKids/comments/1dq1isj/first_time_poster/,INCLUDE,,"The author identifies their own brother as abusive, has maintained six years of no contact with him, and says parental pressure to include him caused prior estrangement."
1362,https://www.reddit.com/r/EstrangedAdultKids/comments/1dpxe6t/nervous_first_time_poster/,INCLUDE,,"The author says they have been no contact with their own mentally unstable, abusive brother for years and describes parents overriding their boundary about him."
1363,https://www.reddit.com/r/CPTSD/comments/1dpv4y9/sibling_abuse/,INCLUDE,,The author states a younger brother abused them for five years and describes him reading private diaries aloud and threatening campus-wide exposure to extort drug money.
1364,https://www.reddit.com/r/u_Practical_Toe_6707/comments/1dpslaj/abusive_brother_how_do_i_end_any_kind_of/,INCLUDE,,"The author recounts an older brother dragging them by the hair, coercing domestic labor, threatening them, and beating them."
1365,https://www.reddit.com/r/OCD/comments/1dpnv27/i_think_im_mentally_stunted/,INCLUDE,,"The author describes an emotionally abusive sister betraying confidences, reading journals, humiliating them, and spreading sensitive mental-health disclosures."
1366,https://www.reddit.com/r/Muslim/comments/1dpn5w4/how_to_control_my_anger_living_with_my_verbally/,INCLUDE,,"The sister repeatedly insults the author when challenged, causing stress injuries and tears, while also physically and emotionally abusing their younger brother."
1367,https://www.reddit.com/r/autism/comments/1dpn2zi/i_cant_write_a_resume_without_crying_and_feeling/,INCLUDE,,"The author says they are trapped with a violent sister, are tired of family mistreatment, and seek financial independence before the sister returns home."
1368,https://www.reddit.com/r/relationships/comments/1dpk04r/abusive_brother/,INCLUDE,,"The co-resident older brother is physically and mentally violent to everyone in the house, including the author, who fears escalation and has remained to protect family members."
1369,https://www.reddit.com/r/relationships/comments/1dpjw1k/abusive_brother/,UNCERTAIN,insufficient_context,"The removed body leaves only the generic title “Abusive Brother,” without identifying the author as that brother's victim."
1370,https://www.reddit.com/r/TrueOffMyChest/comments/1dph5wq/i_hate_everything_and_i_dont_think_i_can_ever_be/,INCLUDE,,The author says their sister inflicted a lifetime of abuse and continues to mock the harmless coping methods the author uses for that trauma.
1371,https://www.reddit.com/r/bipolar/comments/1dph23k/ptsd_flashbacks_cant_sleep/,INCLUDE,,The author remembers bruising their arms while shielding their face from a brother's attacks and now experiences PTSD flashbacks.
1372,https://www.reddit.com/r/legaladvice/comments/1dp1hve/how_to_get_out_of_my_lease_work_my_abusive_sister/,INCLUDE,,The author fears for their own safety after a sister and her boyfriend threatened them during a years-long pattern of the sister's violent behavior.
1373,https://www.reddit.com/r/LifeAdvice/comments/1doqqqs/im_struggling_mentally_every_single_day_over/,INCLUDE,,"The author describes more than five years of a brother's torment, including door-kicking, cursing, ridicule, and ongoing trauma responses."
1374,https://www.reddit.com/r/Anxiety/comments/1doqpi0/im_struggling_mentally_every_single_day_over/,INCLUDE,,"This duplicate account details an abusive brother's years of intimidation, verbal degradation, and harassment that still trigger chronic fear."
1375,https://www.reddit.com/r/Advice/comments/1doqmp3/im_struggling_really_bad_mentally_due_to_anxiety/,INCLUDE,,"The author describes a brother's years of torment through door-kicking, cursing, ridicule, and intrusive intimidation that still causes severe anxiety."
1376,https://www.reddit.com/r/texts/comments/1dom6vt/texts_with_mom/,INCLUDE,,The author says they are estranged from their own abusive brother or brothers and that the mother's focus on them contributes to the author's family distress.
1377,https://www.reddit.com/r/TrueOffMyChest/comments/1dnzs39/im_tired_of_being_the_joke_in_my_family/,INCLUDE,,The author recounts brothers chasing and tripping them for amusement and an older brother's persistent degrading jokes about the author's intelligence.
1378,https://www.reddit.com/r/Advice/comments/1dnpy50/how_to_mitigate_living_with_an_abusive_sibling/,INCLUDE,,"The first-person title directly asks how to cope while living with an abusive sibling during vacation, adequately framing the poster as the co-resident victim despite the deleted body."
1379,https://www.reddit.com/r/findapath/comments/1dnn7uu/genuinely_seeking_advice_for_what_to_do_with_my/,INCLUDE,,"The author identifies a co-resident older brother as abusive and describes being trapped in a distressed household with him, even though the concrete conduct given is his exploitation of their mother."
1380,https://www.reddit.com/r/findapath/comments/1dnmlsj/seriously_contemplating_what_there_is_for_me_to/,INCLUDE,,This duplicate first-hand life account calls the author's co-resident brother abusive and presents escaping that household as part of the author's crisis.
1381,https://www.reddit.com/r/Vent/comments/1dngfvk/my_mom_and_my_fiancé_talked_and_neither_will_tell/,INCLUDE,,"The author calls their own sister verbally and emotionally abusive, excludes her from the wedding because of what she did, and describes resulting parental pressure."
1382,https://www.reddit.com/r/autism/comments/1dneuut/im_autistic_and_adhd_and_was_recently_pushed_out/,UNCERTAIN,insufficient_context,The author calls a brother aggressive and criminally abusive but only specifies the brother draining parental resources; the physical abuse described was by unrelated older children.
1383,https://www.reddit.com/r/family/comments/1dn4bs2/my_abusive_sister/,INCLUDE,,"The author describes a sister screaming insults, bullying them about OCD, and punching them, then minimizing and boasting about the attack."
1384,https://www.reddit.com/r/raisedbynarcissists/comments/1dn2irt/family_vacation_next_week_abusive_sister_help/,INCLUDE,,"The author details a sister's manipulation, theft, public put-downs, boundary violations, dishonesty, and retaliation when confronted."
1385,https://www.reddit.com/r/AskMenAdvice/comments/1dmxb1i/men_who_had_no_male_role_models_growing_up_who/,INCLUDE,,The author identifies an older brother as extremely physically abusive and explains how that childhood violence distorted their view of masculinity.
1386,https://www.reddit.com/r/AITAH/comments/1dmw817/aitah_for_disrespecting_my_friend_religion/,FALSE_POSITIVE,wrong_relation,"The “abusive brother” is the author's friend's brother, who insulted the author during a group-chat conflict."
1387,https://www.reddit.com/r/u_SuddenMajor4460/comments/1dmo4is/the_hypocrisy_of_psych_wards/,INCLUDE,,"The author says their own obsessive, abusive brother exploited psychiatric systems to have them involuntarily hospitalized."
1388,https://www.reddit.com/r/narcissisticparents/comments/1dmh5cv/sibling_abuse_narc_parents/,FALSE_POSITIVE,generic_or_research,"A psychotherapist promotes general observations and a video about sibling abuse based on research and clients, not personal victimization."
1389,https://www.reddit.com/r/SuicideWatch/comments/1dm9jy3/i_dont_know_how_long_i_can_keep_going_for/,INCLUDE,,"The author identifies their sister as abusive, fears her voice and footsteps, expects her to yell at them for crying, and attributes longstanding suicidality to her abuse."
1390,https://www.reddit.com/r/raisedbynarcissists/comments/1dm85y8/i_want_to_leave_the_nest_but_my_mom_wants_me_to/,FALSE_POSITIVE,third_person_victim,The brother is described as emotionally abusive to the author's mother; the author reports the mother's resistance to being left with him but no mistreatment by him toward the author.
1391,https://www.reddit.com/r/CPTSD/comments/1dm6jk6/things_are_finally_getting_better/,INCLUDE,,The author describes five traumatic years trapped at home with an abusive younger brother and says his imprisonment finally made them safe.
1392,https://www.reddit.com/r/DysfunctionalFamily/comments/1dm5ywr/sibling_abuse/,FALSE_POSITIVE,generic_or_research,"A psychotherapist makes a general awareness statement about sibling abuse among clients, without reporting personal victimization."
1393,https://www.reddit.com/r/relationships/comments/1dm5r68/help_me_handle_passive_aggressive_sister_in_law/,FALSE_POSITIVE,wrong_relation,"The title explicitly concerns a passive-aggressive sister-in-law, and the body is removed."
1394,https://www.reddit.com/r/Smallyoutubechannels/comments/1dm1sve/sibling_abuse_childhood_trauma_in_toxic_family/,FALSE_POSITIVE,generic_or_commentary,The post simply promotes awareness that sibling abuse is an overlooked crime and gives no personal account.
1395,https://www.reddit.com/r/ToxicFamilyMembers/comments/1dm1il7/sibling_abuse/,FALSE_POSITIVE,generic_or_research,"An integrative psychotherapist posts a general awareness statement about sibling abuse, not a first-hand experience."
1396,https://www.reddit.com/r/TalkTherapy/comments/1dlhzfh/sibling_abuse_is_normal/,INCLUDE,,"The author recounts an older brother repeatedly choking, hitting, smashing, and attacking them with furniture and glass from childhood onward."
1397,https://www.reddit.com/r/OffMyChestPH/comments/1dldqjm/how_to_get_away_with_abusive_brother/,INCLUDE,,"The first-person title asks how to get away from an abusive brother, sufficiently framing the author as seeking escape from their own sibling despite the removed body."
1398,https://www.reddit.com/r/adviceph/comments/1dldo98/how_to_get_away_with_abusive_brother/,INCLUDE,,"The author describes a brother's physical and mental abuse of the household, including hitting, kicking, throwing objects, and hitting the author immediately before the post."
1399,https://www.reddit.com/r/AskPH/comments/1dldmg6/how_to_get_away_with_abusive_brother/,INCLUDE,,"The first-person title asks how to escape an abusive brother, directly framing the author as the sibling victim even though this duplicate's body was removed."
1400,https://www.reddit.com/r/Relaties/comments/1dkprz0/ik_heb_hulp_nodig/,INCLUDE,,"The author recounts an older brother's past physical and verbal abuse, coercive control, exploitation, and continuing threats of violence."
1401,https://www.reddit.com/r/dustythunder/comments/1dkint3/aitah_for_not_wishing_my_dad_a_happy_fathers_day/,UNCERTAIN,insufficient_context,The author calls their brother abusive but gives no conduct by him toward the author; the detailed physical abuse was inflicted on both siblings by their father.
1402,https://www.reddit.com/r/AITAH/comments/1dkhsh7/aitah_for_not_wishing_my_dad_a_happy_fathers_day/,UNCERTAIN,insufficient_context,"This duplicate calls the brother abusive without saying whom he abused, while all concrete violence toward the author is attributed to the father."
1403,https://www.reddit.com/r/raisedbynarcissists/comments/1dkgzqu/has_anyone_here_experienced_a_sibling_bullying/,INCLUDE,,The author describes a brother's relentless taunting campaign that pressured their mother to turn against the author and contributed to scapegoating and estrangement.
1404,https://www.reddit.com/r/FirstTimeHomeBuyer/comments/1dkbnfl/lost_a_bid_on_a_house_yesterday_disappointed_and/,INCLUDE,,"The author states that a verbally and emotionally abusive older sibling continues to harass and pressure them, forcing a difficult search for a new home."
1405,https://www.reddit.com/r/NarcissisticAbuse/comments/1dkaaf8/im_tired_of_my_narcissistic_sister_what_should_i/,INCLUDE,,"The author reports a sister stealing and discarding their clothes, trying to take needed medication, guilt-tripping them, and saying they deserve to die."
1406,https://www.reddit.com/r/raisedbynarcissists/comments/1dk9pgr/when_did_you_realise_you_were_the_flying_monkey/,INCLUDE,,"The author explicitly says their narcissistic brother abused them too and describes finally going no contact after recognizing a family pattern of emotional, physical, and sexual abuse."
1407,https://www.reddit.com/r/TrueOffMyChest/comments/1djlb87/i_love_my_nan_but_there_are_some_things_shes_done/,FALSE_POSITIVE,third_person_victim,"The abusive sibling is the author's mother's brother, who beat the mother in youth; he is the author's uncle, not the author's own sibling."
1408,https://www.reddit.com/r/raisedbynarcissists/comments/1djgaf0/were_my_parents_narcisists_how_should_i_cut_ties/,INCLUDE,,The author describes an older brother teaming with their mother to target them and punching their already broken nose after posing as the only person who cared.
1409,https://www.reddit.com/r/RolePlayWithoutLimits/comments/1djc4gu/m4shf_lets_take_sibling_bullying_to_the_next_step/,FALSE_POSITIVE,fiction_or_roleplay,The post is an explicit sexual roleplay solicitation framed as sibling bullying and nonconsensual sex.
1410,https://www.reddit.com/r/OCD/comments/1dj919q/i_feel_so_stupid_for_having_spent_literal_years/,INCLUDE,,The author says an emotionally abusive sister repeatedly gaslighted them and reinforced obsessive fears that they were secretly a terrible person.
1411,https://www.reddit.com/r/CPTSD/comments/1dj1a79/i_would_love_to_be_touched/,INCLUDE,,The author identifies their visiting sister as abusive and says continued exposure to the abusive family environment crushes their self-esteem and ability to recover.
1412,https://www.reddit.com/r/loneliness/comments/1dj19ep/depression/,INCLUDE,,This duplicate personal account identifies the author's sister as abusive and presents her frequent visits as part of the harmful environment trapping the author.
1413,https://www.reddit.com/r/loneliness/comments/1dj18d4/rdepression/,INCLUDE,,The author again identifies an own sister as abusive and describes her presence in the household as part of the environment worsening profound depression.
1414,https://www.reddit.com/r/amiwrong/comments/1diyb73/aiw_for_cutting_off_my_toxicabusive_brother/,INCLUDE,,"The author recounts a brother beating them for friends' amusement, locking them in a dumpster, intimidating the family, and currently insulting and pressuring them."
1415,https://www.reddit.com/r/AMA/comments/1diveyi/i_mentally_blocked_out_my_child_abuse_and_only/,INCLUDE,,The author says an older half-brother's supposed “sibling bullying” was actually childhood sexual abuse that they only recognized years later.
1416,https://www.reddit.com/r/Shunbun/comments/1diss11/red_bliss_the_most_aggressive_sister_of_tato/,FALSE_POSITIVE,irrelevant_or_media,The blank post merely labels “Red Bliss” as an aggressive sister of “Tato” and provides no first-person real-life sibling account.
1417,https://www.reddit.com/r/AITAH/comments/1dirp7r/family_matters/,INCLUDE,,The author describes one brother physically abusing them in childhood and another beating them badly enough to cause broken ribs and a possible concussion.
1418,https://www.reddit.com/r/selfharm/comments/1dilkhp/my_bf_and_i_fought_over_my_sh/,INCLUDE,,"The author identifies their own brother as abusive and notes he is among the very few people who know about the author's self-harm, within a first-hand family context."
1419,https://www.reddit.com/r/Agoraphobia/comments/1difbts/needing_help_on_how_to_proceed/,INCLUDE,,"The author gives a detailed account of a brother's childhood sexual, physical, and emotional abuse and a later prolonged beating and strangulation."
1420,https://www.reddit.com/r/CPTSD/comments/1dif8x5/needing_help_on_how_to_proceed/,INCLUDE,,"This cross-post details a brother's childhood sexual, physical, and emotional abuse and later strangulation and beating of the author."
1421,https://www.reddit.com/r/domesticviolence/comments/1didea6/needing_advice/,INCLUDE,,"The author recounts an own brother sexually abusing them as a child, breaking bones through physical abuse, and nearly killing them in an adult beating."
1422,https://www.reddit.com/r/NewParents/comments/1di3gl3/aita_for_going_no_contact_with_my_mom/,INCLUDE,,The author says their brother beat and sexually abused them in childhood and beat them again immediately before their wedding.
1423,https://www.reddit.com/r/Audiobooksforhere/comments/1di0h5h/silent_sisters_by_joanne_lee_free_audiobook_and/,FALSE_POSITIVE,fiction_or_media,The post is a promotional summary and review of a nonfiction audiobook about other women's experiences with abusive sisters.
1424,https://www.reddit.com/r/confessions/comments/1dhv6ik/i_have_an_abusive_sister/,INCLUDE,,"The author describes a sister's lifelong degradation, violent beatings, head-smashing, sexuality-based shaming, and current forced entry into the author's room."
1425,https://www.reddit.com/r/CATHELP/comments/1dhmdxy/how_to_stop_my_abusive_brother_from_getting_cats/,INCLUDE,,The 13-year-old author explicitly says the brother who violently abuses the family cats is also abusive to the author and becomes angry when reported.
1426,https://www.reddit.com/r/Hungergames/comments/1dhjqsr/katniss_and_daenerys/,FALSE_POSITIVE,fiction_or_media,The abusive brother is part of Daenerys's fictional backstory in a comparison of Game of Thrones and Hunger Games characters.
1427,https://www.reddit.com/r/Advice/comments/1dhj2wd/i_need_advice_on_how_to_handle_this_situation/,INCLUDE,,"The author describes a sister targeting them with threats, lockouts, insults, intimidation, and dangerous aggression toward the author's puppy."
1428,https://www.reddit.com/r/ExEgypt/comments/1dh821l/my_abusive_brother_how_do_i_retaliate/,INCLUDE,,"The author recounts a brother's years of misogynistic control and bullying, including attacks that ruptured an eardrum and later broke the author's nose."
1429,https://www.reddit.com/r/AITAH/comments/1dh4jti/wibta_for_calling_child_services_for_my_abusive/,FALSE_POSITIVE,third_person_victim,"The post concerns the sister's emotional abuse of her own daughter, the author's niece; no abuse of the author by the sister is described."
1430,https://www.reddit.com/r/The48LawsOfPower/comments/1dh02bs/crushing_my_abusive_brother_completely/,INCLUDE,,"The first-person title calls him “my abusive brother” and asks about crushing him, indicating retaliatory intent toward the author's own alleged sibling abuser despite the removed body."
1431,https://www.reddit.com/r/cultpodcasts/comments/1dgtc0m/growing_up_in_a_christian_cult_with_an_abusive/,FALSE_POSITIVE,third_person_or_media,The post links and summarizes an episode in which Cody Cook tells his story about an abusive sister; it is not the Reddit poster's account.
1432,https://www.reddit.com/r/relationships/comments/1dgedc6/my_25f_mum_58f_broke_my_heart_wont_apologise_for/,INCLUDE,,The author reports an abusive brother in childhood and says he continues controlling and emotionally manipulating the author in adulthood.
1433,https://www.reddit.com/r/AusLegal/comments/1dgdcl8/qld_police_gave_a_family_member_another_family/,FALSE_POSITIVE,third_person_victim,"The violent brother's target in this account is the author's mother, whose hidden address police disclosed; the author reports no abuse directed at them."
1434,https://www.reddit.com/r/BPDFamily/comments/1dfwxag/how_do_you_talk_about_your_family_to_new_people/,INCLUDE,,"The author identifies an own brother as abusive and describes three years of no contact as life-restoring, within a first-person estrangement account."
1435,https://www.reddit.com/r/manga/comments/1dfn69v/please_help_me_find_tt/,FALSE_POSITIVE,fiction_or_media,The abusive brother is a supporting character in a manga the poster is trying to identify.
1436,https://www.reddit.com/r/LegalAdviceUK/comments/1dfdwt7/abusive_sibling_physically_abusing_my_mum/,INCLUDE,,"The author reports a younger brother repeatedly threatening them with a knife, stealing their money, destroying the household, and directing daily threats at them and their mother."
1437,https://www.reddit.com/r/domesticviolence/comments/1dfdvgs/abusive_sibling_physically_abusing_my_mum/,INCLUDE,,"This cross-post describes the author's brother threatening them with knives multiple times, stealing from them, and terrorizing the household."
1438,https://www.reddit.com/r/legaladvice/comments/1dfdumr/abusive_sibling_physically_abusing_my_mum/,INCLUDE,,The author gives a first-hand account of a younger brother repeatedly menacing them with a knife and stealing their money amid escalating family violence.
1439,https://www.reddit.com/r/raisedbynarcissists/comments/1dfdjzb/abusive_sibling_physically_abusing_my_mum/,INCLUDE,,"The author describes the brother's repeated knife threats toward them, theft, vulgar intimidation, and severe violence in their shared home."
1440,https://www.reddit.com/r/NarcissisticAbuse/comments/1dfdjpz/abusive_sibling_physically_abusing_my_mum/,FALSE_POSITIVE,third_person_victim,"With the body removed, the title only says the sibling physically abuses the author's mother and does not establish abuse of the author."
1441,https://www.reddit.com/r/LifeAdvice/comments/1dfdj3c/abusive_sibling_physically_abusing_my_mum/,INCLUDE,,"The author's brother has repeatedly threatened them with a knife, stolen their money, and subjected the co-resident family to escalating threats and destruction."
1442,https://www.reddit.com/r/CPTSD/comments/1dfdii1/abusive_sibling_physically_abusing_my_mum/,INCLUDE,,"The author recounts multiple knife threats and theft by their own younger brother, alongside his violent abuse of their mother."
1443,https://www.reddit.com/r/AskReddit/comments/1dfdg0x/tw_abuse_abusive_sibling_physically_abusing_my/,FALSE_POSITIVE,third_person_victim,"The blank post's title frames the abusive sibling's physical victim as the author's mother, not the author."
1444,https://www.reddit.com/r/Advice/comments/1dfde59/abusive_sibling_physically_abusing_my_mum/,INCLUDE,,The author says their younger brother has repeatedly threatened them with knives and stolen from them while escalating violence and terror throughout the home.
1445,https://www.reddit.com/r/ToxicRelationships/comments/1df836p/abusive_brother_from_hell/,INCLUDE,,"The author recounts an older brother twisting their hand, repeatedly punching them into a corner, and leaving a severe injury and lasting panic trauma."
1446,https://www.reddit.com/r/AdultChildren/comments/1df0csz/am_i_the_abuser/,INCLUDE,,"The author identifies their own brother as abusive and says contact with him repeatedly dysregulates and harms them for days, prompting attempts to manage or end that relationship."
1447,https://www.reddit.com/r/Advice/comments/1dev32j/violent_brother_dont_know_what_to_do/,INCLUDE,,"The co-resident brother destroys the author's computer, headphones, belongings, and bedroom door, creating a violent environment in which the author hides to avoid being hit."
1448,https://www.reddit.com/r/Hellenism/comments/1deqv34/cw_for_abuse_ptsd_seeking_recommendations_advice/,INCLUDE,,"The author identifies as an adult survivor of a brother's childhood physical, emotional, and sexual abuse, especially severe during adolescence."
1449,https://www.reddit.com/r/relationship_advice/comments/1deopp1/how_do_i_27m_to_talk_to_my_father_about_my_career/,INCLUDE,,"The author describes an older brother's anger, abuse, pathological lying, and dangerous manipulation as a source of childhood trauma and current avoidance."
1450,https://www.reddit.com/r/family/comments/1deogqx/fathers_day_is_coming_up_and_i_27m_have_no_idea/,INCLUDE,,"The author says their brother was often abusive toward them, created traumatic and dangerous situations, and is now offering a dubious job the author wants to avoid."
1451,https://www.reddit.com/r/CoffinofAndyandLeyley/comments/1deng7n/why_you_want_to_date_your_abusive_sibling_or/,FALSE_POSITIVE,fiction_or_media,"The removed post appears in a game-character community and its title discusses dating an abusive sibling as “realism in character interactions,” not a real personal account."
1452,https://www.reddit.com/r/relationships_advice/comments/1dend9j/my_bfs_mom_threatened_me_and_i_dont_know_what_to/,FALSE_POSITIVE,wrong_relation,"The abusive sister is the author's boyfriend's sister, within a post about mistreatment and a death threat from his family."
1453,https://www.reddit.com/r/TransSupport/comments/1de3bwg/i_hurt_on_the_inside/,INCLUDE,,"The author says they spent childhood and adulthood confined to a tiny room with an abusive brother as part of a violent, sexually abusive household."
1454,https://www.reddit.com/r/offmychest/comments/1ddrvt8/im_a_horrible_person/,INCLUDE,,"The author describes an older sister blaming them for every family problem, saying they should die from age five onward, and later physically hitting them."
1455,https://www.reddit.com/r/CPTSD/comments/1ddoz7y/cptsd_but_not_from_abuse/,INCLUDE,,"The author identifies inter-sibling violence as one of the ongoing traumas underlying their CPTSD, despite distinguishing it from what they personally label “abuse.”"
1456,https://www.reddit.com/r/AstroSynastry/comments/1ddaxdc/sibling_abusea_parent_trying_to_fix_things/,FALSE_POSITIVE,third_person_victim,"The blank title explicitly frames the poster as a parent trying to fix sibling abuse between their children, not as the sibling victim."
1457,https://www.reddit.com/r/raisedbynarcissists/comments/1dd4o7v/history_repeating_mother_like_son_mother_like/,INCLUDE,,"The author details a brother beating them at their mother's direction, making death threats, pointing a gun at them, screaming abuse, stealing their possessions, and forcing them into a shelter."
1458,https://www.reddit.com/r/Advice/comments/1dcvb20/should_i_have_another_one/,INCLUDE,,"The author's abusive brother expelled their minor sister and abandoned full-time care of their disabled mother on the author, triggering a severe postpartum mental-health collapse."
1459,https://www.reddit.com/r/Parenting/comments/1dcnnv9/should_i_have_another_one/,INCLUDE,,This duplicate describes the abusive brother forcing out the author's younger sister and deceptively abandoning their disabled mother's care on the author for years.
1460,https://www.reddit.com/r/TrueOffMyChest/comments/1dceh39/wrote_a_heartfelt_message_to_my_highschool_exbest/,INCLUDE,,The author identifies an abusive brother as part of the preexisting family trauma that made the best friend's later betrayal especially damaging.
1461,https://www.reddit.com/r/mildlyinfuriating/comments/1dcdrtu/any_advice_for_how_to_handle_narcissist_abusive/,INCLUDE,,"The title directly asks how to handle the author's 16-year-old narcissistic, abusive brother, adequately framing a personal sibling-abuse situation despite the removed body."
1462,https://www.reddit.com/r/AmItheAsshole/comments/1dc439f/aita_for_calling_someone_an_asshole_and_sending/,FALSE_POSITIVE,third_person_victim,The abusive sister belongs to the author's friend Jay and is mentioned only in another friend's attack on Jay.
1463,https://www.reddit.com/r/offmychest/comments/1dbp3mt/why_do_my_parents_favour_protect_and_lie_for_my/,INCLUDE,,"The first-person title asks why the author's parents protect and lie for “my abusive brother,” directly framing the poster as part of that sibling-abuse dynamic despite the removed body."
1464,https://www.reddit.com/r/TrueOffMyChest/comments/1dbny3e/im_deciding_to_forgive_my_emotionally_abusive/,INCLUDE,,"The author recounts an older sister's transferred bullying, knife chases, coercion, isolation, stalking, manipulation, and years of treating the author as an emotional punching bag."
1465,https://www.reddit.com/r/AskReddit/comments/1dbgyp1/how_do_i_deal_with_a_selfish_abusive_brother/,INCLUDE,,"The first-person question asks how to deal with a selfish, abusive brother, directly framing the poster as affected by their own sibling despite the blank body."
1466,https://www.reddit.com/r/teenagers/comments/1db6507/i_have_ptsd_towards_something_that_i_shouldnt/,INCLUDE,,The teen author questions whether a sister's behavior is abuse because the sister's movements and entry into their room trigger flinching and panic attacks.
1467,https://www.reddit.com/r/LegalAdviceUK/comments/1daws29/elder_abuse_of_my_parents_by_my_brother/,INCLUDE,,"The controlling brother has threatened the author, driven them away from their parents, and makes the author and other siblings afraid, alongside severe elder abuse."
1468,https://www.reddit.com/r/ptsdrecovery/comments/1darrlo/just_learned_that_i_show_literally_all_the/,INCLUDE,,"The author details a sister's attempted drownings, death threats, harassment, sexual coercion, physical violence, and daily calculated torment."
1469,https://www.reddit.com/r/morbidquestions/comments/1daeyi2/would_you_visit_abusive_brother_in_the_hospital/,INCLUDE,,"The author says a combative brother lied, stole, endangered them, and ultimately waited with a knife intending to kill the author after killing their father."
1470,https://www.reddit.com/r/family/comments/1dadu1j/its_weird_i_dont_have_daddy_or_mommy_issues_but_i/,INCLUDE,,"The author describes an older brother's persistent degradation, humiliation, and attacks on every source of pride, causing fear and a suppressed personality around family."
1471,https://www.reddit.com/r/whatsthemoviecalled/comments/1dab44x/movie_about_drug_addicted_girl_and_aggressive/,FALSE_POSITIVE,fiction_or_media,The aggressive brother is a character in a movie the poster is trying to identify.
1472,https://www.reddit.com/r/CPTSD/comments/1da76lm/my_abusive_sister_is_a_voluntary_single_mam_who/,INCLUDE,,"The author reports lifelong sexual, physical, and mental abuse by a sister and sexual assault by a brother."
1473,https://www.reddit.com/r/CPTSD/comments/1d9yvmh/never_planned_on_writing_anything_here/,INCLUDE,,"The author says therapy uncovered CPTSD from what a clinician called years of “torture” by their older brother, with longstanding depression and fear of his return."
1474,https://www.reddit.com/r/OffMyChestPH/comments/1d9v5mq/forced_reconciliationsanyone/,INCLUDE,,The author describes a habitually verbally abusive brother and a father forcing a premature reconciliation after the author cut contact for safety.
1475,https://www.reddit.com/r/ptsd/comments/1d9q590/ptsd/,INCLUDE,,"The author identifies an own brother as abusive and fears he will guilt and force physical contact at another brother's wedding, triggering PTSD concerns."
1476,https://www.reddit.com/r/raisedbynarcissists/comments/1d8p8ag/im_ready_to_go_no_contact/,INCLUDE,,The author references an aggressive brother's behavior toward them and describes their mother defending that conduct while pressuring the author to resume family contact.
1477,https://www.reddit.com/r/legaladvice/comments/1d8i932/can_i_go_to_jail_for_sibling_violence_with_no/,FALSE_POSITIVE,perpetrator_only,The author admits slapping and bruising their disabled brother for “talking back” and asks about criminal consequences; the author is the perpetrator.
1478,https://www.reddit.com/r/AmItheAsshole/comments/1d8av7r/aita_for_hating_my_abusive_brother/,INCLUDE,,"The first-person title clearly calls the author's brother abusive and asks whether hating him is wrong, sufficiently establishing a personal sibling-abuse context despite the removed body."
1479,https://www.reddit.com/r/family/comments/1d8a1y4/how_to_deal_with_my_aggressive_sister/,INCLUDE,,"The author describes a sister's verbal aggression, thrown objects, and striking the author while the author was driving, creating a crash risk."
1480,https://www.reddit.com/r/AITAH/comments/1d7lpri/am_i_a_bad_person_because_of_how_i_feel_towards/,FALSE_POSITIVE,perpetrator_only,The author worries that they are cruel toward a much younger brother after their mother suggested the author is sibling-bullying him; the author does not report being the victim.
1481,https://www.reddit.com/r/namesoundalikes/comments/1d77sj2/in_light_of_recent_events_spoilers_for_the_fuckin/,FALSE_POSITIVE,fiction_or_media,"The blank title explicitly refers to a “sibling abuse game,” not real-life abuse."
1482,https://www.reddit.com/r/Advice/comments/1d70cov/have_i_made_a_mistake_by_calling_out_my_brothers/,INCLUDE,,The author describes a volatile brother whose threats and verbal abuse make the whole family walk on eggshells and who responds to the author's confrontation with belittling hostility.
1483,https://www.reddit.com/r/amiwrong/comments/1d6xe54/aiw_for_breaking_up_with_my_girlfriend_of_7_months/,FALSE_POSITIVE,third_person_victim,The abusive brother belongs to the author's former girlfriend and is mentioned as part of her difficult home life.
1484,https://www.reddit.com/r/rant/comments/1d6cabc/my_abusive_sibling/,INCLUDE,,The first-person title “MY ABUSIVE SIBLING” directly identifies the poster's own sibling-abuse situation despite the removed body.
1485,https://www.reddit.com/r/therapy/comments/1d6aoey/sibling_emotional_abuse/,INCLUDE,,"The author recounts an older sister's constant emotional abuse in childhood, describes it as far beyond ordinary bullying, and is still working through the trauma at 30."
1486,https://www.reddit.com/r/AITAH/comments/1d69kv7/aita_for_breaking_up_with_my_girlfriend_of_7/,FALSE_POSITIVE,third_person_victim,The abusive brother belongs to the author's girlfriend and is mentioned while explaining the stress of her family situation.
1487,https://www.reddit.com/r/SuicideWatch/comments/1d5zj2a/im_ready/,INCLUDE,,The suicidal minor author says they live with an abusive sister who hates them after losing their mother.
1488,https://www.reddit.com/r/adultsurvivors/comments/1d5xcoo/tw_cannot_live_anymore/,INCLUDE,,The author explicitly identifies bullying by their sister as part of a severe trauma history that currently contributes to a suicidal crisis.
1489,https://www.reddit.com/r/AskReddit/comments/1d5we0l/in_your_experience_what_is_the_line_between/,FALSE_POSITIVE,generic_or_research,The blank post asks a general audience where ordinary sibling bullying becomes abuse and provides no personal account.
1490,https://www.reddit.com/r/u_Inside_Repeat/comments/1d5jv75/dark_tower_author_physiology/,FALSE_POSITIVE,fiction_or_media,The “violent brother” appears only inside a Stephen King story summary used in fictional power-scaling analysis.
1491,https://www.reddit.com/r/Gotham/comments/1d5io7n/what_drove_jeremiah_to_insanity/,FALSE_POSITIVE,fiction_or_media,"The violent brother is Jerome Valeska, a fictional Gotham character discussed in a fan theory."
1492,https://www.reddit.com/r/depression/comments/1d5dugu/these_are_the_best_years_of_your_life/,INCLUDE,,"The author says they live down the hall from a verbally abusive sibling who polices how they dress, within a first-hand account of an abusive home."
1493,https://www.reddit.com/r/redditmoment/comments/1d53ysp/hark_is_that_a_mildly_annoying_12_year_old_looks/,FALSE_POSITIVE,generic_or_commentary,"The blank sarcastic title comments on a “mildly annoying 12 year old” and supposed sibling abuse, without presenting the poster as a victim."
1494,https://www.reddit.com/r/asoiafcirclejerk/comments/1d51sf3/this_poor_girl_on_a_date_with_her_beloved_and_her/,FALSE_POSITIVE,fiction_or_media,The post is an ASOIAF parody/circlejerk describing fictional characters and joking about “animal control.”
1495,https://www.reddit.com/r/BodyDysmorphia/comments/1d51js3/how_do_you_get_treatment_for_bdd_while_still/,FALSE_POSITIVE,wrong_relation,"The verbally abusive man is the author's brother-in-law, who insults the author when they visit their sister."
1496,https://www.reddit.com/r/abusiverelationships/comments/1d4n7w2/should_i_cut_my_abusive_sister_out_of_my_life_how/,INCLUDE,,"The author recounts an older sister repeatedly strangling them, threatening them with knives, promising to kill them in their sleep, and causing lasting trauma."
1497,https://www.reddit.com/r/HentaiAndRoleplayy/comments/1d4mo75/f4f_a_pair_of_sisters_decide_one_night_to_explore/,FALSE_POSITIVE,fiction_or_roleplay,The title solicits an incestuous sexual roleplay involving a dominant abusive sister.
1498,https://www.reddit.com/r/HentaiAndRoleplayy/comments/1d4mnzo/f4f_a_pair_of_sisters_decide_one_night_to_explore/,FALSE_POSITIVE,fiction_or_roleplay,This duplicate is an incest roleplay solicitation built around a dominant abusive-sister fantasy.
1499,https://www.reddit.com/r/Limitlessrp/comments/1d4mnu8/f4f_a_pair_of_sisters_decide_one_night_to_explore/,FALSE_POSITIVE,fiction_or_roleplay,"The post advertises fictional sexual roleplay between sisters, including a preferred abusive dynamic."
1500,https://www.reddit.com/r/cripplingalcoholism/comments/1d4blwv/im_so_fucking_done/,INCLUDE,,"The author describes an older sister coercing them to drink at 18 while caring for her child, with enduring alcohol-related harm and family invalidation."
1501,https://www.reddit.com/r/NarcissisticAbuse/comments/1d437lq/what_do_you_do_when_loved_ones_dont_think_the/,INCLUDE,,"The author says their sister abused them, triggers panic attacks, and is being reintroduced by a father who mockingly dismisses the author's fear."
1502,https://www.reddit.com/r/AmItheAsshole/comments/1d41ywr/aita_for_blocking_an_abusive_sibling_from_my_life/,INCLUDE,,"The first-person title asks whether blocking an abusive sibling from the author's life is wrong, directly framing the poster as the affected sibling despite the removed body."
1503,https://www.reddit.com/r/Advice/comments/1d3suey/idk_how_to_tell_my_parents_about_my_abusive/,INCLUDE,,"The author states that a sister physically, emotionally, and sexually abused them throughout childhood and now fears for the safety of their own children."
1504,https://www.reddit.com/r/legaladvice/comments/1d3pgjd/disabled_homeless_senior_woman_financially/,UNCERTAIN,insufficient_context,"The removed post's headline describes a disabled homeless senior woman abused by her brother, but does not reveal whether that woman is the Reddit author or a third party."
1505,https://www.reddit.com/r/family/comments/1d3hno3/when_will_my_mom_stop_stirring/,INCLUDE,,The author says a sister has abused them throughout life and is now being pushed into the author's intimate elopement despite a history of undermining them.
1506,https://www.reddit.com/r/abusiverelationships/comments/1d381yf/abusive_sister/,INCLUDE,,"The sister screams abuse at the author, says she would not care if the author died, publicly accuses them of drugs, invades their room, and mocks them after an injurious fall."
1507,https://www.reddit.com/r/asktransgender/comments/1d32l70/can_you_forgive_your_transphobic_and_homophobic/,INCLUDE,,The author directly identifies abusive siblings within a first-person account of transphobic deadnaming and repeated family cruelty.
1508,https://www.reddit.com/r/HentaiAndRoleplayy/comments/1d2z78l/f4f_a_pair_of_sisters_decide_one_night_to_explore/,FALSE_POSITIVE,fiction_or_roleplay,The post is another incestuous sister-roleplay solicitation requesting a dominant abusive-sister scenario.
1509,https://www.reddit.com/r/CPTSD_NSCommunity/comments/1d2nmib/feeling_like_my_progress_goes_out_the_window_when/,INCLUDE,,"The author identifies an emotionally abusive sibling whose nitpicking, judgment, and hurtful narratives trigger anxiety, freezing, shame, and new trauma."
1510,https://www.reddit.com/r/HentaiAndRoleplayy/comments/1d2n343/f4f_a_pair_of_sisters_decide_one_night_to_explore/,FALSE_POSITIVE,fiction_or_roleplay,The post is an incestuous sexual roleplay solicitation requesting an abusive-sister dynamic.
1511,https://www.reddit.com/r/TrueOffMyChest/comments/1d1nrol/spiraling_into_a_bottomless_pit_after_graduation/,INCLUDE,,"The author recounts an older brother's severe physical and verbal abuse, forced unpaid child labor, humiliation, and continuing entrapment with him."
1512,https://www.reddit.com/r/Limitlessrp/comments/1d1lpmt/f4f_a_pair_of_sisters_decide_one_night_to_explore/,FALSE_POSITIVE,fiction_or_roleplay,The title advertises sexual roleplay between sisters with a preferred abusive dominant.
1513,https://www.reddit.com/r/HentaiAndRoleplayy/comments/1d1lphq/f4f_a_pair_of_sisters_decide_one_night_to_explore/,FALSE_POSITIVE,fiction_or_roleplay,This duplicate solicits a fictional incestuous scenario involving an abusive sister.
1514,https://www.reddit.com/r/TwoHotTakes/comments/1d1j8fe/aita_because_i_base_my_decisions_on_past/,INCLUDE,,"The author describes brothers exploiting their labor and finances, reneging on housing support, manipulating and guilt-tripping them, and forcing contact with another violent brother despite clear boundaries."
1515,https://www.reddit.com/r/bullying/comments/1d1d8j1/books_about_bullying/,FALSE_POSITIVE,fiction_or_media,The post is a recommendation list of fiction about bullying and merely notes that one children's book portrays sibling bullying.
1516,https://www.reddit.com/r/family/comments/1d1722e/i_think_my_brother_is_emotionally_abusive_towards/,INCLUDE,,"The teen author describes an older brother's continual attacks on their intelligence, personality, opinions, and trauma, followed by accusations that the author is too sensitive."
1517,https://www.reddit.com/r/legaladvice/comments/1d0udt7/violent_brother/,INCLUDE,,"The author recounts a brother locking them and a sister in a room and beating them as children, followed by continuing violence against other family members."
1518,https://www.reddit.com/r/CPTSD/comments/1d0rkd1/sibling_abuse_but_also_having_a_soft_spot_for_them/,INCLUDE,,"The author describes a brother's repeated beatings, including a black eye before school, persistent name-calling, body-shaming, and rejection."
1519,https://www.reddit.com/r/raisedbynarcissists/comments/1d0qodt/my_good_brother_whos_actually_a_terrible_person/,INCLUDE,,"The author says all siblings have been traumatizing and describes a supposedly “good” brother throwing them into a brick wall, invalidating them, lashing out, and calling them useless."
1520,https://www.reddit.com/r/Limitlessrp/comments/1d0pap5/f4f_a_pair_of_sisters_decide_one_night_to_explore/,FALSE_POSITIVE,fiction_or_roleplay,The post solicits incestuous sexual roleplay between sisters and requests an abusive dominant.
1521,https://www.reddit.com/r/HentaiAndRoleplayy/comments/1d0pag3/f4f_a_pair_of_sisters_decide_one_night_to_explore/,FALSE_POSITIVE,fiction_or_roleplay,This is another sister-incest roleplay ad seeking a dominant abusive-sister scenario.
1522,https://www.reddit.com/r/Limitlessrp/comments/1d0g840/f4f_a_pair_of_sisters_decide_one_night_to_explore/,FALSE_POSITIVE,fiction_or_roleplay,The title is a fictional sexual-roleplay premise involving an abusive sister.
1523,https://www.reddit.com/r/HentaiAndRoleplayy/comments/1d0g7kr/f4f_a_pair_of_sisters_decide_one_night_to_explore/,FALSE_POSITIVE,fiction_or_roleplay,The post explicitly solicits an incestuous sister roleplay with an abusive dominant.
1524,https://www.reddit.com/r/JUSTNOFAMILY/comments/1d07z06/abusive_sister/,UNCERTAIN,insufficient_context,"The removed body leaves only the generic title “Abusive sister,” without establishing who the victim is or even whose sister she is."
1525,https://www.reddit.com/r/CharlotteDobreYouTube/comments/1czu0lz/will_she_be_a_bridezilla_abusive_sister_is/,INCLUDE,,"The author describes a sister engineering paternal beatings, laughing at the author's pain, chasing the author with knives, and threatening their safety."
1526,https://www.reddit.com/r/AbusedTeens/comments/1cz9lqm/sibling_abuse/,INCLUDE,,"The author reports four years of physical abuse by a much larger older brother that leaves their whole body hurting, while others dismiss it as normal."
1527,https://www.reddit.com/r/rant/comments/1cz24q7/goodbye_reddit/,INCLUDE,,The author identifies their sister as abusive and says she found the author's Reddit account and joined their mother in harassing the author by email.
1528,https://www.reddit.com/r/Fantasy/comments/1cyja0q/violent_sibling/,FALSE_POSITIVE,third_person_victim,"The violent sister abandoned her children, and the author's goal is obtaining a niece's birth certificate; no abuse of the author is described."
1529,https://www.reddit.com/r/autism/comments/1cycqwn/open_ended_punishments_whatre_your_thoughts/,FALSE_POSITIVE,perpetrator_only,The author mentions being punished for their own aggression toward siblings or stepsiblings while asking generally about open-ended parental punishments.
1530,https://www.reddit.com/r/MuslimCorner/comments/1cybbc7/made_haram_money_can_i_use_it_for_halal/,INCLUDE,,"The author identifies a toxic, abusive brother and says living in that household caused depression severe enough to drive relocation and major life decisions."
1531,https://www.reddit.com/r/domesticviolence/comments/1cyb2z8/abusive_brother/,INCLUDE,,"The author seeks a way to document their own brother's threats against them, clearly describing a first-hand sibling-abuse danger."
1532,https://www.reddit.com/r/MuslimLounge/comments/1cyarzd/made_haram_money_can_i_use_it_for_halal/,INCLUDE,,This duplicate says the author's brother was toxic and abusive and that escaping the household was necessary because it caused severe depression.
1533,https://www.reddit.com/r/EnglishPumpkinParty/comments/1cxjovf/rant_on_how_lord_english_is_biggest_wasted/,FALSE_POSITIVE,fiction_or_media,"The abusive brother is a Homestuck character in a long fan analysis of Lord English, John, and Dave."
1534,https://www.reddit.com/r/AmItheAsshole/comments/1cxb6dt/wibta_for_ensuring_my_abusive_brother_inherits/,INCLUDE,,"The first-person title calls him “my abusive brother” and concerns a decision about his inheritance, directly establishing a personal sibling-abuse context despite the removed body."
1535,https://www.reddit.com/r/COCSA/comments/1cx3i7f/did_my_brother_abuse_me/,INCLUDE,,"The author recounts an older brother coercing childhood sexual acts, exposing them to pornography, masturbating beside them, and threatening secrecy."
1536,https://www.reddit.com/r/AmItheAsshole/comments/1cx35ni/aita_for_not_wanting_to_invite_my_fiancés_abusive/,FALSE_POSITIVE,wrong_relation,"The removed title explicitly concerns the author's fiancé's abusive sister, not an own sibling."
1537,https://www.reddit.com/r/CPTSDmemes/comments/1cx1u77/tw_for_physical_sexual_animal_emotional_verbal/,FALSE_POSITIVE,generic_or_commentary,The blank meme-community post contains only a broad trigger-warning list including sibling abuse and gives no personal account.
1538,https://www.reddit.com/r/BPD/comments/1cwwb9w/abandonment_issues/,INCLUDE,,The author directly refers to “my abusive brother” within a childhood account of family fights and a mother's encouragement that the siblings kill one another.
1539,https://www.reddit.com/r/AITAH/comments/1cwpqfz/aita_for_not_wanting_to_invite_my_abusive_brother/,INCLUDE,,"The author details more than a decade of an older brother's confinement, screaming, mockery, intimidation, wall-punching, and systematic destruction of their self-worth."
1540,https://www.reddit.com/r/AmItheAsshole/comments/1cwplgg/aita_for_not_wanting_to_invite_my_abusive_brother/,INCLUDE,,The first-person title explicitly calls him “my abusive brother” and concerns excluding him from the author's reception despite parental pressure; the removed body does not erase that context.
1541,https://www.reddit.com/r/FriendshipAdvice/comments/1cwojin/what_do_i_do_about_a_friend_who_makes_me_feel/,FALSE_POSITIVE,third_person_victim,"The abusive sister belongs to the author's best friend, whom the author once drove 200 miles to rescue; she is not the author's sibling."
1542,https://www.reddit.com/r/COCSA/comments/1cwl4b9/bonding_after_sibling_abuse/,INCLUDE,,"The author describes a sexual incident initiated by a younger brother when the author was six, reports nausea and trauma when recalling it, and asks about rebuilding the sibling bond."
1543,https://www.reddit.com/r/Parenting/comments/1cwi02p/sibling_aggression/,FALSE_POSITIVE,third_person_victim,A parent asks whether one daughter's daily physical aggression toward her younger sister is normal; the poster is not the sibling victim.
1544,https://www.reddit.com/r/AmItheAsshole/comments/1cwe8fl/aita_for_not_wanted_my_fiancés_abusive_sister_at/,FALSE_POSITIVE,wrong_relation,"The removed title explicitly concerns the author's fiancé's abusive sister, not an own sibling."
1545,https://www.reddit.com/r/u_avis03/comments/1cw6nzx/romance_reccs_achillean_edition_pt_2/,FALSE_POSITIVE,fiction_or_media,"The post is an extensive list of romance-book recommendations and character/content notes, not a personal real-life account."
1546,https://www.reddit.com/r/COCSA/comments/1cvxk2d/was_this_abuse/,INCLUDE,,"The author recounts an older brother directing childhood sexual acts, exposing them to pornography, masturbating beside them, and threatening them not to tell."
1547,https://www.reddit.com/r/AskWomenOver30/comments/1cvv4hm/have_you_had_to_cut_off_your_toxic_parent/,INCLUDE,,"The author reports an extremely toxic, violent brother who has done and said things to them, threatens “trouble” if he sees them, and prompted estrangement from their mother."
1548,https://www.reddit.com/r/abusesurvivors/comments/1cvjjrg/why_doesnt_anyone_really_talk_about_sibling_abuse/,INCLUDE,,"The author describes a sister pinning and beating them into submission, repeatedly hitting them for refusal, using disability slurs, and leaving them afraid to be alone with her."
1549,https://www.reddit.com/r/family/comments/1cvet12/emotionally_and_physically_abusive_sister/,INCLUDE,,The author reports a lifetime of an older sister's physical attacks and emotional degradation and seeks permission to withdraw from the sister's wedding.
1550,https://www.reddit.com/r/teenrelationships/comments/1cv6rt1/i_dont_know_if_my_17f_friend_17m_like_me/,INCLUDE,,"The author says an abusive sister spent their whole life telling them nobody wanted them, shaping disbelief that a friend could be romantically interested."
1551,https://www.reddit.com/r/Advice/comments/1cv27sz/i_need_something_anything/,INCLUDE,,The author identifies an abusive brother as the cause of PTSD attacks triggered by a fiancé's yelling and says they have already ended contact with that brother.
1552,https://www.reddit.com/r/BreakUps/comments/1cux65f/gf_dumped_me_after_7_years_of_relationship_am_i/,FALSE_POSITIVE,third_person_victim,The abusive brother belongs to the author's former girlfriend and is mentioned as part of the trauma she said the author triggered.
1553,https://www.reddit.com/r/domesticviolence/comments/1cufnxa/looking_for_advice_about_abusive_brother/,FALSE_POSITIVE,third_person_victim,The brother physically abused his wife and previously assaulted girlfriends; the author is responding to others' reports and does not describe being abused by him.
1554,https://www.reddit.com/r/TrueOffMyChest/comments/1cucvcn/my_borderline_abusive_sister_is_struggling_and_i/,INCLUDE,,"The author reports a younger sister constantly body-shaming them, mocking a past eating disorder, and hitting them “for fun.”"
1555,https://www.reddit.com/r/AITAH/comments/1cu773m/do_life_get_better/,INCLUDE,,"The author says a younger brother verbally and physically abuses them in front of parents, destroying their self-esteem while the parents do nothing."
1556,https://www.reddit.com/r/BlackClover/comments/1cu54fe/what_do_people_think_of_asta_and_yunos_rivalry/,FALSE_POSITIVE,fiction_or_media,The post discusses the fictional Black Clover characters Asta and Yuno and hypothetically suggests making Yuno an abusive sibling.
1557,https://www.reddit.com/r/AmItheAsshole/comments/1ctothe/aita_for_wanting_to_call_cps_on_my_mother_for/,INCLUDE,,The first-person title says the author's abusive sister violently hits them and asks whether calling child-protection services on their enabling mother is wrong.
1558,https://www.reddit.com/r/Philippines/comments/1ct8udr/planning_to_move_get_married_abroad_and_cut_off/,INCLUDE,,"The author recently required hospitalization and surgeries after a violent brother left them bleeding, while parents denied the attack and tried to end the author's independence."
1559,https://www.reddit.com/r/LegalPh/comments/1ct8tf7/planning_to_move_get_married_abroad_and_cut_off/,INCLUDE,,"This duplicate account states that the author's violent brother left them bloodied and required a medico-legal police report, prompting plans to flee the family."
1560,https://www.reddit.com/r/AITAH/comments/1cszhrx/aitah_for_telling_my_sister_shes_fat/,INCLUDE,,"The minor author describes an older sister repeatedly molesting them, family denial, domestic exploitation, intimidation through a friend, and a recent threatened punch."
1561,https://www.reddit.com/r/legaladvice/comments/1cslale/can_i_do_something_with_my_abusive_brother/,INCLUDE,,"The author details years of a brother's insults, shoves, hits, transphobia, exposure while naked, encouragement of suicide, and continuing domination of the household."
1562,https://www.reddit.com/r/AskMen/comments/1csh8yy/how_did_you_permanently_sever_ties_from_your/,INCLUDE,,"The first-person title asks peers how they permanently severed ties with a toxic or abusive sibling, directly framing the author as considering escape from their own sibling."
1563,https://www.reddit.com/r/cats/comments/1crievj/aggressive_brother_after_birth/,FALSE_POSITIVE,nonhuman,"The deleted post appears in a cat community and refers to an “aggressive brother after birth,” indicating an animal-sibling behavior issue."
1564,https://www.reddit.com/r/BipolarReddit/comments/1cqogit/so_much_conflict_in_my_life_am_i_manic_or_just_a/,INCLUDE,,"The author calls their youngest brother abusive and says he attacked them over a post, threatened legal retaliation, and joined broader family abuse toward the author and their household."
1565,https://www.reddit.com/r/abusiverelationships/comments/1cqnd83/my_sisters_partner_is_covertly_abusive_toward_me/,FALSE_POSITIVE,wrong_relation,"The abuser is the author's sister's romantic partner, an in-law figure who covertly insults and rejects the author."
1566,https://www.reddit.com/r/Tunisia/comments/1cqm1t2/if_i_go_to_the_police_about_my_abusive_sister/,FALSE_POSITIVE,third_person_victim,The sister's direct victim is her four-year-old child; the author asks how to protect the nephew and does not describe sibling abuse toward themselves.
1567,https://www.reddit.com/r/AITAH/comments/1cqk1n6/aitah_for_not_being_able_to_stand_my_best_friend/,INCLUDE,,The author identifies their own brother as emotionally and physically abusive in explaining why a friend's repeated references to him are distressing.
1568,https://www.reddit.com/r/relationships/comments/1cqissd/my_33f_brother_37m_keeps_wanting_to_reach_out/,INCLUDE,,"The author reports a brother's emotional, physical, and mental abuse throughout childhood and rejects his renewed controlling contact after their mother's death."
1569,https://www.reddit.com/r/yoga/comments/1cpowfh/trauma_informed_yoga/,INCLUDE,,The author identifies an own sibling as abusive and explains that this trauma and the sibling's yoga persona created long-term avoidance of women and yoga settings.
1570,https://www.reddit.com/r/NoStupidQuestions/comments/1cpld05/why_do_i_hate_winning/,INCLUDE,,"The author recounts a brother's game-related bullying, anger, and repeated insistence that the author could never win, creating a lasting fear of success."
1571,https://www.reddit.com/r/Advice/comments/1cplawh/why_do_i_hate_when_i_win_game/,INCLUDE,,This duplicate describes a brother bullying the author during adolescence and conditioning them to believe that winning would provoke danger.
1572,https://www.reddit.com/r/Yaoi_fluff/comments/1cpl59q/hi_im_looking_for_a_bl_i_forgot_the_title/,FALSE_POSITIVE,fiction_or_media,The narcissistic abusive sister is a character in a boys-love story the poster is trying to identify.
1573,https://www.reddit.com/r/stopdrinking/comments/1cpj7zt/60_days_sober/,INCLUDE,,The author identifies a “super abusive brother” as part of the unresolved childhood trauma and bullying underlying a decade of severe alcohol misuse.
1574,https://www.reddit.com/r/WeightGainRP/comments/1cpi8lz/f4a_fattening_your_big_sister/,FALSE_POSITIVE,fiction_or_roleplay,The post is a detailed feederism roleplay premise casting the participants as a brother and formerly domineering sister.
1575,https://www.reddit.com/r/NoStupidQuestions/comments/1cpbxmp/abusive_sister/,UNCERTAIN,insufficient_context,"The removed body leaves only the generic title “abusive sister,” without identifying the poster as the victim."
1576,https://www.reddit.com/r/infj/comments/1cp72x4/i_have_no_loyalties_to_anyone_not_even_family/,INCLUDE,,The author explicitly identifies their brother as financially abusive and places that betrayal alongside parental abuse and abandonment that ended their trust in family.
1577,https://www.reddit.com/r/raisedbynarcissists/comments/1coj6c7/i_just_blocked_my_mother_on_everything/,INCLUDE,,The author identifies one sister as incredibly abusive and describes parental rewards and favoritism toward her as one trigger for renewed family estrangement.
1578,https://www.reddit.com/r/AmItheAsshole/comments/1codceh/aita_because_i_refuse_to_allow_my_abusive_sister/,INCLUDE,,"The minor author describes a sister's long violent, volatile pattern as a cycle of abuse that traumatized the author and led to a domestic-violence arrest."
1579,https://www.reddit.com/r/schizophrenia/comments/1cod5k8/need_advice_violent_schizophrenic_brother/,INCLUDE,,"The brother sends the author verbal abuse, has assaulted family, makes death threats, and has developed frightening fixations on the author's young daughter."
1580,https://www.reddit.com/r/Grossdom_academy/comments/1co3xeu/set_of_2_stories_to_show_possible_conversations/,FALSE_POSITIVE,fiction_or_roleplay,"The post contains chatbot-generated explicit fantasy stories, including sadistic sexual abuse of a fictional tiny brother by a giant sister."
1581,https://www.reddit.com/r/HentaiAndRoleplayy/comments/1cnggo4/fu4m_loving_on_my_brother_and_trying_to_have_sex/,FALSE_POSITIVE,fiction_or_roleplay,The title explicitly solicits an “abusive brother” sexual roleplay involving assault while the fictional brother sleeps.
1582,https://www.reddit.com/r/abusiverelationships/comments/1cncpfs/reposting_sibling_abuse_vent_via_screenshot/,INCLUDE,,The poster is reposting their own screenshot-preserved vent and explicitly identifies as the current victim of an unchanged abusive sibling.
1583,https://www.reddit.com/r/offmychest/comments/1cmsign/i_started_distancing_myself_from_my_abusive/,INCLUDE,,The author reports years of physical and verbal abuse by a sister and says the sister now retaliates against the author's separation by withholding nieces and nephews.
1584,https://www.reddit.com/r/DermatologyQuestions/comments/1cmnw2g/help_please/,INCLUDE,,"The author names an abusive brother among the real-life hardships contributing to their ongoing distress, although the post mainly seeks dermatology help."
1585,https://www.reddit.com/r/abusiverelationships/comments/1cmnla0/rly_sucks_how_society_doesnt_take_sibling_abuse/,INCLUDE,,"The author says an older sister began hurting them in infancy and continued physical, mental, and emotional abuse into adulthood because she hated them."
1586,https://www.reddit.com/r/skin/comments/1cmfnvc/my_skin_is_very_bad/,INCLUDE,,This duplicate dermatology post names the author's abusive brother among the serious real-life problems contributing to despair.
1587,https://www.reddit.com/r/Vent/comments/1cmefrz/i_signed_my_ex_up_to_receive_therapy_request/,FALSE_POSITIVE,wrong_relation,"The abusive sister belongs to the author's former fiancé, who sided with his sister during their relationship."
1588,https://www.reddit.com/r/Limitlessrp/comments/1cm97w7/fu4m_loving_on_my_brother_and_trying_to_have_sex/,FALSE_POSITIVE,fiction_or_roleplay,The title solicits an explicit sexual assault roleplay involving a fictional brother asleep in his room.
1589,https://www.reddit.com/r/30PlusSkinCare/comments/1clnzge/i_think_i_destroyed_my_skin_permanently/,INCLUDE,,The author again identifies an abusive brother as one of the major hardships in their own life while asking for help with skin damage.
1590,https://www.reddit.com/r/ToxicRelationships/comments/1clckhi/how_do_i_deal_with_a_aggressive_violent_and/,INCLUDE,,"The author describes seven years of a sister's ambushes, beatings, thrown objects, property destruction, death threats, and threats to cut their hair while asleep."
1591,https://www.reddit.com/r/AITAH/comments/1cla2jg/aitah_for_not_convincing_my_husband_to_keep_my/,INCLUDE,,"The author reports a brother's long-term control, degradation, manipulation, and destruction of self-worth, which he dismisses as normal rivalry."
1592,https://www.reddit.com/r/CPTSD/comments/1cl2ova/sibling_abuse_causing_cptsd/,INCLUDE,,"The author details an older brother's childhood violence, lifelong coercive control, sexualized degradation of women, belittling, and continuing emotional abuse causing CPTSD."
1593,https://www.reddit.com/r/emotionalneglect/comments/1ckzxar/low_contact_with_narc_sister/,INCLUDE,,"The author recounts a sister's childhood verbal and emotional abuse, present explosive behavior, passive-aggressive attacks, and the depression and anxiety that resulted."
1594,https://www.reddit.com/r/fnaftheories/comments/1ckwisn/five_nights_at_freddys_timeline/,FALSE_POSITIVE,fiction_or_media,The abusive brother is Michael Afton in an extensive fan-created Five Nights at Freddy's timeline.
1595,https://www.reddit.com/r/lgbt/comments/1ckpsah/tw_abuse_my_ocd_abusive_brother_made_me_swear/,INCLUDE,,"The author says an abusive brother uses suicide threats to force them to deny their bisexuality and surrender LGBTQ identity, leaving them trapped and ashamed."
1596,https://www.reddit.com/r/Advice/comments/1ckdjl5/in_need_of_some_serious_advice_on_how_i_can_leave/,INCLUDE,,The author says they live with an abusive sibling who verbally and emotionally abuses them so severely they sometimes cannot eat and feel suicidal.
1597,https://www.reddit.com/r/SuicideWatch/comments/1ckcjxt/my_abusive_brother_is_ruining_my_life/,INCLUDE,,"The author details a brother's suicide-threat coercion, isolation, relationship sabotage, forced rituals and apologies, verbal attacks, black-eye assault, and control over reproduction and sexuality."
1598,https://www.reddit.com/r/AITAH/comments/1ckb4kk/aitah_for_abandoning_my_mom_and_ex_bf/,INCLUDE,,"The author says they previously had to live with a verbally abusive sister during family housing instability, within a long account of escaping abusive co-residents."
1599,https://www.reddit.com/r/ontario/comments/1ck0mxb/how_to_get_alcoholic_and_abusive_brother_into/,FALSE_POSITIVE,third_person_victim,The violent alcoholic brother threatens and assaults the author's parents and harasses neighbors; the author asks about treatment but reports no abuse directed at themselves.
1600,https://www.reddit.com/r/Advice/comments/1cjqr4h/should_i_stay_home_now_that_i_graduated/,INCLUDE,,"The author recounts years of a brother's hitting, belittling, harassment, intimidation, and sabotage, which created persistent anxiety and fear at home."
1601,https://www.reddit.com/r/askTO/comments/1cjqolf/should_i_stay_home_now_that_i_graduated/,INCLUDE,,"This duplicate describes an abusive sibling's years of physical violence, degradation, intimidation, harassment, and sabotage that still trigger anxiety."
1602,https://www.reddit.com/r/family/comments/1cjpkup/should_i_go_back_and_try_to_live_with_abusive/,INCLUDE,,"The first-person title asks whether the author should return to live with an abusive sister, directly framing a personal sibling-abuse risk despite the deleted body."
1603,https://www.reddit.com/r/DysfunctionalFamily/comments/1cjhtc0/abusive_brother/,INCLUDE,,"The author describes a brother's confinement, hammer attacks on bedroom locks, slaps, thrown objects, forced servitude, death threats, and coercive control of the entire household."
1604,https://www.reddit.com/r/JUSTNOFAMILY/comments/1cj83e3/feeling_like_my_abusive_sister_can_do_no_wrong_in/,INCLUDE,,"The first-person title identifies the author's sister as abusive and describes maternal favoritism and blame that are making the author ill, despite the removed body."
1605,https://www.reddit.com/r/CPTSD/comments/1cir79j/sibling_abuse_is_it_enough/,INCLUDE,,The author explicitly identifies lasting trauma from an eldest sibling's mistreatment decades ago and describes family minimization that makes them doubt its legitimacy.
1606,https://www.reddit.com/r/mentalhealth/comments/1cie7m8/i_dont_feel_emotional_bonds_with_people_and_i/,INCLUDE,,The author says an abusive brother caused many of their traumas and connects that childhood history to current emotional detachment and CPTSD symptoms.
1607,https://www.reddit.com/r/Tulpas/comments/1cia5h2/is_he_seriously_blocking_me_from_daydreaming/,INCLUDE,,The author identifies an abusive brother as formative trauma that shaped attachment needs and says they are finally learning to hate that abuser.
1608,https://www.reddit.com/r/yiffinhell/comments/1chj31i/sounds_like_sibling_abuse_right_there/,FALSE_POSITIVE,generic_or_commentary,"The blank post merely comments “Sounds like sibling abuse right there” in a mockery-focused community, without a first-person account."
1609,https://www.reddit.com/r/offmychest/comments/1ch96w9/my_abusive_brother_is_destroying_me/,INCLUDE,,"The author details lifelong mental abuse, physical restraint, wall-punching beside their head, hammer intimidation, threats, coercion, and terror by a co-resident brother."
1610,https://www.reddit.com/r/FuckCaillou/comments/1ch77jv/caillou_is_an_abusive_brother/,FALSE_POSITIVE,fiction_or_media,"The supposedly abusive brother is Caillou, a fictional children's cartoon character discussed in a parody community."
1611,https://www.reddit.com/r/Estrangedsiblings/comments/1ch012o/my_abusive_brother_is_moving_back_in_with_my/,INCLUDE,,"The author recounts an explosive brother's longstanding verbal abuse, manipulation, intimidation, and family-enabled cruelty that once drove the author toward suicide and now makes his return terrifying."
1612,https://www.reddit.com/r/AmItheAsshole/comments/1cgper9/aita_for_expecting_an_apology_from_my_aggressive/,INCLUDE,,"The first-person title asks whether expecting an apology from the author's aggressive brother is wrong, directly framing the author as the harmed party despite the removed body."
1613,https://www.reddit.com/r/Vent/comments/1cg7vq7/i_hope_my_verbally_abusive_brother_w_an_eating/,INCLUDE,,"The author reports eight years of a brother's theft, intimidation, pill harassment, screaming, deliberate sleep disruption, and past physical assault."
1614,https://www.reddit.com/r/TokyoGhoul/comments/1cg5bao/i_dont_ship_touken_at_all_change_my_mind/,FALSE_POSITIVE,fiction_or_media,The post is an extensive analysis of fictional Tokyo Ghoul characters and an abusive fictional sibling backstory.
1615,https://www.reddit.com/r/NarcissisticAbuse/comments/1cg5a28/i_feel_like_i_lost/,INCLUDE,,"The author describes a sister's psychological torture and beatings severe enough to cause brain injuries and worsen seizures, followed by mockery of suicide attempts and the injuries."
1616,https://www.reddit.com/r/IndianTeenagers/comments/1cft6iq/i_dont_know_what_to_do_anymore/,INCLUDE,,The teen author says an abusive brother has destroyed their life for seven years and recently bruised the author's hand during a household crisis.
1617,https://www.reddit.com/r/abusiverelationships/comments/1cfrxgv/abusive_sister_and_ignorant_parents/,UNCERTAIN,insufficient_context,"The removed body leaves only a generic title about an abusive sister and ignorant parents, without enough context to establish the poster as the victim."
1618,https://www.reddit.com/r/confessions/comments/1cfqupw/i_got_the_ultimate_revenge_on_my_abusive_sibling/,INCLUDE,,"The author reports an older sister's lifelong verbal and physical abuse, including stabbing, crushing, beatings to unconsciousness, and death threats."
1619,https://www.reddit.com/r/problemswithanime/comments/1cfnvl1/how_come_japanese_appropriation_is_just/,FALSE_POSITIVE,fiction_or_media,The post discusses cultural appropriation and mentions a video game about an abusive sibling relationship and its fanbase.
1620,https://www.reddit.com/r/WeightGainRP/comments/1cfkqwh/m4af_for_whom_the_bell_tolls/,FALSE_POSITIVE,fiction_or_roleplay,The post advertises fetish roleplay and lists an aggressive brother as one possible fictional family scenario.
1621,https://www.reddit.com/r/IncestRPnsfw/comments/1cfkaqx/m4f_for_whom_it_may_concern/,FALSE_POSITIVE,fiction_or_roleplay,"The incest-roleplay advertisement offers violent-brother, manipulative-sister, and other family scenarios as sexual fantasy options."
1622,https://www.reddit.com/r/dirtypenpals/comments/1cfka3c/m4f_for_whom_it_may_concern/,FALSE_POSITIVE,fiction_or_roleplay,The post solicits sexual roleplay and lists a violent brother as one potential fantasy character.
1623,https://www.reddit.com/r/autism/comments/1cfhmb5/seeing_my_violent_brother/,INCLUDE,,"The author recounts a brother repeatedly hitting and choking them in childhood and causing bruises and lasting neck, shoulder, and back injuries during later attacks."
1624,https://www.reddit.com/r/raisedbyborderlines/comments/1cfd0an/today_i_got_a_call_from_the_police_re_estranged/,INCLUDE,,The author explicitly lists sibling abuse among the domestic violence that led to estrangement and describes their sibling's participation in broader family triangulation and proxy abuse.
1625,https://www.reddit.com/r/narcissisticparents/comments/1cfcco1/abusive_sister_and_ignorant_parents/,INCLUDE,,"The author describes an older sister's relentless screaming, degradation, occasional beatings, false sexual accusations, and family-enabled targeting that causes nightmares and academic harm."
1626,https://www.reddit.com/r/Advice/comments/1cfbrp8/i_despise_my_sister/,INCLUDE,,"The author reports a younger sister's frequent hitting, theft of clothing and food, exclusion from their shared room, gaslighting, and resulting physical scars."
1627,https://www.reddit.com/r/amithejerkpodcast/comments/1cf637v/aitj_for_not_apologizing_to_my_friend/,INCLUDE,,The minor author identifies an abusive sister as a major cause of depression and family trauma while explaining impaired communication in a peer conflict.
1628,https://www.reddit.com/r/AmITheJerk/comments/1cezlnh/aitj_for_not_apologizing_to_my_friend/,INCLUDE,,This duplicate first-person account identifies an abusive sister as a principal source of the author's depression and family difficulties.
1629,https://www.reddit.com/r/amithejerkpodcast/comments/1cezlch/aitj_for_not_apologizing_to_my_friend/,INCLUDE,,"The author again states that abuse by a sister contributed substantially to depression, anxiety, and the communication problems at issue in the post."
1630,https://www.reddit.com/r/traumatoolbox/comments/1ceq798/give_me_your_thoughts/,FALSE_POSITIVE,wrong_relation,"The abusive brother described is the stepfather's brother, not the author's sibling; the author's half-brother is not described as abusing them."
1631,https://www.reddit.com/r/Vent/comments/1ceq3su/im_afraid_for_my_life/,INCLUDE,,"The author describes her brother threatening to kill or beat her, stealing her devices, degrading and intimidating her, and leaving her afraid he will hurt her."
1632,https://www.reddit.com/r/heartbreak/comments/1cen994/husband_of_7_years_moved_on_with_my_friend_and/,INCLUDE,,The author explicitly reports a traumatic incident with her own abusive sibling that caused her to cut the sister off and lose contact with the sister's children.
1633,https://www.reddit.com/r/Advice/comments/1cdwqdf/my_brother_loves_a_pedo_more_than_me_how_do_i/,INCLUDE,,"The author says his brother used to hit, kick, and even stab him, despite their later reconciliation."
1634,https://www.reddit.com/r/findareddit/comments/1cdv4ob/popular_subreddit_for_siblings/,FALSE_POSITIVE,generic_or_research,"This is a subreddit-finding question that merely mentions the topic “sibling abuse,” with no personal account of abuse."
1635,https://www.reddit.com/r/depressionmeals/comments/1cdrjwu/verbally_abusive_brother_home_for_the_summers/,INCLUDE,,The author personally describes living with a verbally abusive brother who has already resumed making hurtful jabs after returning home.
1636,https://www.reddit.com/r/depressionmeals/comments/1cdrgzj/verbally_abusive_brother_home_for_the_summer/,INCLUDE,,"Although the body is blank, the first-person contextual title directly identifies the author's brother as verbally abusive and says he is returning home."
1637,https://www.reddit.com/r/scriptwritingwomen/comments/1cdrarm/first_time_sharing_a_screenplay_v_anxious/,FALSE_POSITIVE,fiction_or_media,The abusive-brother premise belongs to a screenplay the author is sharing; the author says its themes are personal but does not report being abused by a real sibling.
1638,https://www.reddit.com/r/KikRoleplay/comments/1cd9fnk/f4a_playing_f_lesbian_noncon_ideas/,FALSE_POSITIVE,fiction_or_roleplay,"This is a solicitation to enact a fictional sexual nonconsent scenario involving sisters, not a real-life abuse account."
1639,https://www.reddit.com/r/socialanxiety/comments/1cd8jvs/looking_for_some_perspectives_and_success_stories/,FALSE_POSITIVE,wrong_relation,"The abusive brother in this account is the stepfather's brother, not the author's sibling; the author's half-brother is not described as abusing them."
1640,https://www.reddit.com/r/DirtyKIKRoleplay/comments/1cd8ik6/f4a_playing_f_lesbian_noncon_ideas/,FALSE_POSITIVE,fiction_or_roleplay,"This duplicate is a solicitation to enact a fictional sexual nonconsent scenario involving sisters, not a real-life abuse account."
1641,https://www.reddit.com/r/ToxicRelationships/comments/1cd0ps8/toxic_friendships/,INCLUDE,,"The author explicitly identifies her own sister as abusive while describing others cruelly comparing the author to that sister, establishing personal sibling-abuse context."
1642,https://www.reddit.com/r/r4r/comments/1ccyytf/27m4f_anywhereasia_looking_for_that_one_lady_to/,INCLUDE,,"The author says he had to live with his abusive, drunken brother, who repeatedly kicked him out and made an already difficult period much worse."
1643,https://www.reddit.com/r/PhR4Friends/comments/1ccyxaw/27m4f_looking_for_that_one_woman_with_old/,INCLUDE,,"This duplicate account says the author lived with his abusive, drunken brother, who repeatedly kicked him out and worsened his hardship."
1644,https://www.reddit.com/r/PhR4Dating/comments/1ccys5u/27m4f_looking_for_that_one_lady_who_is_mine_who/,INCLUDE,,"This duplicate account says the author lived with his abusive, drunken brother, who repeatedly kicked him out and worsened his hardship."
1645,https://www.reddit.com/r/AITAH/comments/1ccryke/wibtah_for_not_giving_my_abusive_brother_my_old/,INCLUDE,,"The author describes her brother terrorizing the household, kicking her in the face once and punching her in the face during another incident."
1646,https://www.reddit.com/r/MadeOfStyrofoam/comments/1cchnan/just_a_regularly_scheduled_traumatizing_night_i/,INCLUDE,,The first-person title says the author called police on an abusive brother and remained scared after police only warned him.
1647,https://www.reddit.com/r/MadeOfStyrofoam/comments/1cchk26/just_a_regularly_scheduled_traumatizing_night_i/,INCLUDE,,"Despite the deleted body, the first-person title says the author called police on an abusive brother and remained scared after police only warned him."
1648,https://www.reddit.com/r/CPTSD/comments/1cc5vsu/trigger_recovery_time/,INCLUDE,,The author says an abusive sibling is the source of ongoing trauma and physical triggering and explicitly calls that sibling their abuser.
1649,https://www.reddit.com/r/AskDad/comments/1cbqhbs/dad_i_kind_of_hate_my_life/,INCLUDE,,The author personally reports having an emotionally abusive sibling as one component of a painful and isolated life.
1650,https://www.reddit.com/r/CPTSD/comments/1cbow9u/i_want_my_abusive_sister_out_of_my_life_trigger/,INCLUDE,,"The author gives an extensive first-person account of an older sister's lifelong verbal abuse, angry attacks, bullying, and repeated abusive calls and messages."
1651,https://www.reddit.com/r/grief/comments/1cbm77c/kolbe_william_kolbot_tom_sulk_porkfriedrice_mr/,FALSE_POSITIVE,third_person_victim,The abusive sister is described principally as the deceased brother's “greatest abuser”; the post does not clearly say that this sister abused the author.
1652,https://www.reddit.com/r/Totaldrama/comments/1cb0fu0/rigged_randomizer_au_alejandro_and_sammy_plotline/,FALSE_POSITIVE,fiction_or_media,This is discussion of an alternate-universe plot involving fictional Total Drama characters and a fictional abusive-sister backstory.
1653,https://www.reddit.com/r/askSingapore/comments/1camebl/need_your_help_on_how_i_can_get_my_mom_separated/,FALSE_POSITIVE,wrong_relation,"The abuse is by the author's father, while “father's ... abusive sibling” refers to the father's sibling and therefore the author's aunt or uncle, not the author's sibling."
1654,https://www.reddit.com/r/domesticviolence/comments/1calv2f/hey_besties_id_like_to_get_my_mom_and_mentally/,FALSE_POSITIVE,wrong_relation,"The abusive person is the author's father; the phrase about the “father's ... abusive sibling” refers to an aunt or uncle, not the author's own sibling."
1655,https://www.reddit.com/r/AITAH/comments/1ca2n5s/aita_for_fighting_my_sister/,FALSE_POSITIVE,third_person_victim,"The sister is described as emotionally abusive toward her children, husband, and the author's daughter; the author's direct conflict is a mutual physical fight after the author pushed her, not a clear account of being abused by her."
1656,https://www.reddit.com/r/offmychest/comments/1c9ubp3/cutting_off_my_parents_after_they_sided_with_my/,INCLUDE,,The author reports that her older brother sexually abused her in childhood and later punched her husband and strangled her.
1657,https://www.reddit.com/r/TrueOffMyChest/comments/1c9rzyq/my_father_never_fought_for_me/,INCLUDE,,The author says older siblings' abuse became life-threatening and specifically describes her brother choking and beating both her and her mother.
1658,https://www.reddit.com/r/CharlotteDobreYouTube/comments/1c9qwnh/update_aita_for_wanting_certain_accommodations_in/,INCLUDE,,The author states that her brother abused her for roughly 18 years and explains that aggressive behavior by another housemate now triggers terror rooted in that abuse.
1659,https://www.reddit.com/r/narcissisticparents/comments/1c9opch/my_28_y_older_brother_hit_me/,INCLUDE,,"The author describes her older brother cornering her, insulting her, pulling her hair, pushing her down, and repeatedly kicking her, with similar incidents in childhood."
1660,https://www.reddit.com/r/AITAH/comments/1c9cmm1/my_mother_is_trying_to_get_me_to_forgive_my/,INCLUDE,,"The author gives a detailed history of her brother humiliating, hitting, strangling, and threatening her with a knife, including banging her head into a door."
1661,https://www.reddit.com/r/AskGayMen/comments/1c9c3sq/tw_homophobia_has_anyone_in_your_life_tried_to/,INCLUDE,,The author describes an abusive sister gaslighting him about his sexuality and says that the sister later assaulted him for speaking out of turn.
1662,https://www.reddit.com/r/DecidingToBeBetter/comments/1c7z3ks/being_better_than_the_world/,INCLUDE,,"The author says they are moving into a trailer specifically to get away from a toxic, abusive sister."
1663,https://www.reddit.com/r/OPMFolk/comments/1c7unv0/manga_and_webcomic/,FALSE_POSITIVE,fiction_or_media,"This is comparative analysis of One-Punch Man manga and webcomic characters, including a fictional “abusive older sister” role."
1664,https://www.reddit.com/r/AITAH/comments/1c7t89l/aitah_for_contacting_my_dad/,INCLUDE,,"The author reports more than 30 years of abuse by her brother, including sexual assault at age 11, and explains her decade of no contact."
1665,https://www.reddit.com/r/islam/comments/1c7swsq/how_to_deal_with_narcissistic_motherfamily/,INCLUDE,,The author identifies her own sister as emotionally abusive and says their mother pressured her to be closer to that sister.
1666,https://www.reddit.com/r/offmychest/comments/1c75otm/is_not_reacting_really_all_i_can_do/,INCLUDE,,"The author describes daily lifelong harassment by her brother, including slurs, intimidation, pushing, trapping her in a bathroom, and sexualized bodily contact."
1667,https://www.reddit.com/r/OffMyChestPH/comments/1c75nrb/is_not_reacting_really_all_i_can_do/,INCLUDE,,"This duplicate details daily lifelong harassment by the author's brother, including slurs, intimidation, pushing, trapping her, and unwanted bodily contact."
1668,https://www.reddit.com/r/AgingParents/comments/1c6y7st/does_aps_actually_help_my_dad_bends_over/,FALSE_POSITIVE,third_person_victim,"The brother's medical neglect, financial control, and isolation are directed at the author's father; the author is seeking help for the father, not reporting abuse by the sibling toward them."
1669,https://www.reddit.com/r/UnethicalLifeProTips/comments/1c6s5b7/ulpt_arm_me_with_insults_against_my_evil_and/,FALSE_POSITIVE,wrong_relation,"The target is explicitly the author's sister-in-law rather than the author's own sibling, and the post seeks appearance-based insults rather than recounting sibling abuse."
1670,https://www.reddit.com/r/relationship_advice/comments/1c5an39/do_i_25_ftm_interfere_or_call_cps_on_my_35_f/,FALSE_POSITIVE,third_person_victim,"The sister's emotional abuse and neglect are directed at the author's niece; the author is acting as a protective aunt or uncle, not reporting the sister's abuse of the author."
1671,https://www.reddit.com/r/IncestRPnsfw/comments/1c59l9x/m4f_looking_for_a_bossy_brat_to_play_my_abusive/,FALSE_POSITIVE,fiction_or_roleplay,"The post seeks a participant to roleplay a sexually abusive, blackmailing sister and contains no real-life account."
1672,https://www.reddit.com/r/offmychest/comments/1c59fgz/i_want_to_be_free_from_my_abusive_sister_tw/,INCLUDE,,"The author reports 13 years of physical, mental, verbal, and possible sexual abuse by her sister, including beatings severe enough to require medical care."
1673,https://www.reddit.com/r/BeastRoleplayers/comments/1c58ny8/m4f_looking_for_a_bossy_brat_to_play_my_abusive/,FALSE_POSITIVE,fiction_or_roleplay,"This is a sexual roleplay solicitation for someone to portray an abusive sister, not a real-life account."
1674,https://www.reddit.com/r/AmItheAsshole/comments/1c4vqem/aita_for_skipping_family_events_to_dodge_my/,INCLUDE,,"Although the body was removed, the first-person title explicitly says the author skips family events to avoid her verbally abusive sister."
1675,https://www.reddit.com/r/BeastRoleplayers/comments/1c4ubjk/m4f_looking_for_a_bossy_brat_to_play_my_abusive/,FALSE_POSITIVE,fiction_or_roleplay,This duplicate is a sexual roleplay solicitation for someone to portray an abusive sister.
1676,https://www.reddit.com/r/IncestRPnsfw/comments/1c4u42e/m4f_looking_for_a_bossy_brat_to_play_my_abusive/,FALSE_POSITIVE,fiction_or_roleplay,This is another removed sexual roleplay solicitation for an abusive-sister character.
1677,https://www.reddit.com/r/fnafpornrp/comments/1c4qzbv/fm_im_your_abusive_sister_who_always_beats_you/,FALSE_POSITIVE,fiction_or_roleplay,The title assigns the author and partner fictional abusive-sister roles in an erotic FNAF roleplay.
1678,https://www.reddit.com/r/ADHD/comments/1c4jiv5/losing_my_job_not_sure_what_to_do_uk/,INCLUDE,,The author identifies her brother as abusive and says moving back to her father's home would force her to live with him again.
1679,https://www.reddit.com/r/BPD/comments/1c4izwg/my_mum_wont_let_me_get_help_and_is_basically/,FALSE_POSITIVE,wrong_relation,"The “abusive sister” is the mother's sister, hence the author's aunt; the author's own sibling is not described as the abuser."
1680,https://www.reddit.com/r/BPD/comments/1c4ixte/my_mum_wont_let_me_get_help_and_is_calling_me/,FALSE_POSITIVE,wrong_relation,"This duplicate refers to the mother's abusive sister, the author's aunt, rather than to abuse by the author's own sibling."
1681,https://www.reddit.com/r/LegalAdviceUK/comments/1c46czm/abusive_brother_what_can_i_do/,INCLUDE,,"The author reports her brother screaming at her, getting in her face, and repeatedly threatening to beat her while their mother refuses to protect her."
1682,https://www.reddit.com/r/abusivesiblings/comments/1c45vik/break_the_bond/,INCLUDE,,"The author details years of physical and verbal abuse by her brother, including being hit, pushed down, and given a concussion."
1683,https://www.reddit.com/r/depression/comments/1c3ofqw/genuinely_clueless_super_long/,INCLUDE,,"The author explicitly says she was the target of serious sibling abuse by a sister who hid knives, and describes learning to suppress emotions to avoid the sister's attacks."
1684,https://www.reddit.com/r/AmItheAsshole/comments/1c3m01r/aita_for_leaving_my_screaming_and_aggressive/,FALSE_POSITIVE,ordinary_non_abusive_conflict,This is a single mutual argument about lateness in which the brother yelled and spoke aggressively; it is not presented as a pattern of sibling abuse or coercive mistreatment.
1685,https://www.reddit.com/r/GlendaleArizona/comments/1c3f7c7/i_looking_for_this_girl/,FALSE_POSITIVE,third_person_victim,The allegedly abusive sister belongs to a woman the author calls his girlfriend; the author is searching for that woman and does not report abuse by his own sibling.
1686,https://www.reddit.com/r/FingMemes/comments/1c370le/what_are_your_opinions_on_sibling_abuse/,INCLUDE,,The author explicitly identifies himself as a victim of continuing sibling abuse since early childhood and alludes to extensive experiences too painful to describe.
1687,https://www.reddit.com/r/mangago/comments/1c35auq/need_helping_finding_a_manga/,FALSE_POSITIVE,fiction_or_media,"The abusive brother is a character in a manga the author is trying to identify, not the author's real sibling."
1688,https://www.reddit.com/r/Psychonaut/comments/1c1j9uq/the_only_thing_preventing_me_from_killing_myself/,INCLUDE,,The author lists surviving an abusive sister among the severe real-life adversities contributing to current despair.
1689,https://www.reddit.com/r/MuslimLounge/comments/1c1h005/abusive_sister_committed_zina_and_i_dont_know_if/,INCLUDE,,"Although the body was removed, the first-person decision question directly identifies the author's own sister as abusive."
1690,https://www.reddit.com/r/islam/comments/1c1gucq/abusive_sister_committed_zina_and_i_dont_know_if/,INCLUDE,,"Although the body was removed, this duplicate first-person question directly identifies the author's own sister as abusive."
1691,https://www.reddit.com/r/islam/comments/1c1gtck/my_f20_abusive_sister_f21_commuted_zina_and_i/,INCLUDE,,"Although the body was removed, the title gives the author's and sister's ages and directly identifies that sister as abusive."
1692,https://www.reddit.com/r/Morocco/comments/1c1gn92/my_f20_abusive_sister_f21_committed_zina_and_i/,INCLUDE,,The author says her sister has physically abused her several times and that the sister's behavior is making life at home unbearable.
1693,https://www.reddit.com/r/Advice/comments/1c0f071/should_i_go_nocontact_with_abusive_sibling/,INCLUDE,,"The author reports years of beatings, humiliation, nighttime break-ins, theft, and continuing mistreatment by a sibling whom they still fear physically."
1694,https://www.reddit.com/r/Advice/comments/1c0bu6m/my_family_hates_me_without_just_reason_what_to_do/,INCLUDE,,The author says siblings joined in ostracizing them during an abusive childhood and currently describes a sister's degrading appearance comments and fear of a violent brother.
1695,https://www.reddit.com/r/NarcissisticAbuse/comments/1bzr0zh/abusive_sister_blackmailing_our_mom/,FALSE_POSITIVE,third_person_victim,The removed post's title says the abusive sister is blackmailing their mother; it does not indicate that the author is the sister's abuse victim.
1696,https://www.reddit.com/r/FamiliesYouChoose/comments/1bzhj52/20f_looking_for_a_parent_figure_as_i_navigate_life/,INCLUDE,,The author says she is currently forced to live with an abusive brother and seeks a supportive parent figure while navigating that and other crises.
1697,https://www.reddit.com/r/AITAH/comments/1bzhf2w/aita_if_i_break_up_with_my_girlfriend_for_what/,FALSE_POSITIVE,third_person_victim,"The person said to have lived with a mentally abusive older sister is the author's girlfriend, not the author."
1698,https://www.reddit.com/r/Atlanta/comments/1bz425z/looking_for_cheap_apartment_to_avoid_abusive/,INCLUDE,,"Although the body was removed, the first-person housing request explicitly says the author is seeking an apartment to avoid an abusive brother and family."
1699,https://www.reddit.com/r/PubTips/comments/1bywp27/qcrit_thriller_hope_can_kill_74k_words_2nd_attempt/,FALSE_POSITIVE,fiction_or_media,This is a query letter for a thriller novel; references to violent relatives and the title of another book are fictional or literary.
1700,https://www.reddit.com/r/SingleMothersbyChoice/comments/1bysg3o/how_has_this_journey_impacted_your_faith_for/,INCLUDE,,The author directly identifies a much younger sibling as very abusive while describing how that sibling's life milestone intensifies the author's distress.
1701,https://www.reddit.com/r/relationship_advice/comments/1bynpy3/25_m_and_25f_gf_struggles_with_abusive_sister_gfs/,FALSE_POSITIVE,wrong_relation,"The abusive sister is the girlfriend's sister, not the author's sibling; the author is describing abuse affecting his girlfriend and relationship."
1702,https://www.reddit.com/r/TwoSentenceSadness/comments/1bxwya2/stop_acting_like_a_child_and_grow_up_mom_screamed/,FALSE_POSITIVE,fiction_or_media,"This is a two-sentence creative sadness story in a fiction-oriented subreddit, not a developed real-life account from the author."
1703,https://www.reddit.com/r/TheMiniMansonCases/comments/1bxnrle/mini_manson_bloody_hell/,FALSE_POSITIVE,third_person_victim,"This is commentary assembled from online sources about an internet personality who is said to have experienced parental and sibling abuse, not the author's experience."
1704,https://www.reddit.com/r/autism/comments/1bxlzqb/how_do_i_deal_with_my_abusive_brother/,INCLUDE,,"The author reports lifelong abuse by her brother, including childhood physical violence, deliberate triggering of autistic meltdowns, intimidation, chasing, and constant threats to batter her."
1705,https://www.reddit.com/r/Advice/comments/1bxil9x/meeting_my_partners_family_after_an_abuse_case_4/,FALSE_POSITIVE,wrong_relation,"The sister is the author's boyfriend's sibling; although the author was also targeted by her, this is not abuse by the author's own sibling."
1706,https://www.reddit.com/r/Advice/comments/1bxg1i7/meeting_my_partners_family_after_an_abuse_case_4/,FALSE_POSITIVE,wrong_relation,"The removed duplicate identifies the abuser as the author's partner's sister, not the author's own sibling."
1707,https://www.reddit.com/r/HFY/comments/1bxcdzj/chronicles_of_a_traveler_226/,FALSE_POSITIVE,fiction_or_media,This is a science-fiction installment whose phrase “abusive sibling” occurs in dialogue about alien species.
1708,https://www.reddit.com/r/Advice/comments/1bxbvhs/need_advice_on_how_to_survive_through_having/,INCLUDE,,"The author describes his sister's sustained passive-aggressive control, territorial behavior, emotional withholding, and household power as making him fearful, self-hating, and constantly anxious."
1709,https://www.reddit.com/r/AITAH/comments/1bx82qu/aitah_for_calling_my_older_abusive_brother_a/,INCLUDE,,"The minor author describes years of slapping, insults, coercion, sexualized comments and staring, and waking to her intoxicated adult brother touching her after apparently removing her shirt."
1710,https://www.reddit.com/r/family/comments/1bwx3vh/how_to_deal_with_passive_aggressive_brother/,INCLUDE,,The author describes being singled out for repeated silent treatment by his passive-aggressive brother and says the targeted behavior remains emotionally painful.
1711,https://www.reddit.com/r/family/comments/1bwx2n7/how_to_deal_with_passive_aggressive_brother/,INCLUDE,,"Although deleted, the first-person help-seeking title directly identifies the author's own brother as passive-aggressive."
1712,https://www.reddit.com/r/passiveaggressive/comments/1bwwxo7/how_to_deal_with_passive_aggressive_brother/,INCLUDE,,"This duplicate says the author's brother targets him with silent treatment while acting conspicuously kind to everyone else, causing continuing emotional pain."
1713,https://www.reddit.com/r/Advice/comments/1bwsiqq/how_to_subtly_ruin_a_ps4/,INCLUDE,,"The author says her brother is violent and has become physically violent, and seeks to disable the game console she believes triggers danger to her family."
1714,https://www.reddit.com/r/AgingParents/comments/1bwqa5c/trouble_with_financially_abusive_sibling_doing_my/,INCLUDE,,"The author details a brother's financial manipulation, obstruction, secret takeover of their father's accounts, lies, smears, and gaslighting that directly caused the author severe financial and psychological harm."
1715,https://www.reddit.com/r/CPTSD/comments/1bwkqod/sibling_abuse_for_most_of_my_childhood/,INCLUDE,,"The author gives a detailed childhood history of a sister pushing them down stairs, attacking with a golf club and knives, slamming limbs in doors, and later spreading damaging rumors."
1716,https://www.reddit.com/r/hollyoaks/comments/1bwd0a4/its_brookside_all_over_again/,FALSE_POSITIVE,fiction_or_media,"This is commentary about sibling-abuse storylines in the television soap Hollyoaks, not the author's real-life sibling experience."
1717,https://www.reddit.com/r/emotionalneglect/comments/1bwczat/sibling_abuse_and_parents_didnt_do_anything/,INCLUDE,,"The author describes a brother and sister routinely ganging up to bully, tease, emotionally hurt, and physically hurt her throughout childhood while their parents failed to intervene."
1718,https://www.reddit.com/r/DysfunctionalFamily/comments/1bvvsg4/anyone_grow_up_with_a_violent_sibling/,INCLUDE,,"The author recounts a sister pushing him down stairs, attacking him with a golf club and knives, trying to crush his limbs in car doors, and later spreading rumors at school."
1719,https://www.reddit.com/r/MtF/comments/1bvutrf/you_will_dead_name_me/,INCLUDE,,The author directly identifies her own brother as abusive while explaining why family opposition to her chosen name feels especially unjust.
1720,https://www.reddit.com/r/blackgirls/comments/1bvlxvs/how_can_i_remove_someone_from_my_home/,INCLUDE,,"The author says her abusive brother terrorizes the home, taunts her, exploits her lupus-related weakness, and has already fought her physically."
1721,https://www.reddit.com/r/abusiverelationships/comments/1bvfext/should_i_feel_empathy_for_my_abusive_brother/,INCLUDE,,"The author lives in fear of verbal abuse by a brother who punches walls beside her room, curses at her, and maintains a threatening atmosphere of violence and addiction."
1722,https://www.reddit.com/r/TrueOffMyChest/comments/1bvd5xd/my_abusive_sister_will_never_acknowledge_how_she/,INCLUDE,,"The author describes 15 years of a sister hunting her down to scream, degrade, threaten, control, and bully her, as well as causing injuries framed as accidents."
1723,https://www.reddit.com/r/autism/comments/1bun7fy/my_abusive_sister_is_autistic_im_autistic_too_but/,INCLUDE,,"Although the body is deleted, the first-person title directly identifies the author's sister as abusive and contrasts their shared autism."
1724,https://www.reddit.com/r/pakistan/comments/1bumv83/older_sibling_abuse/,INCLUDE,,"The author describes being siblings' emotional punching bag and reports a brother yelling abuse, making controlling accusations, and pushing them into a wall hard enough to hit their head."
1725,https://www.reddit.com/r/CPTSD/comments/1bum9q8/my_experience_first_post_trigger_warning_sibling/,INCLUDE,,"The author gives an extensive account of daily childhood beatings and degradation by an older brother, including near-drowning, a severe head injury, and a later deliberately painful embrace."
1726,https://www.reddit.com/r/HousingUK/comments/1bu7kn8/abusive_brother_wont_move_out_what_do_i_do/,INCLUDE,,"Although the body is deleted, the first-person housing question directly identifies the author's brother as abusive and refusing to leave."
1727,https://www.reddit.com/r/AskUK/comments/1bu6kah/abusive_brother_wont_move_out_what_do_i_do/,INCLUDE,,"Although the body is removed, this duplicate first-person question directly identifies the author's brother as abusive and refusing to leave."
1728,https://www.reddit.com/r/abusiverelationships/comments/1btzwyy/my_handicapped_dad_doesnt_want_my_sister_to/,INCLUDE,,"The author says an aggressive sister repeatedly conflicts with and harasses them over control of their impaired father's care, in addition to violating the father's physical boundaries."
1729,https://www.reddit.com/r/Advice/comments/1btzled/my_handicapped_dad_doesnt_want_my_sister_to/,INCLUDE,,This duplicate says an aggressive sister repeatedly conflicts with and harasses the author over control of their impaired father's care.
1730,https://www.reddit.com/r/u_ThecoolanimalEsthin/comments/1btqlpb/deciding_to_quit_pornography/,FALSE_POSITIVE,wrong_relation,"The “gay abusive brother” is the author's father's brother, hence the author's uncle, not the author's own sibling."
1731,https://www.reddit.com/r/Christian/comments/1btnxls/stuggling_with_my_thoughts_and_belifes_on_alcohol/,FALSE_POSITIVE,third_person_victim,"The person with PTSD from a physically abusive brother is the author's former girlfriend, not the author."
1732,https://www.reddit.com/r/ChristianRelationship/comments/1btnwpk/struggling_with_my_thoughts_and_belifes_on/,FALSE_POSITIVE,third_person_victim,"This duplicate recounts the former girlfriend's childhood abuse by her brother, not abuse experienced by the author."
1733,https://www.reddit.com/r/PubTips/comments/1bsgivt/qcrit_thriller_hope_can_kill_74k_words_second/,FALSE_POSITIVE,fiction_or_media,"This is a query letter for a thriller novel, and its violence and relationship references belong to that fictional work."
1734,https://www.reddit.com/r/legaladvice/comments/1bsdc0b/estranged_family_shared_property/,INCLUDE,,The author identifies a co-owning brother as physically abusive and describes further deceptive attempts by him to claim and sell their shared property.
1735,https://www.reddit.com/r/PubTips/comments/1bsbiup/qcrit_adult_thriller_hope_can_kill_74k_words/,FALSE_POSITIVE,fiction_or_media,This is a thriller query and sample; the violent people and victims described are fictional characters.
1736,https://www.reddit.com/r/dpdr/comments/1bs3fvz/if_youve_had_dpdr_for_years_and_is_doing_better/,INCLUDE,,"The author says they recently distanced themself from an abusive sibling while beginning treatment for longstanding trauma, sexual assault, PTSD, and depersonalization."
1737,https://www.reddit.com/r/dpdr/comments/1bs3ez2/f_youve_had_dpdr_for_years_and_is_doing_better/,INCLUDE,,This duplicate says the author recently distanced themself from an abusive sibling while beginning a trauma-healing process.
1738,https://www.reddit.com/r/Depersonalization/comments/1bs254j/if_youve_had_dpdr_for_a_while_and_is_doing_better/,INCLUDE,,This duplicate says the author recently distanced themself from an abusive sibling amid treatment for longstanding trauma and depersonalization.
1739,https://www.reddit.com/r/offmychest/comments/1brdo0g/a_deep_urge_to_just_leave_and_never_come_back_to/,INCLUDE,,"The author explicitly reports sibling abuse, explaining that older siblings hit them in anger and that their parents encouraged and justified the violence."
1740,https://www.reddit.com/r/AkoBaYungGago/comments/1br61oy/abyg_kasi_di_ko_na_kinakausap_ang_ate_ko/,INCLUDE,,"The author says a brother has physically hurt them since their student years, has uncontrollable rages, and caused lasting trauma and anxiety attacks."
1741,https://www.reddit.com/r/fantasywriters/comments/1br26ts/probably_my_darkest_story/,FALSE_POSITIVE,fiction_or_media,"The abusive brother is part of an example plot in the author's proposed dark fantasy story, not a real-life sibling."
1742,https://www.reddit.com/r/FniaVRChat/comments/1br1ftn/anyone_wanna_do_a_fnia_family_with_me_i_wanna/,FALSE_POSITIVE,fiction_or_roleplay,"The “aggressive sister” is a requested FNIA/VRChat family character in what appears to be spam or roleplay, not a real sibling."
1743,https://www.reddit.com/r/depression/comments/1br0wmt/my_life_180_is_not_what_i_thought_it_would_be/,INCLUDE,,"The author is becoming severely depressed after a drug-addicted, intermittently violent brother moved into the same home, creating a credible potential sibling-abuse risk."
1744,https://www.reddit.com/r/depression/comments/1br0wbs/my_life_180_is_not_what_i_thought_it_would_be/,INCLUDE,,"This duplicate says the author's drug-addicted, intermittently violent brother has moved into the same home and deepened the author's crisis."
1745,https://www.reddit.com/r/TrueOffMyChest/comments/1br0tgs/i_was_sa_as_a_child_and_now_im_into_incest_and/,FALSE_POSITIVE,wrong_relation,"The author's real childhood abuser was an older cousin; the abusive brother is a fictional character in the author's sexual fantasies and drawings, and the author explicitly has no brother."
1746,https://www.reddit.com/r/BPD/comments/1bqzkns/i_used_to_be_boy_crazy_and_now_im_repulsed_by_men/,INCLUDE,,The author says a once-close brother became an abusive drug addict and explicitly identifies the experience as real sibling abuse.
1747,https://www.reddit.com/r/TrueOffMyChest/comments/1bqxmsx/i_was_sa_as_a_child_and_now_im_into_incest_and/,FALSE_POSITIVE,wrong_relation,This duplicate says the real abuser was a cousin and explicitly that the author has no brother; its abusive brother is a self-created fictional character.
1748,https://www.reddit.com/r/offmychest/comments/1bqvg89/i_was_sa_as_a_child_and_now_im_into_incest_and/,FALSE_POSITIVE,wrong_relation,This duplicate says the real abuser was a cousin and explicitly that the author has no brother; its sibling-abuse content is fantasy involving fictional characters.
1749,https://www.reddit.com/r/Advice/comments/1bqvfmm/what_to_do_with_people_that_hate_me/,INCLUDE,,"The author says he already avoids an abusive brother and also describes a sister mocking, excluding, gossiping about, and treating him passive-aggressively while he lives in her home."
1750,https://www.reddit.com/r/JUSTNOFAMILY/comments/1bqmn8r/violent_sister_really_bad_situation/,FALSE_POSITIVE,third_person_victim,"The removed post appears to duplicate the following “violent sister” account, in which the sister's verbal and physical abuse is directed at their mother rather than the author."
1751,https://www.reddit.com/r/mentalhealth/comments/1bqmm7j/violent_sister_really_bad_situation/,FALSE_POSITIVE,third_person_victim,The sister verbally and physically abuses the author's mother; the author lives in another city and is seeking help for the mother.
1752,https://www.reddit.com/r/Advice/comments/1bqje0z/my_abusive_sister_is_coming_to_easter_dinner/,INCLUDE,,"Although the body is deleted, the first-person title directly identifies the author's own sister as abusive and expresses concern about her attending Easter dinner."
1753,https://www.reddit.com/r/TrueChristian/comments/1bqc8fx/i_am_struggling_with_my_thought_and_belifes_on/,FALSE_POSITIVE,third_person_victim,"The person with PTSD from a physically abusive brother is the author's former girlfriend, not the author."
1754,https://www.reddit.com/r/Christianity/comments/1bqc5y4/am_stuggling_with_my_thoughts_and_belifes_on/,FALSE_POSITIVE,third_person_victim,This duplicate recounts the former girlfriend's sibling-abuse trauma rather than the author's own sibling experience.
1755,https://www.reddit.com/r/ChristianDating/comments/1bqc50z/im_struggling_with_my_thoughts_on_alcohol_after_a/,FALSE_POSITIVE,third_person_victim,"This duplicate recounts the former girlfriend's abuse by an alcoholic brother, not abuse of the author by a sibling."
1756,https://www.reddit.com/r/offmychest/comments/1bpvwrx/i_f20_keep_imagining_my_boyfriend_m25_with_other/,INCLUDE,,"The author identifies her own brother as verbally abusive and links his anger problems, along with an absent father, to her disabling anxiety."
1757,https://www.reddit.com/r/SuicideWatch/comments/1bpjq03/i_dont_understand_myself/,INCLUDE,,The author says an abusive brother and father are no longer in their life while reflecting on severe depression despite current improvements.
1758,https://www.reddit.com/r/AmItheAsshole/comments/1bpgadt/aita_for_telling_my_parents_about_my_sibling/,INCLUDE,,"Although the body was removed, the first-person title directly says the author's sibling bullied them and that they reported it to their parents."
1759,https://www.reddit.com/r/amiwrong/comments/1bpa5av/family_wants_me_to_makeup_with_abusive_brother/,INCLUDE,,"The author details a brother's brutal assault, including punching, tackling, strangling, and repeatedly slamming the author's head to the floor while the author was recovering from cancer."
1760,https://www.reddit.com/r/emotionalneglect/comments/1bp20qs/its_the_hope_that_kills_you/,INCLUDE,,"The author reports a younger sister's lifelong verbal abuse and recent rage episode, explicitly describing the pattern as sibling abuse."
1761,https://www.reddit.com/r/family/comments/1boob2x/anyone_else_experience_sibling_violence/,INCLUDE,,"The author describes a brother flying into a rage, pursuing them, and violently pounding on the locked door behind which they hid, leaving lasting anxiety around people."
1762,https://www.reddit.com/r/Advice/comments/1bolbt6/my_mom_will_not_kick_out_my_abusive_brother_no/,INCLUDE,,"Although deleted, the first-person title directly identifies the author's brother as abusive and says their mother will not remove him regardless of what he does to the author."
1763,https://www.reddit.com/r/hollyoaks/comments/1bogpqk/most_likely_to_be_axed/,FALSE_POSITIVE,fiction_or_media,This is speculation about television characters being dropped after a Hollyoaks sibling-abuse storyline.
1764,https://www.reddit.com/r/AskLawyers/comments/1bo1dwx/ca_my_victims_compensation_application_was_denied/,INCLUDE,,The author explicitly identifies her sister as abusive and says a fight with that sister immediately preceded the unrelated assault underlying her compensation claim.
1765,https://www.reddit.com/r/CPTSD/comments/1bo0xeb/might_have_to_give_away_my_dog_it_hurts/,INCLUDE,,"The author lives in an unsafe home with an abusive brother, avoids showering while he is awake, and fears for pets after he smashed a window near a dog and blamed the animal."
1766,https://www.reddit.com/r/relationship_advice/comments/1bnxwnf/my_25_f_boyfriends_24_m_family_still_leave_me_of/,INCLUDE,,The author says she fled an abusive household and violent brother for safety by moving in with her boyfriend's family.
1767,https://www.reddit.com/r/FamilyLaw/comments/1bnrx0u/abusive_sister_on_the_street_how_to_help_her/,FALSE_POSITIVE,third_person_victim,The sister's physical abuse is directed at their elderly mother; the author is considering acting as a financial intermediary and fears possible exploitation but does not recount having been abused by her.
1768,https://www.reddit.com/r/dustythunder/comments/1bnplwc/aitah_for_not_wanting_anything_more_to_do_with_my/,FALSE_POSITIVE,wrong_relation,"The first-person title explicitly identifies the allegedly abusive person as the author's sister-in-law, not their own sibling."
1769,https://www.reddit.com/r/india/comments/1bnoz0p/seeking_advice_dealing_with_a_violent_brother/,INCLUDE,,"Although the body was removed, the help-seeking title directly says the author is dealing with a violent brother who has bipolar disorder."
1770,https://www.reddit.com/r/legaladvice/comments/1bnop1x/dealing_with_a_violent_brother_with_bipolar/,INCLUDE,,"The author says his brother's physical and verbal abuse, threats, and violence endanger the whole family and create constant fear of physical harm, even though their mother bears the brunt."
1771,https://www.reddit.com/r/LegalAdviceIndia/comments/1bnokq3/urgent_seeking_advice_dealing_with_a_violent/,INCLUDE,,This duplicate says the brother's threats and physical and verbal violence endanger the entire family and leave the author fearful of harm.
1772,https://www.reddit.com/r/AskIndia/comments/1bnny4d/urgent_seeking_advice_dealing_with_a_violent/,INCLUDE,,"Although removed, this duplicate's urgent help-seeking title directly says the author is dealing with a violent brother."
1773,https://www.reddit.com/r/personalfinance/comments/1bniz8u/to_ensure_my_inheritance_is_secure_from_abusive/,INCLUDE,,"The author calls his brother narcissistic, bullying, and abusive, describes incessant toxicity and jealous insults, and says he removed the brother from his life."
1774,https://www.reddit.com/r/AITAH/comments/1bnbode/aitah_for_not_wanting_anything_more_to_do_with_my/,FALSE_POSITIVE,wrong_relation,The abusive sister is the author's wife's sister; the wife is the person the sister emotionally manipulated and physically beat.
1775,https://www.reddit.com/r/AmItheAsshole/comments/1bnbkvi/aita_for_not_having_anything_more_to_do_with_my/,FALSE_POSITIVE,wrong_relation,"The removed duplicate explicitly concerns the author's sister-in-law, not their own sibling."
1776,https://www.reddit.com/r/ramdass/comments/1bnb4vb/abusive_sister/,INCLUDE,,"The author's sister sabotaged his van tires, attacked his business with a false review, and then threw a pot at their mother and tried to pull their brother's hair."
1777,https://www.reddit.com/r/emotionalintelligence/comments/1bmxxq5/how_to_deal_with_a_sibling_with_low_emotional/,FALSE_POSITIVE,third_person_victim,"The oldest brother's sustained bullying and berating are directed at the youngest brother; he has mocked the author's education and job, but the post does not present the author as his abuse victim."
1778,https://www.reddit.com/r/DirtyKIKRoleplay/comments/1bmoysy/f4a_playing_ffuta_rough_sapphic_sex/,FALSE_POSITIVE,fiction_or_roleplay,This is an erotic nonconsent roleplay solicitation offering a fictional aggressive-sister scenario.
1779,https://www.reddit.com/r/KikRoleplay/comments/1bmoyqh/f4a_playing_ffuta_rough_sapphic_sex/,FALSE_POSITIVE,fiction_or_roleplay,This duplicate is an erotic nonconsent roleplay solicitation offering a fictional aggressive-sister scenario.
1780,https://www.reddit.com/r/FniaVRChat/comments/1bm3csj/anyone_wanna_do_a_fnia_family_with_me_i_wanna/,FALSE_POSITIVE,fiction_or_roleplay,"This is a request to form an FNIA/VRChat family with an “aggressive sister” character, not a real-life sibling account."
1781,https://www.reddit.com/r/family/comments/1blotxt/family_wants_to_kick_me_out_again/,INCLUDE,,The author says an abusive brother has tried to kill him multiple times and describes a decade of broader family abuse for disclosing it in counseling.
1782,https://www.reddit.com/r/legaladvice/comments/1bleq5t/should_i_testify_against_my_abusive_sister_to/,FALSE_POSITIVE,third_person_victim,The sister's documented verbal and physical abuse is directed at her children and former husband; the author fears possible retaliation for testifying but does not recount being abused by her.
1783,https://www.reddit.com/r/relationship_advice/comments/1bkyky4/my_28m_gf_28f_gives_me_the_silent_treatment_tw/,FALSE_POSITIVE,wrong_relation,"The violent brother belongs to the author's girlfriend; he threatened the author, but he is not the author's own sibling."
1784,https://www.reddit.com/r/relationship_advice/comments/1bkxug7/my28m_have_a_gf_28m_that_gives_me_the_silent/,FALSE_POSITIVE,wrong_relation,This duplicate's violent brother is the girlfriend's sibling rather than the author's own sibling.
1785,https://www.reddit.com/r/raisedbynarcissists/comments/1bkt0gy/advice_on_temporarily_breaking_no_contact_w_narc/,INCLUDE,,"The author explicitly calls a sibling their main abuser, describes years of no contact and persistent trauma-related anger, and fears renewed mistreatment during a reunion."
1786,https://www.reddit.com/r/BPD/comments/1bk5gaf/was_anyone_else_the_victim_of_sibling_abuse/,INCLUDE,,The author identifies themself as a sibling-abuse victim and says an older sibling terrorized them throughout childhood while a single parent was unable to intervene.
1787,https://www.reddit.com/r/PrayerRequests/comments/1bjyy04/prayer_request/,INCLUDE,,"The author personally requests prayer for protection from an abusive brother, indicating an immediate perceived threat."
1788,https://www.reddit.com/r/raisedbynarcissists/comments/1bjmbl0/my_entire_nfamily_is_at_the_hospital_with_my/,FALSE_POSITIVE,wrong_relation,"The “abusive brother” is the father's siblings' brother—that is, the author's abusive father; the author's own sibling is described as an enabler, not as the abuser."
1789,https://www.reddit.com/r/TalkTherapy/comments/1bjm64w/frustrated_with_my_therapist/,INCLUDE,,"The author says their brother remains abusive, links him to extensive trauma and flashbacks, and explains that their parents failed to protect them in childhood."
1790,https://www.reddit.com/r/MuslimLounge/comments/1bjesrz/am_i_allowed_to_cut_off_my_abusive_brother/,INCLUDE,,"The author says her brother mentally abuses her, repeatedly threatens to kill her, and has made her live in constant fear that a small mistake could cost her life."
1791,https://www.reddit.com/r/relationship_advice/comments/1bjamwn/to_feel_this_way_about_abusive_brother_f34_m46/,INCLUDE,,"Although the body was removed, the first-person relationship question directly identifies the author's own brother as abusive."
1792,https://www.reddit.com/r/highschool/comments/1bj2mj7/any_advice_for_a_struggling_art_student/,INCLUDE,,The author says three years of dealing with an abusive sister culminated in family circumstances and burnout that damaged her academic performance and college plans.
1793,https://www.reddit.com/r/BroomClosetWitch/comments/1bj12wd/looking_for_something_to_help_get_rid_of_an/,FALSE_POSITIVE,wrong_relation,"The abuser is explicitly the author's sister's husband, a brother-in-law, and the victims are the sister and her children."
1794,https://www.reddit.com/r/Spells/comments/1bj0u9w/help_looking_for_hex_for_abusive_brother_in_law/,FALSE_POSITIVE,wrong_relation,The removed title explicitly seeks a hex for an abusive brother-in-law rather than describing the author's own sibling.
1795,https://www.reddit.com/r/Witch/comments/1bj0say/help_looking_for_hex_for_abusive_brother_in_law/,FALSE_POSITIVE,wrong_relation,"This duplicate removed post explicitly concerns an abusive brother-in-law, not the author's sibling."
1796,https://www.reddit.com/r/AITAH/comments/1biz90v/am_i_the_bad_one_for_telling_my_mom_that_i_will/,INCLUDE,,"The author says two brothers beat her together, withhold shared food until she goes hungry, steal her food, impose forced tasks, and leave her afraid they will enter her room and hurt her."
1797,https://www.reddit.com/r/AITAH/comments/1biz8u9/am_i_the_bad_one_for_telling_my_mom_that_i_will/,INCLUDE,,"This duplicate describes two brothers jointly beating the author, denying and stealing food, coercing her into their work, and making her fear further harm."
1798,https://www.reddit.com/r/MadeMeSmile/comments/1biuu5d/my_5yearold_nephew_is_babysitting_my_childhood/,INCLUDE,,"The author explicitly says sibling bullying caused lasting trauma that still affects how they use pillows, while noting the sister is now remorseful."
1799,https://www.reddit.com/r/relationship_advice/comments/1binik1/to_not_forgive_abusive_brotherf_34_m_46/,INCLUDE,,"Although the body was removed, the first-person question directly identifies the author's brother as abusive and asks about refusing forgiveness."
1800,https://www.reddit.com/r/AskReddit/comments/1bim66c/abusive_brother_in_law_threatening_my_pregnant/,FALSE_POSITIVE,wrong_relation,"The title explicitly identifies the threatening person as the author's wife's brother, a brother-in-law rather than the author's sibling."
1801,https://www.reddit.com/r/EDAnonymous/comments/1bi86z9/i_dont_want_to_become_my_parentsother_adults_in/,INCLUDE,,"The author describes a sister's abuse involving constant body and food criticism, attempts to throw away the author's food, and throwing food at the author."
1802,https://www.reddit.com/r/RealEventOCD/comments/1bi3ffc/i_think_i_bullied_my_sister/,FALSE_POSITIVE,perpetrator_only,"The author worries that they bullied a much younger sister by repeatedly mocking her after she asked them to stop; the author is the potential perpetrator, not the sibling-abuse victim."
1803,https://www.reddit.com/r/CPTSD_NSCommunity/comments/1bhwtye/therapist_challenged_me_in_a_way_i_wasnt_ready/,INCLUDE,,"The author identifies her brother as abusive, says he calls her a monster and manipulative, describes being treated like trash, and reports suicidal distress after renewed contact."
1804,https://www.reddit.com/r/Advice/comments/1bh7dvp/my_violent_brother_was_kicked_out_now_he_insists/,INCLUDE,,"The author describes a lifelong violent brother who controlled her clothing, repeatedly threatened to kill family members, assaulted and strangled another brother, and now pressures their mother to let him return, leaving her terrified."
1805,https://www.reddit.com/r/Parenting/comments/1bh4cqq/having_continued_issues_with_3_yos_behavior/,FALSE_POSITIVE,perpetrator_only,The author's teenage brother is researching sibling abuse because he believes the author is abusing him after she restricted his access to her child; the author does not report being abused by a sibling.
1806,https://www.reddit.com/r/CPTSD/comments/1bh4ary/my_family_finds_it_weird_that_i_do_not_want_to/,INCLUDE,,"The author describes lifelong verbal and physical abuse by her brother, including objects thrown, spitting, strangulation, head-smashing, and beatings that left her unable to act."
1807,https://www.reddit.com/r/CPTSD/comments/1bh1gm2/i_have_given_up_and_am_listless/,INCLUDE,,"The author says she spent childhood appeasing danger and is now functionally no-contact with an abusive sister, linking the family abuse to CPTSD and current listlessness."
1808,https://www.reddit.com/r/women/comments/1bgdwir/women_how_can_i_help_my_friend_prepare_for_the/,INCLUDE,,"While helping a friend escape partner abuse, the author explicitly refers to his own experiences with an emotionally abusive sister."
1809,https://www.reddit.com/r/CPTSD/comments/1bg18lf/frustrated_because_sibling_abuse_is_so_often/,INCLUDE,,"The author gives a first-person account of physical and emotional abuse by an older brother, including damaging guilt and threats during panic attacks, and explains why it is hard to sever contact."
1810,https://www.reddit.com/r/hazbin/comments/1bfrr62/dumb_story_that_heavily_involves_hazbin/,INCLUDE,,"The author describes an abusive brother pinning him down and strangling him with a knee on his chest, stopping only after the author made an unexpected joke."
1811,https://www.reddit.com/r/MuslimLounge/comments/1bfqqmc/feeling_trapped_in_my_life/,INCLUDE,,"The author says an abusive brother is moving back home, contributing directly to feeling trapped, isolated, and emotionally overwhelmed."
1812,https://www.reddit.com/r/MuslimLounge/comments/1bfqo8i/feeling_trapped_in_my_life/,INCLUDE,,This duplicate says the author's abusive brother is moving back home and intensifying a current emotional crisis.
1813,https://www.reddit.com/r/HOTDGreens/comments/1bfqdo2/why_i_empathize_with_aemond/,INCLUDE,,The author recounts a favored brother striking them across the face with a concealed club and breaking their nose without parental consequences.
1814,https://www.reddit.com/r/HOTDGreens/comments/1bfqd4l/am_i_biased_from_my_own_personal_experience_to/,INCLUDE,,This duplicate recounts a favored brother striking the author across the face with a concealed club and breaking their nose without parental consequences.
1815,https://www.reddit.com/r/domesticviolence/comments/1bfqb6c/my_31m_friend_23f_has_finally_left_her_abusive_bf/,INCLUDE,,"While seeking safety advice for a friend abused by a partner, the author explicitly refers to his own experiences with an emotionally abusive sister."
1816,https://www.reddit.com/r/AskMenOver30/comments/1bfoow3/my_31m_friend_23f_has_finally_broke_up_with_her/,INCLUDE,,This duplicate includes the author's disclosure of his own experiences with an emotionally abusive sister while helping a friend.
1817,https://www.reddit.com/r/askwomenadvice/comments/1bfoe8n/my_31m_friend_23f_finally_broke_up_with_her/,INCLUDE,,This duplicate includes the author's disclosure of his own experiences with an emotionally abusive sister while helping a friend.
1818,https://www.reddit.com/r/rant/comments/1bfn4qm/my_abusive_father_died_wish_my_equally_abusive/,INCLUDE,,"Although deleted, the first-person title explicitly identifies the author's brother as equally as abusive as an abusive father and conveys profound anger about that abuse."
1819,https://www.reddit.com/r/XSomalian/comments/1bfmy41/sibling_abuse_is_one_of_the_most_common_form_of/,FALSE_POSITIVE,generic_or_commentary,"This is general commentary about sibling abuse in the Somali community and examples involving other people, not the author's personal victim account."
1820,https://www.reddit.com/r/confession/comments/1bflksn/my_abusive_father_died_wish_my_equally_abusive/,INCLUDE,,"Although removed, this duplicate first-person title explicitly identifies the author's brother as equally abusive as their abusive father."
1821,https://www.reddit.com/r/SuicideWatch/comments/1bfkw2m/_/,INCLUDE,,The author identifies an abusive brother as the immediate context for severe suicidal thinking about ingesting poisonous substances.
1822,https://www.reddit.com/r/LifeAdvice/comments/1bfccgc/violent_brother_and_impending_disaster_need_advice/,INCLUDE,,"The author says an older brother abused them in all ways and physically assaulted them until they bled, while current threats create nightmares that he will kill the family."
1823,https://www.reddit.com/r/u_MG_STOMP/comments/1bf91km/the_bad_side/,INCLUDE,,The author identifies an abusive half-brother as part of a childhood of abandonment and abuse that they do not want repeated against their daughter.
1824,https://www.reddit.com/r/TrueOffMyChest/comments/1bf604j/mother_dearest/,INCLUDE,,"While primarily detailing maternal and stepfather abuse, the author also identifies an abusive sister among real personal experiences not yet fully recounted."
1825,https://www.reddit.com/r/CPTSD/comments/1bf2iq7/journaling_and_re_living_the_abuse_is_making_me/,INCLUDE,,The author is journaling a personal childhood abuse history involving an abusive brother and describes intense rage while reliving it.
1826,https://www.reddit.com/r/AmazonFC/comments/1bezfvl/my_mental_health_is_gone/,INCLUDE,,"The author says they live in a toxic household with an emotionally abusive sibling, contributing to severe distress and suicidal thoughts while they struggle to save enough to move."
1827,https://www.reddit.com/r/AITAH/comments/1betbty/aitah_for_not_reporting_my_abusive_sister_years/,INCLUDE,,"Although the body was removed, the first-person title directly identifies the author's sister as abusive and asks about not reporting her years earlier."
1828,https://www.reddit.com/r/AmItheAsshole/comments/1bet9yn/aita_for_not_reporting_my_abusive_sister_years_ago/,INCLUDE,,"The author reports a sister slapping them and trying to push them down stairs when they defended a niece, and says the sister abuses everyone in her life."
1829,https://www.reddit.com/r/legaladvice/comments/1beoisu/how_to_discover_willassets_after_last_parent/,INCLUDE,,The author says they became estranged from an abusive older brother after therapy and now seek to manage inheritance matters with little or no contact because of him.
1830,https://www.reddit.com/r/agnostic/comments/1belyjk/struggling_in_ramadan/,INCLUDE,,"The author explicitly describes an older sister as emotionally abusive, using yelling, religious guilt, their mother, and withdrawal to control and isolate the author."
1831,https://www.reddit.com/r/BPDlovedones/comments/1bef0o6/regret_leaving/,FALSE_POSITIVE,third_person_victim,"The person bullied by a brother in childhood is the author's former girlfriend; it is listed as possible evidence for diagnosing her, not the author's sibling experience."
1832,https://www.reddit.com/r/theworldnews/comments/1bdy7q0/sibling_aggression_is_surprisingly_common_and/,FALSE_POSITIVE,generic_or_research,"This is only the title of a general article about prevalence and gender patterns in sibling aggression, with no personal account."
1833,https://www.reddit.com/r/TrueOffMyChest/comments/1bdqkzf/my_extremely_violent_brother_is_having_a_baby/,FALSE_POSITIVE,third_person_victim,"The brother is described as generally violent and abusive, but the post's concrete concern is risk to his pregnant girlfriend and other victims; the author does not say the brother abused them."
1834,https://www.reddit.com/r/science/comments/1bdily8/sibling_aggression_is_surprisingly_common_and/,FALSE_POSITIVE,generic_or_research,"This is a science-post title about general research on sibling aggression, with no first-person sibling-abuse account."
1835,https://www.reddit.com/r/Limitlessrp/comments/1bdhgeq/m4m_my_abusive_brother_forced_me_to_become_his/,FALSE_POSITIVE,fiction_or_roleplay,This explicitly solicits a fictional incestuous sexual roleplay involving an abusive brother and original character.
1836,https://www.reddit.com/r/AITAH/comments/1bdfge6/aitah_for_going_low_contact_with_my_mom_because/,INCLUDE,,"The author details longstanding verbal and physical abuse by her older brother, including beatings, a recent hard slap, degrading names, exploitation, and a total lack of remorse."
1837,https://www.reddit.com/r/KikRoleplay/comments/1bddnkp/f4a_playing_f_lesbian_noncon_ideas/,FALSE_POSITIVE,fiction_or_roleplay,This is an erotic nonconsent roleplay solicitation that offers a fictional aggressive-sister scenario.
1838,https://www.reddit.com/r/DirtyKIKRoleplay/comments/1bddnen/f4a_playing_f_lesbian_noncon_ideas/,FALSE_POSITIVE,fiction_or_roleplay,This duplicate is an erotic nonconsent roleplay solicitation offering a fictional aggressive-sister scenario.
1839,https://www.reddit.com/r/Advice/comments/1bdb7lg/how_do_i_respond_to_my_abusive_sister/,INCLUDE,,"Although the body is deleted and the word is quoted, the first-person help question directly concerns responding to the author's potentially abusive sister."
1840,https://www.reddit.com/r/Limitlessrp/comments/1bd7kma/m4m_my_abusive_brother_forced_me_to_become_his/,FALSE_POSITIVE,fiction_or_roleplay,This explicitly solicits an incestuous sexual roleplay involving an abusive brother and an original character.
1841,https://www.reddit.com/r/KikRoleplay/comments/1bd4epb/f4a_playing_f_hairy_lesbian_noncon/,FALSE_POSITIVE,fiction_or_roleplay,This is an erotic nonconsent roleplay solicitation offering a fictional aggressive-sister scenario.
1842,https://www.reddit.com/r/DirtyKIKRoleplay/comments/1bd4eh5/f4a_playing_f_hairy_lesbian_noncon/,FALSE_POSITIVE,fiction_or_roleplay,This duplicate is an erotic nonconsent roleplay solicitation offering a fictional aggressive-sister scenario.
1843,https://www.reddit.com/r/Advice/comments/1bd48q6/dealing_with_passive_aggressive_sister/,INCLUDE,,"Although the body is deleted, the first-person help-seeking title directly identifies the author's own sister as passive-aggressive."
1844,https://www.reddit.com/r/family/comments/1bd0c8s/advice_on_broken_relation_with_abusive_sibling/,INCLUDE,,"The author reports childhood sexual abuse by an older half-sibling, lifelong health effects, and continuing boundary violations that led her to cut off access."
1845,https://www.reddit.com/r/MuslimLounge/comments/1bcwdzo/i_need_advice_english_is_my_second_language/,INCLUDE,,The author says her brother physically and emotionally abused her from around age five and continues emotional abuse while she remains trapped living with him.
1846,https://www.reddit.com/r/Limitlessrp/comments/1bclm2i/m4m_my_abusive_brother_forced_me_to_become_his/,FALSE_POSITIVE,fiction_or_roleplay,This explicitly solicits an incestuous sexual roleplay involving an abusive brother and an original character.
1847,https://www.reddit.com/r/Limitlessrp/comments/1bcivqv/m4m_my_abusive_brother_forced_me_to_become_his/,FALSE_POSITIVE,fiction_or_roleplay,This duplicate explicitly solicits an incestuous sexual roleplay involving an abusive brother and an original character.
1848,https://www.reddit.com/r/offmychest/comments/1bcd37s/ive_wasted_my_life_comparing_myself_to_other/,INCLUDE,,"The author identifies an abusive brother as part of a difficult family life that contributes to feeling isolated, stuck, and empty at age 18."
1849,https://www.reddit.com/r/askSingapore/comments/1bbzieo/how_to_deal_with_abusive_brother/,INCLUDE,,"Although the body is deleted, the first-person help-seeking title directly says the author is dealing with an abusive brother."
1850,https://www.reddit.com/r/depressionmeals/comments/1bbyqdu/i_was_forced_to_give_up_a_life_changing/,INCLUDE,,The first-person title says an abusive sister forced the author to give up a life-changing opportunity.
1851,https://www.reddit.com/r/Limitlessrp/comments/1bbwcnq/m4m_my_abusive_brother_forced_me_to_become_his/,FALSE_POSITIVE,fiction_or_roleplay,This explicitly solicits an incestuous sexual roleplay involving an abusive brother and an original character.
1852,https://www.reddit.com/r/Limitlessrp/comments/1bbswtf/m4m_my_abusive_brother_forced_me_to_become_his/,FALSE_POSITIVE,fiction_or_roleplay,This duplicate explicitly solicits an incestuous sexual roleplay involving an abusive brother and an original character.
1853,https://www.reddit.com/r/Borderline/comments/1bbqg7o/i_need_helpanswers/,INCLUDE,,"The 13-year-old author says an older brother's treatment from ages six to nine went beyond ordinary sibling bullying and was, in their view, borderline abuse."
1854,https://www.reddit.com/r/offmychest/comments/1bbo3b4/didnt_realized_i_was_abused_until_my_therapist/,INCLUDE,,"The author details an older brother's sustained bullying through hair pulling, hitting, slapping, and cruel blame that contributed to suicidality and self-punishment."
1855,https://www.reddit.com/r/LifeAdvice/comments/1bbl6vb/am_i_a_bad_daughter_for_wanting_something/,INCLUDE,,The minor author wants to attend college out of state specifically to get away from her mother and abusive brother.
1856,https://www.reddit.com/r/Limitlessrp/comments/1bbcwrm/m4m_my_abusive_brother_forced_me_to_become_his/,FALSE_POSITIVE,fiction_or_roleplay,This explicitly solicits an incestuous sexual roleplay involving an abusive brother and an original character.
1857,https://www.reddit.com/r/TalkTherapy/comments/1bb86uj/could_family_therapy_with_my_mother_help_in/,INCLUDE,,"The author says an older sister has mentally, verbally, and physically abused both her and their mother for as long as she can remember, with endless current abuse."
1858,https://www.reddit.com/r/AskParents/comments/1bb4ri8/i_dont_know_what_to_do/,INCLUDE,,"The author describes escaping a sister's financial, social, emotional, and violent control after an attack left her bloody and believing she might die."
1859,https://www.reddit.com/r/Limitlessrp/comments/1bb305v/m4m_my_abusive_brother_forced_me_to_become_his/,FALSE_POSITIVE,fiction_or_roleplay,This explicitly solicits an incestuous sexual roleplay involving an abusive brother and an original character.
1860,https://www.reddit.com/r/Limitlessrp/comments/1bay14j/m4m_my_abusive_brother_forced_me_to_become_his/,FALSE_POSITIVE,fiction_or_roleplay,This duplicate explicitly solicits an incestuous sexual roleplay involving an abusive brother and an original character.
1861,https://www.reddit.com/r/Advice/comments/1battuq/is_this_sibling_abuse/,FALSE_POSITIVE,perpetrator_only,"The author is asking whether she is abusing a much younger brother whom she sometimes punches; the brother's hurtful remarks occur within mutual child conflict, and the author is the potential perpetrator."
1862,https://www.reddit.com/r/insaneparents/comments/1baoup2/long_term_abuse/,INCLUDE,,"Although maternal abuse dominates the post, the author says a sibling verbally abused them and cut contact after the author refused to permit it."
1863,https://www.reddit.com/r/exmuslim/comments/1baog0x/abusive_sister_said_its_allowed_to_kill_kids_in/,FALSE_POSITIVE,third_person_victim,"The abusive sister's beating, hair-pulling, and head-slamming are directed at the author's youngest sister; the author reports and condemns the event but is not the stated victim."
1864,https://www.reddit.com/r/Limitlessrp/comments/1banl5r/m4m_my_abusive_brother_forced_me_to_become_his/,FALSE_POSITIVE,fiction_or_roleplay,This explicitly solicits an incestuous sexual roleplay involving an abusive brother and an original character.
1865,https://www.reddit.com/r/Limitlessrp/comments/1banh21/m4m_my_abusive_brother_forced_me_to_become_his/,FALSE_POSITIVE,fiction_or_roleplay,This duplicate explicitly solicits an incestuous sexual roleplay involving an abusive brother and an original character.
1866,https://www.reddit.com/r/Limitlessrp/comments/1balp0x/m4m_my_abusive_brother_forced_me_to_become_his/,FALSE_POSITIVE,fiction_or_roleplay,This explicitly solicits an incestuous sexual roleplay involving an abusive brother and an original character.
1867,https://www.reddit.com/r/Limitlessrp/comments/1bakw43/m4m_my_abusive_brother_forced_me_to_become_his/,FALSE_POSITIVE,fiction_or_roleplay,This duplicate explicitly solicits an incestuous sexual roleplay involving an abusive brother and an original character.
1868,https://www.reddit.com/r/AITAH/comments/1bajofy/aita_for_showing_my_ex_friends_boyfriend_private/,FALSE_POSITIVE,irrelevant_collision,The abusive-brother claim was allegedly fabricated by an online acquaintance and is only one item in a list of lies; the post contains no personal sibling-abuse account.
1869,https://www.reddit.com/r/renting/comments/1bajd8u/im_allowed_a_room_with_my_friends_i_have_some/,INCLUDE,,The author says friends helped him leave a home with verbally abusive parents and an equally verbally abusive sibling who visited regularly.
1870,https://www.reddit.com/r/Limitlessrp/comments/1bahy9c/m4m_my_abusive_brother_forced_me_to_become_his/,FALSE_POSITIVE,fiction_or_roleplay,This explicitly solicits an incestuous sexual roleplay involving an abusive brother and an original character.
1871,https://www.reddit.com/r/Fantasy/comments/1bactvi/interestingunique_nonsexual_messed/,FALSE_POSITIVE,fiction_or_media,"This is a request for fantasy books with unusual toxic family dynamics, not a personal account."
1872,https://www.reddit.com/r/Limitlessrp/comments/1bablon/m4m_my_abusive_brother_forced_me_to_become_his/,FALSE_POSITIVE,fiction_or_roleplay,This explicitly solicits an incestuous sexual roleplay involving an abusive brother and an original character.
1873,https://www.reddit.com/r/abusiverelationships/comments/1ba957d/living_with_an_abusive_sister_and_no_parents_to/,INCLUDE,,The author says an older sister abused them while growing up and now yells insults and behaves passive-aggressively during their anxiety and panic attacks.
1874,https://www.reddit.com/r/Limitlessrp/comments/1ba4wi5/m4m_my_abusive_brother_forced_me_to_become_his/,FALSE_POSITIVE,fiction_or_roleplay,This explicitly solicits an incestuous sexual roleplay involving an abusive brother and an original character.
1875,https://www.reddit.com/r/CPTSD/comments/1b9yprv/how_are_we_supposed_to_do_this_until_we_die/,INCLUDE,,The author identifies a brother as abusive and describes unresolved anger that their recently deceased father failed to protect them from him.
1876,https://www.reddit.com/r/AmItheAsshole/comments/1b9xdum/aita_for_not_helping_my_mum_after_she_left_home/,INCLUDE,,The author says a violent brother abused the family and frequently hit her and another sister when they tried to defend their mother.
1877,https://www.reddit.com/r/CPTSDmemes/comments/1b9u6e0/just_told_my_abusive_sister_to_shut_the_fuck_up/,INCLUDE,,The first-person title directly identifies the author's sister as abusive and describes a spontaneous angry response after prolonged repressed rage.
1878,https://www.reddit.com/r/Limitlessrp/comments/1b9qg3o/m4m_my_abusive_brother_forced_me_to_become_his/,FALSE_POSITIVE,fiction_or_roleplay,This explicitly solicits an incestuous sexual roleplay involving an abusive brother and an original character.
1879,https://www.reddit.com/r/Limitlessrp/comments/1b9g6g8/m4m_my_abusive_brother_forced_me_to_become_his/,FALSE_POSITIVE,fiction_or_roleplay,This duplicate explicitly solicits an incestuous sexual roleplay involving an abusive brother and an original character.
1880,https://www.reddit.com/r/NoFap/comments/1b9com1/read_this_if_youre_struggling_with_porncompulsive/,INCLUDE,,The author says they endured poorly parented sibling abuse possibly since birth and links pornography and compulsive masturbation to reenactment of that sibling trauma.
1881,https://www.reddit.com/r/Limitlessrp/comments/1b9aa8s/m4m_my_abusive_brother_forced_me_to_become_his/,FALSE_POSITIVE,fiction_or_roleplay,This explicitly solicits an incestuous sexual roleplay involving an abusive brother and an original character.
1882,https://www.reddit.com/r/secondary_survivors/comments/1b99k8t/is_inappropriate_touching_considered_sexual_if/,FALSE_POSITIVE,third_person_victim,"The sibling-abuse victim is the author's partner's child, whom the author is helping protect; it is not an account of the author's own sibling abusing them."
1883,https://www.reddit.com/r/Limitlessrp/comments/1b96rq3/m4m_my_abusive_brother_forced_me_to_become_his/,FALSE_POSITIVE,fiction_or_roleplay,This explicitly solicits an incestuous sexual roleplay involving an abusive brother and an original character.
1884,https://www.reddit.com/r/sexualassault/comments/1b96d8z/why_is_child_sibling_abuse_treated_differently/,FALSE_POSITIVE,third_person_victim,"This deleted post appears to be the companion version of the adjacent account about the author's partner's child being abused by a sibling, rather than the author's own victimization."
1885,https://www.reddit.com/r/Limitlessrp/comments/1b93x85/m4m_my_abusive_brother_forced_me_to_become_his/,FALSE_POSITIVE,fiction_or_roleplay,This explicitly solicits an incestuous sexual roleplay involving an abusive brother and an original character.
1886,https://www.reddit.com/r/Limitlessrp/comments/1b8vmxc/m4m_my_abusive_brother_forced_me_to_become_his/,FALSE_POSITIVE,fiction_or_roleplay,This explicitly solicits an incestuous sexual roleplay involving an abusive brother and an original character.
1887,https://www.reddit.com/r/relationship_advice/comments/1b8txtz/my_exs_18m_dad_threatened_me_18f_after_ending/,FALSE_POSITIVE,repost_or_archive,"The post explicitly says “THIS IS NOT MY STORY” and republishes another person's account, so it is not the Reddit author's first-hand experience."
1888,https://www.reddit.com/r/BreakUps/comments/1b8tmqi/his_dad_threatened_me_after_ending_things_between/,INCLUDE,,"The author says her abusive brother repeatedly beats both her and her father, making home unsafe and obstructing her work and escape."
1889,https://www.reddit.com/r/mentalhealth/comments/1b8pxuf/stuck_in_a_brain_loop_of_feeling_worthless_and/,INCLUDE,,"The author is trapped in a severely unsafe, impoverished household with a violent brother, describes his feces-throwing behavior, and calls the situation abuse and pain she cannot escape."
1890,https://www.reddit.com/r/RolePlayWithoutLimits/comments/1b7nyqk/f4m_just_a_horny_egirl_looking_for_a_sexually/,FALSE_POSITIVE,fiction_or_roleplay,"The title is a sexual roleplay solicitation for an aggressive-brother character, not a real-life account."
1891,https://www.reddit.com/r/JUSTNOFAMILY/comments/1b7a7zn/abusive_brother_and_ableist_parents/,INCLUDE,,"The author details lifelong mental and physical abuse by an adoptive brother, including beatings, strangulation, bludgeoning, cutting, attempted smothering, attempted vehicular assault, and death threats."
1892,https://www.reddit.com/r/SuicideWatch/comments/1b78j10/making_final_arrangements/,INCLUDE,,The author identifies an abusive brother as one of the pressures driving immediate suicidal intent.
1893,https://www.reddit.com/r/CPTSD/comments/1b77way/my_dreams_are_shit/,INCLUDE,,The author says an abusive brother now haunts her dreams and identifies growing up with verbal and emotional abuse.
1894,https://www.reddit.com/r/Dissociation/comments/1b7099l/should_i_go_to_a_didosdddpdr_specialist_does_this/,INCLUDE,,"The author includes an abusive sibling among repeated traumas from ages three to seventeen that now accompany severe dissociation, amnesia, and other psychiatric symptoms."
1895,https://www.reddit.com/r/Psychosis/comments/1b6xue1/am_in_terror_canada/,INCLUDE,,The author describes being housebound and exposed to ongoing mental and verbal abuse while sleeping directly above an abusive brother's kitchen.
1896,https://www.reddit.com/r/SonicTheHedgehog/comments/1b6wtcr/im_wanting_a_sonic_tattoo/,INCLUDE,,The author identifies an abusive brother among the major hardships that Sonic games helped them survive from childhood onward.
1897,https://www.reddit.com/r/MuslimLounge/comments/1b6sw1k/positive_marriage_stories_how_you_met_your_spouse/,INCLUDE,,"The author says she is currently being tested by a dysfunctional family and abusive brother, which intensifies her fear of also entering an abusive marriage."
1898,https://www.reddit.com/r/afterlife/comments/1b6m5cm/when_mom_died/,INCLUDE,,"The author says her alcoholic brother previously threatened to harm her, that she promised not to subject herself to his abuse again, and that she needed her husband as protection when contact became unavoidable."
1899,https://www.reddit.com/r/Estrangedsiblings/comments/1b6ia95/abusive_brother_returning_nightmares/,INCLUDE,,"The author reports childhood sexual, physical, and emotional abuse by an older brother and now has nightmares because he is returning to their hometown."
1900,https://www.reddit.com/r/MuslimLounge/comments/1b5osfi/having_a_crisis_dysfunctional_family_marriage/,INCLUDE,,The author says an emotionally abusive brother is present in her current home and makes an already dysfunctional living situation more chaotic and damaging.
1901,https://www.reddit.com/r/relationships_advice/comments/1b4osmx/how_do_i20f_get_rid_of_this_crush/,INCLUDE,,The author says her boyfriend gave her strength to stand up to an abusive sister and supported her through that experience.
1902,https://www.reddit.com/r/relationships/comments/1b4orrz/how_do_i_get_rid_of_this_crush/,INCLUDE,,This duplicate says the author's boyfriend gave her strength to stand up to an abusive sister and supported her through it.
1903,https://www.reddit.com/r/Feminism/comments/1b4j0zo/boys_will_be_boys/,INCLUDE,,The author reports that her abusive brother repeatedly hit her and that their mother excused every incident as “boys will be boys.”
1904,https://www.reddit.com/r/women/comments/1b4iqpo/boys_will_be_boys/,INCLUDE,,This duplicate reports that the author's abusive brother repeatedly hit her while their mother routinely excused him.
1905,https://www.reddit.com/r/offmychest/comments/1b4i37s/i_dont_know_what_to_do_anymore/,INCLUDE,,The author describes a brother repeatedly beating and degrading both him and their disabled mother and causing a fight-related back injury requiring emergency surgery.
1906,https://www.reddit.com/r/NarcissisticAbuse/comments/1b41yrb/golden_sibling_abuseisolation_of_disabled_sister/,INCLUDE,,"Although removed, the title identifies the author as a disabled sister experiencing abuse and isolation by a favored sibling; it duplicates the following detailed first-person account."
1907,https://www.reddit.com/r/DysfunctionalFamily/comments/1b41wf1/golden_sibling_abuseisolation_of_disabled_sister/,INCLUDE,,"The disabled author describes a favored brother's years of sabotage, triangulation, isolation from family, displacement from her home, and control over property and finances."
1908,https://www.reddit.com/r/roleplay_buddy/comments/1b3moj7/f4m_just_an_egirl_looking_for_a_sexually/,FALSE_POSITIVE,fiction_or_roleplay,"The title is a sexual roleplay solicitation for an aggressive-brother character, not a real-life account."
1909,https://www.reddit.com/r/Parenting/comments/1b3jham/self_defense_when_it_comes_to_sibling_bullying/,FALSE_POSITIVE,third_person_victim,"The removed post is in a parenting forum and asks generically about self-defense in sibling bullying, indicating a parent discussing children's conflict rather than the author's own sibling abuse."
1910,https://www.reddit.com/r/AmITheDevil/comments/1b3eznu/aita_for_inviting_my_abusive_brother/,FALSE_POSITIVE,repost_or_archive,"This blank post appears in a meta-judgment subreddit that republishes or comments on other AITA posts, so it is not a first-hand account from the original author."
1911,https://www.reddit.com/r/AmItheAsshole/comments/1b3d43w/aita_for_inviting_my_once_abusive_brother_to_my/,UNCERTAIN,insufficient_context,"The removed title calls the author's brother “once abusive” but does not identify whom he abused, so it cannot establish that the author personally was his victim."
1912,https://www.reddit.com/r/vermont/comments/1b3b25d/need_a_place_to_stay_until_my_partner_can_get_me/,INCLUDE,,"The author urgently seeks housing to escape a bad home with a mentally and verbally abusive sibling as well as abusive, controlling parents."
1913,https://www.reddit.com/r/Buddhism/comments/1b34nko/lessons_from_the_buddhist_on_death_row/,FALSE_POSITIVE,third_person_victim,The abusive-brother account is from a Buddhist teacher's published life story that the author is studying; the author's own extensive trauma narrative does not identify sibling abuse.
1914,https://www.reddit.com/r/NarcissisticAbuse/comments/1b2yao5/never_taking_accountability_accuses_me_of_being_a/,INCLUDE,,The author explicitly says she fought abuse from an “insanely creepy and abusive” brother during childhood while describing current partner abuse.
1915,https://www.reddit.com/r/emotionalneglect/comments/1b24dnr/sibling_abuse/,INCLUDE,,"The author says an older sister emotionally and physically abused her throughout life, that she remains scared of the sister, and that their parents never protected her."
1916,https://www.reddit.com/r/u_jjjjjjjjkhht/comments/1b1ytnc/narcissistic_emotional_abusive_dad_and_abusive/,INCLUDE,,"The first-person title identifies an abusive sister with anger problems, alongside an abusive father, as making the author suicidal."
1917,https://www.reddit.com/r/Advice/comments/1b1qawz/im_extremely_sensorially_sensitive_especially_to/,INCLUDE,,"The author attributes lasting sensory hyperarousal and chronic pain to sibling bullying, extreme spying, and mistreatment and says the male sibling's absence now provides some relief."
1918,https://www.reddit.com/r/Drugs/comments/1b1lxat/i_have_quit_weed_8_days_ago_and_i_have_a_lot_of/,INCLUDE,,"The author says an abusive brother repeatedly fought with and tried to stab them in childhood, and those experiences now recur in frightening withdrawal nightmares."
1919,https://www.reddit.com/r/confessions/comments/1b1d6fe/sibling_abuse/,INCLUDE,,"The author details lifelong mental and physical abuse by an older sister, including punches, slaps, forced door breaches, filming distress, theft, lies, and threats involving drug-using friends."
1920,https://www.reddit.com/r/roleplay_buddy/comments/1b1bw8e/m4f_abusive_brother_looking_to_use_sad_sister/,FALSE_POSITIVE,fiction_or_roleplay,The title solicits a sexual roleplay in which an abusive brother exploits a sad sister.
1921,https://www.reddit.com/r/raisedbynarcissists/comments/1b1a511/lcnc_with_mother_she_messaged_to_say_she_is/,INCLUDE,,The author has been no-contact with an abusive sister for two years and fears the mental-health impact of their mother visiting and staying with that sister.
1922,https://www.reddit.com/r/RolePlayWithoutLimits/comments/1b0zl7r/f4m_horny_egirl_looking_for_a_sexually_aggressive/,FALSE_POSITIVE,fiction_or_roleplay,The title is a sexual roleplay solicitation for an aggressive-brother character.
1923,https://www.reddit.com/r/askatherapist/comments/1b0vlxm/sibling_bullyinghow_do_i_fix_things/,UNCERTAIN,insufficient_context,"The deleted title concerns sibling bullying and “fixing things,” but does not establish whether the author was the victim, perpetrator, or a third-party helper."
1924,https://www.reddit.com/r/Advice/comments/1b0vl1i/sibling_bullying/,UNCERTAIN,insufficient_context,"The deleted, context-free title “Sibling Bullying” does not identify the people, direction, or whether the author was personally victimized."
1925,https://www.reddit.com/r/RealEventOCD/comments/1b0vjwl/sibling_bullying/,UNCERTAIN,insufficient_context,"The deleted, context-free title “Sibling Bullying” does not establish whether the author was the victim or the possible perpetrator."
1926,https://www.reddit.com/r/TrueOffMyChest/comments/1b0qnli/i_regret_not_calling_cps_on_my_abusive_sister/,INCLUDE,,The author reports that her sister slapped her and tried to push her down stairs while she defended a niece and adds that the sister abuses everyone in her life.
1927,https://www.reddit.com/r/AITAH/comments/1b0qn9z/aita_for_not_calling_cps_on_my_abusive_sister/,INCLUDE,,This duplicate says the sister slapped the author and tried to push her down stairs while the author attempted to protect a niece.
1928,https://www.reddit.com/r/amiwrong/comments/1b0qmrk/aiw_for_not_calling_cps_on_my_abusive_sister/,INCLUDE,,"Although removed, this duplicate corresponds to the adjacent account in which the author's sister slapped her and tried to push her down stairs while she defended a niece."
1929,https://www.reddit.com/r/teenagers/comments/1azescv/i_wish_sibling_abuse_had_more_representation/,INCLUDE,,The author says they were physically and mentally abused by a sibling for ten years and retain mental scars from severe mistreatment that no one stopped.
1930,https://www.reddit.com/r/askatherapist/comments/1az4ak4/i_29f_found_out_my_bf_31m_was_deep_into_trans/,INCLUDE,,The author reports childhood physical and emotional abuse by her brother and says she has since cut off that abusive brother.
1931,https://www.reddit.com/r/relationship_advice/comments/1az3lhv/i_29f_found_out_my_bf_31m_was_deep_into_trans/,INCLUDE,,This duplicate reports childhood physical and emotional abuse by the author's brother and later no contact with him.
1932,https://www.reddit.com/r/CPTSD/comments/1az2r7f/my_brother/,INCLUDE,,"The author says a drug-abusing brother joined others in bullying her, urged her to kill herself, threw gallons of water on her, and made home unsafe."
1933,https://www.reddit.com/r/raisedbynarcissists/comments/1ayse9s/parents_dropped_by_unannounced_after_4_yrs_nc/,INCLUDE,,"The author says an abusive sister tormented her for a week after surgery, leading to estrangement when their parents chose the sister."
1934,https://www.reddit.com/r/rant/comments/1ayoiac/im_so_sick_of_my_family_talking_to_me_about_my/,INCLUDE,,"The author details more than 15 years of physical and verbal abuse by a younger sister, including hitting, biting, destroyed belongings, alliance with school bullies, and statements encouraging the author's death."
1935,https://www.reddit.com/r/bipolar/comments/1aymxmb/bp1_and_a_lost_in_it/,FALSE_POSITIVE,wrong_relation,"The “abusive brother” is the author's father's brother, hence the author's uncle; the author's own brother is not described as abusing them."
1936,https://www.reddit.com/r/UnethicalLifeProTips/comments/1axldph/ulpt_request_my_older_abusive_brother_is_huge/,FALSE_POSITIVE,third_person_victim,"The author calls his older brother abusive and violent, but the concrete incident and injury involve the brother attacking a stepbrother while the author is far away; no abuse of the author is described."
1937,https://www.reddit.com/r/UnethicalLifeProTips/comments/1axjguz/ulpt_request_my_older_abusive_brother_is_huge/,FALSE_POSITIVE,third_person_victim,"This deleted duplicate concerns an abusive older brother's attack on the author's stepbrother, without evidence that the author was personally victimized."
1938,https://www.reddit.com/r/abusiverelationships/comments/1axii63/abusive_sister/,INCLUDE,,"The author describes a sister's degradation, destroyed property, suicidal taunts, unwanted touching, accusations, yelling, knife practice, and behavior that made her sleep with a knife and seek emergency care."
1939,https://www.reddit.com/r/ToxicFamilyMembers/comments/1axie0a/living_with_an_abusive_sister/,INCLUDE,,"This duplicate details a sister's degradation, destruction, suicidal taunts, unwanted touching, accusations, and threatening knife behavior that left the author afraid and trapped."
1940,https://www.reddit.com/r/FamilyLaw/comments/1axc0r0/abusive_brother_nycha_nyc/,INCLUDE,,"The author describes three years of a brother's verbal harassment, theft, lockouts, financial exploitation, deliberate sleep disruption, property sabotage, and mind games that make her unsafe and suicidal."
1941,https://www.reddit.com/r/FamilyLaw/comments/1axbwcr/abusive_brother_nycha_both_in_lease/,INCLUDE,,"This duplicate describes three years of a brother's harassment, theft, lockouts, financial exploitation, deliberate disruption, and mind games that make the author unsafe and suicidal."
1942,https://www.reddit.com/r/whatsthatbook/comments/1awy8z9/sisters_who_are_constantly_fighting_then_murder/,FALSE_POSITIVE,fiction_or_media,The aggressive sister and stabbing belong to the plot of a book the author is trying to identify.
1943,https://www.reddit.com/r/ptsd/comments/1awqgdk/does_anyone_else_experience_sensory_issues/,INCLUDE,,"The author says an abusive brother moved back in and is repeatedly threatening them, triggering severe anxiety, food avoidance, and near-total confinement to their room."
1944,https://www.reddit.com/r/okopshow/comments/1aw5yv2/my_family_is_basically_the_worlds_strangest/,INCLUDE,,"The author details lifelong physical abuse by her brother, including attempted drowning, daily beatings, and a later assault that left bruises, a broken nose, and loose teeth."
1945,https://www.reddit.com/r/Advice/comments/1av4wbw/looking_for_support_groups_for_sibling_abuse/,INCLUDE,,"The author reports horrific childhood abuse by an older brother beginning with forced bleach ingestion and including guns, knives, choking, and beatings until she fled at 18."
1946,https://www.reddit.com/r/heartbreak/comments/1ausysf/should_i_reach_out_for_closure/,INCLUDE,,The author says she had to leave home because of an abusive brother and rebuild her life alone in a new city.
1947,https://www.reddit.com/r/Vent/comments/1aulucg/abusive_sister/,INCLUDE,,"Although the body is removed, the post's first-person context and direct title identify the author's sister as abusive."
1948,https://www.reddit.com/r/emotionalabuse/comments/1aulbf7/does_my_girlfriend_have_bpd/,FALSE_POSITIVE,third_person_victim,"The person bullied by a brother in childhood is the author's girlfriend, listed as possible evidence for diagnosing her; this is not the author's sibling experience."
1949,https://www.reddit.com/r/BPDSOFFA/comments/1aul81t/does_my_girlfriend_have_bpd/,FALSE_POSITIVE,third_person_victim,"This duplicate lists the girlfriend's childhood bullying by her brother as diagnostic evidence, not the author's own sibling victimization."
1950,https://www.reddit.com/r/u_minitaq/comments/1aufv7o/my_two_kids_are_always_hitting_each_other_what/,FALSE_POSITIVE,generic_or_research,"This is a generic promotional parenting article about managing children's fights and includes advertising for a kidswear brand, not a personal sibling-abuse account."
1951,https://www.reddit.com/r/AMA/comments/1atycyd/i_lived_with_my_emotionally_abusive_brother_and/,INCLUDE,,The first-person title directly says the author lived for two years with an emotionally abusive brother and continues to feel guilt after the next roommate died by suicide.
1952,https://www.reddit.com/r/Teenager_Polls/comments/1atwu7v/do_you_think_sibling_abuse_is_real/,FALSE_POSITIVE,generic_or_research,"This is only a general poll asking whether sibling abuse is real, with no personal account."
1953,https://www.reddit.com/r/VoiceActing/comments/1athh9o/how_do_i_get_a_deeper_voice/,INCLUDE,,The author says he cut off an abusive brother seven years earlier and that hearing their identical voices constantly recalls the physical and emotional abuse he endured.
1954,https://www.reddit.com/r/Birmingham/comments/1at7grv/attorney_referrals/,INCLUDE,,"The author describes an estranged abusive brother who, as executor, allegedly helped liquidate and steal the author's share of their father's assets."
1955,https://www.reddit.com/r/TwoXIndia/comments/1at6zf8/abusive_sister_is_pregnant/,INCLUDE,,"The author says an older sister's constant yelling, anger, dysfunction, and refusal to acknowledge the damage ruined her childhood and drove her to suicidality."
1956,https://www.reddit.com/r/KieranDefenseSquad/comments/1at03ku/the_teal_mask_is_the_badly_written_story_of_a/,FALSE_POSITIVE,fiction_or_media,"This is analysis of Pokémon game characters, including a fictional emotionally abusive sister and bullied child."
1957,https://www.reddit.com/r/rant/comments/1asvoif/i_think_i_hate_my_mom_but_definitely_my_brother/,INCLUDE,,"The author reports that her brother sexually assaulted and repeatedly beat her until she bruised and bled, with another attempted attack as recently as age 18."
1958,https://www.reddit.com/r/CPTSD/comments/1aso4d2/tw_emotional_abuse_animal_abuse_violence_suicidal/,INCLUDE,,"The author describes growing up in fear of an aggressive, violent older brother, repeatedly fleeing or calling police, and later moving out again because she was too scared to live with him."
