subreddit,datetime_pst,matching_queries,post_link,score,title,body,media_url,review_row_index,classification,exclusion_reason,classification_rationale
TwoHotTakes,2025-04-29 08:24:26 PDT,abusive sister,https://www.reddit.com/r/TwoHotTakes/comments/1kaqmwr/my_parents_are_allowing_my_abusive_sister_to_live/,1,My Parents Are Allowing My Abusive Sister to Live With Us Over the Summer,[removed],,4,UNCERTAIN,INSUFFICIENT_CONTEXT,"The title calls the author's sister abusive and says she will live with them, but the removed body does not show whether the author was personally targeted."
india,2025-04-26 22:15:14 PDT,abused by brother,https://www.reddit.com/r/india/comments/1k8we8v/abused_by_brother/,1,Abused by brother,[removed],,15,UNCERTAIN,INSUFFICIENT_CONTEXT,"The title suggests a brother abused someone, but the removed body leaves both the narrator-victim identity and circumstances unconfirmed."
abusesurvivors,2025-04-24 10:23:18 PDT,sibling abuse,https://www.reddit.com/r/abusesurvivors/comments/1k6xxtb/sibling_abuse/,1,Sibling abuse,[removed],,25,UNCERTAIN,INSUFFICIENT_CONTEXT,"The generic title and removed body do not establish who was harmed, the relationship, or whether this was personal."
abusesurvivors,2025-04-21 13:32:45 PDT,sibling abuse,https://www.reddit.com/r/abusesurvivors/comments/1k4numi/sibling_abuse/,1,Sibling abuse ??,[removed],,37,UNCERTAIN,INSUFFICIENT_CONTEXT,“Sibling abuse?” plus a removed body does not reveal whether the author was the victim or even describe an event.
Dhaka,2025-04-20 20:24:18 PDT,abused by sister,https://www.reddit.com/r/Dhaka/comments/1k43yuh/20_year_old_male_gets_physically_abused_by_sister/,1,20 year old male gets physically abused by sister,[removed],,40,UNCERTAIN,INSUFFICIENT_CONTEXT,"The third-person title could describe the poster or another man, and the removed body provides no way to establish authorship or relation."
GlassChildren,2025-04-18 08:38:13 PDT,sibling abuse,https://www.reddit.com/r/GlassChildren/comments/1k27x0p/sibling_abuseaversion_to_sibling/,1,sibling abuse/aversion to sibling?,,https://www.reddit.com/r/CPTSD/comments/1k1xghi/sibling_abuseaversion_to_sibling/,46,UNCERTAIN,INSUFFICIENT_CONTEXT,"The title raises sibling abuse and aversion, but the entirely empty body gives no narrator, victim, or conduct details."
legaladvice,2025-04-16 10:13:03 PDT,abusive brother,https://www.reddit.com/r/legaladvice/comments/1k0prou/how_to_get_my_father_to_write_my_abusive_brother/,0,How to get my father to write my abusive brother out of his will,[deleted],,52,UNCERTAIN,INSUFFICIENT_CONTEXT,The title labels the author's brother abusive but seeks to change their father's will; the deleted body does not show whether the author was personally targeted.
abusesurvivors,2025-03-31 22:07:35 PDT,sibling abuse,https://www.reddit.com/r/abusesurvivors/comments/1jonumx/sibling_abuse_angry_confused_and_sad/,1,"Sibling abuse - angry, confused and sad",[removed],,113,UNCERTAIN,INSUFFICIENT_CONTEXT,"The emotional title suggests a personal survivor, but the removed body supplies no relation, victim, or incident details."
LifeAdvice,2025-03-29 09:24:35 PDT,violent brother,https://www.reddit.com/r/LifeAdvice/comments/1jmq07k/my_mother_want_me_to_read_a_text_at_my_violent/,1,My mother want me to read a text at my violent brother funeral TW,[removed],,120,UNCERTAIN,INSUFFICIENT_CONTEXT,"The title says the author's mother wants a funeral reading for a violent brother, but the removed body does not say whether his violence targeted the author."
abusesurvivors,2025-03-29 09:14:12 PDT,violent brother,https://www.reddit.com/r/abusesurvivors/comments/1jmprux/my_mother_want_me_to_read_a_text_at_my_violent/,1,My mother want me to read a text at my violent brother funeral,[removed],,121,UNCERTAIN,INSUFFICIENT_CONTEXT,"The title concerns being asked to speak at a violent brother's funeral, but no body remains to establish the author's own victimization."
LifeAdvice,2025-03-29 09:12:10 PDT,violent brother,https://www.reddit.com/r/LifeAdvice/comments/1jmpq6s/my_mother_want_me_to_read_a_text_at_my_violent/,1,My mother want me to read a text at my violent brother funeral,[removed],,122,UNCERTAIN,INSUFFICIENT_CONTEXT,The removed post gives only a funeral dilemma involving a violent brother and does not identify whom he harmed.
bisexual,2025-03-27 22:27:57 PDT,violent brother,https://www.reddit.com/r/bisexual/comments/1jlnxdr/biromantic_super_confused/,1,Biromantic? Super confused :(,"I (17f) am unsure if I’m bi. I’ve always been attracted to men, but ever since middle school,  my attraction towards them has been significantly decreasing. To the point that, now, I am repulsed by the idea of having a relationship with one, with a man. I only fantasize about having a relationship with a woman. Sexually I’m definitely attracted to men, MAYBE women if they’re super muscular (Vi or Sevika from Arcane, for example)- but other than that, I don’t find myself attracted to them. Is this even possible? For context I’m currently experiencing a heavily misogynistic father, who also happens to be abusive towards my mother, and a violent brother. I have never experienced or seen a healthy relationship, I don’t know what that looks like. Imm thinking that my bad experience with men may be what’s affecting my attraction, but Google told me otherwise. I am also currently on a low dose of Zoloft, and have already been diagnosed as OCD- so this may all be just a bad case of Sexual Orientation OCD.",,128,UNCERTAIN,INSUFFICIENT_CONTEXT,"The teenager calls her brother violent and links bad experiences with men to her sexuality, but never says whether his violence was directed at her."
HOCD,2025-03-27 22:26:19 PDT,violent brother,https://www.reddit.com/r/HOCD/comments/1jlnwiw/biromantic_super_confused/,1,Biromantic? Super confused :(,"I (17f) am unsure if I’m bi. I’ve always been attracted to men, but ever since middle school,  my attraction towards them has been significantly decreasing. To the point that, now, I am repulsed by the idea of having a relationship with one, with a man. I only fantasize about having a relationship with a woman. Sexually I’m definitely attracted to men, MAYBE women if they’re super muscular (Vi or Sevika from Arcane, for example)- but other than that, I don’t find myself attracted to them. Is this even possible? For context I’m currently experiencing a heavily misogynistic father, who also happens to be abusive towards my mother, and a violent brother. I have never experienced or seen a healthy relationship, I don’t know what that looks like. Imm thinking that my bad experience with men may be what’s affecting my attraction, but Google told me otherwise. I am also currently on a low dose of Zoloft, and have already been diagnosed as OCD. ",,129,UNCERTAIN,INSUFFICIENT_CONTEXT,"The author lives with a violent brother but provides no incident or target, leaving personal sibling victimization ambiguous."
Bahrain,2025-03-27 02:57:04 PDT,abusive sibling,https://www.reddit.com/r/Bahrain/comments/1jl0c5o/abusive_sibling_at_home/,1,Abusive sibling at home,[removed],,132,UNCERTAIN,INSUFFICIENT_CONTEXT,"The short title gives no narrator, victim, event, or specific relationship, and the body was removed."
JUSTNOFAMILY,2025-03-24 04:16:12 PDT,abusive brother,https://www.reddit.com/r/JUSTNOFAMILY/comments/1jio7ir/abusive_brother/,1,Abusive Brother,[removed],,142,UNCERTAIN,INSUFFICIENT_CONTEXT,"The generic title and removed body do not establish that the author, rather than someone else, was the brother's victim."
askatherapist,2025-03-06 05:00:32 PST,sibling abuse,https://www.reddit.com/r/askatherapist/comments/1j4uwrw/sibling_abuse/,1,Sibling abuse?,[removed],,217,UNCERTAIN,INSUFFICIENT_CONTEXT,The generic title and removed body do not establish whether the author personally experienced abuse by a sibling.
abusesurvivors,2025-03-03 17:12:20 PST,sibling abuse,https://www.reddit.com/r/abusesurvivors/comments/1j2ywrv/why_do_people_especially_parents_act_like_sibling/,1,Why do people especially parents act like sibling abuse isn't real?,,,222,UNCERTAIN,INSUFFICIENT_CONTEXT,"The question challenges denial of sibling abuse, but the empty body does not establish that the author personally experienced it."
MuslimMarriage,2025-02-28 08:55:56 PST,aggressive brother,https://www.reddit.com/r/MuslimMarriage/comments/1j0ce4f/rude_aggressive_brother/,1,Rude aggressive brother.,[removed],,233,UNCERTAIN,INSUFFICIENT_CONTEXT,The removed body and terse title do not show who the aggressive brother is harming or whether the conduct amounts to abuse of the author.
CPS,2025-02-21 08:27:41 PST,sibling abuse,https://www.reddit.com/r/CPS/comments/1iuux1c/sibling_abuse/,1,Sibling abuse,[removed],,258,UNCERTAIN,INSUFFICIENT_CONTEXT,"The generic title and removed body do not reveal whether the author is the sibling victim, another party, or asking generally."
NarcissisticAbuse,2025-02-02 18:04:06 PST,abusive sister,https://www.reddit.com/r/NarcissisticAbuse/comments/1ige5ww/abusive_sister/,1,Abusive sister,[removed],,351,UNCERTAIN,INSUFFICIENT_CONTEXT,The body is removed and the generic title does not establish whether the sister is the author's own or who she allegedly abused.
abusesurvivors,2025-02-01 08:34:01 PST,sibling abuse,https://www.reddit.com/r/abusesurvivors/comments/1ifa4h5/did_your_parents_permit_sibling_abuse/,1,Did your parents permit sibling abuse?,[removed],,355,UNCERTAIN,INSUFFICIENT_CONTEXT,The removed body and second-person question do not show whether the author personally endured sibling abuse or is asking generally.
MuslimCorner,2025-01-28 06:02:41 PST,abusive brother,https://www.reddit.com/r/MuslimCorner/comments/1ic27xh/verbally_abusive_brother/,1,Verbally abusive brother,[removed],,369,UNCERTAIN,INSUFFICIENT_CONTEXT,The body is removed and the generic title does not establish whose brother this is or whether the author is the target.
LawPH,2025-01-08 17:06:41 PST,sibling abuse,https://www.reddit.com/r/LawPH/comments/1hx0kgm/sibling_abuse/,1,Sibling Abuse,[removed],,464,UNCERTAIN,INSUFFICIENT_CONTEXT,The generic title and removed body do not reveal whether the author is a sibling victim or asking a legal question for someone else.
RandomThoughts,2025-01-06 03:52:51 PST,abusive brother,https://www.reddit.com/r/RandomThoughts/comments/1huxaw3/is_it_fair_if_your_parents_give_birth_to_you_just/,1,Is it fair if your parents give birth to you just so that you entertain a physical abusive brother?,,,473,UNCERTAIN,INSUFFICIENT_CONTEXT,"The empty, second-person rhetorical title may reflect personal experience but does not clearly identify the author as the physically abusive brother's victim."
TwoXIndia,2025-01-04 05:21:18 PST,abusive sibling,https://www.reddit.com/r/TwoXIndia/comments/1hte8zv/how_do_you_deal_with_an_abusive_sibling/,1,How Do You Deal with an Abusive Sibling?,[deleted],,479,UNCERTAIN,INSUFFICIENT_CONTEXT,The body is deleted and the general question does not clearly establish that the author personally has an abusive sibling.
PrayerRequests,2024-12-29 20:38:55 PST,bullied by brother,https://www.reddit.com/r/PrayerRequests/comments/1hpf6g4/bullied_by_brother_sister_committed_suicide/,3,Bullied by brother sister committed suicide,[deleted],,505,UNCERTAIN,INSUFFICIENT_CONTEXT,The deleted body and unpunctuated title do not clarify whether the author was bullied by a brother or is describing a sister's experience and death.
offmychest,2024-11-30 19:41:10 PST,sibling abuse,https://www.reddit.com/r/offmychest/comments/1h3ub90/sibling_abuse/,1,Sibling abuse ,[removed],,664,UNCERTAIN,INSUFFICIENT_CONTEXT,"The generic title “Sibling abuse” and removed body do not reveal whether the author is a victim, perpetrator, witness, or discussing the subject abstractly."
relationships,2024-11-05 09:29:55 PST,violent brother,https://www.reddit.com/r/relationships/comments/1gkc6j5/i_dont_know_what_to_do_violent_brother_49m/,1,"I don't know what to do, violent brother 49M, elderly mom 74F",[removed],,769,UNCERTAIN,INSUFFICIENT_CONTEXT,"The removed post's title identifies a violent brother and an elderly mother but does not show whether the author is a victim, only a concerned witness, or seeking help for the mother."
AusLegal,2024-11-01 19:41:32 PDT,abusive sibling,https://www.reddit.com/r/AusLegal/comments/1ghmtpo/abusive_sibling/,1,Abusive sibling,[removed],,797,UNCERTAIN,INSUFFICIENT_CONTEXT,"The generic title “Abusive sibling” and removed body do not establish whether the author is the sibling's victim, a witness, a perpetrator, or discussing another person."
abusesurvivors,2024-10-24 21:37:50 PDT,sibling abuse,https://www.reddit.com/r/abusesurvivors/comments/1gbm87p/sibling_abuse_resources/,1,Sibling Abuse Resources? ,[removed],,839,UNCERTAIN,INSUFFICIENT_CONTEXT,"The generic title asks for sibling-abuse resources, but the removed body does not establish that the author personally experienced abuse by a sibling."
Advice,2024-10-20 12:27:50 PDT,aggressive sister,https://www.reddit.com/r/Advice/comments/1g86tj0/aggressive_sister_with_depression/,1,Aggressive sister with depression ,[deleted],,856,UNCERTAIN,INSUFFICIENT_CONTEXT,The deleted body and generic title do not show whether the sister was aggressive toward the author or whether the conduct rose to mistreatment or abuse.
entitledparents,2024-10-11 07:07:43 PDT,violent brother,https://www.reddit.com/r/entitledparents/comments/1g1anbc/my_mother_want_me_to_read_a_text_at_my_violent/,1,My mother want me to read a text at my violent brother funeral,[removed],,887,UNCERTAIN,INSUFFICIENT_CONTEXT,"The title calls the author's late brother violent, but the removed body does not establish that he directed violence or abuse toward the author."
Advice,2024-10-11 06:58:20 PDT,violent brother,https://www.reddit.com/r/Advice/comments/1g1afje/my_mother_want_me_to_read_a_text_at_my_violent/,1,My mother want me to read a text at my violent brother funeral,[removed],,888,UNCERTAIN,INSUFFICIENT_CONTEXT,"The title calls the author's late brother violent, but the removed body does not establish that he directed violence or abuse toward the author."
Advice,2024-10-11 03:58:29 PDT,violent brother,https://www.reddit.com/r/Advice/comments/1g172o6/my_mother_want_me_to_read_a_text_at_my_violent/,1,My mother want me to read a text at my violent brother funeral,[removed],,889,UNCERTAIN,INSUFFICIENT_CONTEXT,"The title calls the author's late brother violent, but the removed body does not establish that he directed violence or abuse toward the author."
Advice,2024-10-11 03:32:50 PDT,violent brother,https://www.reddit.com/r/Advice/comments/1g16p28/my_mother_want_me_to_read_a_text_at_my_violent/,1,My mother want me to read a text at my violent brother funeral,[removed],,890,UNCERTAIN,INSUFFICIENT_CONTEXT,"The title calls the author's late brother violent, but the removed body does not establish that he directed violence or abuse toward the author."
Advice,2024-10-11 01:20:49 PDT,violent brother,https://www.reddit.com/r/Advice/comments/1g14xyy/my_mother_want_me_to_read_a_text_at_my_violent/,2,My mother want me to read a text at my violent brother funeral,[removed],,891,UNCERTAIN,INSUFFICIENT_CONTEXT,"The title calls the author's late brother violent, but the removed body does not establish that he directed violence or abuse toward the author."
LifeAdvice,2024-10-11 01:11:59 PDT,violent brother,https://www.reddit.com/r/LifeAdvice/comments/1g14u1h/my_mother_want_me_to_read_a_text_at_my_violent/,1,My mother want me to read a text at my violent brother funeral,[removed],,892,UNCERTAIN,INSUFFICIENT_CONTEXT,"The title calls the author's late brother violent, but the removed body does not establish that he directed violence or abuse toward the author."
relationships_advice,2024-09-25 18:59:11 PDT,aggressive sister,https://www.reddit.com/r/relationships_advice/comments/1fplefn/is_this_a_normal_reaction/,1,Is this a normal reaction?,"The girl I’m dating was hungry this morning I offered her a plate of the food I made the night prior for dinner she declined and said maybe later. Fast forward to this afternoon when she dropped me off from the movies I went directly to the bathroom for some time to have heard a knock on the door it was her she asks why im not answer the phone apparently she called 9 times back to back and left 4 messages as she waiting in the car for a response for abt 10 minutes before knocking. I ask what’s wrong she says she wants the plate of food. I give it to her but then tell her how that response / reaction left me unsettled because it was extreme. She then said she hates when I make her feel “like this” and said it’s weird for me to feel that was an uncalled for and off response. 

Am I the weird one?

Back up information: my estranged aggressive sister was sleeping on the couch and I was trying to get her to understand that the reaction i received was more fit for an emergency not a plate of food. ",,946,UNCERTAIN,INSUFFICIENT_CONTEXT,The author mentions an estranged aggressive sister only as background; no conduct by the sister or harm toward the author is described.
AITAH,2024-09-16 01:52:43 PDT,abusive brother,https://www.reddit.com/r/AITAH/comments/1fhzujh/abusive_brother/,0,Abusive Brother,[deleted],,990,UNCERTAIN,INSUFFICIENT_CONTEXT,"Only “Abusive Brother” remains, so it is unclear who was abused or whether this is the author's firsthand account."
abusesurvivors,2024-09-14 17:20:14 PDT,sibling abuse,https://www.reddit.com/r/abusesurvivors/comments/1fgzz4i/is_sibling_abuse_a_thing/,1,Is sibling abuse a thing?,[removed],,997,UNCERTAIN,INSUFFICIENT_CONTEXT,The body was removed and the generic question “Is sibling abuse a thing?” does not establish a personal victim account.
Vent,2024-09-10 21:23:45 PDT,sibling abuse; sibling bullying,https://www.reddit.com/r/Vent/comments/1fe1oht/sibling_abuse_sibling_bullying_why_is_it_so_hard/,1,Sibling Abuse/ Sibling Bullying:  why is it so hard??,[removed],,1007,UNCERTAIN,INSUFFICIENT_CONTEXT,The removed body and generic title about sibling abuse/bullying do not establish that the author is a victim.
depressionmeals,2024-09-03 15:18:31 PDT,abusive sister,https://www.reddit.com/r/depressionmeals/comments/1f8d2y8/my_abusive_sister_is_tearing_my_family_apart_my/,1,"My abusive sister is tearing my family apart, my dad doesn't want to be here or stay around anymore, my parents really need to divorce but they won't, I'm starting to fall behind on school, I have no real friends &amp; lack a social life ",Peach tea and salmon bits.,https://i.redd.it/qw2ziw8q5omd1.jpeg,1034,UNCERTAIN,INSUFFICIENT_CONTEXT,"The title calls the sister abusive and says she is tearing the family apart, but the food-only body gives no victim or conduct details."
NarcissisticAbuse,2024-09-02 22:03:58 PDT,abusive sibling,https://www.reddit.com/r/NarcissisticAbuse/comments/1f7rtn8/abusive_sibling_needs_to_leave_my_parents_house/,1,Abusive sibling needs to leave my parents house,[removed],,1038,UNCERTAIN,INSUFFICIENT_CONTEXT,"The body was removed, and “abusive sibling needs to leave my parents house” does not show whether the author was abused."
islam,2024-08-25 21:08:44 PDT,abusive brother,https://www.reddit.com/r/islam/comments/1f1fcz4/abusive_brother/,1,Abusive brother ,[removed],,1085,UNCERTAIN,INSUFFICIENT_CONTEXT,"Only the generic title “Abusive brother” remains, so neither victim nor conduct can be established."
AskReddit,2024-08-21 23:16:27 PDT,abusive sibling,https://www.reddit.com/r/AskReddit/comments/1eyc8n5/how_do_you_deal_with_a_mentally_abusive_sibling/,1,"How do you deal with a mentally abusive sibling, that you love very much?",,,1099,UNCERTAIN,INSUFFICIENT_CONTEXT,The context-free question about “a mentally abusive sibling” does not establish that the author is describing their own victimization.
rant,2024-08-18 12:54:17 PDT,abusive sister,https://www.reddit.com/r/rant/comments/1evi8ra/abusive_sister/,1,Abusive sister ,[deleted],,1123,UNCERTAIN,INSUFFICIENT_CONTEXT,"Only the generic title “Abusive sister” remains, so the victim and conduct cannot be established."
india,2024-08-15 00:22:04 PDT,abusive brother,https://www.reddit.com/r/india/comments/1esp0p5/abusive_brother/,1,abusive brother ,[removed],,1140,UNCERTAIN,INSUFFICIENT_CONTEXT,"Only the generic title “abusive brother” remains, leaving the victim and conduct unknown."
legaladvice,2024-08-14 21:52:30 PDT,aggressive brother,https://www.reddit.com/r/legaladvice/comments/1esmon9/aggressive_brother_need_legal_advice_asap/,1,"Aggressive Brother, need legal advice ASAP","My wife and I have been taking in home care of her elderly father, if things got violent within the home (we are residents here with mail coming here) would I be liable if I hit him inside our house (or he hit me and I reacted) things have gotten pretty bad with our relationship so I’m wondering who would be in the wrong.",,1142,UNCERTAIN,INSUFFICIENT_CONTEXT,"The title says “aggressive brother,” but the body only asks about hitting an unnamed man while caring for the wife's father, so the relation is unclear."
TooAfraidToAsk,2024-08-06 12:29:54 PDT,sibling abuse,https://www.reddit.com/r/TooAfraidToAsk/comments/1elqtlw/can_a_sibling_abuse_you_physically_or_verbally/,1,Can a sibling abuse you physically or verbally?,If they can what can you do about it if you still live at home ,,1181,UNCERTAIN,INSUFFICIENT_CONTEXT,The generic question about whether a co-resident sibling can be abusive does not explicitly establish a personal experience.
Parenting,2024-07-24 05:07:16 PDT,abusive brother,https://www.reddit.com/r/Parenting/comments/1eazt3j/i_wish_families_still_helped_eachother_out/,1,I wish families still helped eachother out,"I'm going to preface this with I know grandparents have their own lives, as they should. They earned it. 

But holy shit there is zero support! We made the decision to love close for family support and it's been a 1 way street with my mom 95% of the time. She will rarely watch the kids, if she does she wants it at her house. Which is fine other than my drug addicted physically/vebaly (and in the past sexualy) abusive brother is there and we don't allow my kids in the house with him without a parent present 100% of the time. And she sees us as the bad guys. 

I had a important dr appointment today and asked for 1 hour of help. But she can't, because my 35 yo brother is overwhelming her so she has to get her nails done.


I work full time and have no friends, my family is a mess because of my brother (who is also the golden child and can do no wrong......). 


My dad offered to help with the kids but I didn't realize that my mom had told him not to and that he shouldn't concern himself with it, even though the appointment is for something potentially life-threatening but I had to reschedule it and take a day off work instead when I'm already put of PTO and I've told everyone my husband won't have a paycheck next month, so we are struggling. 

The town I live in sucks, there is zero community. Even our church doesn't offer support for moms. I'm pregnant and struggling hard. I'm tempted to move back up north where I used to live. My mom's not even home half the time since they have a vacation home on the other side of the world and keep asking us to drop 10grand on plane tickets like it's NBD and come visit them. 


And on top if it, I'm now the bad guy because I said I didn't want to join them this week for dinner qt their house. I'm a little salty that my mom refused to help, told my dad not to help, then wants us to make the 45 minute drive and give up our Sunday for dinner at their house when I've said 100x I'm not really eating bc everything makes me sick with this pregnancy. I've offered them to come here so many times and she won't. She said she's put a lot of money into her home to make it nice. 

Her excuse for never wanting to help is ""her mom was shitty and never helped so I need to do it on my own as well"". I just wish I had one ounce of support outside of my hisband. He's amazing and incredibly helpful and I am so fortunate to have him. But shit this is hard and lonely still. As soon as the baby is born my mom is planning to leave to ger vacation home and Mt husband works an hour away. I've had horrible PPD/PPA in the past and I already am so stressed about being alone for 3 months with all the kids for 12 hours a day. 

I'm sorry to vent. I sound like a super shitty person but I'm feeling incredibly frustrated. I just want to move my kids to.somewherw we ACTUALLY want to live with a good community and plant roots there and be there for my kids as they get older. ",,1239,UNCERTAIN,INSUFFICIENT_CONTEXT,"The author calls her brother physically, verbally, and formerly sexually abusive but only specifies risk to her children, not whether she was his victim."
awwwtf,2024-07-19 01:26:20 PDT,aggressive sibling,https://www.reddit.com/r/awwwtf/comments/1e6yqml/aggressive_sibling/,1,Aggressive sibling ,[removed],,1257,UNCERTAIN,INSUFFICIENT_CONTEXT,"The removed body and generic title “Aggressive sibling” do not identify a human author, relation, victim, or conduct."
LifeAdvice,2024-07-10 09:11:43 PDT,violent brother,https://www.reddit.com/r/LifeAdvice/comments/1dzzomq/help_my_with_this_options/,2,Help my with this options,"
Hi everyone
Thanks in advance for reading it. I hope your suggestions.
This is my situation:
I'm a 40 years old teacher with a joke salary that forced me living with my toxic mother and my young  violent brother. I'm single and the only degree I get is an acting one that allows me teach drama in school. My degree doesn't mean anything in my city and in my country. My bigger achievement as an actor was getting a speaking role in a local movie. I have pass through depression and anxiety. It seems like here is no future for my in my city.
When I was a teenager my dream was becoming a traveler. Left my country and travel the world, but I never did it. I visit some countries yes, but not in a backpack low budget traveler way.
So I just see 3 option now 
1. I keep in this place waiting for some change 
2. I take my savings, my backpack,  my tent and my sleeping bag and start a long trip to discover myself and search for new opportunities 
3. Any other things that you guys suggests ",,1301,UNCERTAIN,INSUFFICIENT_CONTEXT,"The author lives with a younger brother described only as violent, without saying whom he is violent toward or whether he has mistreated the author."
LifeAdvice,2024-07-10 09:09:35 PDT,violent brother,https://www.reddit.com/r/LifeAdvice/comments/1dzzmpm/help_my_with_this_options/,1,Help my with this options,"Options 

Hi everyone
Thanks in advance for reading it. I hope your suggestions.
This is my situation:
I'm a 40 years old teacher with a joke salary that forced me living with my toxic mother and my young  violent brother. I'm single and the only degree I get is an acting one that allows me teach drama in school. My degree doesn't mean anything in my city and in my country. My bigger achievement as an actor was getting a speaking role in a local movie. I have pass through depression and anxiety. I have serious suicidal tendencies. I tried to do that, but luckily I've failed. It seems like here is no future for my in my city.
When I was a teenager my dream was becoming a traveler. Left my country and travel the world, but I never did it. I visit some countries yes, but not in a backpack low budget traveler way.
So I just see 3 option now 
1. I keep in this place waiting for some change 
2. I take my savings, my backpack,  my tent and my sleeping bag and start a long trip to discover myself and search for new opportunities 
3. Any other things that you guys suggests ",,1302,UNCERTAIN,INSUFFICIENT_CONTEXT,"The author's co-resident younger brother is called violent, but the post supplies no incident or direct victim identifying sibling abuse of the author."
LifeAdvice,2024-07-10 09:02:46 PDT,violent brother,https://www.reddit.com/r/LifeAdvice/comments/1dzzgj4/options/,1,Options ,"Hi everyone
Thanks in advance for reading it. I hope your suggestions.
This is my situation:
I'm a 40 years old teacher with a joke salary that forced me living with my toxic mother and my young  violent brother. I'm single and the only degree I get is an acting one that allows me teach drama in school. My degree doesn't mean anything in my city and in my country. My bigger achievement as an actor was getting a speaking role in a local movie. I have pass through depression and anxiety. I have serious suicidal tendencies. I tried to do that, but luckily I've failed. It seems like here is no future for my in my city.
When I was a teenager my dream was becoming a traveler. Left my country and travel the world, but I never did it. I visit some countries yes, what not in a backpack low budget traveler way.
So I just see 3 option now 
1. I keep in this place waiting for some change 
2. The worst option. The no life one
And
3. I take my savings, my backpack,  my tent and my sleeping bag and start a long trip to discover myself and search for new opportunities ",,1303,UNCERTAIN,INSUFFICIENT_CONTEXT,"The author calls the younger brother violent while discussing life options, but does not state that the brother directed violence or abuse at the author."
raisedbynarcissists,2024-07-07 02:58:32 PDT,violent brother,https://www.reddit.com/r/raisedbynarcissists/comments/1dxd19i/tired_of_being_a_parent_to_parents/,5,Tired of being a parent to parents ,"In so tired of being a parent to my parents, I get no emotional support back and never have - which I know is typical of nparents, but I need to get this off my chest even though I have no expectations from them. 

I am the strong one, the emotionally responsible one. I guide my mum and support her even though she shows no interest in what I do and never has. She complains about her family and relatives to me, but never tells me the whole story. She emotionally dumps on me and takes my energy. 
I'm constantly amazed how mature I am in comparison and I'm amazed how I manage to lead a fulfilling and healthy life despite their shit. 

My dad is emotionally and verbally abusive, and my mum is scared of him/loves him. She defends him and my violent brother.
My brother takes up all her emotional energy, he has severe mental health isssues and she has no reservations in giving him her all. 

I have so much guilt in looking out for her and supporting her... she's like a lost girl and I feel strong like her mother. She compares me to her mother and get jealous that I'm smarter than her (sorry if that sounds bad, I'm just tired of it, I'm tired of walking in eggshells for using words she feels intimidated by such as ""advocate"") 

My dad offers me no interest or anything, but somehow that's easier to digest because I don't like him. 

To be parentified is neglect and exhausting. It's isolating and erodes my sense of self. It makes me feel I don't and can't have a life if I get too sucked in. 
 ",,1317,UNCERTAIN,INSUFFICIENT_CONTEXT,"The author calls a brother violent and says their mother defends him, but describes no conduct by him toward the author; the direct abuse detailed is from the father and parents."
abusesurvivors,2024-07-07 00:02:49 PDT,sibling abuse,https://www.reddit.com/r/abusesurvivors/comments/1dxai9i/sibling_abuse_and_suppressed_memory_of_other/,1,Sibling abuse and suppressed memory of other possible abuse,[deleted],,1318,UNCERTAIN,INSUFFICIENT_CONTEXT,"The deleted body leaves only a broad title about sibling abuse and a possibly suppressed memory, without enough context to establish the poster as the sibling victim."
india,2024-07-05 11:23:42 PDT,abusive brother,https://www.reddit.com/r/india/comments/1dw4qq9/urgently_help_needed_please_abusive_brother/,1,!!!!!! URGENTLY HELP NEEDED!!!!! PLEASE. Abusive brother. ,[removed],,1325,UNCERTAIN,INSUFFICIENT_CONTEXT,"The urgent title says only “abusive brother” and the body is removed, so it cannot establish whether the poster is the brother's victim rather than another concerned person."
TrueOffMyChest,2024-06-28 13:07:12 PDT,abusive brother,https://www.reddit.com/r/TrueOffMyChest/comments/1dqsxfk/abusive_brother/,1,Abusive Brother ,[removed],,1357,UNCERTAIN,INSUFFICIENT_CONTEXT,"The removed post leaves only the generic title “Abusive Brother,” with no indication of whose brother he is or whether the author is the victim."
relationships,2024-06-26 22:42:12 PDT,abusive brother,https://www.reddit.com/r/relationships/comments/1dpjw1k/abusive_brother/,1,Abusive Brother,[removed],,1369,UNCERTAIN,INSUFFICIENT_CONTEXT,"The removed body leaves only the generic title “Abusive Brother,” without identifying the author as that brother's victim."
autism,2024-06-24 07:29:50 PDT,abusive brother,https://www.reddit.com/r/autism/comments/1dneuut/im_autistic_and_adhd_and_was_recently_pushed_out/,1,I’m autistic and adhd and was recently pushed out a community for coming across “too allistic”😭😫,"*This is a sort of a vent but it also discusses some topics that may trigger some people.* *(abuse, aggression, ableism, bodily harm).*

As a child and teen, I was mostly ignored, my aggressive and criminally abusive brother took all of my parents time, money and attention. We were poor, so every time my brother needed bailing out (literally), the whole family didn’t eat. I had to do a lot by myself, I felt overwhelmed 99% of the time, had no real friends. If I did anything “autistic” outside of class, the bigger kids would beat me to a pulp. Any of the signs of autism/adhd were considered “bad behaviour”. If I “acted out” in class it would land me in the headmaster’s office. There was no escape. My grandma was the only one who came to the school for me. I was terrified.

So when I come across people acting like there’s some sort of privilege to be had by being autistic/adhd or that they have any kind of right to call others out on what is the “right” way for someone with adhd/autism to be bEcAuSe ThE DsM SAiD, I find it bewildering. I was literally trained my entire life to do the opposite. To hide it all away deep down in a box that sits somewhere between my chest and my soul that explodes into the worst meltdowns (I know, healthy!)

I’m actually diagnosed level 2 asd (is it called asc now?) but with how successfully I mask, most people assume I’m level 1 or barely that. My needs come out later when i’m in my own space and can’t even feed myself. 🫠 My psychiatrist also wrote on my notes “very severe adhd”. She told me in person i’m the most controlled person considering how bad it is. (That’s because I also have ptsd and am terrified to show anyone my reality!)

 My point is; BE👏NICE👏TO👏PEOPLE 👏YOU👏DON’T👏KNOW👏WHAT👏THEY’RE👏GOING👏THROUGH

Some people have had to force down certain behaviours for their own safety!!! Coming across allistic was/is torture or me, i’d hurt myself in bathroom stalls screaming into my hands and stimming way too hard. That was my entire childhood, teens and early adulthood - so a long time!!! Fortunately, I can be myself now around my closest people, i’m peaceful and have a nice circle but even now i’ll still get moments in public where I have to leave bc I think someone will hit me or shout at me just for stimming.

THIS👏IS👏REAL

It’s not a game. And it affects real people. 
Stop overstudying the dsm and pushing out people who just want to find some solidarity! 

I just want people to think. 🤔 ",,1382,UNCERTAIN,INSUFFICIENT_CONTEXT,The author calls a brother aggressive and criminally abusive but only specifies the brother draining parental resources; the physical abuse described was by unrelated older children.
dustythunder,2024-06-20 11:23:28 PDT,abusive brother,https://www.reddit.com/r/dustythunder/comments/1dkint3/aitah_for_not_wishing_my_dad_a_happy_fathers_day/,1,AITAH for not wishing my dad a Happy Father’s Day?,"I want to give some context of my childhood before diving into my story. My father was a physically abusive man. All he cared about was for my brother (33 male) and I (31 female) to be superstar athletes. From the age of 8 I was running on treadmills to get in shape, playing on several select basketball and softball teams at once, was not allowed to have friends or do anything else outside of the sports HE chose for us, etc. By the time my brother and I were in middle school, it was mandatory for us to run on the treadmill before school for at least an hour, have our practices/games, and then come home and run on the treadmill for another hour (at least) before going to bed. If we didn’t “comply” my dad would beat the crap out of us. We’ve had numerous injuries from him, but no one suspected anything because my dad would tell people it was just from the sports we were playing. My brother turned out just like my dad, being an abusive POS, whereas I grew up seeing what I didn’t want to be and received therapy to unlearn abusive behaviors/heal from my traumatic upbringing. I have 3 beautiful kids and they are all very well behaved and I have parented successfully without ever laying a finger on them. I let them be who they want to be and accept them for all that they are. 

Now to the story! My 31st birthday was at the beginning of the month. I have low contact with my dad, but ever since I was a kid my dad NEVER remembered my birthdays. He has told me “why do I need to celebrate the day you were born?” However, my brother gets taken to concerts and baseball games and anything else he wants to do. So to no surprise to me, my dad did not even text me a happy birthday this year. 2 days after my birthday, I get a random text from him saying something entirely not related, to which I responded with, “you forgot my birthday two days ago.” He responded, “sorry, hope it was a good one.” 

So when Father’s Day came, my husband told me “just don’t say anything to him, he can’t even remember your birthday every year.” So that’s what I did. Two days after Father’s Day, my dad calls me about something else entirely but then asked me why I didn’t say anything to him. I told him that since he never remembers my birthday, but can always do something for my deadbeat/abusive brother, I just didn’t want to say happy Father’s Day. He then said, “what, you think I like your brother better? That’s self absorbed.” I then quickly ended the phone conversation and cried to my husband for about 10 min. I’ve been thinking about this conversation a lot this week and just wanted to see if I’m TA and should apologize to my dad. My husband thinks I should cut contact and even asked me why I’m still trying to seek approval from my dad. I don’t think I’m trying to see approval, but just want to be accepted for the daughter he has and not the daughter he wanted. I was better at sports than my brother was so I got a lot more attention than my brother did, but I never wanted it. It meant extra training for me, more beatings, etc. 

So AITAH?",,1401,UNCERTAIN,INSUFFICIENT_CONTEXT,The author calls their brother abusive but gives no conduct by him toward the author; the detailed physical abuse was inflicted on both siblings by their father.
AITAH,2024-06-20 10:47:38 PDT,abusive brother,https://www.reddit.com/r/AITAH/comments/1dkhsh7/aitah_for_not_wishing_my_dad_a_happy_fathers_day/,1,AITAH for not wishing my dad a Happy Father’s Day?,"I want to give some context of my childhood before diving into my story. My father was a physically abusive man. All he cared about was for my brother (33 male) and I (31 female) to be superstar athletes. From the age of 8 I was running on treadmills to get in shape, playing on several select basketball and softball teams at once, was not allowed to have friends or do anything else outside of the sports HE chose for us, etc. By the time my brother and I were in middle school, it was mandatory for us to run on the treadmill before school for at least an hour, have our practices/games, and then come home and run on the treadmill for another hour (at least) before going to bed. If we didn’t “comply” my dad would beat the crap out of us. We’ve had numerous injuries from him, but no one suspected anything because my dad would tell people it was just from the sports we were playing. My brother turned out just like my dad, being an abusive POS, whereas I grew up seeing what I didn’t want to be and received therapy to unlearn abusive behaviors/heal from my traumatic upbringing. I have 3 beautiful kids and they are all very well behaved and I have parented successfully without ever laying a finger on them. I let them be who they want to be and accept them for all that they are. 

Now to the story! My 31st birthday was at the beginning of the month. I have low contact with my dad, but ever since I was a kid my dad NEVER remembered my birthdays. He has told me “why do I need to celebrate the day you were born?” However, my brother gets taken to concerts and baseball games and anything else he wants to do. So to no surprise to me, my dad did not even text me a happy birthday this year. 2 days after my birthday, I get a random text from him saying something entirely not related, to which I responded with, “you forgot my birthday two days ago.” He responded, “sorry, hope it was a good one.” 

So when Father’s Day came, my husband told me “just don’t say anything to him, he can’t even remember your birthday every year.” So that’s what I did. Two days after Father’s Day, my dad calls me about something else entirely but then asked me why I didn’t say anything to him. I told him that since he never remembers my birthday, but can always do something for my deadbeat/abusive brother, I just didn’t want to say happy Father’s Day. He then said, “what, you think I like your brother better? That’s self absorbed.” I then quickly ended the phone conversation and cried to my husband for about 10 min. I’ve been thinking about this conversation a lot this week and just wanted to see if I’m TA and should apologize to my dad. My husband thinks I should cut contact and even asked me why I’m still trying to seek approval from my dad. I don’t think I’m trying to see approval, but just want to be accepted for the daughter he has and not the daughter he wanted. I was better at sports than my brother was so I got a lot more attention than my brother did, but I never wanted it. It meant extra training for me, more beatings, etc. 

So AITAH?",,1402,UNCERTAIN,INSUFFICIENT_CONTEXT,"This duplicate calls the brother abusive without saying whom he abused, while all concrete violence toward the author is attributed to the father."
legaladvice,2024-05-29 16:08:28 PDT,abused by brother,https://www.reddit.com/r/legaladvice/comments/1d3pgjd/disabled_homeless_senior_woman_financially/,1,"Disabled homeless senior woman financially, emotionally abused by brother",[removed],,1504,UNCERTAIN,INSUFFICIENT_CONTEXT,"The removed post's headline describes a disabled homeless senior woman abused by her brother, but does not reveal whether that woman is the Reddit author or a third party."
JUSTNOFAMILY,2024-05-25 02:08:23 PDT,abusive sister,https://www.reddit.com/r/JUSTNOFAMILY/comments/1d07z06/abusive_sister/,1,Abusive sister,[removed],,1524,UNCERTAIN,INSUFFICIENT_CONTEXT,"The removed body leaves only the generic title “Abusive sister,” without establishing who the victim is or even whose sister she is."
NoStupidQuestions,2024-05-11 00:30:53 PDT,abusive sister,https://www.reddit.com/r/NoStupidQuestions/comments/1cpbxmp/abusive_sister/,1,abusive sister,[removed],,1575,UNCERTAIN,INSUFFICIENT_CONTEXT,"The removed body leaves only the generic title “abusive sister,” without identifying the poster as the victim."
abusiverelationships,2024-04-28 23:09:54 PDT,abusive sister,https://www.reddit.com/r/abusiverelationships/comments/1cfrxgv/abusive_sister_and_ignorant_parents/,1,Abusive sister and ignorant parents,[removed],,1617,UNCERTAIN,INSUFFICIENT_CONTEXT,"The removed body leaves only a generic title about an abusive sister and ignorant parents, without enough context to establish the poster as the victim."
AmItheAsshole,2024-02-29 14:14:36 PST,abusive brother,https://www.reddit.com/r/AmItheAsshole/comments/1b3d43w/aita_for_inviting_my_once_abusive_brother_to_my/,28,AITA for inviting my once abusive brother to my daughter’s birthday party? ,[removed],,1911,UNCERTAIN,INSUFFICIENT_CONTEXT,"The removed title calls the author's brother “once abusive” but does not identify whom he abused, so it cannot establish that the author personally was his victim."
askatherapist,2024-02-26 14:56:33 PST,sibling bullying,https://www.reddit.com/r/askatherapist/comments/1b0vlxm/sibling_bullyinghow_do_i_fix_things/,0,Sibling Bullying—how do I fix things?,[deleted],,1923,UNCERTAIN,INSUFFICIENT_CONTEXT,"The deleted title concerns sibling bullying and “fixing things,” but does not establish whether the author was the victim, perpetrator, or a third-party helper."
Advice,2024-02-26 14:55:33 PST,sibling bullying,https://www.reddit.com/r/Advice/comments/1b0vl1i/sibling_bullying/,1,Sibling Bullying,[deleted],,1924,UNCERTAIN,INSUFFICIENT_CONTEXT,"The deleted, context-free title “Sibling Bullying” does not identify the people, direction, or whether the author was personally victimized."
RealEventOCD,2024-02-26 14:54:21 PST,sibling bullying,https://www.reddit.com/r/RealEventOCD/comments/1b0vjwl/sibling_bullying/,1,Sibling Bullying,[deleted],,1925,UNCERTAIN,INSUFFICIENT_CONTEXT,"The deleted, context-free title “Sibling Bullying” does not establish whether the author was the victim or the possible perpetrator."
entitledparents,2024-02-07 03:09:27 PST,aggressive sibling,https://www.reddit.com/r/entitledparents/comments/1al0jbk/psychotic_stinky_rude_aggressive_sibling/,1,"Psychotic stinky , rude , aggressive sibling",[removed],,2001,UNCERTAIN,INSUFFICIENT_CONTEXT,"The removed body and label-only title do not establish what the sibling did, toward whom, or whether the author experienced abuse."
HelpMeFindThis,2024-01-18 14:52:44 PST,abusive brother,https://www.reddit.com/r/HelpMeFindThis/comments/19a3fuo/tw_abusive_brother/,1,TW abusive brother,,https://i.redd.it/ysx30s933adc1.jpeg,2080,UNCERTAIN,INSUFFICIENT_CONTEXT,"The empty post and generic content-warning title do not establish whether the brother is the author's sibling, a third party, or a fictional subject."
ADHD,2024-01-14 11:59:48 PST,sibling bullying,https://www.reddit.com/r/ADHD/comments/196omv2/sibling_bullying/,1,Sibling bullying,[removed],,2101,UNCERTAIN,INSUFFICIENT_CONTEXT,"The generic title and removed body do not establish whether the author is the sibling victim, a parent, or another observer."
CPTSD,2024-01-05 17:19:38 PST,sibling abuse,https://www.reddit.com/r/CPTSD/comments/18znjrz/people_who_were_the_middle_child_how_did_you/,1,People who were the middle child: how did you navigate sibling abuse?,,,2135,UNCERTAIN,INSUFFICIENT_CONTEXT,The generic question about middle children navigating sibling abuse has no body establishing that the author personally experienced it.
AskParents,2024-01-02 06:28:17 PST,abusive sister,https://www.reddit.com/r/AskParents/comments/18wqo68/should_i_have_called_cps_on_my_abusive_sister/,1,Should I have called cps on my abusive sister years ago?,[removed],,2147,UNCERTAIN,INSUFFICIENT_CONTEXT,The title identifies the author's sister as abusive but frames CPS involvement around possible third-party victims; the removed body does not clarify whether the author was also abused.
CPTSD,2023-12-29 20:31:12 PST,abusive brother,https://www.reddit.com/r/CPTSD/comments/18u6x9o/i_ruined_my_childrens_lives/,1,I ruined my children’s lives.,"TW: Suicide and SA

I should not have had children. I was raised by severely mentally ill parents whose neglect set me on a path of terrible choices. I had a child when I was 16 with someone who was also mentally ill and killed himself in front of me when I was 17. I relied on my mentally ill alcoholic mother and drug addict stepfather to help me raise my son while I partied and went to college. I settled down around 22, married and had three more children (the last was a surprise at 35). I was so full of hubris and confidence because I was making seemingly better choices by going to college and graduate school and being a devoted mom. Meanwhile I allowed my parents and my mentally ill abusive brother to be a integral part of our lives thinking that my love and example would fix them. I also married a verbally abusive narcissist who I am still married to and love after 25 years. All of my adult children struggle with mental illness from being exposed to multiple abusers and genetics. My first son whose father killed himself is schizophrenic (just like my bio father) and in prison for sexual assault of his partner. My second son is an overachiever who also uses steroids and has recently married. He works and lives with his younger brother who has extreme social anxiety, says he can’t pair bond, and since 15 has wanted to kill himself because of his inability to have successful relationships and he is on the spectrum. My fourth son who is barely a teenager has lived through both of his grandmothers dying of drug overdoses and my lackluster parenting because I have an autoimmune disease that makes me very sick. On top of that we had to take in my oldest son’s two children. I work two jobs because I have to so I am also exhausted. My gd is adjusting well to things and I have had her since infancy but she is definitely affected by everything including my verbally abusive husband. I took in her brother 3 years ago because his other grandmother died suddenly (drugs were involved), his step grandfather went to prison for murder, and his mother went to prison all within a few months. Because of his trauma he is not yet ready for school and so my husband stays at home and runs the household while my gs attends 2nd grade online. 

If I had not had children then so much suffering would have ended with me, but now I get to witness the continuing nightmare of my children’s and grandchildren’s lives while I myself struggle to survive my own emotional trauma. Everyone is broken in some significant ways and again if I had not had children this wouldn’t be happening. 

And guess what? I hate to sound flippant but I found out last February that I have BRACA 2 and I’m scheduled for a double mastectomy and hysterectomy this summer while I’m on summer break from my jobs. What  kind of mother will I be while going through that. I don’t even want to do it but I have to because getting cancer and dying would make everything for them eve",,2163,UNCERTAIN,INSUFFICIENT_CONTEXT,"The author calls her brother abusive and says her children were exposed to multiple abusers, but does not clarify whether the brother directly abused her."
fidgettoys,2023-12-24 07:16:20 PST,aggressive sister,https://www.reddit.com/r/fidgettoys/comments/18px3wc/fidget_toys_for_aggressive_sister/,1,Fidget Toys for Aggressive Sister,"Hello, I wanted to ask this community for some help. My sister is 14 and is relapsing with her anoxia. She had a big episode when she was 10, but now again. Right now, when she gets mad or when ED (short for Eating disorder) comes she will break a lot of things. Examples being her bed frame. She will also sometimes attack people. I was thinking of maybe trying to find a way to channel the aggression into a fidget toy. Anyone know one that is super hard to break, but also can’t be used effectively as a weapon? (Also yes we are getting her some help and everything so please no comments questioning that process)",,2191,UNCERTAIN,INSUFFICIENT_CONTEXT,"The author reports that her sister breaks objects and sometimes attacks people, but does not say whether the author has personally been attacked or otherwise abused."
CPTSD,2023-12-23 02:09:22 PST,abusive sister,https://www.reddit.com/r/CPTSD/comments/18p2nxq/feeling_sad_for_my_abusive_sister_having_no/,1,Feeling sad for my abusive sister having no family Christmas,"Just feeling for the first time in my life sadness, tears and guilt that my abusive sister (CSA to someone else) isnt getting and hasn't got a family Christmas in years as she's estranged? I'm wrapping my presents and my sister hasnt been in my family in 10 years yet I had a trigger about how she hasn't had Christmas gifts/ any gifts in years from my family and not having a family Aussie Christmas. I completely hate, am disgusted and beyond words traumatised by her and have had no contact for years so it's not like I want her in my life at all, but that sadness just creap up and isn't going away, but I also don't want to think about the horrible things she's done to make myself stop feeling sorry for her. Idk, just needed to rant.",,2197,UNCERTAIN,INSUFFICIENT_CONTEXT,"The sister sexually abused someone else, and while the author says the sister's acts traumatized her, the post does not establish that the sister directly abused the author."
legaladvicecanada,2023-12-22 09:40:12 PST,aggressive brother,https://www.reddit.com/r/legaladvicecanada/comments/18okfrx/am_i_allowed_to_apply_for_maid_on_behalf_of/,1,Am I allowed to apply for MAID on behalf of someone else?,"I have an older brother who has low functioning autism, meaning he can't do anything on his own. He can't brush his teeth on his own, take a shower on his own, go to the toilet on his own, make food for himself, literally needs someone by his side all the time.

My parents are in their 60s. They are the primary caretakers for him (for now). Who knows when their body completely deteriorates and they can no longer take care of my strong and aggressive brother. I've already made it clear to them that I won't take care of my brother when I get older. I can't do it. It's too much for me. My brother's situation has felt like a curse for me my entire life.

In the event both my parents suddenly die, I don't know what I'm supposed to do with my brother. I can't take care of him and I won't take care of him. There is no one else that is capable of taking care of him. Services for people with autism has been seriously underfunded for years, leaving people on waitlists forever.

So, I was thinking I have no choice but to go with the extreme route of going with applying medical assistance in dying for my brother. Am I allowed to do that? I know the title for this post and the thought of it is just gonna get me downvoted into the oblivion because it's so ""heartless"". But seriously, what else am I supposed to do if both my parents die or they just physically can no longer take care of him? Hell I can make an argument right now that they're not capable of taking care of my brother. Honestly like what do you want me to do? Leave at him at a homeless shelter? That's even more cruel than going with MAID. He will suffer way more being lost in the streets. At least with MAID, his suffering ends as well. Practically, everybody with autism has their own battles with their sensory levels being all over the place.",,2199,UNCERTAIN,INSUFFICIENT_CONTEXT,"The author describes a disabled brother as strong and aggressive and his care as a lifelong burden, but does not state that the brother abused or attacked the author."
friendship,2023-11-10 07:08:33 PST,aggressive sister,https://www.reddit.com/r/friendship/comments/17s5yt2/being_assertive_but_not_aggressive/,1,Being assertive but not aggressive,So I have issues with sticking up for myself. I have an aggressive sister so I always tried to be not aggressive and never stood up for myself. How do you speak up when friends treat you poorly without being aggressive?,,2374,UNCERTAIN,INSUFFICIENT_CONTEXT,"The author says having an aggressive sister caused her to avoid standing up for herself, but gives no details establishing mistreatment or abuse."
NarcissisticAbuse,2023-11-06 16:49:41 PST,abusive sibling,https://www.reddit.com/r/NarcissisticAbuse/comments/17pi5tv/has_anyone_else_had_an_abusive_sibling/,1,Has anyone else had an abusive sibling?,[removed],,2393,UNCERTAIN,INSUFFICIENT_CONTEXT,"The removed post asks whether anyone else had an abusive sibling, but does not explicitly state that the author personally did."
adultsurvivors,2023-10-26 06:50:02 PDT,sibling abuse,https://www.reddit.com/r/adultsurvivors/comments/17gwzgu/childhood_sibling_abuse/,1,Childhood Sibling Abuse,[removed],,2418,UNCERTAIN,INSUFFICIENT_CONTEXT,The removed post title names childhood sibling abuse but does not explicitly state whose experience it was or provide any details.
personalfinance,2023-10-18 19:19:01 PDT,abusive sibling,https://www.reddit.com/r/personalfinance/comments/17b864w/can_i_actually_move_out_on_ssi_worried_about/,1,"Can I actually move out? On SSI, worried about abusive ""sibling"" moving back in to save money",[removed],,2454,UNCERTAIN,INSUFFICIENT_CONTEXT,"The removed title fears an abusive person described in quotation marks as a sibling moving back in, but does not clarify the relationship or conduct."
Vent,2023-10-12 22:19:26 PDT,abusive sibling,https://www.reddit.com/r/Vent/comments/176r71g/abusive_sibling/,1,Abusive sibling,[removed],,2483,UNCERTAIN,INSUFFICIENT_CONTEXT,The removed post title names an abusive sibling but does not establish whether it is the author's own lived victimization.
rant,2023-09-27 02:50:42 PDT,aggressive sister,https://www.reddit.com/r/rant/comments/16tg9lt/passiveaggressive_sister/,1,Passive-aggressive sister.,[removed],,2522,UNCERTAIN,INSUFFICIENT_CONTEXT,"The removed body leaves only “Passive-aggressive sister,” which establishes the relation but not whether this is abuse or ordinary conflict."
askpsychologists,2023-09-19 08:27:44 PDT,sibling abuse,https://www.reddit.com/r/askpsychologists/comments/16mu1lj/unpacking_adult_sibling_abuse/,1,Unpacking adult sibling abuse,[removed],,2552,UNCERTAIN,INSUFFICIENT_CONTEXT,The removed body and generic title do not establish whether this is the author's own experience or a general question about adult sibling abuse.
NarcissisticAbuse,2023-09-14 10:13:34 PDT,sibling abuse,https://www.reddit.com/r/NarcissisticAbuse/comments/16io1si/less_talked_about_sibling_abuse/,1,Less talked about sibling abuse,[removed],https://i.redd.it/u7x4skzp79ob1.jpg,2572,UNCERTAIN,INSUFFICIENT_CONTEXT,The removed body and generic title do not establish whether this discusses the author's own sibling experience or the topic generally.
AmItheAsshole,2023-08-16 01:51:01 PDT,violent brother,https://www.reddit.com/r/AmItheAsshole/comments/15sk9jc/aita_for_family_kicking_out_violent_brother/,1,AITA for family kicking out violent brother?,[removed],,2695,UNCERTAIN,INSUFFICIENT_CONTEXT,The removed body leaves unclear who the violent brother harmed and whether the author personally experienced sibling abuse.
CPTSD,2023-08-03 06:54:18 PDT,sibling abuse,https://www.reddit.com/r/CPTSD/comments/15h4x85/sibling_abuse_parents/,4,Sibling Abuse &amp; Parents,[deleted],,2755,UNCERTAIN,INSUFFICIENT_CONTEXT,The deleted body and generic title do not establish whether the author personally experienced sibling abuse.
AmItheAsshole,2023-08-02 18:28:25 PDT,violent sibling,https://www.reddit.com/r/AmItheAsshole/comments/15gq8rc/aita_violent_sibling/,1,AITA: Violent Sibling,[removed],,2756,UNCERTAIN,INSUFFICIENT_CONTEXT,The removed body and generic title do not establish who the violent sibling harmed or whether the author was a victim.
raisedbynarcissists,2023-07-19 02:14:21 PDT,sibling abuse,https://www.reddit.com/r/raisedbynarcissists/comments/153psy9/even_therapists_dont_take_sibling_abuse_seriously/,6,Even therapists don’t take sibling abuse seriously.,[deleted],,2824,UNCERTAIN,INSUFFICIENT_CONTEXT,The deleted body and general title do not establish whether this was the author's own sibling-abuse experience.
BPD,2023-07-16 11:40:06 PDT,sibling abuse,https://www.reddit.com/r/BPD/comments/151dv6y/sibling_abuse/,1,Sibling abuse,[removed],,2837,UNCERTAIN,INSUFFICIENT_CONTEXT,The removed body and generic title do not establish whether the author personally experienced sibling abuse.
TwoXChromosomes,2023-07-05 21:51:47 PDT,violent brother,https://www.reddit.com/r/TwoXChromosomes/comments/14ryc41/considering_calling_to_have_my_misogynistic_and/,1,Considering calling to have my misogynistic and violent brother involuntarily committed for a psych eval - what do I do?,[removed],,2877,UNCERTAIN,INSUFFICIENT_CONTEXT,The removed body leaves only a title describing the author's brother as misogynistic and violent; it does not establish whom he harmed or threatened.
TrueOffMyChest,2023-06-12 05:15:19 PDT,aggressive sibling,https://www.reddit.com/r/TrueOffMyChest/comments/147mnaj/passive_aggressive_sibling_advice/,0,"Passive aggressive sibling, advice?",[removed],,2974,UNCERTAIN,INSUFFICIENT_CONTEXT,The title implies a passive-aggressive sibling but the removed body provides no behavior or victim context to distinguish abuse from ordinary conflict.
relationship_advice,2023-06-12 05:13:29 PDT,aggressive sibling,https://www.reddit.com/r/relationship_advice/comments/147mm4p/passive_aggressive_sibling_advice/,1,"Passive aggressive sibling, advice?",[removed],,2975,UNCERTAIN,INSUFFICIENT_CONTEXT,The title implies a passive-aggressive sibling but the removed body provides no behavior or victim context to distinguish abuse from ordinary conflict.
TrueOffMyChest,2023-06-12 05:12:26 PDT,aggressive sibling,https://www.reddit.com/r/TrueOffMyChest/comments/147mlfp/passive_aggressive_sibling_advice/,1,"Passive aggressive sibling, advice?",[removed],,2976,UNCERTAIN,INSUFFICIENT_CONTEXT,The title implies a passive-aggressive sibling but the removed body provides no behavior or victim context to distinguish abuse from ordinary conflict.
AsianParentStories,2023-06-12 04:48:18 PDT,aggressive sibling,https://www.reddit.com/r/AsianParentStories/comments/147m4r0/passive_aggressive_sibling_advice/,3,"Passive aggressive sibling, advice?",[removed],,2977,UNCERTAIN,INSUFFICIENT_CONTEXT,The title implies a passive-aggressive sibling but the removed body provides no behavior or victim context to distinguish abuse from ordinary conflict.
raisedbynarcissists,2023-06-12 04:46:03 PDT,aggressive sibling,https://www.reddit.com/r/raisedbynarcissists/comments/147m3bt/passive_aggressive_sibling_advice/,0,"Passive aggressive sibling, advice?",[removed],,2978,UNCERTAIN,INSUFFICIENT_CONTEXT,The title implies a passive-aggressive sibling but the removed body provides no behavior or victim context to distinguish abuse from ordinary conflict.
AsianParentStories,2023-06-12 04:31:15 PDT,aggressive sibling,https://www.reddit.com/r/AsianParentStories/comments/147lttq/passive_aggressive_sibling_advice/,1,"Passive aggressive sibling, advice?",[removed],,2980,UNCERTAIN,INSUFFICIENT_CONTEXT,The title implies a passive-aggressive sibling but the removed body provides no behavior or victim context to distinguish abuse from ordinary conflict.
CPTSD,2023-06-01 19:59:17 PDT,sibling abuse,https://www.reddit.com/r/CPTSD/comments/13y19zg/wasnt_able_to_post_in_rsibling_abuse_but_i_wanted/,1,Wasn't able to post in r/sibling abuse but I wanted to put this somewhere,[removed],,3005,UNCERTAIN,INSUFFICIENT_CONTEXT,"The title suggests a personal submission intended for a sibling-abuse forum, but the removed body does not identify an abuser, victim, or event."
offmychest,2023-05-23 07:12:16 PDT,sibling abuse,https://www.reddit.com/r/offmychest/comments/13ppqge/sibling_abuse_and_strained_relationships/,1,sibling abuse and strained relationships,[removed],,3036,UNCERTAIN,INSUFFICIENT_CONTEXT,"The generic title mentions sibling abuse and strained relationships, but the removed body does not establish whose experience it is."
NoStupidQuestions,2023-05-12 11:54:44 PDT,abusive sibling,https://www.reddit.com/r/NoStupidQuestions/comments/13ftqj7/can_child_protective_services_be_called_on_an/,1,Can Child Protective Services be called on an abusive sibling?,[deleted],,3067,UNCERTAIN,INSUFFICIENT_CONTEXT,The deleted post asks whether child-protection services can be called on an abusive sibling but does not identify the author as victim or reporter.
help,2023-04-13 22:42:28 PDT,sibling abuse,https://www.reddit.com/r/help/comments/12llphj/sibling_abuse/,1,Sibling abuse,[removed],,3161,UNCERTAIN,INSUFFICIENT_CONTEXT,"The removed post has only the generic title “Sibling abuse,” with no author, victim, perpetrator, or event context."
abusiverelationships,2023-04-05 20:45:14 PDT,abusive sibling,https://www.reddit.com/r/abusiverelationships/comments/12d82e1/abusive_sibling_relationship/,1,Abusive Sibling Relationship?,[removed],,3177,UNCERTAIN,INSUFFICIENT_CONTEXT,"The question-style title suggests a possibly abusive sibling relationship, but the removed body gives no victim, conduct, or first-person context."
venting,2023-03-05 02:00:37 PST,sibling abuse,https://www.reddit.com/r/venting/comments/11iteif/sibling_abuse/,3,sibling abuse,[deleted],,3263,UNCERTAIN,INSUFFICIENT_CONTEXT,"The deleted post has only the generic title “sibling abuse,” without enough context to identify the author as victim."
offmychest,2023-02-27 07:51:37 PST,abusive sibling,https://www.reddit.com/r/offmychest/comments/11df33o/abusive_sibling/,1,Abusive sibling,[deleted],,3284,UNCERTAIN,INSUFFICIENT_CONTEXT,"The deleted post is titled only “Abusive sibling,” which suggests the topic but does not establish that the author personally experienced abuse from their own sibling."
clips,2023-02-20 06:17:43 PST,sibling abuse,https://www.reddit.com/r/clips/comments/1177rcs/sibling_abuse/,1,sibling abuse,,https://clips.twitch.tv/SpinelessHonestMonitorShadyLulu-QQzHljcTuDIv5nYV,3295,UNCERTAIN,INSUFFICIENT_CONTEXT,The empty post's generic title “sibling abuse” does not establish a first-person real-life account.
CPTSD,2023-02-17 13:06:34 PST,sibling abuse,https://www.reddit.com/r/CPTSD/comments/114xmcp/sibling_abuse_physical_and_semisexual/,1,Sibling Abuse Physical and Semi-Sexual,[deleted],,3301,UNCERTAIN,INSUFFICIENT_CONTEXT,The deleted post's generic title names physical and semi-sexual sibling abuse but provides no first-person context or real-life details.
AutisticWithADHD,2023-01-23 23:31:08 PST,sibling abuse,https://www.reddit.com/r/AutisticWithADHD/comments/10k02et/does_anybody_else_here_have_trauma_from_sibling/,9,Does anybody else here have trauma from sibling abuse/bullying?,,,3358,UNCERTAIN,INSUFFICIENT_CONTEXT,The empty post asks generally whether others have sibling-abuse trauma but does not state that the author personally does.
raisedbynarcissists,2023-01-17 05:30:17 PST,sibling bullying,https://www.reddit.com/r/raisedbynarcissists/comments/10ecb3z/gc_sibling_bullying/,16,GC sibling bullying?,[deleted],,3380,UNCERTAIN,INSUFFICIENT_CONTEXT,The deleted title mentions golden-child sibling bullying but does not establish that the author personally experienced it.
CPTSD,2022-12-22 18:48:50 PST,sibling abuse,https://www.reddit.com/r/CPTSD/comments/zt4hm7/sibling_abuse_isnt_taken_seriously/,136,Sibling Abuse Isn't Taken Seriously,[deleted],,3461,UNCERTAIN,INSUFFICIENT_CONTEXT,The deleted generic title states that sibling abuse is not taken seriously but provides no first-person context.
personalfinance,2022-12-18 01:37:15 PST,abusive sibling,https://www.reddit.com/r/personalfinance/comments/zouv4y/dad_with_cancer_how_to_help_minor_child/,279,Dad with cancer. How to help minor child.,How to leave everything to 16 yo upon death. NYS. I'm hesitant for a non revokable trust. I could use a quit claim deed but worried it would be challenged by his abusive sibling .,,3474,UNCERTAIN,INSUFFICIENT_CONTEXT,The brief estate-planning post refers to “his abusive sibling” without clarifying whether the Reddit author is the person potentially harmed or whose sibling is involved.
JUSTNOFAMILY,2022-12-15 23:06:53 PST,abusive sister,https://www.reddit.com/r/JUSTNOFAMILY/comments/zn8nqz/abusive_sister/,1,Abusive Sister,[removed],,3480,UNCERTAIN,INSUFFICIENT_CONTEXT,"The removed post is titled only “Abusive Sister,” which does not establish a first-person account."
CPTSD,2022-12-15 20:39:44 PST,sibling abuse,https://www.reddit.com/r/CPTSD/comments/zn66sd/sibling_abuse/,2,Sibling abuse,[deleted],,3481,UNCERTAIN,INSUFFICIENT_CONTEXT,"The deleted post is titled only “Sibling abuse,” which does not establish a first-person account."
abusiverelationships,2022-12-08 16:11:44 PST,abusive sister,https://www.reddit.com/r/abusiverelationships/comments/zggw2k/abusive_sister/,1,Abusive sister,[deleted],,3506,UNCERTAIN,INSUFFICIENT_CONTEXT,"The deleted post is titled only “Abusive sister,” without enough context to establish a first-person account."
domesticviolence,2022-12-04 00:31:33 PST,sibling abuse,https://www.reddit.com/r/domesticviolence/comments/zc4h0v/adult_sibling_abuse_where_is_the_line/,1,Adult sibling abuse - where is the line?,[removed],,3519,UNCERTAIN,INSUFFICIENT_CONTEXT,The removed post asks where the line is for adult sibling abuse but does not reveal whether the author personally experienced it.
AskReddit,2022-11-29 20:47:04 PST,abusive brother,https://www.reddit.com/r/AskReddit/comments/z8hmx8/how_does_one_avoid_having_confrontation_with/,1,How does one avoid having confrontation with their abusive brother ?,[deleted],,3537,UNCERTAIN,INSUFFICIENT_CONTEXT,The deleted question refers to “their abusive brother” but does not clearly establish that the author is the sibling victim.
twinflames,2022-11-25 10:25:33 PST,sibling abuse,https://www.reddit.com/r/twinflames/comments/z4kclw/twin_flame_journey_trigger_warnings/,6,Twin Flame Journey (Trigger Warnings),"Warning: topics of sibling abuse, emotional abuse, incest, and psychological disorders are mentioned here.

As you read this you may wonder if this is actually a TF scenario, and the key reason I believe it could be is because of the mirror aspect. Topics like dark triad and vulnerable dark triad personality traits are discussed here.

It’s a long story so I’ll *try* to keep it brief (it’ll still be long just not a whole lot of detail). Also this story involves two gay males with very apparent divine masculine and feminine energies.

EDIT: First time posting to Reddit so I was unaware of the character limit. Broke it down in sections in the comments below but I did it in reverse 🤦‍♂️ I think I just wanted to get my story and experience out there in whatever shape or form. It’s bizarre but I’m hoping it’ll speak to others who are out there and learn from my mistakes.",,3547,UNCERTAIN,INSUFFICIENT_CONTEXT,"The post warns of sibling abuse and calls the material the author's story, but the captured body omits the actual narrative and does not establish who abused whom."
offmychest,2022-11-21 08:26:05 PST,abusive brother,https://www.reddit.com/r/offmychest/comments/z134xu/abusive_brother/,1,Abusive brother ?,[removed],,3554,UNCERTAIN,INSUFFICIENT_CONTEXT,The removed post is titled only “Abusive brother?” and does not establish a first-person account.
offmychest,2022-11-20 12:08:17 PST,abusive brother,https://www.reddit.com/r/offmychest/comments/z0du9h/abusive_brother/,1,Abusive brother ?,[removed],,3555,UNCERTAIN,INSUFFICIENT_CONTEXT,The removed post is titled only “Abusive brother?” and does not establish a first-person account.
offmychest,2022-11-20 12:06:56 PST,abusive brother,https://www.reddit.com/r/offmychest/comments/z0dt20/abusive_brother/,1,Abusive brother ?,[removed],,3556,UNCERTAIN,INSUFFICIENT_CONTEXT,The removed post is titled only “Abusive brother?” and does not establish a first-person account.
offmychest,2022-11-20 12:05:43 PST,abusive brother,https://www.reddit.com/r/offmychest/comments/z0drzk/abusive_brother/,1,Abusive brother ?,[removed],,3557,UNCERTAIN,INSUFFICIENT_CONTEXT,The removed post is titled only “Abusive brother?” and does not establish a first-person account.
AskALawyer,2022-11-10 12:52:13 PST,abusive sister,https://www.reddit.com/r/AskALawyer/comments/yrrhld/dementia_ridden_man_and_abusive_sister/,1,Dementia ridden man and abusive sister,[deleted],,3583,UNCERTAIN,INSUFFICIENT_CONTEXT,The deleted title mentions a man with dementia and an abusive sister but does not clarify the author's relationship or whether this is first-hand victimization.
TrueOffMyChest,2022-11-02 09:21:32 PDT,abusive sister,https://www.reddit.com/r/TrueOffMyChest/comments/yk9m0y/abusive_sister_is_now_the_victim/,1,Abusive Sister is Now the Victim,[deleted],,3604,UNCERTAIN,INSUFFICIENT_CONTEXT,The deleted title calls a sister abusive but does not establish whether the Reddit author is her victim.
TwoXChromosomes,2022-11-01 23:45:26 PDT,abusive sister,https://www.reddit.com/r/TwoXChromosomes/comments/yjxtra/abusive_sister/,2,Abusive sister,[deleted],,3607,UNCERTAIN,INSUFFICIENT_CONTEXT,"The deleted post is titled only “Abusive sister,” without enough context to establish a first-person account."
abusesurvivors,2022-10-27 06:15:28 PDT,abusive sister,https://www.reddit.com/r/abusesurvivors/comments/yerpbl/abusive_sister/,3,Abusive sister,[deleted],,3621,UNCERTAIN,INSUFFICIENT_CONTEXT,"The deleted post is titled only “Abusive sister,” without enough context to establish a first-person account."
legal,2022-10-16 23:30:29 PDT,abusive brother,https://www.reddit.com/r/legal/comments/y63jqc/abusive_brother/,1,Abusive brother,[removed],,3644,UNCERTAIN,INSUFFICIENT_CONTEXT,The removed post is titled only “Abusive brother” and does not establish a first-person account.
AskParents,2022-10-14 10:59:08 PDT,violent sibling,https://www.reddit.com/r/AskParents/comments/y40r0i/violent_sibling/,6,Violent sibling,[deleted],,3649,UNCERTAIN,INSUFFICIENT_CONTEXT,"The deleted title says only “Violent sibling,” without enough context to establish that the author was the victim."
Advice,2022-09-28 10:19:55 PDT,aggressive brother,https://www.reddit.com/r/Advice/comments/xqim6z/advice_about_aggressive_brother/,1,Advice about aggressive brother,[deleted],,3685,UNCERTAIN,INSUFFICIENT_CONTEXT,"The deleted post only identifies an aggressive brother and asks for advice, without enough detail to establish whether the author is a possible target of abuse."
abusesurvivors,2022-09-19 12:46:18 PDT,sibling abuse,https://www.reddit.com/r/abusesurvivors/comments/ximkkq/i_really_wish_sibling_abuse_was_taken_more/,1,I really wish sibling abuse was taken more seriously,[removed],,3708,UNCERTAIN,INSUFFICIENT_CONTEXT,The removed post expresses a view that sibling abuse should be taken seriously but contains no surviving first-person victim account.
Advice,2022-09-18 07:29:48 PDT,aggressive brother,https://www.reddit.com/r/Advice/comments/xhi5gr/aggressive_brother/,0,Aggressive Brother,[deleted],,3713,UNCERTAIN,INSUFFICIENT_CONTEXT,"The deleted post only names an aggressive brother, with no surviving detail showing whether the author was a possible target of abuse."
relationships,2022-09-13 07:14:43 PDT,sibling abuse,https://www.reddit.com/r/relationships/comments/xd8pj3/sibling_abuse_is_real/,1,sibling abuse is real,[removed],,3731,UNCERTAIN,INSUFFICIENT_CONTEXT,The removed post only states that sibling abuse is real and provides no surviving first-person account or identified relationship.
NoStupidQuestions,2022-08-28 20:22:41 PDT,violent sibling,https://www.reddit.com/r/NoStupidQuestions/comments/x0e7qu/best_course_of_action_for_helping_violent_sibling/,1,Best course of action for helping violent sibling?,[deleted],,3784,UNCERTAIN,INSUFFICIENT_CONTEXT,"The deleted title asks how to help a violent sibling but does not show whether the author is a target, a witness, or simply a concerned relative."
Parents,2022-08-16 12:50:25 PDT,sibling abuse,https://www.reddit.com/r/Parents/comments/wq3qrg/sibling_abuse_or_am_i_over_reacting/,0,Sibling abuse or am I over reacting?,[deleted],,3812,UNCERTAIN,INSUFFICIENT_CONTEXT,"The deleted post asks whether a situation is sibling abuse but the surviving title does not establish whether the author, a child, or someone else is the potential victim."
CPTSD,2022-08-15 16:05:06 PDT,sibling abuse,https://www.reddit.com/r/CPTSD/comments/wpdu84/older_sibling_abuse/,14,Older sibling abuse,[deleted],,3815,UNCERTAIN,INSUFFICIENT_CONTEXT,The deleted post only names older-sibling abuse and contains no surviving first-person victim information.
mentalhealth,2022-08-14 17:42:41 PDT,sibling abuse,https://www.reddit.com/r/mentalhealth/comments/woli5z/sibling_abuse/,2,Sibling abuse?,[deleted],,3819,UNCERTAIN,INSUFFICIENT_CONTEXT,"The deleted post only asks whether something is sibling abuse, with no surviving context identifying the author as the victim."
abusesurvivors,2022-08-14 00:27:07 PDT,sibling abuse,https://www.reddit.com/r/abusesurvivors/comments/wo0e4n/sibling_abuse/,6,Sibling abuse?,[deleted],,3823,UNCERTAIN,INSUFFICIENT_CONTEXT,"The deleted post only asks whether something is sibling abuse, with no surviving context identifying the author as the victim."
Advice,2022-08-14 00:18:36 PDT,sibling abuse,https://www.reddit.com/r/Advice/comments/wo09dp/sibling_abuse/,1,Sibling abuse?,[deleted],,3824,UNCERTAIN,INSUFFICIENT_CONTEXT,"The deleted post only asks whether something is sibling abuse, with no surviving context identifying the author as the victim."
offmychest,2022-07-06 17:15:12 PDT,sibling abuse,https://www.reddit.com/r/offmychest/comments/vt4to2/sibling_abuse/,1,Sibling abuse,[removed],,3951,UNCERTAIN,INSUFFICIENT_CONTEXT,The removed post is titled only “Sibling abuse” and contains no surviving information identifying the author as the victim.
offmychest,2022-07-06 15:44:29 PDT,sibling abuse,https://www.reddit.com/r/offmychest/comments/vt2uva/sibling_abuse/,1,sibling abuse.,[removed],,3953,UNCERTAIN,INSUFFICIENT_CONTEXT,The removed post is titled only “Sibling abuse” and contains no surviving information identifying the author as the victim.
abusesurvivors,2022-07-02 07:50:48 PDT,sibling abuse,https://www.reddit.com/r/abusesurvivors/comments/vptfqw/idk_if_this_is_sibling_abuse_or_not/,1,Idk if this is sibling abuse or not,[deleted],,3972,UNCERTAIN,INSUFFICIENT_CONTEXT,The deleted post asks whether a situation is sibling abuse but does not preserve enough context to determine whether the author is the sibling victim.
BPD,2022-06-23 07:39:25 PDT,sibling abuse,https://www.reddit.com/r/BPD/comments/viyg6d/sibling_abuse/,2,Sibling abuse,[deleted],,3989,UNCERTAIN,INSUFFICIENT_CONTEXT,The deleted post is titled only “Sibling abuse” and contains no surviving information identifying the author as the victim.
traumacore,2022-06-17 07:40:27 PDT,sibling abuse,https://www.reddit.com/r/traumacore/comments/veepk8/tw_sibling_abuse/,59,TW sibling abuse,,https://www.reddit.com/gallery/veepk8,4008,UNCERTAIN,INSUFFICIENT_CONTEXT,The post has only a sibling-abuse trigger-warning title and no surviving text showing whether it is the author's own account.
Adulting,2022-05-27 12:14:06 PDT,sibling bullying,https://www.reddit.com/r/Adulting/comments/uz5iew/adult_sibling_bullying/,1,Adult sibling bullying,[removed],,4056,UNCERTAIN,INSUFFICIENT_CONTEXT,"The removed post is titled only “Adult sibling bullying,” without surviving information establishing that the author was the target."
CPTSD,2022-05-26 10:31:45 PDT,sibling abuse,https://www.reddit.com/r/CPTSD/comments/uycvgz/sibling_abuse/,2,Sibling abuse,[deleted],,4061,UNCERTAIN,INSUFFICIENT_CONTEXT,The deleted post is titled only “Sibling abuse” and contains no surviving first-person victim information.
CPTSD,2022-05-26 10:23:51 PDT,sibling abuse,https://www.reddit.com/r/CPTSD/comments/uycpep/sibling_abuse_trauma/,1,Sibling abuse trauma,[deleted],,4062,UNCERTAIN,INSUFFICIENT_CONTEXT,"The deleted post says only “Sibling abuse trauma,” without enough surviving context to identify whose trauma or whether the author is the victim."
AmItheAsshole,2022-05-24 23:50:55 PDT,violent brother,https://www.reddit.com/r/AmItheAsshole/comments/uxbhz0/aita_for_not_wanting_my_transgender_violent/,4,AITA for not wanting my transgender violent brother to have a child?,[removed],,4068,UNCERTAIN,INSUFFICIENT_CONTEXT,"The removed post identifies the author's brother as violent but does not show whether the author was his victim, another person was harmed, or the concern is only about a future child."
Advice,2022-05-19 09:22:21 PDT,violent brother,https://www.reddit.com/r/Advice/comments/ut7354/my_violent_brother_is_doing_drugs_at_14_yrs_old/,1,My violent brother is doing drugs at 14 yrs old.,[deleted],,4085,UNCERTAIN,INSUFFICIENT_CONTEXT,The deleted title identifies the author's fourteen-year-old brother as violent and using drugs but does not show whether the author is his target.
BPDlovedones,2022-05-04 17:02:45 PDT,sibling abuse,https://www.reddit.com/r/BPDlovedones/comments/uikaiv/sibling_abuse/,1,sibling abuse,[removed],,4123,UNCERTAIN,INSUFFICIENT_CONTEXT,The removed post is titled only “Sibling abuse” and contains no surviving first-person victim information.
AskReddit,2022-05-01 11:17:40 PDT,sibling abuse,https://www.reddit.com/r/AskReddit/comments/ug5v1g/what_is_the_best_way_to_recover_from_sibling_abuse/,2,What is the best way to recover from sibling abuse?,,,4131,UNCERTAIN,INSUFFICIENT_CONTEXT,"The title asks generally how to recover from sibling abuse, but the empty body does not establish that the author personally experienced it."
AskReddit,2022-05-01 11:14:12 PDT,sibling abuse,https://www.reddit.com/r/AskReddit/comments/ug5sbj/what_is_best_way_to_recover_from_sibling_abuse/,1,What is best way to recover from sibling abuse.,[removed],,4132,UNCERTAIN,INSUFFICIENT_CONTEXT,The removed post asks generally how to recover from sibling abuse without enough surviving context to confirm a first-hand account.
relationship_advice,2022-04-24 16:51:13 PDT,aggressive brother,https://www.reddit.com/r/relationship_advice/comments/ub7obu/stuck_living_with_unhelpful_aggressive_brother/,3,"Stuck living with unhelpful, aggressive brother",[deleted],,4148,UNCERTAIN,INSUFFICIENT_CONTEXT,"The deleted post calls the author’s brother unhelpful and aggressive, but provides no surviving details showing whether the aggression constitutes mistreatment directed at the author."
confession,2022-04-13 16:04:10 PDT,sibling abuse,https://www.reddit.com/r/confession/comments/u32z4c/sibling_abuse_victims_where_do_i_go_from_here_im/,1,"sibling abuse victims, where do i go from here? i’m disappointed.",[removed],,4188,UNCERTAIN,INSUFFICIENT_CONTEXT,"The removed title addresses “sibling abuse victims” and asks where to go next, but does not clearly establish whether the author is personally a victim."
Advice,2022-04-13 16:02:56 PDT,sibling abuse,https://www.reddit.com/r/Advice/comments/u32y6i/sibling_abuse_victims/,1,sibling abuse victims,[deleted],,4189,UNCERTAIN,INSUFFICIENT_CONTEXT,"The deleted post consists only of the title “sibling abuse victims,” leaving the author’s relationship to the topic unknown."
AsianParentStories,2022-04-07 08:45:36 PDT,abusive sibling,https://www.reddit.com/r/AsianParentStories/comments/tyfwyi/confronting_abusive_sibling/,4,Confronting abusive sibling,[removed],,4211,UNCERTAIN,INSUFFICIENT_CONTEXT,"The removed title mentions confronting an abusive sibling, but does not show whether that sibling abused the author personally."
Vent,2022-03-13 21:09:07 PDT,aggressive brother,https://www.reddit.com/r/Vent/comments/tdord0/aggressive_brother_with_special_needs/,2,aggressive brother with special needs,[deleted],,4295,UNCERTAIN,INSUFFICIENT_CONTEXT,The deleted title mentions an aggressive brother with special needs but does not show whether his aggression is abusive or directed at the author.
ADHD,2022-03-08 00:40:56 PST,sibling abuse,https://www.reddit.com/r/ADHD/comments/t9cgb1/sibling_abuse_and_adhd/,5,Sibling abuse and ADHD,[deleted],,4314,UNCERTAIN,INSUFFICIENT_CONTEXT,The deleted title only juxtaposes “Sibling abuse and ADHD” without enough context to establish a personal victim account.
domesticviolence,2022-02-23 15:36:12 PST,sibling abuse,https://www.reddit.com/r/domesticviolence/comments/szvioa/can_a_sibling_abuse_you/,1,Can a sibling abuse you?,[deleted],,4329,UNCERTAIN,INSUFFICIENT_CONTEXT,"The deleted title asks whether a sibling can abuse someone, but provides no surviving detail showing whether the question concerns the author’s own experience."
AmItheAsshole,2022-02-13 22:03:59 PST,abusive sibling,https://www.reddit.com/r/AmItheAsshole/comments/ss3ifk/aita_for_threatening_to_call_cps_on_my_family/,10,AITA for Threatening to call CPS on my family members?,"I (22 female) live across the country from my family. Part of the reason for this is because I have an abusive sibling and an abusive sibling-in-law. My sibling has openly abused almost every member of my family which led to them being sent away temporarily at the request of the state because I called the police on them and almost everyone blames me for this. My sibling-in-law has openly abused my sibling they are married to and their child. I have openly told my family that if I witness the abuse, I will call CPS or the police as I have done before. This has caused many of my family members to say I’m an asshole for “going after” my family with the law. Their reasoning is I would be betraying my family if i were to report what was going on and all conflict should be handled within the family instead of involving outside parties. The reason I stay away is because if I’m distant, I won’t witness anything warranting a call to the authorities. I have not recently witnessed anything that has warranted calling anyone because I stay away, but if I did witness something I would call. Am I the asshole?",,4357,UNCERTAIN,INSUFFICIENT_CONTEXT,"The author lives far away partly because of an abusive sibling who has abused almost every family member, but does not clearly say whether the author was personally targeted."
Advice,2022-01-28 12:36:14 PST,aggressive sister,https://www.reddit.com/r/Advice/comments/sf02rt/what_does_it_mean_if_im_always_ashamed_of_myself/,2,What does it mean if I'm always ashamed of myself? How can I stop this feeling?,"I carry shame with me everywhere.

I've been dealing with this problem for almost 10 years now and it's gradually getting worse.
Despite the fact that I am doing fine for my age (24). I studied, got a bachelor's degree, I've been living on my own for 3 years now, I've been able to have a car for years. Basically because I'm a hard worker. I missed out on a lot of fun stuff because I had my priorities set. Because I don't want people to see me as a failure.

Yet I am ashamed of myself in front of other people. I always feel like a stupid person. Stupid. As a result, I no longer enjoy hobbies, parties, work or friendships. I'm not in a relationship either. I avoid everything because it is potentially going to make me feel shit.

It's not because I have an unusual appearance or actually do stupid things. It's something eating me up from the inside.

It also might help to tell some extra info about how I grew up... My mother left us. I chose to stay with my alcoholic father and aggressive sister. I've actually always stayed in the background in this family situation and not much attention has been paid to me. I went my own way at an early age and ended up doing quite well that way.

Note: I spoke to a psychologist for the first time last week to try to resolve these and other issues. However, I would also like to hear your advice and opinion.",,4403,UNCERTAIN,INSUFFICIENT_CONTEXT,"The author links longstanding shame to growing up with an alcoholic father and aggressive sister, but does not describe whether or how the sister targeted them."
CPTSDmemes,2021-12-16 22:14:14 PST,abusive sister,https://www.reddit.com/r/CPTSDmemes/comments/riau1n/golden_child_entitled_abusive_sister_facts/,86,Golden child entitled abusive sister facts,,https://i.redd.it/dq99klgto1681.jpg,4516,UNCERTAIN,INSUFFICIENT_CONTEXT,"The title may refer to the author's own sister or a generic meme trope, and the empty body provides no first-person context."
relationship_advice,2021-10-11 15:42:22 PDT,abusive sister,https://www.reddit.com/r/relationship_advice/comments/q67syk/abusive_sister/,1,Abusive sister?,[deleted],,4639,UNCERTAIN,INSUFFICIENT_CONTEXT,"The title says only “Abusive sister?” and the body is deleted, leaving unclear whether this concerns the author's own sibling victimization."
ABCDesis,2021-10-08 06:19:07 PDT,sibling abuse,https://www.reddit.com/r/ABCDesis/comments/q3xlpq/sibling_abuse_trigger_warning/,1,Sibling Abuse (TRIGGER WARNING),[removed],,4645,UNCERTAIN,INSUFFICIENT_CONTEXT,The generic title and removed body do not establish whether this was the author's personal account.
CPTSD,2021-09-06 01:21:31 PDT,sibling abuse,https://www.reddit.com/r/CPTSD/comments/pivbig/normal_sibling_quarrels_rivalry_vs_sibling_abuse/,2,Normal sibling quarrels/ rivalry vs sibling abuse?,[deleted],,4720,UNCERTAIN,INSUFFICIENT_CONTEXT,The generic question and deleted body do not establish whether the author is describing personal sibling victimization.
Stoicism,2021-09-02 04:26:49 PDT,violent brother,https://www.reddit.com/r/Stoicism/comments/pgfxq1/my_anger/,1,My Anger,"I've spent most of my life suppressing my anger out of fear of becoming like my very violent brother. This has lead me to have anxiety attacks and become too passive in my day to day. 
I've been constantly afraid of people fearing me that I became the floor mat that they wiped there feet on, and I convinced myself it was ok. 

I've grown tremendously thanks to mindfulness, therapy, and practicing stoicism, and I feel like this is the next hurdle to jump.
How can I address moments in my life that call for my anger? Is there such a thing?",,4734,UNCERTAIN,INSUFFICIENT_CONTEXT,"The author calls a brother very violent and fears becoming like him, but does not say whether the brother's violence was directed at the author."
abusivesiblings,2021-08-16 08:10:04 PDT,abusive sister,https://www.reddit.com/r/abusivesiblings/comments/p5hze1/abusive_sister/,3,Abusive sister,,https://v.redd.it/cbo327h0kqh71,4773,UNCERTAIN,INSUFFICIENT_CONTEXT,"The title says only “Abusive sister” and the body is empty, leaving no first-person context."
teenagers,2021-08-15 23:14:01 PDT,abusive brother,https://www.reddit.com/r/teenagers/comments/p5acae/abusive_brother_i_guess/,10,Abusive brother (I guess),[deleted],,4774,UNCERTAIN,INSUFFICIENT_CONTEXT,"The title says only “Abusive brother (I guess)” and the body is deleted, so personal sibling victimization is not established."
JUSTNOFAMILY,2021-07-31 11:26:11 PDT,abusive sister,https://www.reddit.com/r/JUSTNOFAMILY/comments/ovc9ru/abusive_sister/,27,Abusive Sister,[deleted],,4811,UNCERTAIN,INSUFFICIENT_CONTEXT,"The title says only “Abusive Sister” and the body is deleted, leaving no first-person context."
mentalhealth,2021-07-28 13:30:59 PDT,abusive sister,https://www.reddit.com/r/mentalhealth/comments/otibu7/abusive_sister/,0,Abusive sister?,[deleted],,4818,UNCERTAIN,INSUFFICIENT_CONTEXT,"The title says only “Abusive sister?” and the body is deleted, leaving personal victimization unestablished."
relationship_advice,2021-07-26 08:34:49 PDT,abusive sister,https://www.reddit.com/r/relationship_advice/comments/os1719/emotionally_abusive_sister/,2,Emotionally abusive sister.,[deleted],,4825,UNCERTAIN,INSUFFICIENT_CONTEXT,"The title says only “Emotionally abusive sister” and the body is deleted, leaving no first-person account."
CPTSD,2021-07-22 04:53:52 PDT,sibling abuse,https://www.reddit.com/r/CPTSD/comments/opcacw/trigger_warning_sibling_abuse_suicide_mention/,1,"(Trigger warning: Sibling Abuse, suicide mention) Emotionally abusive/toxic sibling",[deleted],,4837,UNCERTAIN,INSUFFICIENT_CONTEXT,"The title names sibling abuse and an emotionally abusive or toxic sibling, but the deleted body leaves unclear whether it is the author's account."
relationship_advice,2021-07-19 16:00:46 PDT,abusive sister,https://www.reddit.com/r/relationship_advice/comments/onpgzi/abusive_sister/,1,Abusive sister,[removed],,4841,UNCERTAIN,INSUFFICIENT_CONTEXT,"The title says only “Abusive sister” and the body is removed, leaving personal victimization unestablished."
MMFB,2021-07-18 16:24:51 PDT,abusive brother,https://www.reddit.com/r/MMFB/comments/on1yw7/because_my_mom_is_an_idiot_my_dad_wont_be_at_my/,37,Because my mom is an idiot my dad won't be at my wedding,"My dad has dementia. My mom and dad have been separated for years but never divorced. As my dad's dementia grew worse he began to miss my mom and needed care, so my mom took him back to where she lived. At first I thought this a was a good thing, but then I learned my mom was living in a one bedroom apartment with her new boyfriend. The boyfriend became my dad's primary caretaker while my mom went to work (even though she doesn't need the money). Beyond the obvious challenges of this stupid living arrangement my dad's condition was growing worse. He had begun walking off and was ""out of control and aggressive"" according to my mother.

I did everything I could to try and get him into a memory care facility so he would be safe. My mom dragged her feet every step of the way, delaying doctor's appointments and creating additional problems for the sake of saving a few dollars along the way. It became such a contentious issue my relationship with her is now basically over and I had to communicate with her, about my dad, via her boyfriend. I live several states away and could not physically do anything to help - everything had to be done via my mom, my dad's wife and POA. She delayed everything and screwed everything up and kept him in a dangerous unstable situation for months on end.

Unknown to me, she decided it would be a WONDERFUL idea to put my father on a plane and fly him across the country to visit my abusive brother who has been estranged from my dad for years and who my father (when he was more mentally sound) made abundantly clear he never wanted to see again. My understanding is during this visit my dad got angry, tried to wander off, the police were called and since he wouldn't follow their orders, he was beaten and injured.

So now, finally, months and months too late, my mom has made the arrangements to put him in a facility Monday, tomorrow. This is good news. Unfortunately for me, my wedding is in 2 weeks and everyone's advice is it would be too dangerous for him to travel 6 hours by car to where I live. Nevermind that he was manipulated into taking a cross country flight to see someone he doesn't like, in place where no one cared enough to treat him gently and with patience when he got upset, but instead called the cops. Nevermind that he's been living in a shit hole apartment with his beloved wife's boyfriend for the last 4 months and then was driven 12 hours to his ""new home"" where his wife will not be visiting. Being driven 6 hours north is ""too much.""

FH and I were going to elope, just him and I. I am almost 40 and have never been married, I don't need a fancy ceremony. We planned to go somewhere fun and just have a good time, it would just be about us. But my dad, who can't remember anything, consistently remembered I was getting married. Constantly asked when the wedding was and said he would be there even if he had to walk. It was completely for him that we planned a ""wedding"" at all. The only guests were going to be my parents and 1 friend. Now it will be just 1 friend. It wasn't meant to be a selfish wish to have my dad walk me down the aisle. I just wanted to do one nice thing for him that seemed like it meant so much to him before he died or couldn't remember me.

I am trying to make the best of it and want to still be excited for my day. I still get to marry my best friend and I still want him to be my husband. But every time I think about it I just get a pit in my stomach because my dad won't be there. If it weren't paid for and planned already I wouldn't even do it this way. Me and FH would go do something we enjoy, just us and our dogs. Now we have literally an entire B&amp;B and a whole wedding cake to ourselves. We will make it as fun as we can but I am heartbroken.

I have never had a good relationship with my mom and I don't think I can ever forgive her for this. I know the dementia is not her fault but so many things could have been handled better. Maybe if he hadn't just been dragged across the country and back to visit someone he didn't want to see he could have made it to my wedding which I know he sincerely wanted to attend.",,4843,UNCERTAIN,INSUFFICIENT_CONTEXT,"The author calls a brother abusive, but the post only describes his estrangement from and handling of their father, leaving the target of his abuse unclear."
family,2021-07-11 12:34:23 PDT,aggressive brother,https://www.reddit.com/r/family/comments/oib0ab/help_with_aggressive_brother/,2,Help with aggressive brother,[deleted],,4863,UNCERTAIN,INSUFFICIENT_CONTEXT,"The generic title asks for help with an aggressive brother, but the deleted body does not establish who was targeted."
relationship_advice,2021-07-10 09:41:39 PDT,aggressive brother,https://www.reddit.com/r/relationship_advice/comments/ohm35e/should_i_move_out_because_of_my_passive/,1,Should I move out because of my passive aggressive brother?,[removed],,4864,UNCERTAIN,INSUFFICIENT_CONTEXT,"The author considers moving out because of a passive-aggressive brother, but the removed body leaves the severity and nature of the conduct unknown."
JUSTNOFAMILY,2021-07-01 20:38:55 PDT,abusive sister,https://www.reddit.com/r/JUSTNOFAMILY/comments/oc202n/depressed_and_abusive_sister/,1,Depressed and abusive sister,[removed],,4882,UNCERTAIN,INSUFFICIENT_CONTEXT,"The title says only “Depressed and abusive sister” and the body is removed, leaving the target and conduct unclear."
legaladvice,2021-06-30 01:05:30 PDT,sibling abuse,https://www.reddit.com/r/legaladvice/comments/oasm4a/questions_about_sibling_abuse/,1,Questions about sibling abuse,[deleted],,4887,UNCERTAIN,INSUFFICIENT_CONTEXT,The generic title and deleted body do not establish whether the legal questions concern the author's own sibling victimization.
BPD,2021-06-10 09:20:19 PDT,violent brother,https://www.reddit.com/r/BPD/comments/nwrnxo/teachers_with_bpd_or_anyone_who_works_with_kids/,11,"Teachers with BPD (or anyone who works with kids), how do you deal with the stigma?","I'm an English-teaching assistant in Spain (originally from the US). Recently, my boss found out I have BPD due to an incident where I developed serotonin syndrome and almost fainted. An ambulance had to be called, I was taken to the emergency room, it was really humiliating. I then spent a week in a psychiatric hospital to safely stop taking the medication that had caused the serotonin syndrome.

Anyway, I've been back at work for a while, and even though everything is for the most part fine, I can't shake the fear that she thinks I'm too unstable to work with children. I had to give her my report from the hospital, and not only did she find out I have BPD, but that I self-harm, I have a violent brother, and my father is an alcoholic. She told me not to worry, but she did ask if I was okay to work with children. I'm more than okay to work with children. In fact, I actually want to be a teacher, and working with young kids is one of the things that's really helped with my BPD (I love kids, it gives me a sense of purpose, I feel that I'm helping people, etc.)

I understand her concern, and I'm doing my best to keep up with my meds, keep up with therapy, and keep my personal life and my work life separate. But it's still so humiliating and makes me worry I'll be fired or something. Today, for example, I forgot to take my meds, and started to panic. I let her know I'd forgotten my medication, and she told me not to worry about it, to go home and rest and come back tomorrow. While I appreciate that she was so understanding, I feel like it was partly because she's literally worried something like the last incident will happen again, or that I'll lose my temper and shout at a child or something (I've never shouted at any of my students, I'm quite calm around kids and because of my childhood, I in fact go out of my way not to raise my voice). 

Any teachers/people who work with children who also have BPD? How do you deal with the stigma?",,4929,UNCERTAIN,INSUFFICIENT_CONTEXT,"The author mentions a violent brother and childhood effects, but does not establish that the brother's violence was directed at them."
CPTSD,2021-05-26 13:51:06 PDT,sibling abuse,https://www.reddit.com/r/CPTSD/comments/nlr6cv/sibling_abuse/,1,sibling abuse,[deleted],,4968,UNCERTAIN,INSUFFICIENT_CONTEXT,The generic title and deleted body do not establish whether this is the author's own victimization or another kind of discussion.
raisedbynarcissists,2021-05-21 17:38:02 PDT,sibling abuse,https://www.reddit.com/r/raisedbynarcissists/comments/ni6y6j/advicequestion_about_parentificationolder_sibling/,2,Advice/Question about parentification/older sibling abuse,[deleted],,4976,UNCERTAIN,INSUFFICIENT_CONTEXT,The generic title and deleted body do not reveal whether the author was victimized by a sibling or is discussing parentification or another abuse direction.
relationship_advice,2021-05-02 04:25:11 PDT,abusive brother,https://www.reddit.com/r/relationship_advice/comments/n34dz9/narcissistic_abusive_brother/,1,Narcissistic abusive brother,[deleted],,5037,UNCERTAIN,INSUFFICIENT_CONTEXT,The generic title and deleted body do not establish that the author was personally victimized by a sibling.
family,2021-05-01 23:45:12 PDT,abusive brother,https://www.reddit.com/r/family/comments/n30uqr/narcissistic_abusive_brother/,1,Narcissistic abusive brother,[deleted],,5038,UNCERTAIN,INSUFFICIENT_CONTEXT,The generic title and deleted body do not establish that the author was personally victimized by a sibling.
Advice,2021-05-01 23:42:59 PDT,abusive brother,https://www.reddit.com/r/Advice/comments/n30tqz/narcissistic_abusive_brother/,1,Narcissistic abusive brother,[deleted],,5039,UNCERTAIN,INSUFFICIENT_CONTEXT,The generic title and deleted body do not establish that the author was personally victimized by a sibling.
mentalhealth,2021-05-01 23:40:16 PDT,abusive brother,https://www.reddit.com/r/mentalhealth/comments/n30sl8/narcissistic_abusive_brother/,2,Narcissistic abusive brother,[deleted],,5040,UNCERTAIN,INSUFFICIENT_CONTEXT,The generic title and deleted body do not establish that the author was personally victimized by a sibling.
abusesurvivors,2021-04-30 15:47:59 PDT,abusive sister,https://www.reddit.com/r/abusesurvivors/comments/n25f23/abusive_sister/,3,abusive sister,[deleted],,5044,UNCERTAIN,INSUFFICIENT_CONTEXT,The generic title and deleted body do not establish whether this is the author's own victimization.
ADHD,2021-04-19 13:22:23 PDT,violent brother,https://www.reddit.com/r/ADHD/comments/mu9m4g/im_sorry_mom/,1,I'm sorry mom,"My mom have tried so many things to motivate me to do different stuff at home when I was a kid. Point system etc. It never really catched on. My mom have ADHD herself. I have never believed in myself. 

My mom always treated those new systems as the holy grale. I hated the idea of me doing 10 good things, and one bad thing outwaited this 10 good things. 

I wasn't good enough to get the reward. No matter how hard I tried I world never get it. It became a punishment. Especially when she tried to motivate me by forcing me to look my brother get a reward. Her showing me how much better a kid my brother was. (I was never jaloux og my violent brother. I just accepted he was worth more than me) 

I really pissed my mom off many times for not following her reward system. 

I took my danm pills every day to make her happy. I stopped when I moved away from home. She is mad at me for doing this. I'm sorry I'll always be a disappointment for her.",,5083,UNCERTAIN,INSUFFICIENT_CONTEXT,The author calls their brother violent but does not describe whether his violence or mistreatment was directed at them.
emotionalabuse,2021-04-19 12:51:06 PDT,sibling abuse,https://www.reddit.com/r/emotionalabuse/comments/mu8x2i/sibling_abuse/,1,Sibling abuse?,[deleted],,5084,UNCERTAIN,INSUFFICIENT_CONTEXT,The generic question title and deleted body do not establish whether the author was personally victimized by a sibling.
Advice,2021-04-17 18:02:27 PDT,abusive sister,https://www.reddit.com/r/Advice/comments/mt332f/abusive_sister/,1,Abusive sister,[deleted],,5090,UNCERTAIN,INSUFFICIENT_CONTEXT,The generic title and deleted body do not establish whether the author was personally victimized by a sibling.
Advice,2021-04-17 17:53:19 PDT,abusive sister,https://www.reddit.com/r/Advice/comments/mt2y0k/abusive_sister/,1,Abusive sister,[deleted],,5091,UNCERTAIN,INSUFFICIENT_CONTEXT,The generic title and deleted body do not establish whether the author was personally victimized by a sibling.
legaladvice,2021-04-16 11:07:20 PDT,sibling abuse,https://www.reddit.com/r/legaladvice/comments/ms8xi1/domestic_sibling_abuseviolence_india/,4,Domestic Sibling Abuse/Violence India,[deleted],,5097,UNCERTAIN,INSUFFICIENT_CONTEXT,"The generic title and deleted body do not reveal the author's role, relationship, or whether this was a first-hand account."
AmItheAsshole,2021-04-14 22:30:31 PDT,abusive brother,https://www.reddit.com/r/AmItheAsshole/comments/mr8cje/aita_for_moving_out_of_my_elderly_grandparents/,1,AITA for moving out of my elderly grandparents house during COVID when they have no one else there to help them and an abusive brother?,[removed],,5101,UNCERTAIN,INSUFFICIENT_CONTEXT,The removed body and ambiguous title do not establish whether the abusive brother belongs to or victimizes the author.
Advice,2021-03-23 03:51:07 PDT,aggressive brother,https://www.reddit.com/r/Advice/comments/mbc092/aggressive_brother/,4,Aggressive Brother,[deleted],,5151,UNCERTAIN,INSUFFICIENT_CONTEXT,The deleted title mentions an aggressive brother but provides no information about whether his aggression is abusive or directed at the author.
adultsurvivors,2021-03-22 11:40:10 PDT,sibling abuse,https://www.reddit.com/r/adultsurvivors/comments/maupia/parents_dealing_with_sibling_abuse/,6,Parents Dealing With Sibling Abuse,[deleted],,5155,UNCERTAIN,INSUFFICIENT_CONTEXT,"The deleted title “Parents Dealing With Sibling Abuse” does not reveal whether the author is a victim, a parent, or asking generally."
needadvice,2021-02-26 13:34:18 PST,aggressive sibling,https://www.reddit.com/r/needadvice/comments/lt8ftq/i_need_help_with_an_aggressive_sibling/,1,I need help with an aggressive sibling,[removed],,5219,UNCERTAIN,INSUFFICIENT_CONTEXT,The removed title only says the author needs help with an aggressive sibling and provides too little detail to distinguish abuse from ordinary conflict.
family,2021-02-21 18:05:42 PST,violent sibling,https://www.reddit.com/r/family/comments/lpchv0/violent_sibling/,1,Violent sibling,[deleted],,5244,UNCERTAIN,INSUFFICIENT_CONTEXT,"The deleted post’s title says only “Violent sibling,” without enough context to establish who was victimized or what occurred."
raisedbynarcissists,2021-02-20 10:42:42 PST,abusive sibling,https://www.reddit.com/r/raisedbynarcissists/comments/lodm11/to_those_of_us_who_have_enabler_parents/,32,To those of us who have enabler parents...,"Its okay. 

Its okay if your mother or father or caregiver enable an abusive sibling or spouse. Its okay because that's just how it is. Nothing can change them. I hope you can find peace with this like I am. 

Think of yourself as having an good mother or father. A mother who respects your boundaries, doesn't stand still when you are abused, bullied or treated unfairly. A mother who loves you unconditionally. Think of how \*\*proud\*\* of you they would be if they knew you being no contact with your sibling or parent who hit you or bullied you. Think of how amazing they'd \*know\* you are by being no contact, being firm in your boundaries and having strong confidence even as you shook in doubt. Imagine that they'd say ""you are \*so strong\*. I love you. Stay away from those horrible people."" 

In reality, your mother/father/enabler stood still when you were abused and bullied daily. In reality, your mother didn't love you enough to stand up for you, by your side, and condemn your abuser. In reality, mom didn't want to see the truth. Because mom can't accept that her husband/son is so evil. They have to stay in their little perfect bubble. They live in denial. They will never leave, most likely.

I'm not a mom, but I'd like to offer y'all some compassion and e-hugs right now. For all of you, like me, who have been abused by a sibling or parent, and the other parent(s) have looked the opposite direction. They chose to look back on sodom and gomorrah because they wanted to. They didn't want to see their new reality.

Its okay. We got each other here on this sub. I am so proud of you all for being so brave and strong despite our parents choosing to live in denial and enable the abuser.",,5247,UNCERTAIN,INSUFFICIENT_CONTEXT,"The author identifies personally with people abused by “a sibling or parent,” but never clarifies whether their own abuser was a sibling rather than a parent."
JUSTNOFAMILY,2020-12-26 08:36:09 PST,aggressive sister,https://www.reddit.com/r/JUSTNOFAMILY/comments/kklbqa/aggressive_sister_raged_on_christmas_day/,9,Aggressive sister raged on Christmas Day,[removed],,5419,UNCERTAIN,INSUFFICIENT_CONTEXT,"The removed title only says an aggressive sister raged on Christmas, which is insufficient to distinguish abuse from a one-time family conflict."
alcoholicsanonymous,2020-12-24 13:26:12 PST,aggressive brother,https://www.reddit.com/r/alcoholicsanonymous/comments/kjn5q0/advice_on_an_aggressive_brother/,1,advice on an aggressive brother?,[deleted],,5424,UNCERTAIN,INSUFFICIENT_CONTEXT,The deleted title only asks about an aggressive brother and provides too little detail to distinguish abuse from ordinary conflict.
family,2020-12-16 01:14:07 PST,sibling abuse,https://www.reddit.com/r/family/comments/ke5ypd/sibling_abuse/,2,Sibling abuse,[removed],,5445,UNCERTAIN,INSUFFICIENT_CONTEXT,"The removed post gives only the generic title “Sibling abuse,” with no indication whether it is a personal account."
relationship_advice,2020-12-11 21:16:55 PST,violent brother,https://www.reddit.com/r/relationship_advice/comments/kbjdou/my_f22_creepy_violent_brother_m19_needs_help_but/,51,"My (F22) creepy, violent brother (M19) needs help but nobody seems to actually understand this",[deleted],,5455,UNCERTAIN,INSUFFICIENT_CONTEXT,The deleted title calls the author’s brother creepy and violent but does not establish whether his violence or mistreatment targeted the author.
abusiveparents,2020-11-30 13:57:43 PST,sibling abuse,https://www.reddit.com/r/abusiveparents/comments/k46bl8/brother_sibling_abuse/,1,Brother sibling abuse,[deleted],,5475,UNCERTAIN,INSUFFICIENT_CONTEXT,"The deleted post gives only the generic title “Brother sibling abuse,” without enough context to establish a first-person account."
AidanLloydElliott,2020-10-08 18:44:53 PDT,abusive brother,https://www.reddit.com/r/AidanLloydElliott/comments/j7q8p0/depression_drawn_me_here_again/,2,Depression drawn me here again.,"I hope I will uninstall it after this post. I haven't been feeling too well. Nightmares gotten worst and I don't know how to stress things hard enough about it, I feel like the world doesn't understand. I'm constantly anxious and whenever I try to explain myself, I get a sense a doubt and get all emotional- making me hut down.

Jesus christ, it's so BAD. Yet whenever I say that, I feel like whoever reads this posts or just Aidan and his friends talking about me, anything, I feel like they're all pointing at me, laughing at me, calling me pathetic, calling me a drama queen, calling a liar, telling me I should kill myself, that no one fucking cares and that I'm just a piece of shit. They don't actually tell me that directly but I feel it everyday.

 Even when I TRY to open up about my trauma, I immediately start worrying and getting scared and upset and feel like I'm just a stupid fucking attention seekers and that I should die. So I just don't talk about it IRL. No one knows how I feel. No one knows the extent of what I've gone through, NO ONE, no one at all. 

That's my problem, past events. It feels like this filth, this ""dirt"", the guilt, the shane, fucking everything, it won't go away ever. It won't ever leave me. I think about it every day. Every day of my fucking life. 

Never mind being obsessed with Aidan, it's nothing near being obsessed with Aidan. That feels like child play compared to this and tbh.... I like using Aidan to cope but I KNOW it's unhealthy, that's the problem. That's what makes it painful because I use him to escape right away and it's so hard to stop, it's so hard to stop caring. 

I just want it all gone. Everything from my childhood. It was all horrible. The happy parts were bittersweet. Like middle school? Yeah I loved those years because I finally had friends but my little brother was born, my mom's abusive brother moved in and would hit my little brother and his kids, I met his kids and now I deal with the fucking burden of sheer pain and agony of losing them- every fucking day I worry that my little sister might've gotten molested like I did by brother, and how they are even COPING considering I left, just AAAAAA JESUS FUCKING CHRIST NAN.

ITS SO MUCH YOU HAVE NO IDEA.

no idea the situations I've been in, the lies, the yelling, the screaming, the fucking crazy people. 

I can't even type it out. I get so FUCKING pissed and emotionally. 

Writing this post feels like hell, like even now I'm just thinking people are gonna read this wrong and just..  all these bad things about me. Idek.

I just want to be safe. I want to be happy. I want to feel calm. And I feel like that'll never happen. I'm always on high alert. I don't know how to function as an adult, I've never been TAUGHT that shit or had someone to care about me during those times. 

I feel it everyday day. Constant pain. If I'm lucky, no pain at all! My mental state ties with me physical state, LOL AJNT THAT FUCKING LovELY? Oh man, nothing I love more than going to the ER so many times only to have them say you're perfectly healthy and that it's just anxiety. Yeah nothing like feeling as if 100 rocks on laying on you every other day, where you just feel drowsy non stop and don't wanna eat don't wanna do anything but scared to not do anything because your mind just thinks about everything and anything : ))) fantastic wow!!!! 

It all feels hopeless. I feel like the TN trip should be my last, and then I'll just end things there. No one understands and I'm unwilling to talk about things, so it's my fault. It's all my fault because I'm just a fucking waste if space. Goddamn, I wish you could donate your body to be harvested and you yourself killed. When I die, I want my organs used to help others. I don't want to live. Ive heard heaven is an euphoric place and I really hope that's true, I wanna see my grandma and dad up there. All my pets.",,5591,UNCERTAIN,INSUFFICIENT_CONTEXT,"The author says they were molested “by brother,” but elsewhere the relevant abuser is the mother’s brother; the perpetrator’s relationship is genuinely unclear."
Advice,2020-09-30 08:47:52 PDT,violent brother,https://www.reddit.com/r/Advice/comments/j2omxe/what_to_do_with_a_violent_brother/,1,What to do with a violent brother,[deleted],,5606,UNCERTAIN,INSUFFICIENT_CONTEXT,The deleted title only asks what to do about a violent brother and does not establish whom he harms.
siblingsupport,2020-08-31 16:08:48 PDT,abusive sibling,https://www.reddit.com/r/siblingsupport/comments/ik8tjq/abusive_sibling_with_many_different_diagnoses/,5,Abusive sibling with many different diagnoses,[deleted],,5685,UNCERTAIN,INSUFFICIENT_CONTEXT,The deleted title mentions an abusive sibling with diagnoses but does not establish whose sibling this is or whether the author is personally victimized.
Advice,2020-08-25 21:10:09 PDT,abusive sibling,https://www.reddit.com/r/Advice/comments/igs18k/a_toxic_and_mentally_abusive_sibling/,2,A toxic and mentally abusive sibling.,[deleted],,5702,UNCERTAIN,INSUFFICIENT_CONTEXT,"The deleted post only labels an unspecified sibling toxic and mentally abusive, without establishing that the sibling belongs to or victimizes the author."
domesticviolence,2020-08-25 13:46:40 PDT,abusive sibling,https://www.reddit.com/r/domesticviolence/comments/igkpwi/abusive_sibling/,11,Abusive Sibling,[deleted],,5706,UNCERTAIN,INSUFFICIENT_CONTEXT,"The deleted post has only the generic title “Abusive Sibling,” with no evidence that it is the author’s sibling or a first-person account."
relationship_advice,2020-08-18 06:52:40 PDT,violent brother,https://www.reddit.com/r/relationship_advice/comments/ic1dw3/troubles_with_a_violent_brother/,2,Troubles with a violent brother,[deleted],,5726,UNCERTAIN,INSUFFICIENT_CONTEXT,The deleted title mentions troubles with “a violent brother” but does not establish whose brother he is or whether the author is his victim.
BPDlovedones,2020-08-17 07:40:33 PDT,abusive sibling,https://www.reddit.com/r/BPDlovedones/comments/ibfd2b/abusive_sibling_with_bpd/,4,Abusive Sibling with BPD,[deleted],,5729,UNCERTAIN,INSUFFICIENT_CONTEXT,The deleted title labels an unspecified sibling with BPD abusive but does not establish the author’s relationship or personal victimization.
BPDlovedones,2020-08-13 11:24:13 PDT,abusive sibling,https://www.reddit.com/r/BPDlovedones/comments/i959of/abusive_sibling_with_bpd/,1,Abusive Sibling with BPD,[removed],,5737,UNCERTAIN,INSUFFICIENT_CONTEXT,"The removed post only labels an unspecified sibling with BPD abusive, without showing that the author is personally victimized."
u_InterestMajestic1214,2020-08-11 05:34:25 PDT,abusive sibling,https://www.reddit.com/r/u_InterestMajestic1214/comments/i7qzkm/low_life_abusive_sibling/,1,Low life abusive sibling,[deleted],,5750,UNCERTAIN,INSUFFICIENT_CONTEXT,The deleted title labels an unspecified sibling abusive but does not establish that the sibling belongs to or personally victimizes the author.
abusiverelationships,2020-08-02 15:21:20 PDT,abusive sister,https://www.reddit.com/r/abusiverelationships/comments/i2l1f4/abusive_sister/,3,Abusive sister?,[deleted],,5772,UNCERTAIN,INSUFFICIENT_CONTEXT,The deleted title merely asks “Abusive sister?” and does not establish whose sister she is or what occurred.
relationship_advice,2020-07-14 18:56:41 PDT,abusive brother,https://www.reddit.com/r/relationship_advice/comments/hreu29/mom_wont_cut_ties_with_abusive_brother/,1,Mom won't cut ties with abusive brother,[removed],,5830,UNCERTAIN,INSUFFICIENT_CONTEXT,"The removed title says the author’s mother will not cut ties with an “abusive brother,” but does not establish whether this is the author’s sibling or the mother’s."
SpecialNeedsChildren,2020-07-14 06:57:08 PDT,violent brother,https://www.reddit.com/r/SpecialNeedsChildren/comments/hr1z8o/is_there_something_i_can_get_for_my_violent/,8,Is there something I can get for my violent brother?,[deleted],,5833,UNCERTAIN,INSUFFICIENT_CONTEXT,The deleted title asks what the author can get “for my violent brother” but provides no information about whether the author is threatened or abused.
AskMen,2020-07-09 17:07:37 PDT,violent brother,https://www.reddit.com/r/AskMen/comments/hoejvp/how_can_i_help_my_30f_violent_brother_25m_from/,1,How can I help my (30F) violent brother (25M) from becoming more violent/angry?,[removed],,5847,UNCERTAIN,INSUFFICIENT_CONTEXT,"The removed title calls the author’s brother violent and asks how to help him, but does not establish whether the author is threatened or abused."
abusiverelationships,2020-06-30 11:34:20 PDT,abusive brother,https://www.reddit.com/r/abusiverelationships/comments/hit7lp/abusive_brother/,1,Abusive brother,[deleted],,5877,UNCERTAIN,INSUFFICIENT_CONTEXT,"Only the generic title “Abusive brother” remains, so neither the narrator’s relationship nor victim role can be established."
abusesurvivors,2020-06-26 11:44:21 PDT,sibling abuse,https://www.reddit.com/r/abusesurvivors/comments/hgdd4b/the_sister_from_a_nightmare_a_story_of_sibling/,2,The sister from a nightmare- a story of sibling abuse,[deleted],,5886,UNCERTAIN,INSUFFICIENT_CONTEXT,"The title calls this a sibling-abuse story but the body is deleted, leaving unclear whether it was the poster’s own experience."
RoastMe,2020-06-25 01:02:15 PDT,abusive sister,https://www.reddit.com/r/RoastMe/comments/hfi8j1/turned_18_today_indian_boi_loves_fortnitedont/,1,"Turned 18 today indian Boi loves fortnite,don't have a girlfriend have abusive sister fuck me",,https://i.redd.it/r9j57ujuj0751.jpg,5889,UNCERTAIN,INSUFFICIENT_CONTEXT,The body is empty and the RoastMe title’s “have abusive sister” phrase could be either a real disclosure or a throwaway joke.
RoastMe,2020-06-24 23:46:06 PDT,abusive sister,https://www.reddit.com/r/RoastMe/comments/hfhcqw/turned_18_today_indian_boi_loves_fortnitedont/,1,"Turned 18 today indian Boi loves fortnite,don't have a girlfriend have abusive sister ... fuck me",,https://i.redd.it/8mqkxeg960751.jpg,5890,UNCERTAIN,INSUFFICIENT_CONTEXT,The empty duplicate-style RoastMe post does not reveal whether “have abusive sister” is sincere autobiography or comic self-description.
Advice,2020-06-23 04:22:12 PDT,abusive brother,https://www.reddit.com/r/Advice/comments/hectvg/abusive_brother_what_do_i_do/,1,"abusive brother, what do I do?",[deleted],,5896,UNCERTAIN,INSUFFICIENT_CONTEXT,"“Abusive brother, what do I do?” suggests a personal problem but the deleted body does not establish whose brother or who was harmed."
HomeschoolRecovery,2020-06-22 09:03:24 PDT,sibling bullying,https://www.reddit.com/r/HomeschoolRecovery/comments/hdv2aq/can_we_talk_about_sibling_bullying/,62,Can we talk about sibling bullying?,[deleted],,5898,UNCERTAIN,INSUFFICIENT_CONTEXT,The deleted post only asks to discuss sibling bullying and contains no autobiographical facts.
CPTSD,2020-06-21 11:06:03 PDT,abusive sister,https://www.reddit.com/r/CPTSD/comments/hdbfn0/emotionally_abusive_sister_tw_gaslighting/,1,"Emotionally Abusive Sister? (tw: gaslighting, emotional abuse, abuse denial)",[deleted],,5906,UNCERTAIN,INSUFFICIENT_CONTEXT,The question “Emotionally Abusive Sister?” has a deleted body and does not show whether the sister is the author’s or who was harmed.
relationship_advice,2020-06-18 15:18:10 PDT,abusive sister,https://www.reddit.com/r/relationship_advice/comments/hbobbg/what_to_do_with_shorttempered_abusive_sister_f23/,2,"What to do with short-tempered, abusive sister [F23]?",[deleted],,5911,UNCERTAIN,INSUFFICIENT_CONTEXT,"The deleted body leaves “What to do with short-tempered, abusive sister?” ambiguous about the relationship and the target of the behavior."
legaladvice,2020-06-16 14:31:51 PDT,abusive brother,https://www.reddit.com/r/legaladvice/comments/had9vj/abusive_brother/,2,Abusive brother,[deleted],,5920,UNCERTAIN,INSUFFICIENT_CONTEXT,"The bare title “Abusive brother” and deleted body do not identify the narrator, relationship, or victim."
teenagers,2020-06-14 17:19:27 PDT,aggressive brother,https://www.reddit.com/r/teenagers/comments/h954u2/my_aggressive_brother_is_getting_out_of_hand/,6,My aggressive brother is getting out of hand..,"REPOST: Hello everyone, I’ve (17M) been experiencing issues with my brother (15M). Keep in mind that he is the stuck up-scornful, kind of brother. He wants what he wants, he acts like a spoiled brat. With all of this in mind, he would go so far as to being aggressive, (hurting/pushing others, including his mother). I would usually hang out with him or would play football with him, (practice and such), but now it’s so out of hand. He can’t even behave properly around other friends, and now we were just in a heated argument about him being aggressive. I don’t even know if I should forgive him. My mother doesn’t even bother to get support for him. My brother is almost becoming my dad, which can be inferred that my dad is abusive. I need help and advice, anything would be appreciated.",,5926,UNCERTAIN,VICTIM_STATUS_UNCLEAR,"The author describes a younger brother pushing and hurting others, especially their mother, but does not clearly say that the brother harmed the author."
COVIDTraumaSupport,2020-06-12 04:33:18 PDT,abusive sibling,https://www.reddit.com/r/COVIDTraumaSupport/comments/h7j1ua/how_to_cope_with_abusive_sibling_during_quarantine/,8,How to cope with abusive sibling during quarantine?,[deleted],,5939,UNCERTAIN,INSUFFICIENT_CONTEXT,The generic quarantine coping question and deleted body do not establish that the poster personally has an abusive sibling.
raisedbynarcissists,2020-06-08 08:01:54 PDT,abusive brother,https://www.reddit.com/r/raisedbynarcissists/comments/gz0xr7/abusive_brotherjust_cant_deal_anymore/,3,Abusive brother...just can't deal anymore,[deleted],,5949,UNCERTAIN,INSUFFICIENT_CONTEXT,"“Abusive brother…just can’t deal anymore” sounds personal, but the deleted body does not confirm the relationship or what occurred."
singapore,2020-06-06 00:25:35 PDT,abusive sibling,https://www.reddit.com/r/singapore/comments/gxmgqb/need_help_with_irresponsible_and_abusive_sibling/,1,Need help with irresponsible and abusive sibling.,[removed],,5952,UNCERTAIN,INSUFFICIENT_CONTEXT,The removed post asks for help with an abusive sibling but does not identify whose sibling or whether the author is the target.
relationship_advice,2020-06-04 22:54:59 PDT,abusive brother,https://www.reddit.com/r/relationship_advice/comments/gwyumb/please_give_me_20f_some_advice_on_how_to_respond/,1,Please give me 20F some advice on how to respond to crazy abusive brother (30),[removed],,5956,UNCERTAIN,INSUFFICIENT_CONTEXT,"The removed title asks how a 20-year-old should respond to an abusive brother, but does not clearly establish the sibling as hers or describe victimization."
raisedbynarcissists,2020-06-03 02:02:45 PDT,sibling abuse,https://www.reddit.com/r/raisedbynarcissists/comments/gvqfwu/any_body_have_parents_who_purposefully_ignored/,2,Any body have parents who purposefully ignored sibling on sibling abuse due to fear?,[deleted],,5965,UNCERTAIN,INSUFFICIENT_CONTEXT,"The deleted post only asks whether others’ parents ignored sibling-on-sibling abuse, without supplying the poster’s own account."
relationship_advice,2020-05-28 10:33:34 PDT,abusive sister,https://www.reddit.com/r/relationship_advice/comments/gsaohp/abusive_sister_and_an_enabling_family/,3,Abusive Sister and an Enabling Family,[deleted],,5972,UNCERTAIN,INSUFFICIENT_CONTEXT,“Abusive Sister and an Enabling Family” has a deleted body and does not identify the narrator’s relationship or victim role.
Christianity,2020-05-26 20:56:39 PDT,abusive brother,https://www.reddit.com/r/Christianity/comments/grcby2/is_this_a_sin/,1,Is this a sin?,"Is it a sin if a 19 year old narcissist abusive brother is inflicting daily humiliation and embarrassment on his younger brother leaving long lasting trauma and psychological damage but is telling himself that its good because he considers himself a ""holy and righteous christian"" so tells himself that because humiliation was done in the bible to apparently humble people he is doing it to his brother he knows its damaging his brother immensely but is actually just traumatizing his brother and is doing a morally wrong thing, but because he does not ever watch porn, masturbate, doesn't hate his brother, or say ""Oh my god"" he is not sinning and therefore all good. Is this a sin? And why? Now, the brother knows what hes doing is horrible and causes trauma, but in his head to feel no guilt and to feel ""hey I did my part"" to feel righteous, he to himself is like ""Bible has humiliation so yea its all calm and all good"" and is doing it really because doing this gives him a egotistical boost and makes him feel more ""grand"" more ""proud"" more ""prideful"" more happier in life by what he is doing to his brother which is a horrible thing. Hes doing this because he doesn't want to be the ""loser"" if that makes sense. He wants to be the ""winner"" at top the winner and not the loser not the one who lost. The one who won and is better and superior. Is this a sin?",,5981,UNCERTAIN,RELATIONSHIP_UNCLEAR,"The post describes a nineteen-year-old brother humiliating a younger brother entirely in the third person, leaving unclear whether the poster is the victim, aggressor, or observer."
bullying,2020-05-26 15:51:25 PDT,sibling bullying,https://www.reddit.com/r/bullying/comments/gr7k4l/sibling_bullying_needs_to_be_addressed_and_stopped/,1,Sibling bullying needs to be addressed and stopped,[deleted],,5983,UNCERTAIN,INSUFFICIENT_CONTEXT,"The deleted post is only a general statement that sibling bullying should be addressed, with no personal narrative."
SelfDefense,2020-05-23 18:13:27 PDT,abusive sister,https://www.reddit.com/r/SelfDefense/comments/gpgp0o/abusive_sister/,1,Abusive Sister,[removed],,5991,UNCERTAIN,INSUFFICIENT_CONTEXT,"The removed body leaves the bare title “Abusive Sister” without a narrator, relationship, or event."
legaladvice,2020-05-23 01:07:01 PDT,abusive brother,https://www.reddit.com/r/legaladvice/comments/gp18j9/how_to_get_an_abusive_brother_to_move_and_stay_out/,2,How to get an abusive brother to move and STAY out,[deleted],,5993,UNCERTAIN,INSUFFICIENT_CONTEXT,"The deleted title asks how to make an abusive brother move out, but does not establish whose brother he is or whom he abused."
abusiveparents,2020-05-22 22:35:53 PDT,abusive sister,https://www.reddit.com/r/abusiveparents/comments/gozkul/emotionally_abusive_mom_defends_physically/,3,Emotionally abusive mom defends physically abusive sister,[deleted],,5994,UNCERTAIN,INSUFFICIENT_CONTEXT,"The title says an abusive mother defends a physically abusive sister, but the deleted body leaves the sister’s target and relation to the poster unclear."
BPDlovedones,2020-05-22 08:49:17 PDT,violent sibling,https://www.reddit.com/r/BPDlovedones/comments/golse2/how_to_deal_with_violent_sibling/,1,How to deal with violent sibling?,[removed],,6000,UNCERTAIN,INSUFFICIENT_CONTEXT,The removed post asks how to deal with a violent sibling but does not say whose sibling or whether the author was targeted.
confessions,2020-05-20 16:11:41 PDT,sibling abuse,https://www.reddit.com/r/confessions/comments/gnlady/sibling_abuse/,1,Sibling abuse,[deleted],,6003,UNCERTAIN,INSUFFICIENT_CONTEXT,"The deleted confession contains only the generic title “Sibling abuse,” with no narrator or event."
relationship_advice,2020-05-16 11:49:08 PDT,aggressive sister,https://www.reddit.com/r/relationship_advice/comments/gkzzna/how_do_i_deal_with_a_passive_aggressive_sister/,1,How do I deal with a passive aggressive sister constantly making snide comments and my mom always takes her side?,[deleted],,6012,UNCERTAIN,INSUFFICIENT_CONTEXT,"The deleted post only alleges constant passive-aggressive comments and maternal favoritism, leaving the severity and broader pattern unknown."
SexualConfession,2020-05-13 15:47:47 PDT,abusive sister,https://www.reddit.com/r/SexualConfession/comments/gj9qck/sometimes_i_f19_miss_my_sexually_abusive_sister/,1,Sometimes I (f19) miss my sexually abusive sister and I think about her while touching myself,[deleted],,6022,UNCERTAIN,REALITY_STATUS_UNCLEAR,The title could describe a survivor’s sexualized trauma response to an abusive sister or an erotic premise; the deleted body cannot resolve which.
SluttyConfessions,2020-05-13 15:16:40 PDT,abusive sister,https://www.reddit.com/r/SluttyConfessions/comments/gj958e/sometimes_i_f19_miss_my_sexually_abusive_sister/,1,Sometimes I (f19) miss my sexually abusive sister and I think about her while touching myself,[removed],,6023,UNCERTAIN,REALITY_STATUS_UNCLEAR,This sexual-confession cross-post may be a genuine account of abuse-related arousal or sexual fantasy; the removed body leaves its reality status unresolved.
domesticviolence,2020-05-11 13:52:00 PDT,aggressive sibling,https://www.reddit.com/r/domesticviolence/comments/ghw7og/aggressive_sibling_i_wanted_someone_to_hear_my/,1,Aggressive sibling. I wanted someone to hear my journal. And validation. It feels nice.,[deleted],,6035,UNCERTAIN,INSUFFICIENT_CONTEXT,"The title suggests a personal journal about an aggressive sibling, but the deleted body provides no relationship or conduct to assess."
relationship_advice,2020-05-10 20:38:04 PDT,sibling abuse,https://www.reddit.com/r/relationship_advice/comments/ghg122/can_i_use_this_subreddit_to_talk_about_sibling/,1,Can I use this subreddit to talk about sibling abuse story I need some help and I don't know what to do?,[removed],,6039,UNCERTAIN,INSUFFICIENT_CONTEXT,The author asks permission to post a sibling-abuse story but the removed body never reveals whose experience the story would be.
Advice,2020-05-08 08:51:49 PDT,violent brother,https://www.reddit.com/r/Advice/comments/gfvn6g/dangerous_and_violent_brother_but_my_parents_wont/,1,"Dangerous and violent brother, but my parents wont get rid of him.",[deleted],,6047,UNCERTAIN,INSUFFICIENT_CONTEXT,"The title says parents will not remove a dangerous, violent brother, but the deleted body does not show whether he threatens the poster or someone else."
domesticviolence,2020-05-05 09:45:27 PDT,aggressive sister,https://www.reddit.com/r/domesticviolence/comments/ge19od/violent_and_aggressive_sister/,3,Violent and aggressive sister,[deleted],,6058,UNCERTAIN,INSUFFICIENT_CONTEXT,The generic title “Violent and aggressive sister” and deleted body do not establish the poster’s relationship or victim role.
u_Glum-Chair,2020-05-05 09:33:49 PDT,violent sister,https://www.reddit.com/r/u_Glum-Chair/comments/ge11pp/aggressive_and_violent_sister/,1,Aggressive and violent sister,[deleted],,6059,UNCERTAIN,INSUFFICIENT_CONTEXT,"The duplicate-style title gives no personal pronoun or event, and its body is deleted."
relationship_advice,2020-05-03 14:39:51 PDT,abusive brother,https://www.reddit.com/r/relationship_advice/comments/gcytb6/how_do_i_help_my_abusive_brother_and_his_wife/,1,How do I help my abusive brother and his wife (financially struggling so a therapist is not an option!),[deleted],,6068,UNCERTAIN,INSUFFICIENT_CONTEXT,The title calls the author’s brother abusive but asks how to help him and his wife; the deleted body does not reveal who he abused.
relationship_advice,2020-05-03 14:31:47 PDT,abusive brother,https://www.reddit.com/r/relationship_advice/comments/gcyoih/how_do_i_help_my_abusive_brother_and_his_wife/,2,How do I help my abusive brother and his wife (while having a serious financial issue so therapy is not an option!),[deleted],,6069,UNCERTAIN,INSUFFICIENT_CONTEXT,This duplicate help request lacks the body needed to tell whether the abusive brother ever victimized the author.
confession,2020-04-07 23:12:22 PDT,abusive brother,https://www.reddit.com/r/confession/comments/fx11kg/i_believe_i_developed_stockholm_syndrome_for_my/,1,"I believe I developed Stockholm Syndrome for my abusive brother for a brief period of time. As a result, I’d sleep in suggestive positions, hoping he’d come rape me again",[removed],,6166,UNCERTAIN,INSUFFICIENT_CONTEXT,"The removed confession title links an abusive brother, rape, and possible trauma bonding, but without the body it is unclear whether this is a real-life disclosure or an eroticized fantasy."
legaladvice,2020-04-03 01:50:09 PDT,abusive sister,https://www.reddit.com/r/legaladvice/comments/fu4uf6/my_abusive_sister_is_trying_to_get_someone_to/,1,my abusive sister is trying to get someone to kill themself (FL),[deleted],,6180,UNCERTAIN,INSUFFICIENT_CONTEXT,"The deleted title calls the author’s sister abusive but only specifies that she is trying to drive somebody else to suicide, leaving unclear whether she abused the author."
legaladvice,2020-04-02 08:45:43 PDT,abusive brother,https://www.reddit.com/r/legaladvice/comments/ftolpr/abusive_brother_with_poa/,1,Abusive Brother With POA,[deleted],,6183,UNCERTAIN,INSUFFICIENT_CONTEXT,The body is deleted and the generic title “Abusive Brother With POA” does not establish whose brother he is or whether the Reddit author was personally victimized.
Advice,2020-03-16 01:44:46 PDT,abusive brother,https://www.reddit.com/r/Advice/comments/fjhtab/abusive_brother/,1,Abusive brother,[deleted],,6241,UNCERTAIN,INSUFFICIENT_CONTEXT,The body is deleted and the two-word title does not say whose brother is abusive or whether the Reddit author was personally harmed.
bullying,2020-02-02 14:13:30 PST,sibling bullying,https://www.reddit.com/r/bullying/comments/exwann/how_do_you_deal_with_your_sibling_bullying_and/,3,How do you deal with your sibling bullying and taunting you every day?,[removed],,6345,UNCERTAIN,INSUFFICIENT_CONTEXT,"The removed title could be personal help-seeking or a generic question to others, and no details establish that the Reddit author is the bullied sibling."
legaladvice,2020-01-30 07:55:51 PST,sibling abuse,https://www.reddit.com/r/legaladvice/comments/ew7gsc/sibling_abuse_against_parent_and_family/,1,Sibling Abuse Against Parent and Family,[deleted],,6352,UNCERTAIN,INSUFFICIENT_CONTEXT,The deleted title says sibling abuse is against a parent and family but does not clarify whether the author is personally among the targets or only seeking help for a parent.
Advice,2020-01-30 02:02:12 PST,abusive sister,https://www.reddit.com/r/Advice/comments/ew33zg/abusive_sister/,3,Abusive sister,[deleted],,6354,UNCERTAIN,INSUFFICIENT_CONTEXT,The body is deleted and the two-word title does not establish whose sister is abusive or whether the author is her victim.
FamilyIssues,2020-01-13 07:45:34 PST,abusive brother,https://www.reddit.com/r/FamilyIssues/comments/eo5s9l/abusive_brother/,3,Abusive brother,[deleted],,6394,UNCERTAIN,INSUFFICIENT_CONTEXT,The body is deleted and the generic title does not show whose brother is abusive or whether the Reddit author was personally targeted.
raisedbynarcissists,2020-01-03 14:22:36 PST,violent sister,https://www.reddit.com/r/raisedbynarcissists/comments/ejmu3d/my_sister_is_pretending_to_be_the_innocent/,2,"My sister is pretending to be the innocent misguided victim who wants to save me, her violent sister",[deleted],,6418,UNCERTAIN,INSUFFICIENT_CONTEXT,"The deleted title says a sister portrays the author as violent, but it does not reveal whether the sister actually mistreated the author or whether this is a mutual dispute."
MakeNewFriendsHere,2019-12-23 16:36:53 PST,aggressive brother,https://www.reddit.com/r/MakeNewFriendsHere/comments/eetdhw/hi_im_lonely/,1,Hi! I’m lonely,"Hello, peoples of dank meme land! It is me, a lonely fellow looking to make friends like many of u on here. I am 13 female and I do art. Or I like to think so. I am a product junkie and love collecting stationery and pens an stuff. I don’t have a lot of friends and I never did. I would like to make some friends here! &gt;!I love hugs tbh!&lt; I want someone to text and message when I have a problem or am feeling down. I have kind of a hot temper because of growing up with my aggressive brother so forgive me. Anyway, I hope to make friends on here!",,6451,UNCERTAIN,INSUFFICIENT_CONTEXT,"A 13-year-old attributes a hot temper to growing up with an aggressive brother, but gives no conduct showing whether this was abuse or ordinary sibling roughness."
AskReddit,2019-11-01 08:55:44 PDT,sibling bullying,https://www.reddit.com/r/AskReddit/comments/dq64yr/sibling_bullying/,1,Sibling bullying,[removed],,6577,UNCERTAIN,INSUFFICIENT_CONTEXT,"The removed AskReddit post has only the topic label 'Sibling bullying,' which does not reveal whether the author was sharing a personal experience or asking generally."
CPTSD,2019-10-25 14:44:19 PDT,abusive sibling,https://www.reddit.com/r/CPTSD/comments/dn4bv6/i_just_realized_why_i_love_crime_dramas_and_why/,6,"I just realized why I love crime dramas, and why I've basically watched nothing but action/drama for the last 7 years.","A friend sent me Eat Pray Love back in the day, loving it and wanting to share. I had a vague idea of the story, and I was scared to watch it. Having just finished it, I figured out why.

I've always loved a variety of movies/TV. Pretty much open to anything. But 7 or so years ago, I went through a separate and different trauma than the extreme abuse and trauma I went through as a kid (and adult) at the hands of my parent. I stopped believing in the ""something horrible happens, but you can grow, recover, and be happy again"" stories.

Less than 6 months after my 'adult trauma,' I entered a long term relationship with my best friend. We're still together, and 'happy.' I don't feel happy, and lost faith in the happy, because the last 7 years have just been trauma/crisis after trauma/crisis. Losing their parent, losing mine to cancer, abusive sibling relationships, stepped up abuse by my remaining parent. I spent every day focused on making it to tomorrow, next week, next month.

My life was a drama, and I stopped being comfortable with horror movies (they didn't compare to what I'd lived through), comedies (because they weren't funny anymore), romance (because even my own relationship didn't have any, more like soldiers in battle than deeply in love - though we are). I have only wanted to watch crime and medical dramas, things that are related to what I'm struggling with. Hell, for me The Good Place falls under drama, as I struggle with my father's death, and what comes 'next.'

Even though my happiness won't, and doesn't, resemble what I see in movies/TV, doesn't mean it's not real. I'll never have an international journey of self-discovery, but I had a journey to IOP for 3 months. It's not just the journey that matters, it's the destination too. I don't compare my trauma to others, but I've compared my happiness, accomplishments, and success and found myself wanting. My life is my own. It's not a race, and it's not a competition. Having just finished watching Eat Pray Love, I find myself feeling hopeful for the first time in a long time. I like it. It may be scary and hard, but I'm going to find other 'positive' stories, because I am impacted by what I watch, and I like being impacted positively.

Also, as someone with body issues, 'Falsa Magra' might be one of my favorite concepts. It is described (with reverence and delight) in Eat Pray Love as ""look slender and elegant from afar, but up close you are round and squishy."" The response is ""thank God for Brazilians."" I am metaphorically round and squishy (and maybe a little literally), and that is perfectly OK.",,6587,UNCERTAIN,RELATIONSHIP_UNCLEAR,The author lists 'abusive sibling relationships' among several years of crises but does not say whose siblings were involved or describe any sibling's conduct toward the author.
NarcissisticAbuse,2019-10-23 21:04:32 PDT,sibling abuse,https://www.reddit.com/r/NarcissisticAbuse/comments/dmb242/sibling_abuse/,1,Sibling abuse?,[removed],,6592,UNCERTAIN,INSUFFICIENT_CONTEXT,The removed post supplies only the generic question 'Sibling abuse?' and does not establish that the author personally experienced mistreatment by a sibling.
legaladvice,2019-10-22 01:39:07 PDT,abusive sibling,https://www.reddit.com/r/legaladvice/comments/dlf11s/abusive_sibling/,0,Abusive sibling,[deleted],,6599,UNCERTAIN,INSUFFICIENT_CONTEXT,"The deleted legal-advice post offers only the generic title 'Abusive sibling,' with no surviving indication of who was abused or whether the author was the target."
legaladvice,2019-09-04 21:26:35 PDT,abusive brother,https://www.reddit.com/r/legaladvice/comments/czvz59/a_verbally_abusive_brother/,1,A Verbally Abusive Brother,[removed],,6700,UNCERTAIN,INSUFFICIENT_CONTEXT,"The removed post has only the generic title 'A Verbally Abusive Brother,' without clarifying whose brother he is or whether the author was abused."
AmItheAsshole,2019-08-28 07:41:26 PDT,abusive sister,https://www.reddit.com/r/AmItheAsshole/comments/cwlqbe/abusive_sister/,1,Abusive sister,[removed],,6724,UNCERTAIN,INSUFFICIENT_CONTEXT,"The removed AITA post has only the bare title 'Abusive sister,' which does not establish the author's relationship to the sister or who experienced abuse."
legaladvice,2019-08-25 04:16:56 PDT,abusive brother,https://www.reddit.com/r/legaladvice/comments/cv7am6/abusive_brother/,2,Abusive brother,[deleted],,6731,UNCERTAIN,INSUFFICIENT_CONTEXT,"The deleted legal-advice post has only the generic title 'Abusive brother,' so the relationship and identity of the victim cannot be determined."
Advice,2019-08-10 06:30:04 PDT,abusive sister,https://www.reddit.com/r/Advice/comments/coi1z0/abusive_sister/,1,abusive sister,[deleted],,6797,UNCERTAIN,INSUFFICIENT_CONTEXT,"The deleted Advice post has only the bare title 'abusive sister,' leaving the relationship, target, and events unknown."
relationship_advice,2019-08-01 18:12:00 PDT,abusive brother,https://www.reddit.com/r/relationship_advice/comments/ckx9fb/physically_abusive_brother/,1,Physically abusive brother?,[deleted],,6813,UNCERTAIN,INSUFFICIENT_CONTEXT,The deleted post has only the question 'Physically abusive brother?' and does not reveal whose brother he is or who was physically harmed.
venting,2019-07-31 03:08:25 PDT,sibling abuse,https://www.reddit.com/r/venting/comments/ck6ggv/sibling_abuse/,1,Sibling abuse.,[deleted],,6816,UNCERTAIN,INSUFFICIENT_CONTEXT,The deleted vent contains only the broad label 'Sibling abuse' and gives no evidence that the author personally experienced it.
opiates,2019-07-04 05:03:14 PDT,abusive brother,https://www.reddit.com/r/opiates/comments/c91sj0/abusive_brother_confusing_xanax_or_pill_use/,1,Abusive brother confusing Xanax or pill use,[removed],,6891,UNCERTAIN,INSUFFICIENT_CONTEXT,"The removed opiates post has only the unclear phrase 'Abusive brother confusing Xanax or pill use,' which does not identify the victim or circumstances."
Advice,2019-06-21 14:49:41 PDT,sibling abuse,https://www.reddit.com/r/Advice/comments/c3gzsu/serious_parental_and_sibling_abuse/,1,(Serious) parental and sibling abuse,[removed],,6918,UNCERTAIN,INSUFFICIENT_CONTEXT,"The removed Advice post gives only the topic 'parental and sibling abuse,' without confirming the author was the sibling victim or describing events."
Advice,2019-06-13 11:50:41 PDT,abusive sister,https://www.reddit.com/r/Advice/comments/c09qzg/abusive_sister/,1,Abusive Sister,[deleted],,6935,UNCERTAIN,INSUFFICIENT_CONTEXT,The generic title 'Abusive Sister' and deleted body do not establish who was abused or whether this was the author's real-life experience.
EstrangedAdultChild,2019-06-02 11:32:56 PDT,abusive sibling,https://www.reddit.com/r/EstrangedAdultChild/comments/bw0km2/estranged_from_abusive_siblings/,13,Estranged from abusive sibling(s)?,[deleted],,6958,UNCERTAIN,INSUFFICIENT_CONTEXT,The question-like title and deleted body do not reveal whether the author is personally estranged from abusive siblings or merely soliciting others' experiences.
relationship_advice,2019-05-18 21:02:07 PDT,sibling abuse,https://www.reddit.com/r/relationship_advice/comments/bqcpnt/sibling_abuse/,1,Sibling abuse,[deleted],,6996,UNCERTAIN,INSUFFICIENT_CONTEXT,"The title only says 'Sibling abuse' and the body is deleted, so it does not identify the author as a victim or supply any real-life facts."
abuse,2019-05-11 20:19:02 PDT,sibling abuse,https://www.reddit.com/r/abuse/comments/bnkmw6/sibling_abuse/,3,sibling abuse,[deleted],,7016,UNCERTAIN,INSUFFICIENT_CONTEXT,The deleted body and bare title 'sibling abuse' do not establish whether the author personally experienced abuse.
confession,2019-03-27 18:14:18 PDT,aggressive brother,https://www.reddit.com/r/confession/comments/b6ckfu/help_how_do_i_deal_with_an_aggressive_brother/,0,HELP: How do I deal with an aggressive brother?,[removed],,7117,UNCERTAIN,INSUFFICIENT_CONTEXT,"The removed post asks how to deal with an aggressive brother, but contains no conduct or context establishing abuse rather than ordinary conflict."
legaladvice,2019-03-22 14:44:49 PDT,sibling abuse,https://www.reddit.com/r/legaladvice/comments/b4awsw/sibling_abuse/,4,Sibling Abuse,[deleted],,7132,UNCERTAIN,INSUFFICIENT_CONTEXT,The bare title 'Sibling Abuse' and deleted body do not reveal who experienced it or whether this was a personal account.
Advice,2019-03-16 13:47:40 PDT,aggressive brother,https://www.reddit.com/r/Advice/comments/b1x4ws/aggressive_brother_aggressive_mother/,1,"Aggressive Brother, Aggressive Mother",[deleted],,7149,UNCERTAIN,INSUFFICIENT_CONTEXT,The deleted body and title naming an aggressive brother and mother do not describe conduct or show whether the author was abused.
raisedbynarcissists,2019-03-14 09:56:13 PDT,sibling abuse,https://www.reddit.com/r/raisedbynarcissists/comments/b12qbo/sibling_abuse/,1,Sibling abuse?,[deleted],,7153,UNCERTAIN,INSUFFICIENT_CONTEXT,The question-like title 'Sibling abuse?' and deleted body do not establish the author's victimization or any facts.
SOFTMA,2019-03-04 00:17:42 PST,sibling abuse,https://www.reddit.com/r/SOFTMA/comments/ax4rlg/sibling_abuse/,2,Sibling Abuse,,http://www.softma.club/2019/03/sibling-abuse.html,7166,UNCERTAIN,INSUFFICIENT_CONTEXT,"The bare title 'Sibling Abuse' and absent body provide no victim, conduct, or evidence that this is the author's experience."
AskParents,2019-02-22 17:49:05 PST,sibling abuse,https://www.reddit.com/r/AskParents/comments/atpssh/looking_for_advice_re_sibling_abuse_any/,1,Looking for advice r.e Sibling Abuse. Any comments/advice really appreciated.,[deleted],https://old.reddit.com/r/Parenting/comments/atpouy/looking_for_advice_re_sibling_abuse_any/,7184,UNCERTAIN,INSUFFICIENT_CONTEXT,"The deleted post asks for sibling-abuse advice in AskParents but does not show whether the author is a victim, a parent, or another observer."
legaladvice,2019-02-18 16:32:56 PST,abusive brother,https://www.reddit.com/r/legaladvice/comments/as47ii/abusive_brother/,7,Abusive brother,[deleted],,7194,UNCERTAIN,INSUFFICIENT_CONTEXT,The deleted body and bare title 'Abusive brother' do not establish who was harmed or whether the author was the victim.
Advice,2019-02-16 22:50:40 PST,sibling bullying,https://www.reddit.com/r/Advice/comments/ari577/anger_management_and_sibling_bullying/,1,Anger Management and Sibling Bullying?,[removed],,7197,UNCERTAIN,INSUFFICIENT_CONTEXT,The removed post's title connects anger management and sibling bullying but does not say who bullied whom or whether the author was victimized.
Advice,2019-01-06 10:05:49 PST,abusive brother,https://www.reddit.com/r/Advice/comments/ad7yor/an_abusive_brother_two_litter_of_puppies_a_broken/,1,"An abusive brother, two litter of puppies, a broken leg, and a cold.",[deleted],,7272,UNCERTAIN,INSUFFICIENT_CONTEXT,"The body is deleted and the title merely lists “an abusive brother” among several problems, without establishing whose brother he is, who was targeted, or whether the author personally experienced the abuse."
needadvice,2018-12-19 01:37:22 PST,abusive sister,https://www.reddit.com/r/needadvice/comments/a7kyp0/how_to_deal_with_abusive_sister/,1,How to deal with abusive sister?,[deleted],,7311,UNCERTAIN,INSUFFICIENT_CONTEXT,"The body is deleted and “How to deal with abusive sister?” does not reveal whether she is the author's own sibling, whom she abuses, or whether the author is personally targeted."
Advice,2018-12-13 17:02:53 PST,abusive sister,https://www.reddit.com/r/Advice/comments/a5ztq9/need_advice_on_dealing_with_abusive_sister/,1,Need advice on dealing with abusive sister.,[deleted],,7320,UNCERTAIN,INSUFFICIENT_CONTEXT,"With the body deleted, the generic phrase “dealing with abusive sister” does not establish whether she is the author's sibling or whether her abuse targets the author."
AskReddit,2018-12-06 17:20:24 PST,abusive sibling,https://www.reddit.com/r/AskReddit/comments/a3ur9x/how_to_cut_ties_with_an_abusive_sibling_who_lives/,1,How to cut ties with an Abusive Sibling who lives with you?,[removed],,7335,UNCERTAIN,INSUFFICIENT_CONTEXT,"The deleted AskReddit post asks generically how to cut ties with a co-resident abusive sibling, but does not confirm this is the author's own situation or describe any personal mistreatment."
AskReddit,2018-11-15 07:26:29 PST,abusive brother,https://www.reddit.com/r/AskReddit/comments/9xc4ih/abusive_brother/,1,Abusive brother,[removed],,7370,UNCERTAIN,INSUFFICIENT_CONTEXT,"The body is removed and the bare title “Abusive brother” does not identify whose brother he is, who he targets, or whether this is the author's personal experience."
AskReddit,2018-11-15 02:24:08 PST,abusive brother,https://www.reddit.com/r/AskReddit/comments/9xa0xw/abusive_brother/,1,Abusive brother,[removed],,7371,UNCERTAIN,INSUFFICIENT_CONTEXT,"Nothing remains beyond the generic title “Abusive brother,” so the sibling relationship, victim, and first-person status cannot be determined."
DysfunctionalFamily,2018-11-08 19:57:34 PST,violent sister,https://www.reddit.com/r/DysfunctionalFamily/comments/9vh74z/violent_sister/,5,Violent Sister,[deleted],,7375,UNCERTAIN,INSUFFICIENT_CONTEXT,"The body is deleted and the bare title “Violent Sister” does not establish whose sister she is, who was targeted, or whether the author experienced her violence."
abuse,2018-11-01 05:46:50 PDT,sibling abuse,https://www.reddit.com/r/abuse/comments/9t93dw/is_this_sibling_abuse/,2,Is this sibling abuse?,[deleted],,7388,UNCERTAIN,INSUFFICIENT_CONTEXT,"The deleted body leaves only the question “Is this sibling abuse?”, with no facts establishing the author, relationship, conduct, or victim."
findareddit,2018-09-25 23:17:04 PDT,sibling abuse,https://www.reddit.com/r/findareddit/comments/9izzar/subreddit_for_sibling_abuse/,1,Subreddit for sibling abuse,Especially when the abuser is mentally ill?,,7433,UNCERTAIN,INSUFFICIENT_CONTEXT,"The author seeks a forum about sibling abuse involving a mentally ill abuser, but gives no relationship, conduct, or statement confirming that the author is personally the victim."
Advice,2018-09-19 09:02:44 PDT,violent brother,https://www.reddit.com/r/Advice/comments/9h6fjl/formerly_violent_brother_has_been_acting/,2,formerly violent brother has been acting incredibly paranoid and erratic recently. Don't know how to help,[deleted],,7440,UNCERTAIN,INSUFFICIENT_CONTEXT,"The deleted title identifies the author's brother as formerly violent and now paranoid, but does not reveal who he harmed or whether the author experienced abuse."
AskReddit,2018-09-10 01:59:33 PDT,abusive sister,https://www.reddit.com/r/AskReddit/comments/9elaqr/tips_against_an_abusive_sister/,1,Tips against an abusive sister?,[removed],,7456,UNCERTAIN,INSUFFICIENT_CONTEXT,"The removed-body title asks for tips against an abusive sister but does not clarify whose sister she is, whom she targets, or whether this is the author's situation."
askdrugs,2018-09-07 08:40:11 PDT,violent brother,https://www.reddit.com/r/askdrugs/comments/9dvjdk/violent_brother_mental_disorder_or_ambien/,10,Violent brother: mental disorder or Ambien?,[deleted],,7459,UNCERTAIN,INSUFFICIENT_CONTEXT,"The deleted title identifies a brother as violent and asks about Ambien or mental illness, but does not say who he harmed or whether the author was abused."
Advice,2018-07-27 18:27:40 PDT,abusive brother,https://www.reddit.com/r/Advice/comments/92ib8z/help_with_abusive_brother/,1,Help with abusive brother,[deleted],,7505,UNCERTAIN,INSUFFICIENT_CONTEXT,"The body is deleted and “Help with abusive brother” does not identify the relationship, target, or whether the author personally experienced his abuse."
unitedkingdom,2018-06-29 01:40:57 PDT,sibling abuse,https://www.reddit.com/r/unitedkingdom/comments/8url9l/looking_for_advice_on_sibling_abuse_please/,3,Looking for advice on sibling abuse please,[removed],,7554,UNCERTAIN,INSUFFICIENT_CONTEXT,The removed body and generic request for sibling-abuse advice do not establish whether the author personally experienced abuse by their own sibling.
Advice,2018-06-15 22:02:43 PDT,aggressive brother,https://www.reddit.com/r/Advice/comments/8rh8lq/aggressive_brother_with_aspergers_syndrome/,1,Aggressive Brother with Asperger's Syndrome,[removed],,7572,UNCERTAIN,INSUFFICIENT_CONTEXT,"With the body removed, the bare title identifies an aggressive brother but does not establish the author's relationship to him or whether the author was harmed."
raisedbynarcissists,2018-06-03 09:23:01 PDT,sibling abuse,https://www.reddit.com/r/raisedbynarcissists/comments/8o9n70/frustrated_why_no_one_takes_sibling_abuse/,1,Frustrated why no one takes sibling abuse seriously.,[deleted],,7581,UNCERTAIN,INSUFFICIENT_CONTEXT,The deleted body and generic frustration about sibling abuse do not establish that the author personally experienced it from their own sibling.
domesticviolence,2018-05-31 02:23:52 PDT,abusive sister,https://www.reddit.com/r/domesticviolence/comments/8nh0ic/abusive_sister_with_substance_abuse_and_mental/,1,Abusive sister with substance abuse and mental health issues,[deleted],,7585,UNCERTAIN,INSUFFICIENT_CONTEXT,The deleted body and bare title about an abusive sister do not show whose sister she is or whether the author was personally abused.
u_cantseeyounow,2018-05-27 03:37:45 PDT,sibling abuse,https://www.reddit.com/r/u_cantseeyounow/comments/8mgzmi/sibling_abuse_trigger_warning/,1,Sibling abuse (trigger warning),[deleted],,7597,UNCERTAIN,INSUFFICIENT_CONTEXT,The deleted body and generic sibling-abuse title do not establish that the author personally experienced abuse from their own sibling.
JUSTNOFAMILY,2018-05-09 11:05:38 PDT,abusive sister,https://www.reddit.com/r/JUSTNOFAMILY/comments/8i82v3/emotionally_abusive_sister_an_update_she_plans_a/,12,Emotionally abusive sister: An update &amp; she plans a trip!,[deleted],,7623,UNCERTAIN,INSUFFICIENT_CONTEXT,The deleted body and non-possessive update title do not conclusively establish that the sister is the author's own or that the author was her victim.
abuse,2018-04-02 22:47:43 PDT,sibling abuse,https://www.reddit.com/r/abuse/comments/89ad91/update_to_the_whole_sibling_abuse/,2,Update to the whole sibling abuse,[deleted],,7659,UNCERTAIN,INSUFFICIENT_CONTEXT,The deleted body and generic 'update' title do not establish who experienced the sibling abuse or whether the Reddit author was the victim.
raisedbynarcissists,2018-01-14 04:07:00 PST,violent brother,https://www.reddit.com/r/raisedbynarcissists/comments/7qbiqr/violent_brother_long_rant_am_i_the_bad_person/,5,Violent brother. (Long Rant.) Am i the bad person here?. (I need advice.),[deleted],,7735,UNCERTAIN,INSUFFICIENT_CONTEXT,The deleted body and non-possessive title about a violent brother do not conclusively show the relationship or whether the author was personally harmed.
CPTSD,2017-12-16 13:07:39 PST,sibling bullying,https://www.reddit.com/r/CPTSD/comments/7k9jmh/reflecting_on_sibling_bullying_specifically_boys/,3,"Reflecting on sibling bullying, specifically boys on girls and the dynamic carrying on throughout your life",[deleted],,7766,UNCERTAIN,INSUFFICIENT_CONTEXT,The deleted body and reflective title about boy-on-girl sibling bullying do not establish that the author personally experienced it.
legaladvice,2017-11-03 04:33:34 PDT,violent sibling,https://www.reddit.com/r/legaladvice/comments/7ais9m/clarification_with_eviction_process_for_violent/,1,Clarification with eviction process for violent sibling? [California],[deleted],,7813,UNCERTAIN,INSUFFICIENT_CONTEXT,The deleted body and generic legal title about evicting a violent sibling do not establish whether the author was personally harmed.
raisedbynarcissists,2017-09-16 20:15:09 PDT,abusive sister,https://www.reddit.com/r/raisedbynarcissists/comments/70l978/dealing_with_potentially_abusive_sister/,2,dealing with potentially abusive sister,[deleted],,7869,UNCERTAIN,INSUFFICIENT_CONTEXT,The deleted body and generic title about dealing with a potentially abusive sister do not establish whether the author is the victim or what conduct occurred.
raisedbynarcissists,2017-09-16 19:30:37 PDT,abusive sister,https://www.reddit.com/r/raisedbynarcissists/comments/70l202/dealing_with_a_potentially_abusive_sister/,1,dealing with a potentially abusive sister,[removed],,7870,UNCERTAIN,INSUFFICIENT_CONTEXT,The removed body and generic title about dealing with a potentially abusive sister do not establish whether the author is the victim or what conduct occurred.
bullying,2017-08-22 19:14:06 PDT,sibling bullying,https://www.reddit.com/r/bullying/comments/6vfxgv/younger_sibling_bullying_and_why_it_needs_to_be/,1,Younger Sibling bullying and why it needs to be talked about more,[deleted],,7889,UNCERTAIN,INSUFFICIENT_CONTEXT,The deleted body and general title about younger-sibling bullying do not establish that the author personally experienced it.
raisedbynarcissists,2017-08-21 01:39:30 PDT,abusive sibling,https://www.reddit.com/r/raisedbynarcissists/comments/6v1neb/dae_have_an_abusive_sibling_and_enabler_parents/,19,DAE have an abusive sibling and enabler parent/s?,,,7890,UNCERTAIN,INSUFFICIENT_CONTEXT,"The title asks generally whether others have an abusive sibling and enabling parents, but the missing body leaves the author's own victim status unstated."
legaladvice,2017-05-08 06:24:07 PDT,abusive brother,https://www.reddit.com/r/legaladvice/comments/69y1xc/abusive_brother/,0,Abusive brother,[deleted],,7983,UNCERTAIN,INSUFFICIENT_CONTEXT,"With a deleted body and only the bare title 'Abusive brother,' there is no evidence that the Reddit author was the sibling victim."
animalabusers,2017-05-07 08:13:39 PDT,abusive sister,https://www.reddit.com/r/animalabusers/comments/69rr52/abusive_sister/,1,Abusive Sister,[deleted],,7984,UNCERTAIN,INSUFFICIENT_CONTEXT,"With a deleted body and only the bare title 'Abusive Sister,' the author's relationship to the alleged abuse and victim is unknown."
animalcruelty,2017-05-06 20:35:59 PDT,abusive sister,https://www.reddit.com/r/animalcruelty/comments/69pbqn/abusive_sister/,1,Abusive Sister,[deleted],,7985,UNCERTAIN,INSUFFICIENT_CONTEXT,"With a deleted body and only the bare title 'Abusive Sister,' the author's relationship to the alleged abuse and victim is unknown."
LifeProTips,2017-04-11 22:23:20 PDT,abusive brother,https://www.reddit.com/r/LifeProTips/comments/64wa67/how_to_deal_with_abusive_brother/,1,How to deal with abusive brother?,[removed],,7999,UNCERTAIN,INSUFFICIENT_CONTEXT,The removed body and generic title about dealing with an abusive brother do not establish whether the author is the victim.
bully,2017-01-06 08:01:09 PST,abusive sister,https://www.reddit.com/r/bully/comments/5mebn4/abusive_sister/,0,Abusive sister,[removed],,8060,UNCERTAIN,INSUFFICIENT_CONTEXT,The removed body and bare title 'Abusive sister' do not establish whether the author is the victim.
abuse,2016-11-20 17:39:09 PST,sibling abuse,https://www.reddit.com/r/abuse/comments/5e1g4n/sibling_abuse/,3,Sibling Abuse,[deleted],,8083,UNCERTAIN,INSUFFICIENT_CONTEXT,The body was deleted and the bare title 'Sibling Abuse' does not establish that the author personally experienced it.
offmychest,2016-10-20 08:45:27 PDT,sibling abuse,https://www.reddit.com/r/offmychest/comments/58hjrz/sibling_abuse_or_experimentation/,1,Sibling abuse or experimentation?,[removed],,8100,UNCERTAIN,INSUFFICIENT_CONTEXT,The removed body and ambiguous title do not establish whether this is the author's own sibling experience or what conduct occurred.
Advice,2016-07-02 13:28:18 PDT,abusive sibling,https://www.reddit.com/r/Advice/comments/4qyvkh/how_to_deal_with_an_abusive_sibling/,1,How to deal with an abusive sibling?,[deleted],,8161,UNCERTAIN,INSUFFICIENT_CONTEXT,The deleted body and non-possessive generic title do not establish whether this is the author's own first-hand sibling abuse experience.
Advice,2016-06-08 03:14:11 PDT,aggressive brother,https://www.reddit.com/r/Advice/comments/4n4b3b/how_do_i_overcome_teen_depression_and_pick_up/,1,How do I overcome teen depression and pick up failing grades?,"I’m mainly after some comfort and advice right now. I’m a 16 year old girl who is completing the IB at an all girls’ private school on a 60% academic scholarship. This was my first year at the school and previously I was at a coeducational public school in the accelerated class. Today after my final semester exam the IB coordinator called me into her office and told me she was concerned about my academics. I knew this was coming as this has all happened before. At my old school mid way through year 7 I slacked off and lost all motivation for school and learning. I missed at least one day of school a week and I failed all my tests and never completed homework. This got me into trouble with the school and I decided to move schools since I also wanted to do IB. So I planned and got the scholarship for my new school and within a couple of weeks of the new school year I was again could not focus in class, failed tests and my attendance started to drop. My social and home situation is that I have a mother who has depression, a father who is having an affair and an aggressive brother. There is constant fighting at home and I am always getting yelled for being lazy and for spending all my time on my laptop in my room. I do get along with people but I don’t genuinely like anyone. So today when I got in trouble I cried to the coordinator who took me to see the school psychologist and then they took me to the local GP. The doctor said I was showing symptoms of depression and checked my weight. I have lost 5 kilos in the past month and I don’t eat anything from when I wake up at 5am to when I get from school at 5pm. No one in my house cooks and I don’t cook. I cried to the coordinator about my academics and she said not too worry as she simply wanted to ask me why I was doing so bad because when she asked for student progress reports from my teachers they all said I come off as intelligent, I have independent ides and that I show great potential. Not to be cocky but I know I am intelligent I passed the accelerated selective test, got a scholarship to the school for writing an essay on American exceptional-ism and got the best mark in my class for our English IOP. After today I feel so embarrassed that I told them my little sob story and I am worried they will think of me as lower- class trash, since its a private school and I am on a scholarship. I am scared my parents will find out since they are extremely strict about school and most importantly I want to know how I can get out of this cycle. How do I focus in class, how do I process new content, how do I get homework done, how do I keep up in high level math when I got 4% on the semester exam when I don’t have any purpose or motivation? I would greatly appreciate any replies! 
",,8179,UNCERTAIN,INSUFFICIENT_CONTEXT,"The author mentions an aggressive brother amid constant household fighting, but gives no specific conduct establishing whether he mistreats the author."
legaladvice,2016-06-05 19:39:24 PDT,sibling violence,https://www.reddit.com/r/legaladvice/comments/4mqtj8/sibling_violence_urgent/,0,Sibling violence [URGENT],[deleted],,8184,UNCERTAIN,INSUFFICIENT_CONTEXT,The deleted body and generic title about sibling violence do not establish whether the author is personally victimized by their own sibling.
AskReddit,2016-05-27 10:54:18 PDT,sibling abuse,https://www.reddit.com/r/AskReddit/comments/4lbyg5/does_this_count_as_sibling_abuse/,1,Does this count as sibling abuse?,[removed],,8190,UNCERTAIN,INSUFFICIENT_CONTEXT,The removed body leaves unclear whether the generic question concerns the author's own experience or sibling abuse in the abstract.
AskReddit,2016-05-27 10:41:31 PDT,sibling abuse,https://www.reddit.com/r/AskReddit/comments/4lbw6z/does_this_count_as_sibling_abuse/,0,Does this count as sibling abuse?,[deleted],,8191,UNCERTAIN,INSUFFICIENT_CONTEXT,The deleted body leaves unclear whether the generic question concerns the author's own experience or sibling abuse in the abstract.
AskReddit,2015-12-14 12:48:22 PST,sibling bullying,https://www.reddit.com/r/AskReddit/comments/3wtz5m/serious_how_can_i_stop_sibling_bullying/,1,[Serious] How can I stop sibling bullying?,[removed],,8277,UNCERTAIN,INSUFFICIENT_CONTEXT,"The removed body and generic question do not establish whether the author is a victim, perpetrator, parent, or bystander."
legaladvice,2015-07-22 07:29:33 PDT,sibling abuse,https://www.reddit.com/r/legaladvice/comments/3e79f5/intersibling_abuse_laws_in_ontario_canada_can/,7,"Inter-sibling abuse laws in Ontario, Canada? Can someone be convicted years later?","Even if you are not versed in Canadian law, any insight would be helpful. Two siblings had apparently done some ""touching"" and experimenting almost 10 years ago, at the ages of 11 and 8 years old. The younger sibling has claimed lately that the incident was traumatizing, and though this sibling has been known to be quite manipulative, irrational, and exaggerating, something like this clearly cannot be overlooked. My questions are: can the older sibling be convicted for this years later? Where is the line drawn between ""kids being kids"" and actual crimes being committed? What steps should be taken for this matter? I do not think anyone should be ""punished"", legally or not.",,8351,UNCERTAIN,INSUFFICIENT_CONTEXT,"The anonymized legal question about two siblings' childhood sexual contact does not identify whether the author is the victim, alleged perpetrator, parent, or another party."
SuicideWatch,2015-05-23 02:54:19 PDT,violent brother,https://www.reddit.com/r/SuicideWatch/comments/36z3di/i_just_dont_know_what_to_do_anymore/,1,I just don't know what to do anymore.,"The fact that I am posting here is proof that I have hit rock bottom. That is, of course, in no offense to whoever posts here for help... But I just cannot see the light anymore. I've trapped myself, in almost every way possible to what I see as my eventual fate. The mound of lies has built up so massively, and to such a point, that I feel like ending myself is a much better alternative than simply continuing as I am.

I am a sham. I am a shame. I am an ideal built upon lies that have been perpetuated upon my own dishonesty and disgrace. I am a spoiled, rotten, disgusting excuse for a human being whose sole contribution to his life has been to spoil and waste every single chance he has been given, which practically everyone on this planet would consider themselves lucky to have.

I have wasted every opportunity, every grace, every chance... So much money... So much hard-earned money, I have wasted... How much of a spoiled, worthless brat I must be... My mother says she cannot even relate to me anymore, we who used to be so close, and that even my episodically violent brother is more relatable than I am.

I will be honest. I am not here on a mere whim. I am not here because I had a bad day. I am here because I simply do not like myself anymore, and I feel like I have lost in recent years what I valued so deeply about myself. I am no longer understanding. I am harsh, and crude. I do not like who I see in the mirror.


It is not so that I have a low opinion of myself, quite the opposite in fact. But what I do have, is a basic and genuine understanding of the blessed and lucky position I have been gifted in life.

I want for nothing. My family is not fabulously wealthy, but they have no financial troubles. They, after period of me living on my own, have agreed to pay for my schooling (at a moderately priced college withing 45m drive), and semester after semester I have lied, just as I always have, about my grades. I simply edit the grades in Chrome, and act like they're mine, all the while milking them for every last sap while I cannot even manage even the most basic of classes.

I used to be smart. I used to be intelligent. I scored in the top 1% of the nation in ACT/SAT scores... What a waste, I am... In no where in this incoherent ramblings of a statement is there any lick of sense. What there is, however, is plenty of grief. I am here because I literally have nowhere else to turn to. Even my best friend wouldn't understand...

I just feel so worthless.. So much like a spoiled brat who continuously doesnt appreciate what he has in life... The only thing I have left is to just keep continuing the lie until the illusion finally shatters.",,8380,UNCERTAIN,INSUFFICIENT_CONTEXT,The author calls their brother episodically violent but does not say whether his violence or mistreatment was directed at the author.
AskReddit,2014-07-28 15:26:16 PDT,sibling abuse,https://www.reddit.com/r/AskReddit/comments/2bzkyk/what_constitutes_sibling_abuse/,1,What constitutes sibling abuse?,"Would a 13 year old teenage boy asking his 5 year old sister to perform an obscene act qualify as sibling abuse, i.e. sexual abuse, or is this just a typical sibling behavior?",,8526,UNCERTAIN,INSUFFICIENT_CONTEXT,"The post asks whether a specific sexual act between a 13-year-old boy and his 5-year-old sister is abuse, but does not say whether the author is either sibling, a witness, or asking hypothetically."
TheBluePill,2014-05-12 10:15:29 PDT,aggressive sister,https://www.reddit.com/r/TheBluePill/comments/25dg2o/perfect_redpill_relationship_upheld_despite_nosy/,15,Perfect RedPill Relationship upheld despite nosy interference from aggressive sister [sp],,http://www.youtube.com/watch?v=VsHsjSFsG0A,8569,UNCERTAIN,INSUFFICIENT_CONTEXT,The empty body and headline alone do not establish whether a real author personally experienced abuse by their own sister.
fffffffuuuuuuuuuuuu,2012-07-20 17:16:10 PDT,sibling abuse,https://www.reddit.com/r/fffffffuuuuuuuuuuuu/comments/wwgn7/sibling_abuse/,8,sibling abuse,,http://imgur.com/fXUzF,8755,UNCERTAIN,INSUFFICIENT_CONTEXT,The empty title “sibling abuse” does not reveal whether this is a personal account or a general topic.
fffffffuuuuuuuuuuuu,2012-06-21 17:04:02 PDT,sibling abuse,https://www.reddit.com/r/fffffffuuuuuuuuuuuu/comments/veqyb/sibling_abuse/,1,Sibling abuse.,,http://imgur.com/t79qQ,8762,UNCERTAIN,INSUFFICIENT_CONTEXT,The empty title “Sibling abuse” gives no information about whether the author personally experienced it.
