type,subreddit,title,url,datetime_pst,score,body,media_url
post,depression,I feel the worst,https://www.reddit.com/r/depression/comments/1ufjuo5/i_feel_the_worst/,2026-06-25 12:23:56 PDT,5,"I m 22 years old and i already feel so bad that is hard to handle the pain anymore 

Nothing is going well in my life.

I was born into a poor and uneducated family. Throughout my childhood I often had no clothes or food. The worst thing is that my parents did not teach me hygiene. So i got yeast infections and the worst .... I lost 4 teeth already,  I have 5 fillings and I probably need to add 2 more. And I want to close the spaces between the missing teeth (2 teeth on top and two on bottom) orthodontically, but I probably won't be able to and I don't know what to do because I'm afraid of implants, but I can't do nothing either. I m tired of how much money i spend on dental work and how many problems i discovered....  The dental situatuation is affecting me the most . I m afraid. What If i lose all nu teeh in the end ( my biggest fear). What If my face colapse? I already don't look good in general and people insulted me a lot ( at school, at home , strangers on the streets, relatives etc) . I just hate this situation and i m scared and sad.

  
I suffer from sever anxiety disorder front childhood. I barely had any friends 

throughout my school years and I received real bullyng and cyberbullying. I was also sexually harassed since 6th grade repeatedly for 2 years because a classmate took advantage of my anxiety

I was once in love with a boy who became my good friend and I found out from reliable sources that he was a narcissist and never cared about me. He pretended to he my friend for 4 years 

I'm struggling financially and finding a job 
I couldn't finish high school even though I enrolled twice because I randomly injured my knee each time (I'm prone to dislocations)


I also experienced domestic violence and still experience abuse sometimes from my violent brother who is making life hell for me and my poor parents... I m also afraid to not lose my parents cuz they are old and i love them so much ♥️. 


I would say more but I don't have the energy. Everything is going wrong for me and it hurts way too much. I feel so bad... I just want to disapear ",
post,ToxicFamilyMembers,Younger violent brother (16) threatening me (FEM 18),https://www.reddit.com/r/ToxicFamilyMembers/comments/1txudh4/younger_violent_brother_16_threatening_me_fem_18/,2026-06-05 12:09:50 PDT,1,,https://www.reddit.com/r/u_OneEarth6396/comments/1txu3ca/younger_violent_brother_16_threatening_me_fem_18/
post,u_OneEarth6396,Younger violent brother (16) threatening me (FEM 18),https://www.reddit.com/r/u_OneEarth6396/comments/1txu3ca/younger_violent_brother_16_threatening_me_fem_18/,2026-06-05 11:59:50 PDT,1,"Basically i live in a muslim household (im an atheist), and my younger brother recently went through my phone when i was sleeping.. and he saw nude pictures of me that i sent to my boyfriend (Which my Parents dont know about) and he’s so fucking weird he decided to sent all of it over to his phone, wake me up the same night and confront me about my doings, because he thinks im a disgrace and a “slut”. He also went ahead and choked me while telling me about Honor killings. Hes stronger than me btw. And he’s always been this abusive, ever since he hit puberty it started to get even worse. He has punched my lip open before, broke my nail, hit me in almost every body part (He does this to my Mother too, but not that badly). My Problem is he keeps threatening me with the Pictures, telling me he’s gonna show it to my parents. I don’t really mind if my mom knows, the problem is my dad. I think i’d never see sunlight, a device or even with my eyes if he knew about it. Im thinking about telling this to my mom or my therapist, but i really just want him to forget or never talk about it again. I went on his phone the day after, i tried looking for the pictures but i couldn’t find them. So i just decided to change his password for his Snapchat private eyes storage. Im still not sure if he has them or not, but he keeps threatening me with it. Whenever he hits or chokes me, he threatens me not to scream or defend myself because he’ll expose me. And even if he doesn’t have the pictures, i think my dad would still believe him.. ? Please help me out 😭 ",
post,StateOfDecay,I’m disappointed with how Heartland/Trumbull handled the Wilkersons,https://www.reddit.com/r/StateOfDecay/comments/1tpfoaw/im_disappointed_with_how_heartlandtrumbull/,2026-05-27 12:19:17 PDT,59,"I finished Heartland today. I originally bought the game around 2018, but dropped it because I didn’t really like the open and kinda empty storytelling. I decided to finally finish it now because I replayed the first game and wanted to know what happened to the old characters. I was actually happy when I found out the Wilkersons were still being mentioned.

As I kept playing through the map, even without fully understanding some of the dialogue, I saw Mickey’s redemption arc and immediately started wondering: “man… what happened to Job?” Did he die? I always loved the fact that he was colder and more openly cruel than Mickey, which made the twist in the first game even better because appearances were deceiving. There’s even that survivor dialogue where someone talks about being attacked by them, and the way they describe Job makes it very clear he was the more dangerous and violent brother.

Then I played Helena and Quincy’s campaign hoping to find some clues, but nothing. After that I finished Aunt Fi and Larisse’s story too, and there was basically nothing there either. I was really disappointed because I genuinely liked the dynamic between the Wilkerson brothers.

Seriously, this wasn’t handled well. The writers should’ve been more explicit about it. I liked Job Wilkerson a lot because he reminded me of my older brother. Even Mickey’s cousin, “Nat”, kind of has a similar dynamic with him, but it’s just not the same. And then there’s that whole moment where she basically blows up the house instead of surrendering… the entire storyline felt rushed to me. I honestly didn’t enjoy the experience very much.

I spent the whole afternoon searching for answers only to eventually find a developer comment saying that Mickey apparently killed Job at some point. But the game itself barely talks about it, so as far as most players know, nobody really knows what happened to him. That’s what frustrated me the most.

I don’t know… the brothers always seemed so close. Mickey used to listen to Job and follow whatever he said, that very familiar older-brother hierarchy you often see in small towns.

I felt genuinely sad about it. They brought back the Wilkerson storyline, but barely developed it at all.",
post,HalfManTV,Niall and reactive abuse,https://www.reddit.com/r/HalfManTV/comments/1tkrqjf/niall_and_reactive_abuse/,2026-05-22 11:35:10 PDT,38,"Reactive abuse is when a victim of abuse starts lashing out against their abuser in a relationship and it does not put them on an equal playing field with their abuser of make them equally bad. The perpetrator of abuse from day 1 between Niall and Ruben is Ruben. FFS, in the last couple episodes, he jumps to sexually assaulting Niall when he is pissed off with him.

Niall far from a perfect victim or a good person in general. He is selfish and only looks out for himself. Ruben abusing him does not justify his mistreatment of people outside of their relationship like Alby, Johanna, Ava (plus his child on the way that asked for none of this), etc. but his shitty manipulative behaviors towards Ruben are because he likely wants some agency when he is being abused by someone he has been entangled with from childhood. It’s completely understandable he feels resentful of Ruben and wants to take away his wins because Ruben has abused Niall for decades and completely decimated his sense of self.

It’s not healthy at all and it would be in Niall’s best interest to leave, but leaving an abusive situation is never just as simple as “just leave!” considering the victim in is more danger and likely to be killed when they try to leave. Add on top that this your abuser is your brother/the guy you’re in love with that you have formed your whole identity around and also financially depend on.

I know there were gaps where they did not see each other, but i don’t think Niall has even begun to process all of this trauma and Ruben has had a grasp on him even when they weren’t interacting.

Anyway, I think it’s just important to be mindful of how we speak about this show. It’s fine if you like Ruben or you ship him and Niall together (I do) because they are not real people. However, despite this show being fictional, it talks about very real issues and we should keep that in mind when we discuss events and characters.

Edit: I’ve seen posts about how Niall is the real villain of the show or how he’s worse than Ruben when Niall is not an abusive rapist. Being a coward is bad, enabling abusive behavior is bad, falsely accusing a gay guy of sexually assault to cover up for your violent brother is bad, being a bad boyfriend and absent father before your child is even born is bad, leading on your friend throughout university is bad, but nothing Niall has done so far has come close to what Ruben has done. The bar is in the ninth circle of hell, but I cannot get behind how people seem to have more understanding and compassion for Ruben than Niall.

Ruben is mentally ill and unwell, yes, but so is Niall!! Yes, he’s manipulative and selfish, but he’s also extremely traumatized and mentally unwell, and a lot of this anguish stems from what Ruben did to him.",
post,Centrelink,Can I receive Youth Allowance for independents whilst living at home?,https://www.reddit.com/r/Centrelink/comments/1tfn0kg/can_i_receive_youth_allowance_for_independents/,2026-05-17 04:34:43 PDT,4,"Hi all, I am in a situation where living at home seriously negatively impacts me as I have a violent brother with mental health issues, and parents who push the blame on to me. However, I am also in a situation where I cannot afford to move out of home on my own as I have been unsuccessful in getting a second job. My psychologist has suggested it and has offered to write a third party letter, but without the extra financial support I will not be able to save or make enough money to consider leaving home.",
post,AdultChildren,"Thinking about how someone used fear & threats toward me, to intimidate me, I realized how my life is led & shaped by approaching it from FEAR & RUNNING & HIDING.",https://www.reddit.com/r/AdultChildren/comments/1tex8ts/thinking_about_how_someone_used_fear_threats/,2026-05-16 08:45:47 PDT,2,"I'm not sure where my new perspective will lead, but it's a positive small kind of breakthrough. 

This is poorly-organized, badly-written, rambling, me sort of journaling publicly, but I think it has merit to share. 

What tools we used to protect ourselves, we used to carve out ourselves,  but what worked in an unhealthy environment, doesn't serve us well now.  

I need to un-learn how I learned to live, to now, well, live.

And I use FEAR and THREATS on myself: I think,  as motivation, if my landlord thinks my apt is too messy, I could be evicted.  If someone perceives my introversion as unfriendliness, they will dislike me or snap at me.  If I make a spelling mistake, they will know i'm stupid.   

I operate from a place of fear, dread, worry, passivity, and playing the victim.  I think of myself as being so incompetent that it's best I never leave my apartment. 

My childhood, like everyone's here, was tough.  Then, I went to a private Jesuit prep school and fear and shame and fear of retribution in school mirrored my home life.  I went to a Catholic grade school where that was also what shaped me, feeling bad, threatened, damned, wrong and flawed.  I am gay and that was part of it, thinking i was a mistake and damaged and unwell, that is lucky to be tolerated.  Can others tell if I am too girly, and will I face harm in the tough part of the city I live in because of it? Do they think I'm some spoiled White snot who deserves to be robbed and bashed and beaten?  What is the least-public way I can walk to avoid everyone?  I wear a hat everyday to hide my face, fear and shame trying to keep me inside.  I used to have my groceries delivered so I wouldn't ever have to leave.  I still live that way, less so, but years onward.  I couldn't stand up to my nephew who robbed me, then he having used threats and intimidation to silence and keep me from pursuing justice for it. My brother did the same his whole life, and I thank God he lives 500 miles away.  Scared of my dad, of my mom, of my brother, of physical harm, of financial loss, of everyone and everything. Passive and pleasing, I mistook that as being a good, kind, caring, selfless person. my sole friends circle is safely on-line.  When I have worked I worked myself to exhaustion,  people-pleasing and fearing retribution what ruled my actions.  I don't have any ambitions. I view my life from the standpoint of a victim, scared and overly-aware of what horror I think each waking moment of my sleep will bring.  When my violent brother who has a crack addiction and is emotionally unstable got out of prison, who, mind you, robbed me holding a knife to my face, I took him in. He caused my dad to loose his house, and robbed me all his life, and done identity theft in my name I paid for everything.  He was stealing from me and selling my possessions, and I let him. I have a martyr complex and think that that is being saintly and Christian.  I let people use me and walk all over me, then wonder why I feel used and walked all over. My dad could be violent, my mom, the addict, and walking on eggshells to fear triggering bad behaviors from both of them, my brother as well. 

I'm 57, and have been on disability for depression and anxiety and an eating disorder for two decades.  I needed to be under care, when I barely left my room at my parent's house. I had trouble leaving my dorm room to even go to classes, think everyone thinks I'm a loser and hideous, some sort of deformed and frightening Quasimodo character who should never leave the belltower or basement. I'm a beaten abandoned dog that has spent his life cowering in a corner, hoping scraps will fall from life's table.  I think of myself as fortunate that I am on disability and fear life getting worse, immobilizing me and keeping me frozen in fear. 

Dr Phil's reality-check:. . ""How's how you lived your life unwell working for ya?  

""We gain courage, strength and confidence in every experience we look fear in the face: we are able to say to ourselves:""I lived through this horror, I can take the next thing that comes along. We must do the thing we think we cannot do."" -Eleanor Roosevelt. 

""I was always looking outside of myself for strength and confidence. But it comes from inside. It was there all along."" -- Anna Freud   ",
post,AmazonVine,Hope this Info Helps others…,https://www.reddit.com/r/AmazonVine/comments/1t6qaiy/hope_this_info_helps_others/,2026-05-07 15:56:40 PDT,102,"I recently had a very unusual thing happen to me. I have occasionally read a post on here, where someone hints at something similar; but it’s not frequently discussed, or documented. 

Before a bunch of haters start commenting and attacking me; I beg you to please actually read this post first. 

To summarize: 

when my account page “locked”/greyed out (meaning my evaluation had begun) my percentages were not where they needed to be, in order to get promoted to Gold. HOWEVER I was able to make Gold, which I will explain below. 

First: I am incredibly grateful for the vine program. There are PLENTY of issues with the program, sellers, ETV, taxes, AI, laziness, abuse etc. But overall, it has been extremely helpful for me, and I joined during a very low point in my life. I am now able to get plenty of useful items I otherwise wouldn’t be able to. (Surgery after a work comp injury. Lost my job. 2 states away from friends and family. Lost my house. Could barely walk. Gave away everything I owned. Permanently disabled now. Fighting with every breathe to claw my way back to a “semi normal” life again)

 

I 100% believe I (and others) must hold up my end of the deal: which means to write reviews for the things I have received! Period. No grey area. If you’re not willing to do that, then you shouldn’t be allowed to stay in the program. The countless people whining about jail, or bragging about “skating by” makes me nauseous. \*ok. Sorry. ADHD. Rant over.\*

I DONT KNOW HOW I was able to pull it off. I truly cannot describe how unbelievably grateful I am, that I was able to slip through, despite my stats falling below where they should have been, once my evaluation began.

I kept my percentages at over 90% for at least 3 months before my eval. 

About 3 weeks before my eval date….

My world turned upside down. My mom had three strokes back to back. Was airlifted a state away. They found a golf ball sized, very complex aneurysm (blood pocket) in her brain. She was in a coma for a week, no one thought she would come out of it. My dad was there with her; absolutely falling apart. My brother (12 years younger than me) had started staying at their home, a couple days before the first stroke. Addicted to drugs, unstable with a serious, underlying mental health condition. 7 cats & 2 dogs, all with different dietary needs. Brother not feeding or taking care of them. Whilst destroying their beautiful, 3 story, newly constructed home, over 5,000 square foot. Holes in walls, mess, food, drugs everywhere. 

Etc etc etc. 

A week after she was airlifted, I began staying at their house. Taking care of it. The animals. Dealing with my unstable, violent brother. Cleaning and preparing things for if/when my mom came home (grab bars, railings, blah blah blah). Stopped doing anything for myself, (going to PT, sleeping, eating) and got sucked into the constant chaos with my brother and overwhelming situation at their house. It Ended with a completely traumatic, terrifying instance where my brother was hauled off by the cops (after threatening my 90 yo grandma, in a walker, on oxygen, at a senior facility) he was ultimately committed by the state…for up to a year, and finally will be getting some much needed help. 

Sooo…I completely lost track of time, stopped submitting reviews, and “chaos took over”. But I REALLY wanted to remain in the program and REALLY wanted to make gold. Simply for the ability to order more whenever it was helpful. 

When I realized it WAS evaluation day (and a bunch of things that were delayed months, had been delivered days before) I had already dropped to 83%. 

Everything was greyed out. 

I was super frustrated. 

Pissed at my brother. 

And disheartened after being so consistent and thorough. 

No one to blame. 

Totally my fault. 

Not making excuses whatsoever. 

Even though it was “too late” I decided to spend a solid 6 hours, reviewing things anyway. I would have needed to have submitted 15 more reviews, in order to bump past 90%.

It was a LONG SHOT. Futile. Probably pointless. But I owed those reviews regardless…so away I went. 

One after another. Not short. Not 1/2 hearted. Complete. Thorough. Time consuming. Type, read, edit, retype, read, edit, submit. Over and over. 

I know a lot of people will say 6 hours is a long time for 15 reviews. But for me, it was lightening fast. 

Suddenly. As I went to submit the last one. It wouldn’t let me. It Kept timing out. Super frustrating, I copy pasted it elsewhere & then refreshed the page….

AND

The “congratulations you’ve been promoted to gold” banner appeared. 

I was speechless. I still have no idea what my percentage or stats ended up being. And I have NO IDEA, how I pulled this off. 

It was “game over”. 

Not going to happen. 

Too late. 

So for anyone who has read this far (which I HIGHLY DOUBT many actually will)….or for anyone who suddenly has life completely interrupt and throw them off track….

DONT GIVE UP! 

No matter what anyone says. 

No matter how pointless it may seem. 

Plug away. Do whatever you can. Do not throw in the towel. 

It is worth trying. Please do. 

I know it seems super stupid to most folks. But in that moment, I actually cried. It felt like a sliver of light and an ounce of hope had shone down through the clouds. A small “break” after a never ending, onslaught of misery, misfortune, trauma and bad luck. 

Soooo…long story short:

Don’t give up. Don’t give in. No matter what anyone else says…it is absolutely worth a shot. 

 ",
post,relationships,Have I walked away from my family?,https://www.reddit.com/r/relationships/comments/1sw22qj/have_i_walked_away_from_my_family/,2026-04-26 01:39:06 PDT,1,"Brother (22), dad (56), nana (76), mam and dad are divorced.

Brother has always had issues, he is a grown man, 23 years old.

Has attacked my dad in the past, has called my mam a slag, my sister a slag, been racist to taxi drivers and so on.

Recently there was an incident where my brother attacked my mam's partner. My mam's partner tried to walk away multiple times but in the end had to punch him back and won, charges were dropped against him because he wasn't in the wrong at all..

Anyway, I was due to go on holiday with my brother and my dad and nana and everyone. I have a young son. Even though the holiday was booked I told my dad I was no longer coming as I cannot have my son in a potentially volatile situation around my brother. I was also honest with him and told him my brothers ego is far too big and he is a narcissist.

My dad's response to this? 

2 weeks later he deleted my partner off Facebook, didn't wish her a happy birthday. My nanas response? Didn't wish my partner a happy birthday either. This happened only 2 weeks after I said I wasn't going on holiday so clearly linked.

He turned up a few weeks later to drop Easter eggs off for my son and I rejected the present, I said I was very unhappy with the way he had treat my partner, he said it's disgraceful I have cancelled the holiday, he basically gaslight me, I ended up shutting the door. He accused me of walking away from the family.

My nana then text me a week or two later and said she's kept quiet long enough and she needs to say a few things and basically ordered me to go round. I told her I won't be coming round for a lecture and I've got other things to deal with and I'm not interested in this argument. 

She said I'm walking away from the family, I said I'm not, I said all I did was cancel going on a holiday, I said it was the response from them that left a sour taste in my mouth, she kept guilt tripping me and saying don't bite the hand that fed you and all sorts. She left it by saying she has nothing else to say.

Neither her or my dad even acknowledged the fact they had ignored my partner on her birthday, not at all, literally pretended they didn't hear it at all. 

I haven't even bothered to persuade them to say I'm not walking away as I don't think they will listen.

TLDR: Cancelled holiday with violent brother, dad responded by snubbing partner on her birthday as did my nana, now they are both accusing me of walking away from the family.",
post,MariahCarey,The meaning of MC,https://www.reddit.com/r/MariahCarey/comments/1svv6sx/the_meaning_of_mc/,2026-04-25 19:31:29 PDT,23,"Okay hi everybody—so I just re-read The Meaning of Mariah Carey and… what the actual fuck.

Like genuinely, the childhood part?? I’m still processing. Because some things after that are bad, sure, but it doesn’t hit the same. The childhood chapters are on another level. I was sitting there like… wow. Just wow.

And I’m sorry, may she rest in peace, but her mom?? I don’t even know how else to say it—what was going on there? Like why would you be like that toward your own child?

Because yeah, MC shares some “sweet” memories, like her mom wrapping fruit for Christmas because they couldn’t afford gifts. And that’s touching but then you keep reading and it’s like… wait. This same women was letting her child starving? Letting her around pimps, creeps, shady rich men, traumatized/dangerous soldiers, on top of a violent brother and a sister deep in prostitution and drug addiction—like… what the hell was wrong with her mother? Seriously, what the hell?

And the way she talks about food?? That part really messed with me. Like, it’s so obvious she was only really eating at her dad’s house. She basically says she hadn’t eaten properly before going there, and then suddenly it’s all about the smell of food, the meals, everything—it’s just… telling.

Also like, her 12-year-old daughter was literally out here smoking and drinking, and it didn’t even seem like she cared. And come on—you know when your kid is doing that. She just didn’t give a fuck, which is honestly sad.

But let’s be real, both parents failed her. Her dad wasn’t great either. But her mom’s behavior? That’s what really leaves you stunned. Like, your 12-year-old is around pimps, drugs, grown adults doing god-knows-what, and you’re just… not reacting?? Not protecting her?? That’s insane.

And then the whole dynamic between the siblings—like, it’s actually disturbing. Alison Carey clearly felt unloved, like her mother preferred Mariah. Same with Morgan Carey, who was also violent. So there’s already this toxic competition being set up between the kids.

But then Mariah grows up, becomes successful, and suddenly it feels like the mother shifts again? Like there’s bitterness there, and Morgan becomes the favorite? Even though he was violent? It’s just… chaotic and unstable.

And Alison… I don’t even have words. The amount of trauma she brought into Mariah’s life, the kind of people she exposed her to—it’s horrifying. And again, where was the protection? Where was the adult in the situation saying “this is not okay”?

Even the whole “cult/church” thing—Mariah herself mentioned being taken to strange environments as a kid, so it’s not crazy to think there’s some truth about what Alison said.

Also Morgan did claim that their mom was possibly struggling with alcohol and mental health issues—it doesn’t excuse anything, but it does make the chaos make more sense. Still, it doesn’t change the fact that a child was left completely unprotected in situations no child should ever be in.

It’s genuinely disturbing.",
post,SuicideWatch,Feeling suicidal again after a few months of recovery,https://www.reddit.com/r/SuicideWatch/comments/1stnqtr/feeling_suicidal_again_after_a_few_months_of/,2026-04-23 09:29:18 PDT,0,"22 F, dealt with suicidal tendencies/Self harm since I was 12, finally got into recovery at the start of the year. 

It’s been a long, long year, this time last year I was starting the process of reporting my rape, lost my soul cat when he was only 2, had to deal with a verbally violent brother in law (because heaven forbid I want to spend the weekends with my boyfriend) and I was at the start of what would be the longest medical back and forth conflict.

A year later and I’m no where near to even getting a trial date for my case let alone the caseworker giving me any update, I’m still barely tolerated by my BIL and my boyfriend is taking the wrath and I genuinely think there’s something seriously wrong with my health but the NHS apparently can’t decide if I’m having a genuine emergency or “it’s just anxiety” because clearly having debilitating headaches that have been going on for over a year that have caused me to pretty much lose my quality of life and finding a fuck load of fluid around my brain on a CT scan isn’t that important and I’m just a silly woman with silly anxiety and at most just some bad migraines. 

It’s just all come to a point where I genuinely don’t even want to try anymore. It feels like nothing is going to change and I already know the outcome so what’s the point anymore. I hate being back in this position of absolute pointlessness I was doing so fucking well and I’ve just crashed and burned. ",
post,emotionalneglect,Therapy makes me see my parent's serious neglect and it's devastating. Do I continue?,https://www.reddit.com/r/emotionalneglect/comments/1squjmj/therapy_makes_me_see_my_parents_serious_neglect/,2026-04-20 09:34:43 PDT,209,"I always knew my mother was a bad mother but having the word ""neglect"" used for it opened my eyes. I keep thinking of more and more instances when she behaved wrongly and see new ways she's hurt me when I was little and she was the only thing I had. There are so many things she did that I see now were crazy, all the control and sheltering, always punishing me when I showed any sign of personality or interest in anything. Ignoring me when I was beaten up by my violent brother, not letting me take a pain medicine for my periods that were extremely painful (I probably have endometriosis). There is just so much, and these are not even the worst things.

I started therapy in January, not because I felt bad, I actually felt finally good and felt like I have the strength to work on myself. Now it's making me feel a lot worse because I return to my childhood every session and see it for what it really was. It's devastating and I find unable to focus on anything else. Suddenly there are so many memories. I feel so much rage and sadness and feel like I never had a chance to become anything else than I am, someone with no skills always searching for somewhere that feels like home. 

I want to stop therapy. I assume it's a bad idea but I also feel like it's hard to cope with what I'm learning. I've been through therapy before to deal with self-esteem issues and grief. So I understand therapy is helpful.

I'd be thankful for any opinions on this. Have you been through something similar?",
post,BipolarReddit,Seeking advice for bipolar sibling,https://www.reddit.com/r/BipolarReddit/comments/1s0bbb5/seeking_advice_for_bipolar_sibling/,2026-03-21 20:35:31 PDT,8,"Sorry this is long! Will add a TLDR at the bottom. 

My brother has bipolar, it’s a newer thing that only developed in the last couple years, his mid twenty’s. Unfortunately it’s gotten to a point where my family and I are scared of him. He threatens violence towards my parents for trauma from growing up (something he never mentioned until the last two years). He is FULL of resentment towards everyone, he’s gone down an alt right pipeline essentially. I live a state away from him and my parents so I don’t see the day to day, but he sends me texts saying how horrible I am when he has down swings, roughly every two months. He refuses to see any sort of therapist or doctor, he has tried medication in the past, but it “dulls him” so he refuses to take it. 

He does not have a job, because he can’t hold one down. He drinks a lot and drives often while drunk, it’s dangerous and he’s been lucky he hasn’t hurt anybody, himself or others, thus far. This has been going on for a year and I feel really bad for my parents who have to go through this in person, sometimes they have to leave the house cause they’re scared for their lives. He will get violent and smash things in the house, and also threaten violence to my parents. I think it’s gotten to the point where he needs to be involuntarily held, but he is also on probation so we have been hesitant to involve the police in the past because that could be a one-way ticket for him to go to jail for who knows how long.. but at this point it might be better than dealing with him.  I know that sounds bad, but it really is at a breaking point. 

I love him so much and I really want him to do well and I believe that he can do well! but he needs a lot of help and he is simply unwilling to put in any work or admit that he has any issues. He has extreme paranoia and a lot of hate in his heart at present, but on his good days, he’s funny and nice and kind. I just wish that was the person that I saw all the time. Wondering if anybody has experience helping a loved one who’s gone through something like this? Whenever my parents and I try to do what we think is the right thing, it always turns around and ends up being the worst thing we could’ve done, we just feel so helpless when all we want to do is help.

TLDR: violent brother with bipolar, at the point of inquiring about involuntarily committing him. ",
post,runaway,Running away forever,https://www.reddit.com/r/runaway/comments/1rvn61o/running_away_forever/,2026-03-16 14:39:14 PDT,4,"Hi, Reddit! I'm 19 so I'm an adult and don't have to worry about being returned home or anything. I live in a small town with nowhere to stay. No shelters or anything, and the nearest town that does is too far of a walk to get away to. I've been debating on running away for a while. I'm in an abusive household and have an autistic and violent brother (Nothing wrong with autism at all, it's just nobody around here can care for someone with his particular needs). It's caused the rift between my abusive mother and I to just completely break open. I've been trying to look at places to stay, but my biggest problem is storage. My mother is vindictive and spiteful. The instant I'm gone, she would be all over my stuff, destroying everything. I have quite a bit of stuff, I'm autistic myself and collect a good bit of things. I've been working on cleaning my room so hopefully packing everything up won't be an issue. I'm not needing advice on where to stay or anything really... I mostly need advice on how to properly be my own person. I've constantly relied on others to form my identity. I barely know who I am and often mimic the behaviors of those around me to be socially acceptable. I might move in with one of my friends. But here are my biggest questions.



How do I change all my information like my address? My insurance? 

What kinds of jobs typically offer insurance? 

I won't have access to a car so should I get a bike? 

What are some qualities of a good roommate? I don't want to be a burden to anybody.

Should I look into a storage unit?

How do I learn to cook and clean properly, I've never been taught any genuine life skills.",
post,AITAH,AITAH for cuting ties with my disabled mother because she took my drug-addicted brother back in?,https://www.reddit.com/r/AITAH/comments/1qddrxw/aitah_for_cuting_ties_with_my_disabled_mother/,2026-01-15 00:04:23 PST,1,"I'm 37, and I have a brother (33) and a sister (34). My brother has serious substance abuse problems (drugs and alcohol). My brother often take his anger on my sister. She is completely traumatized. My brother isn't physically violent towards others, but he yells, insults, and punches walls. My mother (73) has bipolar disorder and has refused treatment for over 25 years.

Until that fateful day, my sister and mother lived alone together in the apartment right next door to mine. We share the same courtyard. On December 20, 2025, my mother brought my brother back to her apartment, fully aware that this would have serious consequences for me, my family, and my sister. She told me, she had no choice since my brother was being evicted from his apartment. She never once checked if there was a less damaging alternative.

CONTEXT : I have been in a relationship for several years, and we have two children from previous marriages.

As you might have guessed, I come from a pretty dysfunctional family. My parents, brother, and sister have always demanded a lot, A LOT, of my energy... And given how close they live, it's hard to escape them. It's not uncommon for a family member to show up at my house asking for help because my brother is experiencing toxic psychosis, or my mother is having a manic episode at the casino, or my brother is improvising a new job as drug dealer, or one of them needs to be rushed to the hospital, or is becoming a danger to themselves... I've often had to intervene to prevent disasters and dramas worthy of Hollywood. Crazy police intervention, my mum who hire a hitman, my brother who start a sect where he is the suprem leader, etc.

I'm constantly being called upon to deal with the ""drama next door,"" even though I don't live there. My sister is the one who's having the hardest time. She's in the middle of all the madness. I'm just the emergency services, the transport, and the administrative service. At least, me and my sister support each other.

My family often laughs, saying I'm the real mom... which I don't find so funny after all...

Fast forward to 2022. By then, my brother who live at my mum next door to me, is constantly drunk or high. Calling the police and ambulance is a regular occurrence because of his toxic psychosis and suicide threats. Every time he's taken to the hospital, he's immediately discharged once the drugs wear off. He refuses treatment, and it's impossible to force him. The system considers him not dangerous enough in the immediate future... even though, in his delusions, he threatened to kill us to prove he's god. My amazing partner supports me beyond duty, but we're exhausted. At that point, my partner's ex is starting to question his son's safety at our house, which is causing a custody problem. The entire neighborhood is witnessing our family saga. It's hell!

At the time, my brother was working in a psychiatric hospital (I know, we can't make that shit up...).

They only started taking us seriously when my brother had one of his toxic psychotic episodes at work. It was his employer who sent him to the psychiatric ward for an emergency stay. He was admitted for 48 hours against his will.

For the first time, my brother was truly evaluated by a psychiatrist who took his entire history into account. The psychiatrist met with my sister and me. My sister described her daily hell, and finally, someone validated what I'd been saying for a long time: my mother and sister are victims of violence. The psychiatrist explained that my brother is a narcissistic pervert, and that for our safety, my brother had to leave my mother's house. He told us that even if my mother meant well, the fact that she constantly covered for him was making the situation worse because it allowed him to refuse treatment. He said that the best course of action at this point was for my mother not to allow him to return home if he continued to refuse care. We asked this psychiatrist to speak directly to my mother, because we wouldn't be able to convince her ourselves. Her son is her darling (yes, he's the favorite—to the point where my sister had to pay for her upkeep while she is on welfare, but my brother pay nothing to my mum, even while working...).

I don't know what was said in that conversation, but when we returned to my mother's house, for the first time, she was open to setting boundaries. No treatment, no comeback.

He refused and went to live with a friend. 

Life at my mother's house changed completely. My sister overcame her anxiety and began studying construction, graduating at the top of her class. She was a changed person. She started working for the first time in her life!

My mother also realized she was living in an abusive environment. At first, we were afraid she would bring my brother back home, but she finally promised my sister he would never return. She said she couldn't sacrifice my sister for my brother anymore and that he had to take responsibility. She would always help him, but she wouldn't let him stay with her anymore.

Finally, a glimmer of light at the end of the tunnel! The ""next-door"" drama was easing. My brother and sister were starting to build a more normal life. I had hope!

But of course, it didn't last...

Summer 2025, I'm going through a difficult time, but this time it's my own personal drama. I won't go into details, but let's just say our two children are giving us a hard time. My mother is well aware of our fragility, and she knows that my partner and I were close to burnout. It's as if, after all these years, we no longer have the strength to handle new drama, but this time it's my family, my children, who need me the most. So, that's for the background.

Let's fast forward to the fateful day.

On December 20, 2025, my sister bursts into my house in a panic. She's holding up a large bag full of bottles of alcohol. She tells me to hide them so my brother won't find them. I don't understand... She tells me my brother has moved back in with my mother, but it's temporary... Apparently, he was kicked out by his roommate who started drugs again.

At first, I'm incredulous at the idea that it's a temporary measure. My mother at express many time this year that she want him back to better help him.

I keep turning it over in my head ... I know it won't be temporary... we're back in 2022...

I'm starting to relive those crazy years. I'm already devastated by what's happening with my children, I can't also go through that again... I feel like I'm falling into a dark abyss... I completely broke down and lost touch with reality.

My partner texted my mother to tell her she was taking me to the emergency because I was in crisis. During my entire time in the ER, my mother didn't check on me even once. 

Two days later, my mother sent me a message saying that I was hurting my brother by rejecting him and that he was just waiting for me to validate him in order to heal. She explained that she had no choice to do what she did, that I was inflexible and lacked empathy. She told me that before panicking like I did, I should have at least come to see my brother to check on him. I would have seen then that he was fine. She wrote that like if I had chosen to fall apart.

I later learned that the first thing my brother did when he arrived at my mother's house was ask for alcohol. A few days later, he tried to take opioids from my mother for an ""intellectual experiment."" And it look less and less a temporary stay.

I've decided to cut off all contact with my mother for good. My partner and I have decided to move out regardless of whether my brother stays or not.

My sister feels too guilty about leaving my disabled mother alone with my violent brother, so she decided to stay and continued her care of my mother.

My mother is angry with me. She thinks I pretende to be in distress to manipulate her. Apparently, she feels like I'm abandoning her by moving out, and she's very hurt and anxious about the situation. 

My sister understands my distress, but she tells me to put things in perspective. My mother's words and decisions are a result of her mental illness. I should understand that. It's not worth breaking up the family, according to her. 

AITAH to act this way and cut off contact with my mother? 


",
post,CivVI,Custom Civ: Chess,https://www.reddit.com/r/CivVI/comments/1ppuliv/custom_civ_chess/,2025-12-18 08:07:28 PST,48,"One day I was thinking about Civ 6 and realized its similarities with chess: they're both turn-based games where you move units across a ""board"" and have goals to capture enemy units. Then I thought: What if there was a chess-based civ?

Leader: Ivory, the White King

Leader Agenda: [English Attack](https://en.wikipedia.org/wiki/Sicilian_Defence,_Najdorf_Variation#English_Attack:_6.Be3) \- Extremely aggressive and pillages every enemy structure in reach. Likes civilizations that frequently wage war and pillage structures. Abhors peaceful civilizations.

Leader Bonus: First Mover Advantage - Yields from Pillaging enemy structures are doubled. In wartime, all Units have 10% less Production costs and +1 Sight and +1 Movement for 25 turns, or for as long as the war lasts, whichever comes first. Does not stack with multiple simultaneous wars. Zero War Weariness at all times.

Leader: Ebony, the Black King

Leader Agenda: [Hedgehog Variation](https://www.chess.com/openings/Sicilian-Defense-Kan-Maroczy-Bind-Hedgehog-Variation) \- Builds lots of City Defenses. Likes civilizations that do the same. Dislikes warmongers and those who neglect their defenses.

Leader Bonus: [Sicilian Defense](https://en.wikipedia.org/wiki/Sicilian_Defence) \- All Units gain +3 Combat Strength when located in friendly territory. All Cities gain +1 Science and +1 Culture for every Unit in friendly territory, capping at +5.

Civ Ability: Material Advantage - Conquered cities gain +6% to all Yields and doubled Resource gains.

Unique Unit: Pawn - Classical Era melee unit that replaces the Swordsman. +3 Combat Strength for every adjacent Unit, capping at +9. When in enemy territory, gains +4 Combat Strength and can be upgraded into Bishops for free (assuming the Bishop has been unlocked). Increased flanking bonus.

Unique Unit: Bishop - Medieval Era melee unit that replaces the Man-At-Arms. +5 Combat Strength for every adjacent Unit, capping at +10. Defeated enemies yield Faith and Culture equivalent to 150% of their worth in Production.

Unique Unit: Chess Knight - Medieval Era heavy cavalry unit that replaces the Knight. Can attack and jump over other units and ignore Walls. +5 Combat Strength for every Adjacent Unit, capping at +10.

Unique Unit: Rook - Renaissance Era heavy cavalry unit that replaces the Cuirassier. Unlocked by Metal Casting technology. +5 Combat Strength for every adjacent Unit, capping at +10.

Unique Unit: Queen - Atomic Era super-unit that replaces the Giant Death Robot and is unlocked by the Computers technology, but has -17 Combat Strength until the Robotics technology is unlocked. -10% Production cost. +1 Movement. All adjacent Units gain +5 Combat Strength.

Unique Building: Pawn Walls - A building unique to Chess that replaces the Renaissance Walls. +400 Outer Defense Strength. Garrisoned Units gain +7 Combat Strength. +3% Culture to this City.

Unique Weapon: Quintessential Uranium Einsteinian Extinction Nuke (Q.U.E.E.N.) - Unique WMD that replaces the Nuclear Device. -10% Production Cost. +50% Fallout duration.

Unique Weapon: Absolutely Malevolent Antimatter-catalyZed Omni-Nuke (A.M.A.Z.O.N.) - Unique WMD that replaces the Thermonuclear Device. -20% Production Cost. Explosion instakills Giant Death Robots. Fallout lasts only one turn.  
(the [Amazon](https://en.wikipedia.org/wiki/Amazon_(chess)) is a fairy chess piece that combines the Queen and the Knight)

White King's voiced lines:

Agenda-based Approval: ""Splendid! You have accepted the fundamental truth of life: War is Peace. War is God. Ivory is God.""

Agenda-based Disapproval: ""Pfff. You sound just like my brother. Pretending you can survive without first destroying your enemies. No wonder I win more matches than he does.""

Attacked: ""HAHAHAHAHAHA! Good! Your material shall be food for my empire!""

Declares War: ""My armies shall smash you into the board and paint your insides upon it for all to see!""

Defeated: ""Damn! I've been out-gambitted! Checkmate.""

Greeting: ""I am Ivory, the White King. The first-moving greatness of the Ivory Empire stands before you. Behold my vast material.""

Quote from Civilopedia: ""Life is a King-eat-King board, full of enemies who want nothing more satisfying than to checkmate you to death. Why not checkmate them first?""

White King's unvoiced lines:

Delegation: ""How about a game of Chess? I move first, as it is written.""

Accepts Player's Declaration of Friendship: ""Let us checkmate the cities of our enemies one by one!""

Rejects Player's Declaration of Friendship: ""I do not believe it would be good for me to accept your move.""

Requests Declaration of Friendship: ""What do you think? Shall we checkmate our enemies together?""

Trade Deal Accepted: ""Ah, I like this material exchange.""

Denounced by Player: ""We'll see how smug you'll look when my pieces pulverize you from the board!""

Denounces Player: ""You INSOLENT CUR! I would crush your skull like a Pawn, but I fear there'd be nothing from it to splatter out!""

Too Many Troops Near His Border: ""Your pieces are getting too close. I am tempted to take them from you.""

Invitation to Capital: ""I invite you to the city of Ivory, named after me, of course!""

Invitation to City: ""Behold my castles that shine under the sun!""

Black King's voiced lines:

Agenda-based Approval: ""Your defenses are as powerful and beautiful as a Queen. I approve.""

Agenda-based Disapproval: ""Those feeble lines surrounding your cities... you call those 'walls?' You might as well invite your enemies to kick down your gates.""

Attacked: ""Go ahead. My Pawn Chains shall weather your cruelty and violence.""

Declares War: ""Unlike my violent brother, I do not live to wage war, but as with [Zugzwang](https://en.wikipedia.org/wiki/Zugzwang), you have forced me to make such a move.""

Defeated: ""Checkmate, the Black King is dead. Long live the Black King.""

Greeting: ""I am Ebony, the Black King, He Who Waits. We seek the finest allies with which to stand together as a Chain of Pawns against the cruelty and rage of the board.""

Quote from Civilopedia: ""One who moves last is not the least. They can be the nurturer, the guide, the one who watches with patience.""

Black King's unvoiced lines:

Delegation: ""Fancy a game of Chess? I want to see how you move.""

Accepts Player's Declaration of Friendship: ""May our friendship be the Pawn Chain that shields us both.""

Rejects Player's Declaration of Friendship: ""I'm sorry, but I cannot accept your move.""

Requests Declaration of Friendship: ""Do you seek to join me in a defensive chain across the board?""

Trade Deal Accepted: ""Yes, this trade of pieces will suffice.""

Denounced by Player: ""You are putting me in a difficult position. You are making me consider responding with force, which I do not like.""

Denounces Player: ""You are the lowest form of Fool. A [swift checkmate](https://en.wikipedia.org/wiki/Fool%27s_mate) is more honor than you deserve.""

Too Many Troops Near His Border: ""The way your pieces are encroaching on my lands does not look like a peaceful position.""

Invitation to Capital: ""I invite you to the city of Ebony. I didn't want the capital to be named after me, but my people couldn't help themselves.""

Invitation to City: ""How do you like my walls? My people took great pains to put them together.""

Capital Cities:

Ivory (White King)

Ebony (Black King)

Other Cities (many of them named after well-known chess players):

Alekhinegrad (after Alexei Alekhine)

Carlsenford (after Magnus Carlsen)

Fischerham (after Bobby Fischer)

Nakamuraland (after Hikaru Nakamura)

Harmonborough (after Beth Harmon, fictional character)

Capablancaburg (after José Raúl Capablanca)

Kasparovcaster (after Garry Kasparov)

Rozmanville (after Levy Rozman, a.k.a. GothamChess)

Karpovgrad (after Anatoly Karpov)

Polgárley (after Judit Polgár)

Caruanawich (after Fabiano Caruana)

Anandland (after Viswanathan Anand)

Botvinnikgrad (after Mikhail Botvinnik)

Castleville

Gambit City

Enpassantland

Stalemate Town

Checkmate City

Skewerstan

Pinland

Forkville

Checkistan",
post,domesticviolencehelp,I (18 F) am about to cut my family off over enabling violent brother (15 M),https://www.reddit.com/r/domesticviolencehelp/comments/1pl881h/i_18_f_am_about_to_cut_my_family_off_over/,2025-12-12 16:48:15 PST,1,,https://www.reddit.com/r/FamilyIssues/comments/1pl87ml/i_18_f_am_about_to_cut_my_family_off_over/
post,FamilyIssues,I (18 F) am about to cut my family off over enabling violent brother (15 M),https://www.reddit.com/r/FamilyIssues/comments/1pl87ml/i_18_f_am_about_to_cut_my_family_off_over/,2025-12-12 16:47:43 PST,4,"TW: DV, SH
Background:
I (18 F), brother (15 M 6’2 220lbs), little sister (10 F) live with my parents (married for 19 years). 
In July of this year my brother attempted after being caught with a vape and cart. He was placed in an impatient for a week and released under terms that he would start therapy and get on antidepressants/anxiety medication. Everyone showed him support and was there for him. He has since attempted twice but only after getting his vapes or carts taken away from him. He began getting violent with my family and completely acting out. If he doesn’t get what he wants, he gets violent. He has ripped two sinks off the walls in our house. He has stolen my dad’s vehicles on multiple occasions. He’s thrown my mom down a flight of stairs, slammed her in a door, threw her against a wall. He has punched me, thrown me down a hallway, tried to stab me through my door in my room, and more. At one point my mom left me, my best friend (20 M), and my boyfriend (20 M) home with him while he was in an episode and he jumped out a two story window, tried to choke himself out with a dog leash, ran friend over with a four wheeler etc. We were not allowed to call the cops via my parents. He has caused thousands of dollars in property damage not only to his things but other people’s as well. We have had the cops called to our house to help control him numerous times. He gets put on a psych hold, calms down, gets an evaluation and convinces everyone he is going to start trying to get better and that it won’t happen again. 

I have partially moved in with my boyfriend to escape the chaos of my house but I feel so guilty when I get calls from my little sister sobbing telling me that my brother is freaking out again and she’s scared. 

We are currently on a family vacation in Florida for 17 days to celebrate my sisters golden birthday and my mom’s birthday. We’re staying at a family friends rental house. My brother had just gotten out of a psych hold and the hospital told us they don’t think there is anything they can do. So far vacation has been a disaster. The night of the 8th he came into my room drunk while I was sleeping demanding I let him hit my vape. I told him no and asked him to leave my room. He didn’t take no for an answer and tried to fight me for it. I screamed for my parents and he fought them. He bit my dad multiple times, punched holes in the walls, and at that point I called the cops. They came in, he tried fighting them and ended up getting arrested on two counts of DV. The following is a small breakdown of every day on vacation so far 

Dec 7 
-he ran away at SeaWorld 
-he punched me in the head because I took a Snapchat of him in the car 
-tried jumping out of moving car and strangling himself with seatbelt 

Dec 8
-got drunk by breaking into the family friends room and stole their liquor 
-he tried to fight me for my vape 
-he broke 2 walls 
-fought the cops and called one a racial slur while spitting in his face 
-he got a DV charge for both parents 
-arrested 

Dec 9
-court 

Dec 10
-my mom bailed my brother out because she felt bad eating birthday cake without him

Dec 11
-he tried to punch me at petting zoo (I ducked) 
-he got upset about a joke and started punching the rental car 
-parents had to drive away with him to separate him from me and my sister 

Dec 12 
-he got to go to bush gardens with mom and sister
-I had to stay home
-I’m in trouble because I cannot control my mouth (in reference to joke made on the 11th) and they claim my “little comments” trigger his anger 

My parents are convinced he is just mentally ill and that he needs to get more therapy. Every one is tiptoeing around him afraid to trigger him but is refusing to do anything about it. 

I’m torn between flying home early and cutting my family off or sticking though it. I feel guilty for leaving my little sister here with just my parents. ",
post,FTMventing,generally hopeless.,https://www.reddit.com/r/FTMventing/comments/1pab2iq/generally_hopeless/,2025-11-29 22:12:14 PST,2,"hi. this isn't super trans specific but i'm deeply depressed and it *kinda* has something to do with being trans, so whatever. but basically, my living situation is super ass. i live with two abusers, one being my aunt and the other my grandma. they're both intensely mentally abusive and have been for the 3 years i've lived here. they claim to be all woke and shit but then turn around and take advantage of the fact that i'm a disabled trans person who can't just go out and do all the same things an able-minded cis person can. this world is literally not built for someone like me. 

anyway, i was just yelled at again/lectured. mind you, i am 20 years old, and these people still treat me like a toddler. they're angry because i still can't get hired anywhere, despite having applied to dozens and dozens of positions for the past two years. i'm told that if i don't have a job by the end of christmas, i'm being kicked out and sent back to my old house where my violent brother lives. y'know, a guy who beat me throughout my childhood and threatened to kill me multiple times. he's also intensely transphobic and sexist. 

the other day i was yelled at by my grandma in the car for 8 minutes straight. i got all of it on recording. she said... some very vile things. things about me being evil, lazy, an asshole, that i'm not worth anything, that i don't have any sort of skill or talent in anything. telling me that i never loved my mother, who has been dead for 11 years. telling me that i never do enough. i am never enough. i will never be enough. 

it's not worth it. i don't see a point in living. i will never get anywhere. they want to start turning the wifi off at 8pm every night, as if i'm a petulant child. the disrespect is constant. i don't love myself, or even like myself. i don't have any confidence that things will ever get any better. i've never once lived in a stable and healthy environment and i don't even know if that type of thing is real. 

it feels like nobody loves me. and that nobody ever will. 

part of me wants to live. there are so many things i dream of doing, like being a music conductor. or having a husband. but i don't think any of that is in the cards for me. 

i'm so close to just ending it. i think the biggest thing holding me back is the few friends i do have, since they themselves go through enough, and i'd hate to cause them any more anguish. but i just don't think i can take it anymore. ",
post,CPTSD,tomorrow is my birthday and my abusive mother has been nagging me all day to buy the whole family a huge amount of food. is she f serious right now?,https://www.reddit.com/r/CPTSD/comments/1oxt05v/tomorrow_is_my_birthday_and_my_abusive_mother_has/,2025-11-15 06:25:34 PST,2,"a little background: my abusive mom has been my main abuser since I was 4 (probably even younger). she, along with my entire abusive family, is the reason I developed multiple chronic mental and physical disabilities. I’m 24 now and still untreated, starved, neglected, and abused every single day.

I share a room with my abusive mom AND my abusive third brother (27).

today I got some birthday gifts from online acquaintances (my birthday is tomorrow). and as always, my abusive mom got jealous and made it all about her. she nagged me nonstop, touched my gifts, interrogated me, forced me to talk to her. I’ve been intentionally speaking less to her the past few years to avoid abuse, but today she pushed me past my limit.

and here’s another thing she LOVES doing:
whenever I order food, she’s ALWAYS on my back. she stares with that angry, jealous, punishing look, like I’m committing a crime by trying to survive. she watches me like a vulture, like she wants me to feel guilty for eating. like bitch, what do you want me to do? stop ordering food and DIE from starvation because YOU starve me?

and every single time I order food, she invades my space. she touches my food without consent, takes things from my plate, asks “what did you get??” with that disgusting tone. it’s not even about the food. it’s the CONSTANT boundary violation. it’s every day. and it’s not just her, it’s the whole abusive family. my little sister even depends on me for food because my mom neglects her too, even though she treats her better than she treats me. so I’m always the one everyone feeds off.

and yeah, sometimes I don’t finish my food because I barely have the energy to eat, or I don’t like it, or I’m too stressed, or the kitchen is BLOCKED from me. I can’t store leftovers, I can’t reheat them, I can’t cook. so I throw leftovers away. and every day this woman SCOLDS me for throwing MY food away, even though it’s MY money. she acts like she owns my bank account. she brainwashed me so hard that some days I actually give my leftovers to them just so she shuts up. that’s how broken she made me.

anyway.

I started today in a rare good mood, but the house was full of people and my violent brother (30) kept bothering me, demanding money, asking me to find him a job, singing loudly, making noise, venting to me, bringing friends over. with that much pressure, my shield breaks easily, and my mom ALWAYS notices.

after nagging me about my gifts, my mom mentioned my nephew (who I’m forced to babysit 24/7 whenever he visits) is coming tomorrow. I made a MISTAKE and told her I won’t be home because I’m going out for my birthday (some online acquaintances sent me a little money to treat myself). once she heard that, she wouldn’t stop demanding that I spend my BARELY EXISTENT money, the same money I need to survive because SHE STARVES ME, to buy huge amounts of food for the whole family.

let me remind you: this woman destroyed my life the MOST. she has NEVER given me a birthday gift. she doesn’t care about my birthday. she starves and abuses me daily while using me as her caretaker, therapist, problem-solver. and somehow she grows more audacious every year.

she even said her “muslim prayers” are my birthday gift. every year it’s the same. bitch KEEP your prayers. I don’t fucking need them.

she acts like I’m loaded with money.
bitch, I’m DISABLED because of YOU.
I can’t work because of YOU.

she’s never given me anything, not money, not food, and I had to make a GoFundMe just to survive until my international rescue (6 months from now), and she still wants to exploit the little money I have for MY survival??

I snapped and said I have no money.
she said, “but you order food every day.”
I wanted to scream, “YES, BECAUSE YOU STARVE ME AND BLOCK MY ACCESS TO THE KITCHEN AND YOU DISABLED ME SO I CAN’T COOK.”

but it’s not worth fighting her, especially with my birthday tomorrow. so I just said quietly, “that’s the only money I have for my own food. if I use it, I won’t have any.”
and she said, “it’s only once a year, you’re so stingy.”

I went silent, but my brain is burning.

where do abusive parents get this level of audacity???

whenever she sees me get ready to go outside, she immediately starts plotting out loud, “oh you’re going out? let me think what you can buy for me.” and when I come home she goes, “yay you’re home, where’s my stuff?”
bitch, I’m not your slave. every breath I take, she tries to milk something from me. she NEVER buys me anything when she goes out. she intentionally targets and excludes me. my siblings get fed, cared for, given everything. they’re not blocked from the bathroom or kitchen. only me.

how far does she want to go??

and here’s the WORST part:
i recently had eye surgery (begged online acquaintances to help cover the cost). she had to come because the doctor required a guardian. she secretly checked the hospital receipt, saw I used a huge amount of my own money, and scolded me for it. she said I should have used insurance, even though insurance here takes YEARS for a simple surgery. and AFTER surgery, while my eye was still bleeding, she forced me to buy her expensive food as “payment” for accompanying me.
bitch, you are my parent.

and every time I’m hospitalized as a minor, whenever relatives gave ME money, she forced me to give her half. and when I didn’t, she punished me and left me alone in the hospital.

please give me a hug and strength right now oh my god how am I supposed to deal with this for another 6 months!?

next february is ramadhan (the fasting month) for muslim, and my mom is gonna force me, a disabled person, to fast the whole month or pay fidyah (money you must pay if you physically can’t fast), and it’s really expensive.",
post,relationship_advice,My (23F) friend (23M) keeps grabbing me by the throat when we're drunk.,https://www.reddit.com/r/relationship_advice/comments/1o41kg5/my_23f_friend_23m_keeps_grabbing_me_by_the_throat/,2025-10-11 10:32:18 PDT,0,"My best friend is a gay guy. We've been very close friends for like 5 years now. We study together, get drunk together, and hang out a lot. Talk about our lives. Do best friend shit. Sometimes we clash because we're both opinionated and don't mince words. We've had a couple of arguments that turned to toxic territory (like to the point of yelling) but I felt like we both learned to be mindful about that and not let it get too far again.



First time he grabbed my throat was during a party where we were talking about kinks, and I said it's fucked up how apparently many guys just try choking their partners during sex without asking first. I said, the moment someone does that without asking first it would turn to assault for me, because no one can grab my throat. It would never feel good and I would NEVER ask for it. He said I'm just being a prude.



To put it bluntly, it really freaks me the fuck out. It sets of a fight-or-flight response in me. I grew up with a violent brother, who assaulted me many times when I was a kid. He also grabbed my throat on multiple occasions. I don't know if it's a trauma related to that specifically, or just a natural instinct to uhhhhhhh not be strangled to death, but grabbing my throat is never okay or playful for me. It feels exclusively bad.



So during the party where I said I would not be okay with someone grabbing my throat, later on we got to a bit of an argument where he ""jokingly"" grabbed me by the throat and pushed me away and I ""jokingly"" responded by screaming/laughing like the way you might panic laugh when you're being tickled too hard. Because WTH?? As in, he put his hands around my neck and made angry sounds but didn't squeeze.



I kinda brought it up later in conversation (when we weren't drunk) that he attacked me and he responded that I started it by attacking him verbally first, which sure, but that's nowhere near getting physical with him.



So, some time passed and I thought it was a freak incident. Like rough housing too rough or whatever. But a few days ago we were at a party, where he did it AGAIN. He got annoyed at me (idk I was arguing with him about something) and again """"""""jokingly"""""""" grabbed me by the throat. I told him he can't do that, to which he responded by doing it AGAIN (third time) and I told him I'm serious. He can't grab me by the throat (or next time I will hit him). We were both quite drunk and I don't actually remember if I told him the part in parenthesis. But really, if he ever did it again I would just hit him.



I haven't told him that I have an abusive upbringing, but regardless he should NEVER FUCKING ASSUME HE CAN DO THAT ANYWAY??? It's like he got the idea from me telling him I don't feel okay about it. We butt heads a lot but I've never ever laid my hands on him in an aggressive way. He hasn't done anything like it before either.



How the fuck am I supposed to bring this up with him, we're best friends and have known each other for years. We run in the same circles. We see each other multiple times a week at campus. I don't know who I could talk to about this since most of our friends are joined and I want this to be private for now. Part of me wants to go nuclear and just hit him or grab him by the throat next time I see him. I'm not gonna do it, but at least he might learn some boundaries and how it feels to be on the receiving end of aggressive touch.



I have no idea what I'm supposed to do about this.



PSA Never choke someone during sex without asking first, don't do it spontaneously if you haven't discussed it with a partner as a preference. You can't do it anymore than you can punch someone in the face spontaneously during sex to see if they like it. If you're getting choked during sex, research the associated health risks, such  as cumulative nerve/brain damage. It's an activity with inherent risk that most people don't seem to be aware of.",
post,AITAH,AITA for not inviting my brother to my wedding?,https://www.reddit.com/r/AITAH/comments/1nzt38o/aita_for_not_inviting_my_brother_to_my_wedding/,2025-10-06 12:41:38 PDT,21,"I (36M) have a brother (34M) and a sister (33F). Six years ago, I met my fiancée (37F), with whom I currently live, and we're getting married in a few weeks. Just for additional context, my brother still lives with my parents, and my sister is married and lives with her husband.

My relationship with my brother has always been problematic, as he sees our sibling relationship as something he can take advantage of. He also has a drinking problem and gets very violent. My mom has always justified his behavior by saying that since he's drunk, he doesn't know what he's doing and that we should be the better people in these situations. He's incapable of managing his own money (my mom does it for him), and every time he disrespects us, he asks for a ""second chance."" I think I've already given him 10 second chances.

Two years ago, at a cousin's birthday party, which my mom, dad, brother, fiancée, and I attended, my brother got very drunk. My mom and dad drank too, but not so much, so they were very aware of what was happening around them. We (My fiancée and I) don't drink, and in these cases, I usually drive. Around 2 a.m., as we were leaving, my brother ended up in a situation where someone else was trying to take advantage of him. I tried to defend him. My brother reacted badly, started cursing at us, and wouldn't get in the car. My parents tried to convince my brother to leave, and after another 10 minutes, my fiancée yelled at him, ""Please get in the car."" My brother managed to say, ""You don't have to tell me anything,"" and lunged at her. I swear, if I hadn't gotten between them, he would have hit her. It was at that moment that I decided enough was enough and decided we would leave without him. My brother got furious and started attacking my car, leaving a few bruises. From that moment on, I decided I didn't want to have anything to do with my brother anymore. I blocked him everywhere. My mom justified his behavior once again, saying that he was the one who was drunk, not me. However, I know that if I let this go, my brother will disrespect us again. Two years later, my brother hasn't apologized to us. From his point of view, we were mean to him because we left him at the party. My mom paid for the damage to my car; I'll never know if it was with her money or my brother's. My brother still lives with my parents, so I've limited my visits. My relationship with him is respectful, but I'm not interested in knowing what's going on in his life.

Since all this happened, we haven't attended his birthday parties, and he hasn't been invited to any parties my fiancée and I have organized. We've started sending out our wedding invitations, and of course, my brother isn't invited. My mom is sad about this and has asked us to reconsider our decision, saying that we shouldn't hold grudges, that my brother is family, that I should invite him to the wedding even if it's just for the party photos, and that she wants to see her three children together. She even suggested I invite him, making it clear I don't want him there. My dad supports my decision. My sister says she'll support whatever I decide. My fiancée doesn't want him at the wedding. She insists I shouldn't give in to my mom's emotional blackmail. She's even suggested canceling the party and eloping to avoid my brother being able to show up that day. If the situation were different, I'd love for him to be there, but I feel like I can't risk him doing something like what he did to us at my cousin's party.

So, am I the asshole for not inviting my violent brother to the wedding?",
post,HazbinHotel,About Someone in Season 2's Trailer,https://www.reddit.com/r/HazbinHotel/comments/1nzhnqf/about_someone_in_season_2s_trailer/,2025-10-06 05:28:16 PDT,0,"When Abel is at the table talking about his new position, lute is at the table with ""adam"" behind her saying ""i never liked him"", now for some reason i have seen like 3000 posts about ""omg how is adam alive???"", I feel the need to point out that no, that is not adam, i do not even understand why people think this, he has an entirelly different voice, he sounds nothing like Adam at all, that is cain, the brother of Abel, hence the joke of ""i never liked him"", he is literally just wearing the same type of mask as his father, which makes sense adam was the violent excorcist, cain is the violent brother. Anyway that is all.


Edit: dont bother commenting under this ""it's adam"" unless you have an actual source or any reasoning beyond ""I think its adam"", it does not help or add to anything lol",
post,Advice,How do I handle living with my girlfriend’s violent brother after he almost hit her and their mom?,https://www.reddit.com/r/Advice/comments/1nxjee2/how_do_i_handle_living_with_my_girlfriends/,2025-10-03 20:26:40 PDT,2,"Last night, something really shook me up. I (mid 20s M) live with my girlfriend at her mom’s house. Her mom, her mom’s spouse, and her three brothers also live there — one is 7, one is 18, and one is in his 30s.

The oldest brother (30s) got drunk and got into a heated argument with my girlfriend. It escalated to the point where it was just me and her mom holding him back because he looked like he was about to hit her. After we stopped him, he turned on his mom, got in her face, and even raised his hand like he was about to hit her too. Then he stormed off.

I told my girlfriend afterward that I can’t live under the same roof as him anymore. I feel like, as her partner, it’s my responsibility to make sure she’s safe. I told her that either he doesn’t come back, or we’ll have to find somewhere else to live. The problem is that she and her mom are extremely close, almost like best friends, and her mom is already saying things like “he wasn’t really going to hit her.” From what I saw, that’s just denial — if we hadn’t stepped in, he absolutely could have.

Now I feel stuck. I don’t want to come between my girlfriend and her mom, but I also refuse to let her live in an unsafe environment with a drunk, violent man in the house. There are little kids here too, and that makes it even more serious.

How do I handle this? Should I stand firm on moving out if her brother comes back? Is there a way to get her mom to see how dangerous this really was without it turning into a huge family war? (also I told ChatGPT what happened and told it to rewrite what I told it into this post that way I don’t sound illiterate.)",
post,whatsthatbook,"Man with homicidal ""brother"" who turns out to be split personality - scar on face",https://www.reddit.com/r/whatsthatbook/comments/1nx7e8w/man_with_homicidal_brother_who_turns_out_to_be/,2025-10-03 11:38:46 PDT,6,"A few years ago, I watched a youtuber (Stephanie Soo) do a horror/thriller/mystery book recap/summary video talking about this specific book but I haven't been able to find the original video or the book.

The plot summary as I remember is that a woman moves into a new neighbourhood and meets this man. I believe they may have had a romantic relationship of sorts (she may have been cheating on a husband or something) but he is anxious because his violent brother (who may have recently gotten released from prison?) has expressed interest in killing(?) the woman. There are multiple scenes where he has conversations with his brother at his apartment and is arguing with him. Eventually, someone (might be the husband) walks in on them ""talking"" and overhears the man essentially having a conversation with himself which is the first indication to the reader that something is off. Eventually the woman is stuck with the homicidal brother but realizes they are the same person through a scar that the original man had on his forehead or something.

I know this isn't a particularly good depiction of split personalities or personality disorders but it's just been bugging me that I can't find it. If anyone could help that would be great!",
post,pakistan,Complex question about a family situation and how to proceed (violent brother and sole mother),https://www.reddit.com/r/pakistan/comments/1nj35hx/complex_question_about_a_family_situation_and_how/,2025-09-16 21:06:03 PDT,12,"I am posting this on behalf of a co-worker at work who wants help related to a complex family situation back at home. He has been in the US for almost a decade and has family (mom, retired, and an older brother who is 40) who live in Lahore. 

Below is his text copy/pasted as sent to me. Hope you are able to help. 

AoA. I have been out of my Lahore since 2022, I wish to visit but due to family and financial constraints, I do not have the time or opportunity to visit Lahore. 

My brother has become increasingly violent to my mother. He is bordering on being an incel, and blames all of his problems on women. he has become a complete shut-in recluse who refuses to see family (my mothers family) and almost all of his interactions with my mother are nothing but hostile. he raises his voice at her frequently even over small things like asking him to turn off the lights to the lounge before he goes back to his room. 

What was once a rare occurrence has become more frequent - lately his hostility toward my mother has become physical. back in 2024 he aggressively twisted her arm and Allah ka shukar hai there was no lasting damage, but a surface level wound. This was my worst time to travel as I had just lost my job and was in no position at all to travel. I kept in touch with my her (my mother) siblings throughout and made sure she was taken care of with regard to hospital visit and treatment. 

Mash'Allah she has recovered but over the last few weeks he keeps making death threats to her. He keeps saying ""i want you to die so I can sell this house and finally start my life"". ""I wish i could strangle you and end my suffering"". 

My mother only has a maid who lives with her. and I am now worried for her safety. 

of course being a mother she does not have the heart to throw her son out on the street, despite being a clear and present danger. I am now saving to take a trip at the start of 2026 for a longer visit (2-4 weeks) her but in the meanwhile I am talking to my mom about removing his name from her estate. she does not have a will and currently his name is on the house (askari) so we have to figure out how to forcefully get his name removed from the title/deed or whatever, by talking to the GHQ. 

The main things I am looking for help from my fellow Pakistani brothers is the following: 

1) I do not want my brother to get a penny. I want him to know that he is effectively out of my mothers estate. He keeps making a big deal of how the house and its value is his  key to a better life. I want to shatter that reality and make him see that I can take that away. He has been nothing but a nuisance to my mother since 2022. I want to forcefully have his name removed from the house, the names on the title/deed are mine, my mom, and his. 

how do we go to GHQ without him and force a removal of his name from the property so I can make sure he is not entitled to a penny of her estate. 

2) Who would be the best person to draft a will for my mother (what kind of lawyer) that specifies if she dies, HE is the sole reason and is grounds for him being disqualified from inheriting any of her assets. My brother is a pure sociopath who watches a lot of crime related documentaries and tv shows. I make sure to talk to the maid frequently and make sure that she doesn't leave my mom's food alone for a second while she is cooking so that my brother doesn't sneak anything in there. 

I want to make sure that my brother doesn't get a penny from her estate through a will my mother and I make solely without him or his knowledge. 

my father passed away when I was a kid and she has been a single mother since. her family is also choosing to leave her at ther mercy of him, so it is now just me and her against him, with me being on an entire continent away. Moving back is not an option at all because i have my own family and kids, and uprooting them all to pakistan would only make us all lose. 

it is now midnight for me but I will use my friends account to check in and reply. please let me know if there are any resources to help with my situation. I would greatly appreciate it. 

P.S for the people saying to invite her to stay with me in the US. I can not. She has a lot of physical disabilities that prevent her from living a life in the US. not to mention that the time it will take for the petition to go through and the cost both ways (and thank you to our amazing US embassy too) would be too much. I wish I could but it is just not feasible right now. My family and I use bicycles/train/bus to get around and she is unable to walk for more than 30 mins a day due to her various diseases. There is no one who can take care of her here at the same way the maid is doing back in Pakistan. 

thank you all for your time. May you all have a good day! 

Allah Hafiz!",
post,BORUpdates,Rekindle relationship with my husband after neighbour's husband admitted being the catfish,https://www.reddit.com/r/BORUpdates/comments/1n81hdq/rekindle_relationship_with_my_husband_after/,2025-09-03 22:13:31 PDT,1216,"**I am not the OOP. The OOP is** u/_Katrina_92 **posting in** r/relationship_advice

**Concluded as per OOP**

**1 update - Medium**

[**Original**](https://www.reddit.com/r/relationship_advice/comments/z6rr8v/rekindle_relationship_with_my_husband_after/) **- 28th November 2022**

[**Update**](https://www.reddit.com/r/relationship_advice/comments/10nzu00/update_35m_30f_neighbour_catfishing_women_using/) **- 29th January 2023**



**Rekindle relationship with my husband after neighbour's husband admitted being the catfish**



Hello everyone! My husband (35M) and I (30F) (married for 8 years) have been separated for the last 14 months, and I need help and advice on how to rekindle our relationship. We are currently not on speaking terms, and all our arrangements go through our lawyers, but I will have an opportunity over Christmas to clear the air and set things straight, as he will be flying in from Sydney to spend time with the kids.

So what happened? I received a Facebook message in September last year that my ""husband"" was talking and exchanging naked photos with other women on Tinder. We spoke on the phone for a bit, and the only proof she had was a screenshot of their conversations and his profile. Long story short, I downloaded Tinder and found his profile, with his location less than 1km away.

I was convinced that he was cheating, and we had a terrible fallout that evening which led to my family coming over to calm the situation, but instead, it escalated when my brother punched and grabbed hold of my husband. The neighbours called the police and my husband was asked to pack a few things and stay elsewhere for a while. We separated shortly after, and he has since moved to Sydney to be closer to his ailing father but sees our kids for a weekend twice a month.

Fast forward to the beginning of November this year, my neighbour rocked up at my doorstep to tell me that her husband was catfishing women on dating apps using my husband's photos. He downloaded these photos from a Macbook that we lent him during COVID, and some of these photos were of intimate nature...and of me. The police are currently dealing with this.

All of this has been relayed to my husband through his lawyer, but his response has been lukewarm, and he said we could talk about it over Christmas.

I am so scared that we might be down too far the rabbit hole and that he will likely push for a divorce, even though I know that we love each other deeply, but this took a massive toll on our mental health, finances and the wellbeing of our three kids.

What is the best way to approach him in December and make amends?

TLDR

* Neighbour used husband's photos to catfish women on Tinder for naked photos
* Husband and I separated because I thought he was cheating
* Neighbour's wife told me what her husband did
* Police investigating
* Want to rekindle and make amends with husband

**Comments**

**yawn\_really**

*Oh and here’s another thought. Perhaps reach out to any and all of his old friends - make sure they all know the truth.*

**Edhie421**

*Yeah, OP. Try to salvage what you can for him. But I think the way things happened would have been very damaging. To be clear, I'm not blaming you for wanting to leave when you had clear proof (from your perspective at the time) that he had cheated. It's a reasonable reaction. But the way it took place seems so insanely violent and dramatic... You two got screwed over, not just by your neighbour, but also by your brother. Punching someone is never acceptable. It would have been a sucky and inappropriate reaction even if your husband had in fact cheated! Now imagine how your husband must have felt, considering it was entirely unwarranted. Being married is being part of a shared family. The fact that your family got in the middle of it and bodily hurt him would make anyone think twice about getting back in. If you really really really work hard on mending those bridges, if you ensure everyone takes stock and is accountable for their mistakes (and that includes your brother) then you might rebuild your relationship, but it will most probably take time.*

**Joholification**

*Apologize to your husband, but don't expect forgiveness. It's sad your marriage was destroyed by a nefarious individual. But there is just too much hurt there. Love does not conquer all. Life is not a Hallmark movie. Be cordial to your husband, set the record straight with family and friends and then leave him alone.*

**dstone1985**

*1st off, let him see his kids without drama. Don't lovebomb him, don't pester him to sit down and talk. Just keep your space and let him come to you. If he decides he still wants space then keep your cool and keep your family out of it*

**\[deleted\]**

*Your husband experienced something that you will never understand:*

* *A false accusation.*
* *An assault from your brother.*
* *Spousal alienation.*
* *No rite of recourse against the false accusation.*
* *A complete lack of loyalty from his wife.*
* *A complete lack of respect from his wife.*
* *The loss of the life he had from a false allegation.*
* *Parental alienation from his children.*
* *Familial alienation from his in laws.*
* *Alienation from friends.*
* *The police were called and he had to leave.*
* *You separated from him.*

*Your husband has already completed his grieving process.*

*You ask are you too far down the rabbit hole. YES.*

*I am afraid there is no going back for you. You chose to not listen to him when he said it was not him.*

**No\_Spot\_1291569**

*I agree. I don't think there's coming back from that.*

*I understand you had reasons to believe he might be cheating, but it seems he had no chance to defend himself and getting your family involved made everything even worse. He was punched and was told to leave his house by the police, has been living away from his kids for the past 14 months and has been treated as a villain by friends.*

*You say you love him, but I don't think love could erase everything you two have been through and rebuild trust.*

**deleted**

*Love does not accept allegations without certain proof and without defence. Love does not alienate someone from friends, family and loved ones. Love without action is nothing! She may say the word “love” but her actions are worthless. Love without trust, loyalty and respect is meaningless.*

**deleted**

*If OP had posted here when she originally got the message and found his profile, I guarantee everyone would be telling her she was stupid to believe her husband saying it wasn't him and that she'd be back here in six months with an STD. It's weird how self-righteous people are being now with the benefit of knowledge she didn't have.*

>OOP: 

>Thank you. I thought having a therapist present might help, but I have doubts and think it is better not to involve others. The aftermath was devastating for us both, and more so for him when his friends and my family wrote him off. I still love him and never stopped, but I know it will be on his terms if he is willing to give it another chance. I am willing to do whatever it takes.



**Update - 2 months later**



Hello everyone. I have had quite a few people ask for an update on what happened after we discovered that my neighbour was using my ex's photos to catfish other women.

Unfortunately, after having sat down and discussed things, it was decided that our marriage was beyond repair and that we should go our separate ways. He is currently in therapy and has requested that we have a clean break with no further contact in the future - I intend to respect his wishes and will continue to communicate through his lawyer on matters that concern our kids.

I have since cleared the air with our families and friends and still actively work towards repairing his reputation. I would also like to clarify the assault and why my parents came over in the first place. The night of the argument, I called my mother to ask if I could drop off our kids and if they could spend the evening there, but she was concerned about my emotional state and asked that I stay put and they would come to fetch the kids instead.

They arrived, and my brother opted to stay outside while my parents came inside to grab the kids and their bags. At this point, my father asked to talk to my ex and calm the situation, and my mum dragged me away to get the kids and their bags ready.

My brother was very confused when we came outside and was triggered by my mum saying that my ex might have cheated. My brother reacted the moment my ex walked out and grabbed my arm (in a non-violent way), leading to the punch and scuffle on the front lawn. He was remorseful and apologised even before we found out my ex was not to blame.

It is a series of unfortunate events that has changed many lives and robbed my family of our love and happiness.

Now I have to focus on my kids, my depression and coming to terms with the divorce. I will never forget, but hopefully, the pain won't be as intense.



**Comments are not kind to OOP**



**DamnIGottaJustSay**

*That poor guy. Loses his marriage, kids, gets assaulted, his whole life turned upside down. My heart hurts for him. I can't imagine the grief and angst he's gone through.*

**Intempore**

*You are responsible for all this, poor guy. Don’t act like you are the victim here. Don’t say a word to him and watch as he finds a wife more deserving and a family more loving. He deserves that much.*

**Embarrassed\_Advice59**

*Whew I remember the original post to this and I’m predicted that your ex husband wouldn’t rekindle this. Too much damage has been done. Umm you call it a scuffle on the front lawn…I mean he was assaulted by your brother. Praying for your ex and I hope you can heal from this.*

**Deadaim156**

*Well things went way to far and I can very much understand why your husband left. I would seriously be considering cutting your brother out of your life for a while and also really consider your reaction to this and how it all went terribly wrong.*

**SenioritaStuffnStuff**

*You and your flying monkeys ruined him. Give him a clean divorce, give him space, give him freedom.*

**Oohkbutnotokay**

*Your children are paying the price for your drama hungry family. You have learned very little. Nothing happened without your agency; you were a foundational part of it, not some leaf blown in the wind. Take accountability. I wish your husband the best of luck.*

**MarriedLife7**

*You robbed your family of happiness after you betrayed your husband by not listening or trusting him. You will need to explain to your kids someday if what happened and how your lack of faith and trust in the person you married destroyed everything.*

**spiteful\_rr\_dm\_TA**

*I feel so horrible for your husband. He needed help, he was a victim. He needed his wife, the one person who should always be by his side. And instead, you divorced him, and allowed a brother who would be triggered by events to be there. He was assaulted, he lost his family, and he lost his wife. My heart breaks for him.*

*What do you mean ""coming to terms with the divorce""? You refused to hear him out. What is there to come to terms with? The fact that you wouldn't hear him out? Please, if you ever cared for him... even the tiniest bit... do not attempt to rekindle with him. He may be desperate and go for it, but he needs to heal. He needs to find someone who will genuinely back him, love him, and trust him. You've done a lifetime of damage to him.*

*EDIT: You say:*

*It is a series of unfortunate events that has changed many lives and robbed my family of our love and happiness.*

*But it was your lack of belief in your husband, refusing to hear him out, and either spreading the lie or allowing the lie to be spread that destroyed his life, your kid's lives, and robbed them of their love and happiness. Quit acting like you were powerless in all this. You could have heard him out, let him prove it wasn't him, and tried to find a different path. Instead, you rocked up with a violent brother, and took the kids. You either allowed lies to spread uncontested, or spread them yourself.*

**\[deleted\]**

*The man will be much better away from you, recommend this place to those who are considering living with you, let them read what you wrote.*

*Let them know that you started the conflict by manipulating everyone and now you are narcissistic enough to act as if everything happened by itself and you are the victim.*

*you didn't explain to your family ""what you said on the phone,""*

*if you hadn't manipulated them. the whole family and your brother wouldn't come to pick up the kids*

*I guess this is the first time your brother has attacked someone and don't try to hide yourself you're a lousy person*

**I am not the OOP. Please do not harass the OOP.**

**Please remember the No Brigading Rule and to be civil in the comments**",
post,raisedbynarcissists,The option of leaving our narc family was dangled in front of me by siblings but then they changed their minds and told me to just suck it up.,https://www.reddit.com/r/raisedbynarcissists/comments/1mpjcv4/the_option_of_leaving_our_narc_family_was_dangled/,2025-08-13 15:52:08 PDT,2,"For context, I'm the youngest and the scapegoat in a large family of narcs and enablers. Where I live adult children don't leave the family home only after they marry. It's just how it is and it's too complicated to explain so please don't give me the ""just leave"" reply. I can't. I'm living with narc parents (mother is overt, father is covert), 2 narc brothers (one overt, violent, golden child and the other weak), 2 sisters (one narc and ex golden child, the other hyouka but pretty much enabler). My other two sisters are married, are empaths but enablers (one is completely brainwashed, the other understands narcissism but went NC). I went NC with both married sisters and basically everyone else in the house even though we live together.

So a couple days ago, things were already tense but something small became explosive. My mother tried to enforce something, I refused, my narc violent brother attacked my two sisters (narc and hyouka) and I and there was a huuuuge fight. Basically it was everyone vs my 2 sisters and I. Very nasty words were said by everyone. These two sisters and I were triangulated so hard by our mother so even though we're on the same side we don't even talk. I reached out to one via text and some talk later she actually said that they were planning to leave and if I wanted to join them. So these two sisters both have flats that are part of this government construction thing where you pay in installments over many years and then you get a flat. The problem is that it's takes very long and the construction site is in the outskirts of cities so basically in the middle of nowhere. 

I was still ecstatic and I was prepared to live there with my sisters as long as we'd get away from the other narcs. We talked and they seemed very serious and we agreed that we'd go clean the flat soon and then get moving people to help us with our stuff. They even said that we'd have to become closer and I'd have to listen to them since they're older and I'd be under their responsibility. I was still ecstatic and was planning it all in my mind. I know it would be difficult to commute to work from the new isolated home but I was prepared to go for it. 

This morning, we all left the house early, took a cab and went to see the place which was like an hour away by car which meant 2 hours or more by bus. I was still positive even after seeing how isolated the place really was. I was honestly still prepared to live there and make the best of it. But then they dropped the bomb. They changed their minds and gave me a list of reasons why this move would be a bad idea. They also gaslighted me so hard and I got the scapegoat treatment. I was flabbergasted. I realized then that that was their plan all along. To finally make me understand that we didn't have another choice and that we'd just have to suck it up and ""survive"" as best we can. That I should just accept the abuse and shut up. That they wouldn't intervene anymore when it was me vs the narcs. I was so heartbroken. They dangled the option of leaving and I actually believed them. I really truly did. How foolish was I to think I could easily escape this fucked up family. They tried so hard to get me to just accept it but the only thing I accepted was how I could never trust them again. In a way it's a good thing. I finally got my answer regarding them. You see, I recently became sure of my other two sisters but was still keeping some hope for these two since were literally in the same situation but now I know.

I don't know where to go from here. Things are calmer at home but I know it's just a matter of time before another fight breaks out. My therapist is on holiday and will back on the 20th so let's wait for that. In the meantime I guess I'll sink into a deep grief and then slowly recover. I'm a teacher ans school starts again in the end of September so I got some time to pull my shit together. I can also plan some activities to bring my mood up when I feel up to it. Writing this out is pretty cathartic. I feel so exhausted.



 

",
post,SafeSpaceofHazbin,My Dad threw salt at my eye,https://www.reddit.com/r/SafeSpaceofHazbin/comments/1mb0xez/my_dad_threw_salt_at_my_eye/,2025-07-27 16:32:05 PDT,2,"I'm making this post on a new account as I don't want anyone knowing who I am. I have some online friends who'd really worry about me if they saw this post and I don't wanna stress them out. Plus at this point I'm distancing myself so bad that I genuinely don't want to even talk to them anymore. Idk if this will even get posted cuz I made this account like 5 seconds ago. I might just be talking to myself here. Fuck I'm pathetic.

Tonight my Grandpa came over to my house for dinner and I was forced to eat with him and my parents (I avoid my family as much as humanly possible because I have a really bad relationship with all of them). It was me, my alcoholic Dad, my emotionally abusive mother, and my violent brother. What a fucking perfect family. I was already in a bad mood, there wasn't really any reason for me to be it was just one of those days (I'm diagnosed with depression, social anxiety and gender dysphoria and it makes it so that some days I feel like absolute shit and can barely move)

Anyways, I guess I was ""slouching"" and having ""bad table manners"" so my Dad started telling me off. Tbh I was a bit confused, as my Dad had seemed to be in a somewhat decent mood all day and he wasn't really drunk or anything, I also didn't think I was showing any visible signs of being upset at all. But I tried to seem like I wasn't upset, but then my Dad started yelling at me more (infront of my 90 something year old Grandpa) I told him that he should just eat his goddamn food rather then tell me off for shit that makes no sense. He didn't like that.

A few minutes later, he asked me to pass the salt. I did, but slowly because I was pissed off and wanted to spite him a little. I know it was childish and immature and stupid and wrong but I was just really upset. But then he took the salt shaker and threw salt at me, it got in my eye and immediantly started hurting really bad. I immediantly ""slouched"" again while holding my eye, trying to pretend it didn't hurt that bad but it did, and I have a high pain tolerance. My brother was laughing at me and mocking me, my Mom did nothing as always, and my Grandpa was just awkwardly sitting there.

My Dad then started yelling at me again for ""slouching"" (even though he just literally threw salt in my eye). He then changed the subject to be about animal abuse and zoophilia, topics that genuinely make me extremily upset. I dont even know why, I can handle gore, I can handle quite literally sticking a knife through my own flesh, but I can't stand hearing about any sort of animal abuse. I went to the bathroom soon afterwards and just sat down for a bit. I did self-harm (I do that when I'm upset) a bit but it wasnt that bad at all. When I got back downstairs I cleared the table cuz Noone else bothered.

 Now, I'm in the basement listening to music. I know he'll probably yell at me to get back upstairs soon but I thought I'd at the very least rant here and hopefully get advice. My eye's hurting less now but it feels like there's something in it and it's really uncomfortable. If u know who I am or think u know who I am from the sub, please don't say it cuz as I said I don't want this post tied to my account.",
post,writingcritiques,Prologue to a Horror Novel,https://www.reddit.com/r/writingcritiques/comments/1lnoy8b/prologue_to_a_horror_novel/,2025-06-29 13:38:56 PDT,2,"Hi, I'm in the middle of writing a horror novel and have gotten feedback that the prologue is too violent.  Didn't think that was possible for a horror novel.  Can I get some feedback on this?

PROLOGUE:

 

Susan looked past him to see if Michelle was in the apartment.  All she could see was Michelle’s broken bracelet on the floor.  In the middle of a large fresh bloodstain on the carpet.  An eleven year old girl doesn’t have a lot of strength, she couldn’t push a full-grown man out of the way, but in her panic to find Michelle, she ducked under his arm and into the middle of a nightmare.

Michelle was directly behind the door, bleeding from everywhere at once.  The pain dulled her eyes.  She didn’t seem to recognize her friend or even know where she was.  Her mother, also covered in blood was cowering against the lower cabinets in the kitchenette with a large knife in her hands.

Susan heard the door slam shut.  She had time to scream as she was hit directly in the face by the large man’s fist.  He probably expected her to react the way his abused wife and stepdaughter had, defensively.  But life with her violent brother had conditioned Susan to respond with an attack.  She sank her teeth deep into his arm and clamped down as hard as she could.  He reflexively raised his arm, raising the vicious little brat with it, tearing his flesh.  He tried to fling her off, and she shook her head like a terrier killing a rat, ripping a chunk of skin off as he jerked violently enough to send her flying into the nearest wall.

Susan spit out the mouthful of meat and blood as she instinctively scrambled out of the way of his attempted kick, which was hard enough to go right through the drywall and trap his foot briefly.  She could see Michelle directly across the room, still conscious but unable to process or respond to what was going on.  The only conscious thought Susan had was that her friend shouldn’t die alone.  She launched herself towards Michelle, getting caught by a swinging fist and knocked sideways, sliding through the puddle of Michelle’s blood on the carpet.

The man had wrested his foot free from the wall.  He advanced on the little girl whose eyes were darting around looking for some kind of weapon.  Nothing was within reach.  Her teeth felt like they were halfway out of their sockets from the previous bite she had inflicted.  Her whole head hurt from the impact of the first blow and her chest was heaving from the impact of the second.  All she wanted to do was curl up and cry.  Out of the corner of her eye, she saw Michelle’s hand reach out towards her.

It took the man only a second or two to cross the room.  That gave Susan just enough time to get her legs under her.  Once again she launched herself, this time directly at his face, fingernails out like claws, scratching frantically at his eyes.  She felt the give of an eyeball covered by an eyelid and jammed her thumb in hard.  The man screamed and got her by the throat with the arm he could still use.  He started shaking her and then beat her head against a side table.  It should have killed her, broken her neck at least, but somehow the force ebbed at the last minute and her head hit the edge of the solid wood just hard enough to open a rip on her scalp.

And then he let go.  Susan dropped to the squishy blood-soaked carpet.  She crawled over to Michelle’s hand and kissed it.  Then she pulled herself over to put an arm around her only friend.  Michelle whimpered slightly but leaned into Susan’s body.  Only then did Susan allow herself to look up, expecting to see a grim and painful death in the form of an angry injured monster looming above them.

Instead she saw a small red creature with a large knife moving towards them.  It was obviously injured and limping slowly.  The man\\monster was lying flat and unmoving on the floor.  Susan tensed up, ready to protect Michelle from whatever was coming next.  The animal dropped the knife as if it hadn’t realized it was still holding one.  Susan wasn’t sure if the pain and exhaustion that was weighing down her little body into immobility was hers or in some way connected to the new threat in front of her. 

Finally, her brain began to process information again and she realized that this strange red being was Michelle’s mother.  Drenched in blood like Carrie from the movie.  The battered woman dropped to her knees in front of them.  Touching Michelle’s wounds and gently pushing the hair out of her child’s face.  Michelle closed her eyes and Susan felt her friend either go slack or relax.  She couldn’t tell which.

The mother smiled at Susan so sadly and said in voice that was almost too soft to hear, “You have to go now.”

Abandoning Michelle felt wrong.  “She’ll fall.”

The woman nodded and wedged her body between the children, taking the weight of her fading daughter, pushing Susan, ever so carefully, aside as she did so.  “I’ve got her.  Go now.”

“Where?”

The woman didn’t seem to hear the question.   All her attention was focused on what was once Michelle.  Susan had never seen anybody die before, but she felt certain in her gut that she just had.  She looked towards the door, hoping to see a ghostly version of Michelle smiling and beckoning but nothing was there.  She looked over towards the man on the floor by the couch.  She walked over and stared into his wide open but clearly dead eyes.  In the movies, the bad guy always got back up.  She prodded him with her foot.  No movement or response.

Michelle’s mother was rocking the body and making a high-pitched whining sound.  It reverberated in Susan’s spine.  The little girl looked around the apartment, unsure of what to do.  She gave the monster’s body one last kick to be absolutely sure he wasn’t getting up, then it felt like she drifted to the door, pulled it open slowly so not to disturb Michelle and her mother, and found herself out in the hallway, hearing the creak of the door slowly closing behind her.

Once she heard the click as the door finally shut, the spell broke.  She realized she was covered in blood, some of it her own, some Michelle’s, most of it would be from the monster.  She couldn’t just stand there in shock.  She had to move.  There was only one safe place in the whole world.  She started running and didn’t stop until she got to their tree.  She crawled inside and curled up.  Too tired to sleep or even cry.  She stared numbly at the remains of her and Michelle’s adventures without moving.  Completely unaware as the day turned to night, and then day again.",
post,GlassChildren,"Sorry mom and dad, I can't be the perfect daughter that you want.",https://www.reddit.com/r/GlassChildren/comments/1lmel0y/sorry_mom_and_dad_i_cant_be_the_perfect_daughter/,2025-06-27 22:00:16 PDT,58,"Oh, I don't want to spend quality time with you? Well surprise surprise. Every time I spent ""quality time"" with you has been a total nightmare, so excuse me if I want to keep my peace sometimes and just relax by myself. I'm always cooped up in my room? Guess who regularly locked me up in my room all throughout my childhood to keep me away from my violent brother? YOU TWO! 

And now you're surprised I'm not ""normal"" like all the other normal families with normal kids who want to spend quality time with their families? You're disappointed that I'm not ""normal"" like the other kids with normal lives and normal families?

Sorry mom and dad, I can't just magically turn into the normal perfect daughter that other families have. You created this. A depressed hermit with crippling social anxiety. So don't act like I'M the problem here.",
post,hembrowtammysnarkie,"This is Tammy Hembrow deflecting, that her violent brother was set free from jail today.",https://www.reddit.com/r/hembrowtammysnarkie/comments/1lf8z58/this_is_tammy_hembrow_deflecting_that_her_violent/,2025-06-19 04:59:09 PDT,28,"Of course this was going to happen tonight, after all the news reports and videos out on Henri. I also had a feeling Posy was going to be used for maximum diversion. ",https://i.redd.it/07gkabxniv7f1.png
post,MafiaTheGame,"Theory: What if in Mafia 2,After Francesca Told Vito to stay away,Eric Killed Francesca for what Vito has done",https://www.reddit.com/r/MafiaTheGame/comments/1kygu7s/theory_what_if_in_mafia_2after_francesca_told/,2025-05-29 10:32:23 PDT,0,"Since A Friend of Our's is my least favorite Chapter in Mafia 2 because of some Cliches like Vito's House Getting burn down by the Irish Mob,and the worst one,Francesca (Vito's Sister) cutting ties with Vito telling her to stay away from her and Eric,just because Vito was trying to protect Frankie from His Crackheaded Husband Eric.

Here is my theory on what would happen after Frankie told Vito to stay away: Eric shows up to Francesca saying that it wasn't the ""Very Bad Crowd"" from the Party that beated up Eric,it was actually Vito who beated him up,Eric than cut off Francesca's head off,because he states that she has a very violent brother,after Francesca's death,Eric dumps her dead body in the woods,shits on her and then barries her.

After ditching the Woods,Eric finally Marries the Women She was cheating on before",
post,LongDistance,"Long-distance gf might be in trouble because her mom found out abt us,help needed!(tw abuse,lgbtq persecution)",https://www.reddit.com/r/LongDistance/comments/1keimnu/longdistance_gf_might_be_in_trouble_because_her/,2025-05-04 05:26:42 PDT,4,"I'm a 17 year old girl living in Europe(Portugal), and my girlfriend (18F) lives in West Asia(Kuwait). We've been in a long-distance relationship for almost a year now.
Things had been going well, we were making plans, dreaming about being together in person, and talking about how she could eventually leave her country and live somewhere she could be safe and free.

But a few days ago, everything changed.

Her mother found our messages-she saw us talking about how my girlfriend could leave the country and how l'd come visit her. Instead of trying to understand, her mom became furious and focused on the fact that my girlfriend wanted to leave. When she asked who I was, my girlfriend told her it was none of her business.

Then, two days ago, her mom asked about me again and looked through her phone once more. She saw even more of our messages, and even though she said we were just friends, obviously her mom didn't believe it. My girlfriend told me her mom forced her to block me and took her phone. But before that happened, I quickly messaged her about other apps we could use to stay in touch: Discord, Pinterest, Roblox, and email. Unfortunately, her mom saw those messages too.

Later, my girlfriend told me her mom beat her and threatened to tell her brothers about us. That scared both of us deeply. Her home is abusive, and she has a violent brother. I'm terrified they could hurt her, or worse. I know that where she lives, being gay is not just dangerous but it's legally punishable, and people have been killed for it. I'm scared they'll do something awful to her, hurt her physically, emotionally, or worse.

Despite everything, she didn't block me on those other apps, and we managed to talk again. But yesterday, she told me that she thinks it's better if we need to end things for her own safety. But it's not what she wants. She said this isn't something she's choosing because she wants to but it's something she feels forced to do because of how dangerous her situation is.

She told me she might still message me sometimes, just not regularly. And that scares me too, what if she stops altogether? What if something happens to her and I don't know?
She means the world to me. I don't want her to suffer in that abusive home for more years. I want her to be safe. I want her to be free. I'm scared her family will hurt her again. Her mom said she was
""lucky"" to still be allowed to go to school-like that could be taken away at any moment.

I know that in her country, once she turns 21, she can legally leave without needing her family's permission. But three years is a long time when you're living in fear every day. I don't want her to lose her freedom, her safety, or her life waiting that long.

Please-what can she do to get out of there? Is there any way I can help? Is there anything we can do right now, or soon?

She deserves a life where she can be herself and be safe. I love her more than anything, and I can't just sit back while she's living in danger. I'm begging for advice. Anything.",
post,LGBTArabs,"Long-distance gf might be in trouble because her mom found out abt us,help needed!(tw abuse,lgbtq persecution)",https://www.reddit.com/r/LGBTArabs/comments/1kegu9d/longdistance_gf_might_be_in_trouble_because_her/,2025-05-04 03:37:12 PDT,16,"I'm a 17 year old girl living in Europe(Portugal), and my girlfriend (18F) lives in West Asia(Kuwait). We've been in a long-distance relationship for almost a year now.
Things had been going well, we were making plans, dreaming about being together in person, and talking about how she could eventually leave her country and live somewhere she could be safe and free.

But a few days ago, everything changed.

Her mother found our messages-she saw us talking about how my girlfriend could leave the country and how l'd come visit her. Instead of trying to understand, her mom became furious and focused on the fact that my girlfriend wanted to leave. When she asked who I was, my girlfriend told her it was none of her business.

Then, two days ago, her mom asked about me again and looked through her phone once more. She saw even more of our messages, and even though she said we were just friends, obviously her mom didn't believe it. My girlfriend told me her mom forced her to block me and took her phone. But before that happened, I quickly messaged her about other apps we could use to stay in touch: Discord, Pinterest, Roblox, and email. Unfortunately, her mom saw those messages too.

Later, my girlfriend told me her mom beat her and threatened to tell her brothers about us. That scared both of us deeply. Her home is abusive, and she has a violent brother. I'm terrified they could hurt her, or worse. I know that where she lives, being gay is not just dangerous but it's legally punishable, and people have been killed for it. I'm scared they'll do something awful to her, hurt her physically, emotionally, or worse.

Despite everything, she didn't block me on those other apps, and we managed to talk again. But yesterday, she told me that she thinks it's better if we need to end things for her own safety. But it's not what she wants. She said this isn't something she's choosing because she wants to but it's something she feels forced to do because of how dangerous her situation is.

She told me she might still message me sometimes, just not regularly. And that scares me too, what if she stops altogether? What if something happens to her and I don't know?
She means the world to me. I don't want her to suffer in that abusive home for more years. I want her to be safe. I want her to be free. I'm scared her family will hurt her again. Her mom said she was
""lucky"" to still be allowed to go to school-like that could be taken away at any moment.

I know that in her country, once she turns 21, she can legally leave without needing her family's permission. But three years is a long time when you're living in fear every day. I don't want her to lose her freedom, her safety, or her life waiting that long.

Please-what can she do to get out of there? Is there any way I can help? Is there anything we can do right now, or soon?

She deserves a life where she can be herself and be safe. I love her more than anything, and I can't just sit back while she's living in danger. I'm begging for advice. Anything.",
post,actuallesbians,"I need help my gfs mom found out abt us!(tw abuse,lgbtq persecution)",https://www.reddit.com/r/actuallesbians/comments/1kegocn/i_need_help_my_gfs_mom_found_out_abt_ustw/,2025-05-04 03:26:16 PDT,3,"I'm a 17 year old girl living in Europe(Portugal), and my girlfriend (18F) lives in West Asia(Kuwait). We've been in a long-distance relationship for almost a year now.
Things had been going well, we were making plans, dreaming about being together in person, and talking about how she could eventually leave her country and live somewhere she could be safe and free.

But a few days ago, everything changed.

Her mother found our messages-she saw us talking about how my girlfriend could leave the country and how l'd come visit her. Instead of trying to understand, her mom became furious and focused on the fact that my girlfriend wanted to leave. When she asked who I was, my girlfriend told her it was none of her business.

Then, two days ago, her mom asked about me again and looked through her phone once more. She saw even more of our messages, and even though she said we were just friends, obviously her mom didn't believe it. My girlfriend told me her mom forced her to block me and took her phone. But before that happened, I quickly messaged her about other apps we could use to stay in touch: Discord, Pinterest, Roblox, and email. Unfortunately, her mom saw those messages too.

Later, my girlfriend told me her mom beat her and threatened to tell her brothers about us. That scared both of us deeply. Her home is abusive, and she has a violent brother. I'm terrified they could hurt her, or worse. I know that where she lives, being gay is not just dangerous but it's legally punishable, and people have been killed for it. I'm scared they'll do something awful to her, hurt her physically, emotionally, or worse.

Despite everything, she didn't block me on those other apps, and we managed to talk again. But yesterday, she told me that she thinks it's better if we need to end things for her own safety. But it's not what she wants. She said this isn't something she's choosing because she wants to but it's something she feels forced to do because of how dangerous her situation is.

She told me she might still message me sometimes, just not regularly. And that scares me too, what if she stops altogether? What if something happens to her and I don't know?
She means the world to me. I don't want her to suffer in that abusive home for more years. I want her to be safe. I want her to be free. I'm scared her family will hurt her again. Her mom said she was
""lucky"" to still be allowed to go to school-like that could be taken away at any moment.

I know that in her country, once she turns 21, she can legally leave without needing her family's permission. But three years is a long time when you're living in fear every day. I don't want her to lose her freedom, her safety, or her life waiting that long.

Please-what can she do to get out of there? Is there any way I can help? Is there anything we can do right now, or soon?

She deserves a life where she can be herself and be safe. I love her more than anything, and I can't just sit back while she's living in danger. I'm begging for advice. Anything.",
post,lgbt,"My girlfriend’s mother found out about us, I need help!",https://www.reddit.com/r/lgbt/comments/1kegjfd/my_girlfriends_mother_found_out_about_us_i_need/,2025-05-04 03:17:27 PDT,1,"(I don’t really use Reddit so I don’t know how to add content warning but it said not to use on the title and I really need this information here)

I’m a 17 year old girl living in Europe(Portugal), and my girlfriend (18F) lives in West Asia(Kuwait). We’ve been in a long-distance relationship for almost a year now. Things had been going well, we were making plans, dreaming about being together in person, and talking about how she could eventually leave her country and live somewhere she could be safe and free.

But a few days ago, everything changed.

Her mother found our messages—she saw us talking about how my girlfriend could leave the country and how I’d come visit her. Instead of trying to understand, her mom became furious and focused on the fact that my girlfriend wanted to leave. When she asked who I was, my girlfriend told her it was none of her business.

Then, two days ago, her mom asked about me again and looked through her phone once more. She saw even more of our messages, and even though she said we were just friends, obviously her mom didn’t believe it. My girlfriend told me her mom forced her to block me and took her phone. But before that happened, I quickly messaged her about other apps we could use to stay in touch: Discord, Pinterest, Roblox, and email. Unfortunately, her mom saw those messages too.

Later, my girlfriend told me her mom beat her and threatened to tell her brothers about us. That scared both of us deeply. Her home is abusive, and she has a violent brother. I’m terrified they could hurt her, or worse. I know that where she lives, being gay is not just dangerous but it’s legally punishable, and people have been killed for it. I'm scared they'll do something awful to her, hurt her physically, emotionally, or worse.

Despite everything, she didn’t block me on those other apps, and we managed to talk again. But yesterday, she told me that she thinks it’s better if we need to end things for her own safety. But it’s not what she wants. She said this isn’t something she’s choosing because she wants to but it’s something she feels forced to do because of how dangerous her situation is.

She told me she might still message me sometimes, just not regularly. And that scares me too, what if she stops altogether? What if something happens to her and I don’t know?

She means the world to me. I don’t want her to suffer in that abusive home for more years. I want her to be safe. I want her to be free. I’m scared her family will hurt her again. Her mom said she was “lucky” to still be allowed to go to school—like that could be taken away at any moment.

I know that in her country, once she turns 21, she can legally leave without needing her family’s permission. But three years is a long time when you’re living in fear every day. I don’t want her to lose her freedom, her safety, or her life waiting that long.

Please—what can she do to get out of there? Is there any way I can help? Is there anything we can do right now, or soon?

She deserves a life where she can be herself and be safe. I love her more than anything, and I can’t just sit back while she’s living in danger. I’m begging for advice. Anything.",
post,SuicideWatch,My psychiatrist didn't care that I'm suicidal,https://www.reddit.com/r/SuicideWatch/comments/1ka8rkr/my_psychiatrist_didnt_care_that_im_suicidal/,2025-04-28 15:40:12 PDT,40,"*Updated

I told her today. She was more concerned about the side effects of my meds on my guts than she was about my intention to die.

It's completely situational. 
That said, the situation is my entire life. 
My partner and I are basically waiting to have someone show up to disappear us so we can suicide by cop.

I've been too disabled to work for nearly ten years now. My ex-spouse fell out of love with me, and rather than leaving me, moved his lover into our home and bed (on my 31st birthday.) I was too sick to fight it. 

I escaped one bad situation into another over and over again, until I found my now partner. We had two months of blissful peace in lockdown together.
Then one of their closest friends lost his mind, rent was raised, and we couldn't afford the apartment any more. 
Back into the frying pan with my TERF mother and violent brother. 

We were homeless for a while, until someone I considered a 'truly good person'© (and their spouse) took us in. 
Guess who turned out to be an abusive, terfy jerk, who's keeping their trans spouse in the closet with abuse and threats of abandonment? 

If you guessed the person I mistook for a good person, you get a gold star. 
If you also guessed that they're openly hostile to me and my partner, two trans, disabled people, you get two.

If/when my partner's SSI is cut off (they're too scared of going out in public to make an appointment,) we have nowhere to live, no way to eat, no way to get our medications. We won't even be able to Lyft to a shelter, nor do I still have a car to sleep in. We both need electricity for medical devices, so sleeping rough will kill us anyway. Might as well skip the suffering.

Maybe that will be the point that it happens. 

I wanted twenty years with them. 
I wanted a hundred plants, a couple of cats, and a tiny apartment. I wanted to cook meals together, and feel safe enough that neither of us flinches at unexpected noises, and be able to be together without that nasty TERF asking ""what's that smell?"" 

I just want peace with the person I love, but it's not here.

__**Update**__: My partner's SSI has come in for this month, so we're going to price the Lyft to get to each shelter, take it out of our food budget, and save it. Here's hoping we find a way to survive.

Thanks for the updoots, comments, and I guess even the 'Reddit cares' message. I deleted my old reddit account a couple of years ago, after a few too many issues with the platform, but there will always be a few great subs here, and this is one of them.

If you're considering ending it this moment, set a future date. A week, a month, a year, whatever works. If nothing makes you happy, improves, or changes, nothing's been lost. If something does, however, you've given yourself a chance for your best last week, month, or year. You've given yourself a chance to say goodbye if you want, get rid of anything you don't want to leave behind, make preparations. 

Here's hoping we all find our way through to a less painful existence. <3",
post,ShadowSlave,My opinion of the cohort at the end of FS,https://www.reddit.com/r/ShadowSlave/comments/1jrtpn6/my_opinion_of_the_cohort_at_the_end_of_fs/,2025-04-04 19:53:01 PDT,4,"My opinion of the cohort at the end of Forgotten Shore (in tiers):

1. **Nephis - S-tier**. My favorite character after Forgotten Shore. In this God Forgotten, dark, hopeless, desolate city, Changing Star was shining the brightest. She had a personal goal, and her desire for it was strong enough to destroy illusions, stronger than Memory's enchantment. She had the Will, and, what's important, competence to sustain that Will. The presence she had there was and is unmatched. She chose to build her house in the most dangerous place, and her only comment was, ""It is quiet here. I like it."". She entered the castle, severed one of the strongest men there in one movement, and said, ""...Oh. It was nice to meet you too."" She had a noble, impossible goal and a comparable ability.

I also thought about her as warm and close because of the all awkward moments with Sunny and because she was the one who initiated the rapprochement with him (she started asking Questions in the Dark, ch38; she trusted him soul shards). The only complaint that I can understand is that she is too perfect. Can understand, but not relate, didn't feel like it. S+ tier character; deserves her True Wuxia protagonist title.



2. **Sunny - A-tier.** Sunny throughout the arc was presented in contrast with Nephis. In FS, we also discovered that Sunny wasn't actually as competent and smart as we thought after First NM. Rather, he turned out lucky that all the people around him were the bad guys. So in my eyes, Sunny fell a little bit, especially because of how much focus was on Will and the determination in this arc, he, who, at the sight of danger immediately runs, starts complaining, and tries to avoid the inevitable [Sunny and risk-taking in Forgotten Shore](https://www.reddit.com/r/ShadowSlave/s/GbKWdaNFai), in the contrast with Nephis looks really weak.
I learned how paranoid and how much of a coward he is, which is actually not bad; it makes him more human. 

But there was one problem. Sunny wasn't just paranoic, he was neurotic. He was unhealthily neurotic about Nephis' goal. She tried to return home, like Odysseus. But Sunny thought that it was really unethical of her to let people risk their lives to return home and regain freedom. This version of Sunny, If he was a slave locked up with other slaves, and if some slave had tried to make a rebellion, tried to escape with other slaves, he would have killed that person, of course. This person would risk the lives of many slaves. One murder was tolerable, but to free people is too terrible of a sin! He was A tier character for me. It could be S, but this ""ethical dilemma"" annoyed me too damn much.



3. **Cassia - A-tier** Oh my, where do I even start? She was the soft light that complemented the scorching rays of Nephis. She was almost obedient but likable, even respectable. I enjoyed their dynamics with Sunny, how she accepted him as an ""overprotective, mean, violent brother"" (ch 136).

The ending of the FS... In the end, she evoked in me many intense, different, contradictory emotions. I hated her, thought, ""How she dare?!"" and immediately after, thought about the fate of this poor girl. A-tier character.



4.**Kai, B- tier character**. At the start, I disliked him strongly. I felt annoyed. When Sunny tried to save his weak, useless ass, Kai behaved in an infinitely impudent and rude manner. I don't know why G3 likes this trope when someone jokingly disrespects Sunny, but that one time, it went too far, even further than with Rain. Then, of course, he becomes very likable. He will become a funny, dignified bobblehead who will listen with his mouth open to Sunny's adventures; I will love him for that. But nevertheless, the first impression is very lasting, so B-. 



5. **Effie - B+ tier character**. Really enjoyable. She lived up to all the good expectations one might have about this type of character. Also, my opinion could be influenced post-factum here because I really like the way she looks in Chabri's comics.



P.S.: At first I felt tempted to name this post ""Love Letter to Nephis"" so go easy on me there",
post,TrueOffMyChest,just blocked my brother's phone number after years of avoidance,https://www.reddit.com/r/TrueOffMyChest/comments/1jpwu9s/just_blocked_my_brothers_phone_number_after_years/,2025-04-02 12:04:08 PDT,1,"i grew up really poor with a lot of siblings. one of them made our lives hell. according to my mom, he was violent and unmanageable from pretty much day 1. basically all of my siblings have some level of mental health issues, some including cptsd from my brother, but none of us have been physically violent the way he is. all of my brothers have issues with alcohol (runs in the family), but this brother has also always been the worst in that regard.

we have never been able to get all of my siblings together without it eventually dissolving into a drunken fight between my brothers. we are pretty spread across the country now anyway, so we kind of stopped trying. because there's so many of us over such a long period of time, we all have varying relationships with each other now that we're all adults.

i quit drinking after college, so part of protecting myself in all this is not drinking at family events, and when there are many of us and booze involved, i usually dip really early, and doing so has kept me out of several fights. i am low-contact with my mom and one sibling, and no contact with the violent brother. prior to being no-contact, i was extremely low contact with him for basically my entire adulthood. he and i have NEVER gotten along. he went to jail briefly for assaulting my mother and i. he has beaten every girlfriend he has ever had, and i've begged several of them over the years to just leave him because he will not change. every time he's tried to convince me he's different now, it is just a farce, and he cycles through ""careers"" because he regularly burns bridges by being a violent drunk.

like most abusers, he wears a facade to everyone else. his current path of trying to ""redeem"" himself is a creative field that i myself am doing quite well in. i have a lot of connections from the meaningful work i've done in the industry and from trying to help others succeed with me. he is doing a version of this that to an industry outsider looks legitimate, but to industry folks, it's clearly a route for people who don't have what it takes to actually make it.

since i have been in a certain position, he has been trying to break no contact, trying to get to me through my other siblings/dad, and has been calling me and leaving voicemails every couple months. he calls me a nickname that i ONLY use with the public, that none of my siblings ever call me irl, which just shows how removed from my life he really is. i know it's fake. i know he wants to leverage the connections i've built. he wants a piece of my legitimacy in the industry. he says he wants to catch up, but i know that he just wants to tell me what HE'S been doing and try to get my stamp of approval, or get me to pass his stuff on to other people in the industry.

he genuinely makes me sick. he's one of three people in my life who trigger a full on trauma response even decades later and all three of those people are men who have physically abused me. i will never forgive him. i will never have a relationship with him. i don't want to talk to him. i don't want him to know what i'm doing. i don't want to pretend that any of this is happening in good faith.

what i want it for him to fuck off forever and finally just leave me alone.

he called me today. i finally blocked his number.

my other abusers realize i want nothing to do with them and never will. no matter how many times i tell the world that i hate this man, he simply will not stop. i don't know what else to do.",
post,fixingmovies,Thor: Love and Thunder should have been Thor and the Trials of Hercules instead.,https://www.reddit.com/r/fixingmovies/comments/1jbxf56/thor_love_and_thunder_should_have_been_thor_and/,2025-03-15 08:20:25 PDT,22,"So it’s an understatement to say that Thor: Love and Thunder was not the critical or commercial success that everyone hoped it would be, especially in the execution of Jane Foster’s Mighty Thor and Christian Bale’s Gorr the God Butcher. 

And while both of those storylines could have worked in such a film with much better execution, I feel as though the plot of a 4th Thor film could have been better used to show Thor’s character progression from the first Thor till now, and that would be best shown by having him star alongside a character that highlights the worst of who he used to be—that being Brett Goldstein’s Hercules. And this could also map out Hercules becoming an Avenger himself later on. 

So I don’t have every major beat mapped out but I’ll include the general ideas, as well as some casting options.

So after spending some time with the Guardians, Thor is summoned by Zeus (Russell Crowe, maybe using a British accent instead of a Greek one) to find his son Hercules (same British accent), who was banished for his vain and arrogant ways. Thor finds Herc and sees in him who he used to be before he was banished to Earth and learned humility, and all while the two get into mishap after mishap to get back to Olympus/Omnipotence City, tries to teach him to be a better person, which of course is easier said than done. Thor therefore would mostly play the straight man in this case to Herc’s more vain antics. 

All the while, Herc’s jealous and violent brother Ares (Travis Fimmel) will serve as an antagonist of the film and would form a tenuous alliance with Amora the Enchantress (Samara Weaving) to keep Herc and Thor from returning by whatever means necessary. And through the events of the film, Herc would (mostly) learn to be more humble and care about those other than himself. 

Was considering the idea of including both Sif and Beta Ray Bill (Rahul Kohli could be one option) in the film, maybe as a being that Thor comes across with the Guardians as they discover the previous desolation of Corbin by Thanos, with Bill as the last surviving member who proves himself in battle and accompanies Thor on his quest to find Hercules. And Sif would serve as Bill’s love interest. Unless there’s too many characters of course. 

Any thoughts? 

",
post,CharlotteDobreYouTube,I got my roommates to kick their violent brother out and put him in a psych ward where he belongs,https://www.reddit.com/r/CharlotteDobreYouTube/comments/1ipqe5z/i_got_my_roommates_to_kick_their_violent_brother/,2025-02-14 17:24:28 PST,2,"First of all hello Charlotte I love your videos! I have been a petty person for so much of my adult life and extremely big on personality that my friends say ""on a surface level you would be mistaken for someone overconfident and vain but more you are more your  own cheerleader when nobody else would "" and now thanks to Charlotte's amazing influence I have perfected my moving in the shadows technique ~💋 

So here's the story back in August me (31 nonbinary ) and my roommate we'll call Cathy (64 female ) moved into a home with her brother Gil (65 m) and then her brother Jed (55m ) suddenly showed up unannounced and moved himself in after he got kicked out of his son's house for threating the wife and Infant in an episode he came with his dog Gunner (7m pitbull) 

This unannounced move in certainly made things complicated but we were under the impression it was temporary... First week Jed sets up his fire pit and starts burning our furniture and things would only get crazier from there ..trigger warning from this point mentions of violence, hostility related to mental health and attempts at suicide..... 

once caught once again Jed was caught and asked for the probably 20th time not to after asking me to help him break up my own wooden chair to burn and was shocked I didn't take it well at all he initially threatened to murder us all in our sleep that night so we slept with our doors locked 

The next real big one was he set the whole lawn on fire during a drought with a water ban... Naturally I asked where the fire extinguisher was and that set Jed off so while I was trying to put out the fire with a broom he kicked me in the rear because he was trying to send me toppling face first into the fire pit ... I missed catching my balance and boy did I lose it in him .. from there I initially avoided this man and my mental health plummeted after some more hurtful things said to me about my intelligence (I have a history of being abused and whatnot by a narcissist so I didn't take this well at all ) I almost hung myself from the basement rafters and only a month later I had to be talked off a bridge by a random homeless man on Christmas Eve...

The most peaceful time that came would be later because Jed really likes to cause chaos by ""helping "" moving our furniture, important papers and what not and then misplacing them or throwing them away well during one of his lemme help you moments Jed stood right behind a truck Gil was backing up trying to flag it down and got himself run over and cracked his head open and broke his neck when he fell backwards ... An ambulance was called and Jed had to be sedated because he wouldn't let them treat him and said he just needed to go back in the house and nap... 


Jed was in the hospital for a month because of how badly he was hurt and everything quieted down enough for us to work on getting our lives and mental health back on track 

Jed came home just the beginning of February and at first needed assistance so he wasn't much of a problem but once he started healing he went back to driving us crazy. Threw out stuff on the kitchen table because it was in his way and he claimed the whole kitchen as his . Threw away my plates and cups because while on a mental low I didn't wash my dishes and he told me he was bored and wanted something to do so I saw an opportunity and I regret it. Today I woke up and could hear Jed cracking open sodas . I just last night took advantage of the massive sale on coke products and stocked up . So Jed decided there were too many and decided to start dumping them ... I am currently unemployed I don't have a lot of money to replace everything he throws away. 


Anyway now for the working from the shadows. I am a big personality and I have a bad habit of needing the last word to defend myself if someone comes at me with hostility... I'm a Taurus after all I'm not the one to mess with . But I am also a big sweetheart and kind but also extremely petty ... I am not modest in the slightest... But I can act and have a background in acting . So as he got more and more unpleasant to deal with I stopped making a fuss and scenes and played everything more and more calm increased how helpful I was and made being around me so much more pleasant in comparison and just being extremely modest and charming ... Basically slowly working from the shadows to be a confidant to express concerns to for cathy and gil who have certainly wanted my opinion as an unbiased outsider and I basically kept feeding the ideas that something clearly and obviously is not mentally ok with Jed and I think he is becoming dangerous to himself and others. So now they are planning to look into a doctor to get him a formal diagnosis and put him either in assisted living or a psych ward somewhere someone is more prepared to take care of him and keep an eye on him. And all I had to do was move in the shadows be the voice of reason a shoulder to cry on and vent to and let him set himself up while I became more and more pleasant to be around ",
post,malaysia,How do I (23) institutionalise my nonverbal violent brother (21),https://www.reddit.com/r/malaysia/comments/1ip92rh/how_do_i_23_institutionalise_my_nonverbal_violent/,2025-02-14 04:02:54 PST,76,"My brother is sadly an adult now but unfortunately he got worse with age.

As a teenager he started having symptoms of aggression and violence which made my family constantly fearful of him. When he‘s relaxed he is chill but slight inconveniences can trigger him and this makes him very very violent.

When my grandpa was still alive and left him with him, he bit him till his head bled and we had to bring him to the hospital. He gets very angry and hits himself or bites his arms.

My parents are getting older, and as much as we do not want to do this, our family can never live a life of peace without giving my brother the psychiatric care he needs. It has come to a point where he needs medical attention because he has hurt himself to a point that his temples are swelled because he keeps hitting the sides of his head. 

I study in Germany, and i’m only here temporarily in KL to visit my family but I cannot imagine life like this… constant fear, constant locking of doors, constantly hiding objects in the house because he destroys it. For years and years… 


Oh i forgot to mention this but yes he has autism… and i love him a lot. He is and always will be my little brother… but i slowly cannot see the once cute little brother I saw back then anymore 😞",
post,narcissisticparents,Parents refuse to help me,https://www.reddit.com/r/narcissisticparents/comments/1ige83x/parents_refuse_to_help_me/,2025-02-02 18:07:16 PST,1,"My parents are disgustingly people who refuse to help me. For years I suffered and they don’t advocate for me, especially my mother. She is lazy, rude and pathetic. They should be charged for the hell I went through. Night after night we have arguments. They fucking SUCK. The WORST. I really wish I grew up with decent parents. They side with each other. I was also physically abused by my violent brother who I will never talk to again because he physically assaulted me for years. I’m really thinking about getting a lawyer at this point and suing them, but there’s probably nothing I can do at this point. I have NO money, NO support, LAZY doctors and LOSERS for parents. It has been like this for years and they will never change. They’re just a bunch of self-centered pathetic assholes. I wish I was never born into this disgusting family. I’ve been to Therapy, I’ve been hospitalized multiple times in order to get away from home and dealt with the LAZY, INCOMPETENT healthcare system. The longer I stay here, the more I suffer and it’s a real tragedy because I have so much to offer the world and I was dealt a shitty hand. Fuck these stupid, lazy ass parents and disgusting family members. I hate them immensely. I’m really REALLY tired of this and I feel like I’ve been mentally, physically, and emotionally drained. I’m furious and it only seems downhill from here. ",
post,MensRights,REPOST: Grotesque Misandry Allowed on Youtube,https://www.reddit.com/r/MensRights/comments/1i4pwtx/repost_grotesque_misandry_allowed_on_youtube/,2025-01-18 20:09:50 PST,54,"REPOST: This time without the link to the graphic video itself. 

This is an old video, 11 years old. I am not aware of it being posted in this sub, but being that old, it might have been posted here before I came here.

1, The content in the video is not my main point here. I do not know if the video itself is misandric. It might be, but I am not sure. It is a GRAPHIC video of a human male being castrated. It is age-restricted for that reason. That by itself would not make it misandric. Could be he is transitioning from male to female - who knows? Though some comments say the procedure is not properly done. So it might be problematic. So what is my point here?

2. The video might not be misandric, but the description under the video made by the poster is VERY misandric, and youtube has left it up for 11 years. Here is the description.

""Educational video for human male castration.  
This is my first video posted here. Just for some background on myself, I'm in school now working on becoming a veterinarian. I've neutered quite a few animals now, and have used this experience to castrate a willing male friend of mine (Not the man in this video! I do not claim to know the person in this video!). He's never been happier to be free of his hormones. I have first hand experience knowing that men are better off without their testicles. My violent brother lost his in an accident, and there was a HUGE change - no more violence from him, and he has become a positive member of society.  
I know you men are naturally opposed to this idea, but there are only benefits to male castration, and no true reasons to keep the testicles. It makes sense to remove them. One day it will become common practice, such as with circumcision.""",
post,Advice,How to deal with violent brother ,https://www.reddit.com/r/Advice/comments/1hsbudq/how_to_deal_with_violent_brother/,2025-01-02 18:31:29 PST,1,"Hi! This is my first post so apologies if I'm doing anything against moderation. This is kinda a long post as it needs an lot of context, some I had to not put so it wasn't any longer. It also might be all over the place as my memory isn't the best, sorry. (Tw. Suicide, abuse, Homophobia and ableism, mentions of rape)

So I (16F) have an brother (13M) who is extremely violent and explosive. Not to trauma dump but my father has been verbally abusive our entire life and worsened when our parents divorced. He was especially mean and scapegoated our brother and was almost constantly yelling at him, the breaking point of this was on my sisters birthday weekend he was just telling him the entire weekend for hours this was about an year ago and I manage to get us out by convincing my mom with the video evidence.

 Now onto my brother, he's been the stereotypical annoying brother but had started to get really aggressive last year. This was at first chalked up for me to him having to get adjusted to not being at our fathers house anymore as they had split custody but he started to get worse. This was worsened when in the beginning of this year he broke his leg after him and my sister accidentally fell on each other, in which he had fentanyl at the hospital for the pain which really fucked him over as they figured out he was allergic and he had to stay there for an few days. After coming home, he was extremely paranoid about intruders breaking in and also not being able to protect himself but also that he couldn't go outside due to the injury to the point where he is now on anxiety meds. 

Eventually he healed but he hasn't gotten better and has just worsen. He is constantly threatening to kill me or anyone that upsets him and used to call me homophobic slurs (which he did stop after I got angry), even in July giving my sister an really bad bloody nose after punching her for showing an photo of him.  However, this came to an climax when my mom was on a work trip him and the neighborhood kids were playing who are significantly younger then him (like second grade) and he was caught swearing around them by our upstairs neighbors (we live in an apartment) in which he threatened to call the neighborhood kid's mother, which caused to completely crash out, In which he essentially went into our kitchen and grabbed the sharpest knife from the knife block which my sister caught and questioned him on which he just asked for my grandma (If im correct), in which he then had an mental breakdown while my grandma held him as he just started talking about how he 'needed to kill himself or others' and then tried to use an friend of my grandma's who passed away from suicide against her and then said people who are suicidal or disabled are 'stupid'. I was kinda forced to call my dad as I didn't know what else to do, it's worth mentioning that I believe my dad is scared of me due to the fact I will call him out on bullshit, so when he came over, he was firm with my brother for the 30 minutes I was in the adjacent dining room trying to calm myself down, but when my grandma and sister came into the dining room to eat I left into my room, from which recounts I hear he got way ruder with my brother. Once he left and an few hours later, my brother was still riled up so I did come out of my room and I did albeit speak softly and calmly with him and did get him to calm down somewhat and we ended the night on an okay ish note. I thought this would be the end of it, but unfortunately when my mom came back home from her work trip the next day, him and my mother got into an fight into the morning which she had to hold him down, but only after school did it really get bad. I can't exactly remember what happened, but he essentially was having another mental breakdown and my mother had to call the police, it's I guess worth noting that while he was yelling and screaming at her, he wasn't threatening death but rather just instulting her and just saying he wouldn't love her anymore. Eventually the police come and my mom instead of getting him detained by the police to the mental hospital brought him herself. During this, she called my dad which was on speaker on the car. During this my dad was being an scumbag and said he wasn't going to visit my brother in the hospital. This caused my brother to snap out of his breakdown and say 'your the only person I have left' to my mother. 

Sorry for the rant about these situations but I think it helps understand the context, now to the problem. My brother is now in therapy which is slightly helping but he is also still violent, but the biggest problem is that he has no respect for anyone except for me. My mom is slightly an pushover with my brother and kinda is an boy mom and my sister loves him, but I don't really like him all the much. Because of this, since my love is 'conditional' is why my brother deeply cares about what I think about him according to my mom. However it is so exhausting dealing with him as he has clearly fallen in some rabbit hole of the alt-right pipeline on YouTube shorts. However, for some reason whenever I talk to him fully about something on these talking points, he usually listens to SOME degree (like previously mentioned, how he called me and my sister homophobic slurs but which I will admit wasn't the best thing to do, when I completely ignored him he did apologize and he has stopped as far as I know or an few days ago when I debated with him about 'men's rights' which at the start he had the normal garbage about it but was completely silent at the end), but he is also still an bigot of pretty much every minority. But, recently he had gotten into an fight with an kid and also has to get his bag checked at school due to making an threat to some kid, which he keeps waving in my face. The reason I actually wrote this was due to the fact that today he made an rape joke with his friend, which I said wasn't okay and he just started to talk about how 'I need to fear him', that he had an gun (he most definitely doesn't), but also 'people are scared of me but are better then me'. I honestly am so tired and unfortunately every question I have about is too specific for google and I'm not in therapy. I also am slightly afraid of him as he is more on the chubby side compared to me and I don't think that if I got into a fight with him that I would win, So my question is how do I go about dealing with him without encouraging him and also how do I stop being afraid of him?",
post,relationships,My (31F) BF (29M) went to his brother’s wedding that I was not welcome at and now is looking for sympathy. ,https://www.reddit.com/r/relationships/comments/1h6099q/my_31f_bf_29m_went_to_his_brothers_wedding_that_i/,2024-12-03 14:32:09 PST,200,"TL;DR My BF (29M) has a very mean, aggressive, and often violent brother. My BF attended his brother’s wedding, it went just as badly as expected, and now he’s looking for sympathy that I just don’t have. 

My BF and I (31F) have been together two years, lots of marriage talk, serious relationship. About 6 months ago, his brother’s fiancée started getting pretty over the top touchy and inappropriate with him when his brother wasn’t around. He and I noticed it but apparently were the only ones. She didn’t take hints of him avoiding being alone with her or physically removing her hands from him. In an attempt to not embarrass her, he ended up sending her a text basically saying he values their relationship but she’s recently started doing a bit too much and it made him uncomfortable. Obviously it made me uncomfortable too but I figured I should stay out of it and let him handle. 

His 31M brother is a hot head who says and physically does whatever he wants to people without repercussion. That includes telling his mom and his family to go eff themselves regularly and pushing his mom around. Needless to say, I never loved hanging out with the brother or fiancée for these reasons. Brother became aware of the text and flew off the handle, eventually resulting in a 2hr in person blowout where the brother, fiancée, and mom were yelling at my BF, but primarily at me, for being “insecure” and trying to tear their family apart. Brother acted like he was going to physically hurt me a couple times. It was wild. 

The last 6 months have been spent with the mom being somewhat apologetic but still blaming me for everything, saying my “comments” (my BF’s text?) caused all the family issues. She put it on me and my BF to “fix” it. I would be just peachy never seeing the bro and SIL again, but I went along with my BF’s failed attempts to repair the relationship. It basically got to the point where they said if I don’t apologize for my “comments” then there will be no healing. 

Brother and SIL randomly decided to get married with about a week’s warning. My Bf was told they really wanted him there, but I was not welcome. I get it, I wouldn’t want them at my wedding either. I told my BF I expected if he went, there’d be some drama as there always is. He said no way! My BF was torn between supporting me and not going vs. supporting his brother/family and attending. I told him to please make the decision for himself, not based on what I or his parents want. Their relationship, though horrible and broken as it is, is obviously complicated and I didn’t want to make a dramatic statement like I’d break up with him if he went, so he doesn’t go, they somehow repair the relationship, and he forever sorta blames me because I may have forced him not to go, etc. He decided he wasn’t going. An hour before the wedding, his parents told him if he didn’t show up, he wasn’t welcome to be in the family. He folded and went. I was not pleased, not because he went to the wedding, but because they emotionally blackmailed him into changing his mind. 

My BF planned to leave after the ceremony and was cornered by his brother when he was walking out. They got into an argument as always, and the brother grabbed my BF by the throat and threw him into the garage door, causing scrapes and swelling. BF came home that night sobbing and an absolute mess. I absolutely did and do not have it in me to offer much in the way of support? It’s taking a lot for me not to hit him with an “I told you so” and “this is the family you were so worried about losing?” 

I’m just disappointed in everything right now. BF told his parents that he’s stepping back from the family after all of this craziness and violence, but I feel like it’ll only be temporary until they threaten him again. I’m just very concerned about our relationship and whether I stick around or not. Ugh!

Is OUR relationship beyond repair or worth sticking it out? Everything up to this last six months has been a dream, but most recently, a nightmare. 

ETA: My BF is a very nice guy, polar opposite of his immediate family. He’s always been the peacemaker in their crazy family. The mom knows the brother can’t be scolded or threatened into having a shred of humanity, which is why she goes to my BF and guilts or manipulates him to do what she wants. I feel like all of this, plus my support, has opened his eyes to how mistreated he’s been by his family and how suddenly I’m now the villain despite keeping my mouth shut and staying out of it. I know cutting off family is hard, and something he never thought he’d have to do, even temporarily, but for my/our safety, mental health, general well-being, I do not see how we can maintain a relationship with his parents and bro. ",
post,AITAH,AITA for telling my parents about my violent brother?,https://www.reddit.com/r/AITAH/comments/1gycqs5/aita_for_telling_my_parents_about_my_violent/,2024-11-23 15:17:26 PST,4,"I f(25) have a brother m(28). He recently showed a very violent behaviour towards me (I had bruises) and stole money from me. I was on the phone with my boyfriend during the whole situation so he heard everything.

So I went no contact with my brother and told my mom while she was on vacation (thats why me and him were at the same place) what happened. She did not believe me (eventhough I sent pictures of the damaged furniture he shoved me to and bruises) and thought I was being dramatic and had to ask my boyfriend for confirmation. He obviously confirmed the story, but she did not care.
She further told me to not tell my dad as „he is stressing because of his work“.

Few weeks pass by, today me and my boyfriend visit my parents. Later the conversation went to the topic above, and I find out my dad knew the whole time. They said I was being unreasonable and should talk to my brother. They also said he is ashamed of what he did (not that he is sorry, just ashamed). I told them this has happened before one time but they did not listen. Then I told them they never listen to me.
My father the aggressively shouts at me. insults me and tells me to leave. 

I leave my boyfriend there because I‘m fucking traumatized and get in the car waiting for my boyfriend. My boyfriend later tells me that they talked and he tried to tell them how I‘m feeling but they didn‘t care as before. He told them he never heard me scream in as much panic and fear and my mom just said „yeah she can do that really well“. She then proceeds to say „She alsways was the second child and he was the main child, which we focused on“

So, AITA?

P.S. Sorry for any grammar/spelling mistakes, english is not my native language.",
post,CPS,I’m worried about a child ,https://www.reddit.com/r/CPS/comments/1gnvx6n/im_worried_about_a_child/,2024-11-10 00:11:08 PST,10,"
I'll start by saying this is long winded. I have been in a very loving and nurturing relationship with an exceptional man, we are now expecting our first child together and both have 1 child already each. 
I have (in the last few weeks) started to see concerns over my partners basic care needs of his 6 year old daughter. 
My partners brother has just been released from prison after 3 years for a long list of offences, including knifepoint robbery, abuse, violence etc. in the 4 weeks since his release he has been verbally aggressive towards me (threatened me and called me vile insulting names), my partner stopped contact for about 1-2 weeks but then picked up contact with his brother again. This caused arguments between us as I felt let down by him. The brother has also smashed up his parents tv in a blind rage over money (potentially for drink and drugs), been verbally and physically aggressive towards the mother......... infront of my partners child (who was scared, crying and shouting at him to stop), caused fights and trouble at a public event we all went to (he was heard asking for drugs, he attempting punching someone, punched the hotel door windows, took his top off and ran down the streets shouting and swearing aggressively), has punched the father and caused the mother to want to end her life. 
24hours after the awful event mentioned above, my partner allowed his 6 year old girl to stay at his mother and fathers house were his violent brother lives. I then told him to go back to his parents house and stay there. I was absolutely disgusted that he would allow her to stay there in such a vulnerable position. I brought all my concerns up to him but he doesn't seem to see how she is in any danger. The family claim it is the brothers adhd and autism that causes it all but, even if that is the case, this does not mean he is not a danger to the 6 year old. 
I have genuine concerns about his basic parenting skills and am concerned not only about his daughter but my unborn child.
Am I overreacting? ",
post,Parenting,Worries about a child’s safety,https://www.reddit.com/r/Parenting/comments/1gnvsa0/worries_about_a_childs_safety/,2024-11-10 00:01:14 PST,1,"I'll start by saying this is long winded. I have been in a very loving and nurturing relationship with an exceptional man, we are now expecting our first child together and both have 1 child already each. 
I have (in the last few weeks) started to see concerns over my partners basic care needs of his 6 year old daughter. 
My partners brother has just been released from prison after 3 years for a long list of offences, including knifepoint robbery, abuse, violence etc. in the 4 weeks since his release he has been verbally aggressive towards me (threatened me and called me vile insulting names), my partner stopped contact for about 1-2 weeks but then picked up contact with his brother again. This caused arguments between us as I felt let down by him. The brother has also smashed up his parents tv in a blind rage over money (potentially for drink and drugs), been verbally and physically aggressive towards the mother......... infront of my partners child (who was scared, crying and shouting at him to stop), caused fights and trouble at a public event we all went to (he was heard asking for drugs, he attempting punching someone, punched the hotel door windows, took his top off and ran down the streets shouting and swearing aggressively), has punched the father and caused the mother to want to end her life. 
24hours after the awful event mentioned above, my partner allowed his 6 year old girl to stay at his mother and fathers house were his violent brother lives. I then told him to go back to his parents house and stay there. I was absolutely disgusted that he would allow her to stay there in such a vulnerable position. I brought all my concerns up to him but he doesn't seem to see how she is in any danger. The family claim it is the brothers adhd and autism that causes it all but, even if that is the case, this does not mean he is not a danger to the 6 year old. 
I have genuine concerns about his basic parenting skills and am concerned not only about his daughter but my unborn child.
Am I overreacting? ",
post,newzealand,Seeking Advice to Keep My Violent Brother Away ,https://www.reddit.com/r/newzealand/comments/1gic8co/seeking_advice_to_keep_my_violent_brother_away/,2024-11-02 18:48:10 PDT,34,"TW: Domestic Violence

I’m reaching out for advice because my family and I are struggling with an unbearable situation involving my brother. Over the years, he’s been physically violent toward me, my sister, and my dad. He has also put us in serious financial debt. We’ve tried to forgive him and give him multiple chances, but every time we do, he ends up showing his true colors. Things turn violent, especially when we bring up the debt he’s created or try to hold him accountable for fines he’s racked up using my car. I even let him borrow it for two months, hoping he’d save up for his own car, but it only led to more financial and emotional strain.

He’s made direct threats of physical violence against me, and he has butcher knives, even hiding one under his bed. Although he recently moved out, he comes back whenever he wants, taking things from our home without permission. We’re terrified to confront him because we know he’ll respond with more violence or threats. My dad has even ended up in the hospital because of his actions.

This has been going on for years, and it’s taking a severe toll on our mental health. We feel trapped and unsure how to make him stay away for good. Any advice on practical steps or legal routes we can take to protect ourselves would mean a lot. We’re just so exhausted and desperate for a way out.

Thank you for any guidance you can offer.",
post,whatsthatbook,Young adult contemporary fiction book about two teenage girls who are pen pals and it turns out one of them is writing from prison,https://www.reddit.com/r/whatsthatbook/comments/1eqqcg4/young_adult_contemporary_fiction_book_about_two/,2024-08-12 14:46:33 PDT,16,"It’s about a girl who puts an ad in the paper looking for a penpal and is then written back to by another teenage girl. The book is written in the form of letters between the two of them. The girl who placed the ad turns out to have been in a juvenile prison the whole time, but I don’t believe you ever learn what her crime is. She plays for a basketball team within the prison. The Non-Prisoned Girl has a violent brother, and she often writes to Prison Girl about his increasing aggression. The book ends with several letters solely from Prison Girl asking why Non-Prisoned Girl isn’t responding to her letters, and it is heavily implied it is because her brother has killed her. 

If I had to guess the book would’ve been set in the modern day to when it was published which I believe would be the 2000s and set in an English speaking country. However I read it in 2016 and it was a pretty tatty paper back by that time so maybe it's even older. I did pick it up off my high school English classroom’s bookshelf though, and those books go through it quicker than most. It was pretty short (I remember finishing it in under two hours). I would’ve been 12/13 when I read it, I think it was probably aimed at teenagers a little older than that but definitely a young adult book. 

Many thanks to anybody who can help me remember it! ",
post,raisedbynarcissists,Day felt ruined before I even got up,https://www.reddit.com/r/raisedbynarcissists/comments/1ejv4n3/day_felt_ruined_before_i_even_got_up/,2024-08-04 06:22:09 PDT,1,"So I’ve done really well lately with therapy and going LC but last night I had a nightmare about my family, mostly my dad. Him trying to force me to do stuff with my brother who’s been physically abusive for a while and then when I refused my dad was yelling at me and belittling me about being useless and worthless and not being willing to do anything for the family cause I just want to “act like a girl” and “be bitchy all the time” (all things he said the last time we talked). I woke up vomiting from the anxiety and stress and it just feels like it ruined my day. I have to see my nmom and Britt m abusive/violent brother at work and every day I want to quit and find a new job but I can’t. I’ve been applying to jobs every day and no luck. I’m trying to finish some certifications so I have better luck but it feels like it’s taking so long. Plus I actually love this job if I didn’t have to deal with them and if it paid a little better. I just, I’m so tired And stressed and can’t wait until I can afford to move out of state and go NC but I know it’s at least a year or more before I can afford to and I just feel lost and vaguely hopeless at this point. 

This Is just a rant I guess but any words of support or advice would be appreciated ",
post,BokuDakegaInaiMachi,How evil he is... Especially if you had been read manga...,https://www.reddit.com/r/BokuDakegaInaiMachi/comments/1ehds4c/how_evil_he_is_especially_if_you_had_been_read/,2024-08-01 03:58:54 PDT,6,"Gaku Yashiro, he's at first appears good teacher and guy, he's friendly, cheerful and hot man, he has beautiful and high height 182-184 cm. He appers helping guy his students and cares about them. However his true nature is a terrifying... He's incredibly manipulative, evil, extremely selfish, mentally ill, amoral, deranged, nihilistic, misanthropic and remorseless man, who enjoys killing people (especially if they're children). He said he specially became teacher elementary school and pretends kind and caring to getting trusting from side of students. While in anime his desires killing people is quite a misunderstanding, in manga we understand, he has somewhat difficult past with his violent brother, who was extremely perverted and delusional. Brother kicks him, when he does wrong, what he said him. Brother not specially killed little girl, however he started incrimination Gaku, however Gaku earlier did read book of Akutagawa about Kandata, who was a sinner, but he did good deed didn't kill spider. Buddha gave him possiblity leaving from hell, however he couldn't doing it. He looked spider net above head brother and understood he should kill him and he made kill. Now, when hamster Spice died, he disappointed not from care, because he doesn't enjoy, he starts finding alternative entertainment and found, it's killing people for himself, because he thinks, person is a dead if he without entertainment and thrill. And he decided turning into killer for his twisted desires. He slyly pretends good teacher to getting trusting and after killing innocent children. Himself Gaku knows he's an evil and sinner as a Kandata, but it doesn't stop him, only make worse his foul and amoral desires. He killed tens children and others people and always incriminated another innocent absolutely without remorse or shame. However when Satoru brake his plans, he shows his true personality evil and remorseless killer. Satoru later time understood who's killer. Yashiro says, kills are an acts, what needing for hole in heart everyone person. When he killing Satoru in river, he later week understand, Satoru's alive he in coma. Gaku Yashiro looked Satoru is one goal, who's not a dead and he temporarily stopped killing, not from remorse, because of Satoru turned into his Spice for thrill, however he killed people for his benefit. Yashiro considers his live an incredibly selfish and weird as and himself, however he doesn't interested him. When Satoru get up from coma. Yashiro says he cried, but it's empathy himself. He has twisted gratefulness to Satoru for his helping. He's planning killing Satoru and Kumi, who's innocent kid with leukemia, him doesn't care how cruel it is. He turned into politic and killed one for legislator of city. While he wanted kill Satoru and Kumi, when he did arson, Satoru pushes him to river with him falling. Him arressted police and he said about all crimes as a twisted compensation for winning of Satoru, but it's definitely not a remorse. 

In total: 
Gaku Yashiro is one of the evilest villains from manga and few evil in anime, because of didn't show his all crimes and kills. He's definitely pure evil at least he has pure evil tendencies, he in total murdered more 30 people and everyone they're innocent if they're not his first kill - big brother. He always incriminated another innocent people. His lack of remorse and actions make him an incredibly evil character, despite his difficult past, although it doesn't justify his actions. He more evil than others villains for example Makima, who had even somewhat good intentions and she has way more tragic past than Gaku Yashiro. Gaku Yashiro + made first crime already before kill of brother, he killed 5 hamsters in vine bottle, however later 3 hours, he's shocked, 5 hamsters are dead, but one's alive and he attempts rescue himself. He kept him as a trophy and object of thrill, not as a pit. His past is a little tragic and his brother in total even us more evil, because he's one of the most main reasons, why Gaku is so evil. Gaku Yashiro hasn't redemption, he's an incredibly manipulative, devious and methodic person, who can building evil plans to one, it makes him incredibly smart and clever. He's one of the most selfish characters, who i saw from as and anime and manga, as and all characters from series. His arrogant behaviour has been fact he's psychopath and doesn't sympathize others.

Thanks for your attention, i hope this essay was good, I'm sorry for it's so long...",
post,XSomalian,Where do I go from here? Passive mum violent brother (long read apologise in advance) Based in the UK,https://www.reddit.com/r/XSomalian/comments/1e6t6n2/where_do_i_go_from_here_passive_mum_violent/,2024-07-18 19:39:50 PDT,15,"Edit: I’m the daughter I don’t think that’s clear in the post 

Where do I go from here? I want a relationship with my mum badly but I don’t know where to go from here 

Context - my mother is very passive to the point you feel sorry for her. She has a quiet voice and you actually have to remind yourself to treat her well because even if you don’t she won’t stand up for herself. When he was young she never punished him when he acted out and I used to think she was an enabler but now I think that was just her passive behaviour, (which was indirectly enabling him) 


I was Raised in a house by a passive mum. Unruly younger brother became violent. Beat up his pregnant ex wife and she miscarried, is involved in gangs, drug dealings, illegal money and who knows what else. He’s also the only male in the house and probably thinks can run riot in a house full of females. Youngest sister has taken on the traits of my mother and has become passive too, because she’s scared of him and knows if he becomes violent there’s nothing my mum will (or can’t) do (for context she never did anything to stop him hitting her when she was a child but she used to brush that off as siblings sh*t). Im the oldest, female. The only one who didn’t grow up scared of him and actually stood up to him. Because of that made me a target. When we were younger he was very annoying and infuriating but when he get older he actually threatened to kill me. My mum was so worried she made us pack only our essentials for the night and leave because she actually thought he would make good on his threat (and with his history of violence of women it’s not a hypothetical) 


After that night when she made us all pack our bags at midnight suddenly I made a promise to myself to never return. I was annoyed that my mum wouldn’t kick him out but now looking back I actually think my mother is helpless AND actually can’t kick him out. As in she has asked him to leave multiple times but he won’t do it. I know if she really wanted him to leave she would call the police but she makes a great boohaa about not calling the police on her son. 

After that night I cut contact with her but I still miss her. She misses me. We both want to be together, see each other and be in each others lives but yet… because of a wayward young man (he’s 25 24 then) mum and daughter are separated. How is that possible? Ive  realised how stupid and ridiculous this is. He’s not older than me (but physically stronger) he’s not a dad a stepdad a boyfriend. How could I effectively be banned from going to my mother’s house and seeing her? This feels humiliating insulting infuriating and angry all at the same time

I really feel like being apart for the year has made both of our lives worse yet… because of ONE small boy (emotionally and his masculinity) a mum and daughters relationship is ruined. 

How can that be? 

And now knowing the context, what do you think I could do to get my relationship with my mother back? 

My mother is currently not best health wise and no one is there 24-7 to look after her and it kills me I can’t be there to look after her too.

Also I’ve gone to the police & social services about him too years ago and the police didn’t do anything (and my mum covered for him - with the same excuse of she can’t eat her son to the police) so the police is a no go for now. Plus with the way the justice system has been working in the UK police don’t even take DV in romantic relationships seriously so I doubt they’ll take what they see as intense “sibling rivalry” even less. 


Edit - I’m also realising the past year just how miskeen/weak I come across to psychopaths like him and I think he definitely took advantage of the fact I’m not a fighter and more of a pragmatist and peacemaker even if that includes avoiding people",
post,raisedbynarcissists,Tired of being a parent to parents ,https://www.reddit.com/r/raisedbynarcissists/comments/1dxd19i/tired_of_being_a_parent_to_parents/,2024-07-07 02:58:32 PDT,7,"In so tired of being a parent to my parents, I get no emotional support back and never have - which I know is typical of nparents, but I need to get this off my chest even though I have no expectations from them. 

I am the strong one, the emotionally responsible one. I guide my mum and support her even though she shows no interest in what I do and never has. She complains about her family and relatives to me, but never tells me the whole story. She emotionally dumps on me and takes my energy. 
I'm constantly amazed how mature I am in comparison and I'm amazed how I manage to lead a fulfilling and healthy life despite their shit. 

My dad is emotionally and verbally abusive, and my mum is scared of him/loves him. She defends him and my violent brother.
My brother takes up all her emotional energy, he has severe mental health isssues and she has no reservations in giving him her all. 

I have so much guilt in looking out for her and supporting her... she's like a lost girl and I feel strong like her mother. She compares me to her mother and get jealous that I'm smarter than her (sorry if that sounds bad, I'm just tired of it, I'm tired of walking in eggshells for using words she feels intimidated by such as ""advocate"") 

My dad offers me no interest or anything, but somehow that's easier to digest because I don't like him. 

To be parentified is neglect and exhausting. It's isolating and erodes my sense of self. It makes me feel I don't and can't have a life if I get too sucked in. 
 ",
post,autism,Need advice for my violent brother who's autistic (i am as well),https://www.reddit.com/r/autism/comments/1drniri/need_advice_for_my_violent_brother_whos_autistic/,2024-06-29 16:04:32 PDT,2,"So, I'm 17, pretty small, 5'4 and 95lbs, and my brother is 8, 9 soon. That's a big age gap, but my brother is massive for his age. Towering everyone in his grade by like 7 inches, i think he's 55 inches. I would say I'm a lower support needs, mostly independent (we both also have adhd), he's maybe a moderate support but he's still young, I'm saying that because he's a lot slower at learning than I was at his age (i was hyperlexic then i like hit a wall lmao) but I'm really worried, and aggravated, by his overly antagonistic and violent behavior. 

I'm writing right after an incident, he came into the living room while I was peacefully watching youtube and eating, and then does the weird thing where he tries to lay on me while pressing his weight onto, idk how to explain it. And then he gets a toothbrush and fucking whips it at my forehead, he ALWAYS aims for the face and he knows what he's doing, he's more street smart than anything. At that point I've already told him to stop like 5 times, never listening, and then i groan and leave the room. He follows me into the kitchen, trying to scratch at me with the toothbrush bristles or something, literally trying to hurt me, and they tries to shove it into my ass crack, he thinks it's funny and this is far from the first time he's intentionally shoved his hand/an object into a gross part of me. I then run upstairs, he chases me saying ""you better run!"" And I lock myself in.

Violent shit like this happens ALL THE TIME and I'm so tired of it. He hits me, tries to fight me, steals my shit or destroys it while I'm not in my room, or sometimes in front of me, if I don't notice he'll at some point flaunt it in front of me. He's defaced my sketchbooks numerous times, stealing them, scribbling over drawings, ripping out pages, it's fucking exhausting. Even a couple times he's straight up lied to my mom to get me into trouble, like i don't know what his problem is.

Now onto my mom, she has bpd, maybe adhd too, but she has some anger issues and sensitivity to sny form of criticism, I'm not even trying to make a jab that's just an observable fact by anyone who *knows* her. If i fight back, even at all, not even in the remote slightest bit reciprocating wut he does to me, all fucking hell breaks loose. I get my stuff taken, i get screamed at by her/my step dad saying ""youre older hes your little brother its your responsibility"" and if i leave the room and tell my mom wut happened, she always just says ""why dont you offer to play a game"" like i don't want to encourage negative attention seeking, so i just leave or try to ignore him, or tell him to stop, ofc he literally never listens. He also does it to my sister, my friends, like everyone except my parents most of the time.

I'm not the only one who thinks this, my friends and other family think they're wild and out of control, but mostly my brother ig. My sister i think gets it from him, she isn't as bad. A relative of mine has even said he has this look in his eyes when he goes into this antagonist mode. 

This has been going on for years and occasionally, tho its becoming more common, where he jokingly spanks, or shoves his hand/an object into my ass, or sometimes my crotch and it's really uncomfortable and he doesn't understand, he just thinks it's funny. I don't know what to do, my mom is putting this on me and saying its my fault for not constantly giving him attention (im a very solitary person and this house drives me insane)  and I'm currently having like a mini panic attack (crying, chest pain), what do i do?",
post,Gotham,WHAT DROVE JEREMIAH TO INSANITY,https://www.reddit.com/r/Gotham/comments/1d5io7n/what_drove_jeremiah_to_insanity/,2024-06-01 01:48:39 PDT,14,"THIS IS JUST MY THEORY ON HOW JEREMIAH GOT CRAZY. YOU'RE OBVIOUSLY FREE TO THINK DIFFERENTLY.

It's clear to say that the ""clown look"" is the symbol of Jerome's crazyness (like shown by the Cult of Jerome or even Jeri). That's the crazyness that Jeremiah tried to escape since childhood, and basically all his life. Then years later he gets sprayed by Jerome's gas, he looks in the mirror and he sees it: the unsettling clown look, the signature of his violent brother, his family's insanity he was hoping to escape but that finally reached him. Now everybody is gonna look at him and consider him the next Jerome, the next Valeska nut, the next clown. No one is gonna see good in him, not even his dear friend Bruce. Unless...  unless he dedicates his life to his friendship with Bruce. So he tortures Alfred, blows up Wayne Manor and recreates his parents murder to do so. Someone normal would understand that these are not good deeds, but Jeremiah isn't normal anymore: the years he spent underground, the pain caused by Jerome's toxines, the shock of his new ""clown look"" made him completely lose it. He is now insane.

\[DRAWINGS BY ME\]        

https://preview.redd.it/nimjkzpuax3d1.png?width=2694&format=png&auto=webp&s=5e93189530f8ff7d1dc7b7a6ff99b564b2766598

",
post,autism,Seeing My Violent Brother?,https://www.reddit.com/r/autism/comments/1cfhmb5/seeing_my_violent_brother/,2024-04-28 14:25:58 PDT,0,"My (22 NB) brother (26 M) has pretty severe autism. He’s mostly nonverbal but he’s now able to communicate full conversations with a spelling board (and a whole very specific system behind it). I love him and he’s a generally kind person but he can be pretty violent. As kids he hit and choked me pretty often, which didn’t go well because he was much larger than me. My mom didn’t do shit about it and always had me lie to cps. He calmed down for a while until he started having massive meltdowns 4-5 years ago. During these meltdowns he’ll break anything he can get his hands on (mostly glass and furniture), put holes in the wall, and attack to the point of leaving bruises or even worse injuries. I’ve personally been hit during these meltdowns too many times to count, and sustained longer lasting injuries to my neck, shoulder, and back. I haven’t even lived in the same house as him for years, he just flips out when I come over because family dinners are stressful for him and he just doesn’t like being at my dad’s house. He currently lives in a small house on my mom’s property. His flip outs are better but still happen once a month. My mom gives him a sedative every time but we’ve had the sedative available for years and it doesn’t work that well. Anyway, point is I’m wondering what people recommend if I still want to have a relationship with him but want to be safe? I haven’t seen him in almost a year due to this. I’d try FaceTimes or something but he doesn’t like communicating that way. Does anyone else have a similar issue?",
post,PubTips,"[QCRIT] Thriller: HOPE CAN KILL (74k words, 2nd attempt)",https://www.reddit.com/r/PubTips/comments/1bywp27/qcrit_thriller_hope_can_kill_74k_words_2nd_attempt/,2024-04-08 05:32:20 PDT,5," I am so grateful for the feedback from my last query post. I appreciate feedback on this second attempt.

Dear \[Agent\],

Hope Shepherd doesn’t think of herself as a serial killer; she prefers the term serial *savior.*

A therapist for women who are victims of interpersonal violence, Hope is in a Michigan prison for killing the husbands of her five therapy group patients. Many inmates and prison staff laud her as a hero, *the manslayer*, and some secretly join her cause to eliminate abusers permanently. On her first day in prison, Hope stands up to a male guard, Jessup, for groping a prisoner during inspection. Hope becomes Jessup’s target and his reign of terror over her begins. Hope initially believes his attacks, which she barely survives with the help of her new fans, come from his misogynistic rage— but she discovers that Jessup’s strings are being pulled by someone from her past who is determined to make her fear for her life.

Hope has a chance to continue her mission when a female guard asks her help to kill the guard’s violent brother-in-law, but when her support network sneaks her out to do the job, she finds he’s been murdered by someone else. Soon after, Hope sees news reports of more murders of abusive men and realizes she has a copycat who aims to steal her murderess crown, threatening her carefully cultivated savior complex. Between this revelation and Jessup’s organized assaults, Hope becomes desperate and puts Jessup at the top of her kill list.

As Jessup’s threat to Hope’s life escalates, she uncovers the disturbing truth about who is killing the other abusers. She must now remove her vigilante crown and ask for help from these fellow justice-seekers if she’s going to turn the tables on Jessup and his puppet master before she’s got no life to live through her two consecutive life sentences.

HOPE CAN KILL, a thriller complete at 74,000 words, is perfect for fans of women vigilante killer thrillers like *Killers of a Certain Age* by Deanna Raybourn, *My Lovely Wife* by Samantha Downing, and *My Sister, the Serial Killer,* by Oyinkan Braithwaite. HOPE CAN KILL is a standalone novel with series potential. ",
post,PubTips,"[QCrit] Adult thriller- HOPE CAN KILL, 74k words",https://www.reddit.com/r/PubTips/comments/1bsbiup/qcrit_adult_thriller_hope_can_kill_74k_words/,2024-03-31 07:20:58 PDT,12,"  

Dear \[Agent\],

Thank you for the opportunity to submit my thriller, HOPE CAN KILL, complete at 74,000 words.

HOPE CAN KILL is perfect for fans of women vigilante killer thrillers like *Killers of a Certain Age* by Deanna Raybourn, *My Lovely Wife* by Samantha Downing, and *My Sister, the Serial Killer,* by Oyinkan Braithwaite. HOPE CAN KILL is a standalone novel with series potential. 

**Trigger/Content Warning:** Scenes of attacks from a male prison guard. Domestic violence is discussed but not graphically portrayed.

Hope Shepherd doesn’t think of herself as a serial killer; she prefers the term serial *helper*— until she becomes the victim and realizes that ridding the world of abusive men will require teamwork.

A therapist for women who are victims of interpersonal violence, Hope is in a Michigan prison for killing the husbands of her five therapy group patients. Many inmates and prison staff laud her as a hero, *the manslayer*, and some join her fight to end abuse for good, by whatever means necessary. A female guard asks Hope to kill her violent brother-in-law, but when her network sneaks her out to do the job, she finds he’s been murdered by someone else. Hope then sees news reports of more murders of abusive men, and realizes she has a copycat who aims to steal her murderess crown, threatening her carefully cultivated savior complex. 

Meanwhile, Hope makes an enemy of a male guard, Jessup, who is determined to make her a victim instead of a hero. She survives his multiple attacks and learns that someone from her past is his puppet master. As Jessup’s threat to Hope’s life escalates, she uncovers the truth about who is killing the other abusers, and Hope must humble herself and accept the help of her fellow justice-seekers if she’s going to turn the tables and put an end to Jessup and the mysterious person pulling his strings.

I am a social work professor with over twenty-five years of experience working in emergency mental health, prisons/jails, and with victims of violence. I’ve spent the last fifteen years publishing academically and am the author of the recently self-published *The Dying Five* cozy mystery series. I am a member of the Women’s Fiction Writers Association and the Indiana Writers Center.

&#x200B;

1st 300:

*Friday, January 17, 2019*

*Kill #1*

An infallible alibi must be memorable. 

I had made reservations at *Caravelli’s* six weeks in advance. An old-school, laid-back, downtown Detroit restaurant, they didn’t use computers to time their tickets. I ordered the salmon and asparagus and made very specific changes to the dish. The server peered over his spectacles and frowned when I ordered the asparagus al dente, lightly salted, with a dash of paprika, and demanded the salmon be perfectly flaky, not rubbery. I deployed extreme elitist snobbery— making a show of testing the wine, scrunching my nose, and shooing him away to take it back and get me something worth my expert palate. He grabbed the bottle and our glasses and I heard him huff as he retreated.

Simon arched an eyebrow at me as if I might have gone a bit too far. We’d been planning this for months, every detail carved with precision. Originally a mass of unformed rock, this murder would soon be a chiseled masterpiece. Simon performed in a supporting role and didn’t have as much on the line, but I could feel his anxiety as he bobbed his knee under the table like a kid about to wet his pants. Simon was critical to the mission, providing me with the deadly cocktail for my mark. My husband’s veterinary expertise in putting animals to sleep came in handy when applied to humans, too, but he didn’t have the stomach for the actual killing. He reached across the table and entwined our fingers.

“Are you ready for this?” His voice was stretched thin like a man twice his age. The question was rhetorical; he was asking himself more than he was asking me. I wasn’t just ready, I was excited, my nerves tingling like the night I lost my virginity. ",
post,TrueOffMyChest,My extremely violent brother is having a baby,https://www.reddit.com/r/TrueOffMyChest/comments/1bdqkzf/my_extremely_violent_brother_is_having_a_baby/,2024-03-13 05:46:13 PDT,6,My brothers girlfriend is pregnant and my whole family is concerned for her. My brother has always been very violent and both verbally and physically abusive. I am not sure how his girlfriend stays with him? less than two years ago he beat someone up so badly the  victim had to go to the hospital. Her family lives abroad and don’t know that he has a criminal record and how emotionally violent he can be. I would let her family know but I’m afraid of blowback? What would you do?,
post,AITAH,WIBTA for not going to my sisters babyshower?,https://www.reddit.com/r/AITAH/comments/1b7309v/wibta_for_not_going_to_my_sisters_babyshower/,2024-03-05 03:27:03 PST,2,"I'm sorry for the long story; English is not my first language. My (36) sister (33, let's call her H) is having her second child. Yesterday, I was added to a group for the planning of the baby shower, and I don't want to go.

H and I grew up in a difficult environment. Our parents divorced when I was 8, leaving my mom to work long hours and my dad almost never being around. I had to take care of H from that age, also protecting her from our violent brother. I moved out at 18 to go to college.

H behaves like a classic youngest child. She was sick for the first two years of her life. She recovered at some point, but she remained smaller than the rest of us. Our mother treated her like a princess, accepting every tantrum and giving her whatever she wanted. I enabled this behavior as well. H and I have a long history of her lying to get what she wants, and me avoiding any and all confrontation.

(You can skip the examples if you want)

>For example: My now-husband and I were planning to get married on Oct. 9, 2020, after being engaged for 5 years. He proposed to me on our 5th anniversary, and I got pregnant a couple of months later. We decided to get married on our tenth anniversary, our daughter being old enough to be a part of it. We told everyone about our plans, multiple times. And it was brought up on multiple family-occasions when people asked about how the planning came along. Then, on May 1, 2020, our dad lost his battle with depression. We didn't know then, but now we know he had been depressed for at least 20 years, and we think the Covid restrictions were the final straw. At his funeral, whenever someone asked about the wedding, we said we were going to postpone it. I was put in charge of selling our dad's company because I worked in the same field. This would take months. With this and grieving, I didn't think my mindset would be good enough to be capable of being happy at my own wedding. Near the end of the funeral, H announced that, since the whole family was in one place, she and her boyfriend were getting married on Oct. 10. People were confused, asking why she was planning to get married the day after me. She said it was a coincidence and she didn't know we were planning to get married then. And now that my wedding was off, it would ot give any problems. I congratulated her and pretended to be happy for her. But it wasn't within my range of emotions at that point, after just saying goodbye to our dad. She noticed, I'm not a good liar. It took me four months to find a decent buyer while trying to keep his 30ish main customers happy. We didn't get a lot for it, but at least none of the customers could sue us for not delivering services. During this time, H started planning her wedding, asking for my advice on where to look for venues and stuff. When she asked me to go to a fitting appointment with her, I declined because I was neglecting my fiancée and child, working 50+ hours a week trying to sell this company, and even if I did go, I was grieving too much to bring any joy to the occasion. Saying that was a big mistake. She started telling everyone I was jealous of her getting married before me and other stuff like that. I was not invited to her bachelorettes, but somehow people thought I had declined that invitation. A week before the wedding, Covid restrictions were increased again, making her 100-person wedding not possible anymore. She was trying to get sympathy from everyone, making her a victim. My fiancé and I didn't react as she wanted, saying that was the risk she took planning the wedding when knowing about the possible upcoming restrictions. Again, she called us jealous and spiteful and a whole lot of other things. We think she would have uninvited us, lying to everybody that we decided not to come, but then she would not have our daughter as her flower girl. We should have decided then not to go, but we did because I didn't want the backlash. Her wedding was a small unofficial ceremony in a beautiful attic of a restaurant, led by our uncle (from our dad's side). (Apparently, they went to the courthouse 5 days prior.) Our mom was forced to give a speech, but she broke down halfway because she was still grieving. H was visibly displeased. We only felt bad for my mom. Afterwards, there was a 4-course dinner that took 4 hours. We were not allowed to leave because the venue was not allowed to have so many people indoors. We had to wait until all other guests were gone. The four children that were present started to misbehave, it being way past their bedtime. It was not the wedding H pictured, to say the least. Every now and then, H brings up one of the things we of my mom or the children did to ruin her wedding. I just let it go.

>An second example, she lied to my boss that I knew and approved her applying for a job in the small (40 people) company. I found out when she was in the interview. She joked about it before, but never asked. My boss never confirmed with me. After I heard from my mother H was hired, I told my boss I knew I had nothing to say about who he hired, but I would not be happy if she was in the same team as me. In the end, I was moved to another project and she took my spot. Instead of confronting her or my boss, I started looking for another job after that.

>Last example: Fast forward to our wedding, my new husband and I got married two years later, on October 8th, 2022. It was the wedding like we pictured it, minus my dad, of course. H accused us of stealing her wedding, being in ""her"" week (Oct 5. - Oct 10.) and being the big wedding/party she wanted for herself. The people that matter didn't take her seriously at this point. But still, I feel hurt by her acting this way.

H had her first child in 2021. I attended the baby shower because I was invited and knew what she would do if I didn't show. I've started (grief) counseling and other therapies to work on my (childhood)issues about a year after our dad's passing, right after her first babyshower. H is now pregnant with her second child, and I am invited to her second baby shower. I know I don't want to go. At some point in my recovery, I started to notice I don't really care about my sister anymore, I only feel hurt. The only reason for me going would be to prevent her from telling people I'm jealous because I never had a baby shower (which I didn't want) or other lies to make me look bad and her the victim. I talked to our mom and some friends about it. They all said I should talk to H about my hurt and set clear boundaries, but wait until the baby is older (H has enough to deal with, being pregnant and all).  And they all said going to the babyshower would cause less drama, and I would be the AH if I didn't go before our talk. But would I be?",
post,TransMasc,Success story,https://www.reddit.com/r/TransMasc/comments/1apzpw4/success_story/,2024-02-13 09:52:53 PST,10,"So for Starters trigger warning for transphobia and mental abuse..and physical abuse 
So since I was in 8th grade I was debating my gender ..I always told myself oh yeah I'm still a girl I just don't feel like one.. but after I started secretly identifying as agender then found the label demiboy later on and it fits well. My stepdad was always pretty weird and acted as if I should've immediately warned up to him and accepted him as my dad after my parents divorce having lived with a physically abusive father, a violent brother, and being on the Autism spectrum.. he obviously started to resent me and would complain about me to my mom getting me in trouble with her. Later on I had experimented with witchcraft and alternative spirituality because I became the new thing to gossip about at my old church since I was outed by my cousin and one of my friends at the time so I left 
Once my stepdad found out I was practicing witchcraft he tore up my room and tore drawings of me and my then girlfriend from my sketchbooks and took my journal and grimoire. He then on Christmas one year chewed me out for ignoring his existence after that and said ""you're a girl named *deadname* not a ""non gender"" named Kai"" my mother enabled this. 
Then last year on my 20th birthday he told my mom he just wanted to talk to me then immediately started being disrespectful to me and telling me that if I don't stop having preferred pronouns then he is sinning by proxy for letting a trans person live under his roof and that it was against God. So I left. I was kicked out that night but my mom made me stay for a few more months since I had nowhere to go he claimed I left even tho he screamed at my mom ""get the fuck out of my house"" for taking my side 
Here I am in February 2024 in my own apartment
With wifi, food, water and my cat to keep me company
I've finally escaped from the hell I've been subjected to
And as soon as I pay off getting my teeth fixed I'm going to apply to go on T 
I had given up on transitioning many times and I never thought id make it to 18 .. but im graduated and with my own space and my houseing can't be threatened over being who I am anymore. 💖",
post,abusiverelationships,"Jobless, racist, violent brother (M, 22) abuses and lives with elderly parents. HELP",https://www.reddit.com/r/abusiverelationships/comments/18vwdv3/jobless_racist_violent_brother_m_22_abuses_and/,2024-01-01 05:05:40 PST,3,"I have a younger brother (let’s call him Jake) who is 22 years old with no job that lives with my 69 year old dad (no retirement savings, works full time), and 62 year old mom (no retirement savings, works full time. Jake does not help them, sits in his room all day every day playing Minecraft. 

He also abuses my mom when my dad is at work (my mom is bedridden and works full time from home), by yelling at her several times per day to buy him different things off the internet he wants because he knows when she gets paid each month. As a result, my parents can barely afford any groceries because most of what they make goes to appeasing Jake. When he does not get what he wants, he either physically hurts people or threatens to, in addition to damaging furniture and their stuff.

When I visited my parents over the holidays, they were only able to get 5 things off their grocery list because each week Jake demands for them to get very expensive baking ingredients for his own food which he apparently does not share with them. So in addition to having no savings, no retirement, and no emergency fund because he drains them financially, they can barely buy their own food which he is fully aware of. He watched my mom take nearly everything she needed off her grocery list but did not take off any of the expensive items he makes them buy.

Jake has a history of violence (used to beat me multiple times per week for years and would wait outside my room to hurt me when i left my room) and beat me to the point I was in the ER for a night getting x rays 2 years ago. He was institutionalized as a teenager for a week and heavily medicated but went off the meds a few years ago and refuses to take them.

Recently he threatened my mom’s life saying her life was in danger and he was going to kill her by beating her to death in the head with a rock if his frog dies (he demands she buy heat tape for his pet frog’s tank but it has to be a certain kind from a specific website that won’t ship to their address). My dad said he would “talk to him” but is in complete denial and acts like Jake is this great person. My mom says that is because my dad “does not know about a lot of it” but refuses to tell him how Jake treats her when he is at work. I tried to tell my dad but he brushes it off and defends Jake every time.

Jake does not allow either of my parents to cook in their own kitchen and forces them to cook in the garage because he “doesn’t like the smell”. When they do not comply he becomes violent and angry. They claim things will be better once they are able to buy him an apartment and car. I have tried to tell them he will continue to take advantage of them but they will not listen. He also took the remaining 3 rooms of their house and turned them into a workout room, video game room, and storage room for only his stuff. He only allows my parents to use the garage and their bedroom.

Jake also has a series of sketchy online “friends” which he claims to vetted off 4Chan and voat, tells people hitler “inspires him” and that he “took care of the problem”, and owns a silk copy of mein kamph (hitler’s manifesto). I had to stop taking him hiking a year ago because we came across a biracial mother and kids who he aggressively scared into leaving. When I tried to talk sense into him, he began yelling at me, called me a racial slur, and tried to grab the steering wheel and hurt me when I drove him home. When I told my dad, he said “that’s sad” and did nothing. He also regularly talks about bombing synagogues, torturing immigrants, lynching people of color, and how he doesn’t like being in public because there are “too many n*****s” in our town now”. I tell my parents I am genuinely afraid for when he gets a car, but they brush it off saying he doesn’t mean these things and is “joking”, yet both seem equally disturbed by it.

He is running both of my parents into the grave but they are afraid to stand up to him and enable him no matter what he does. He is leeching them both to death. My dad has a heart condition with an estimated 5-7 years left at best. My mom has become very thin and frail with multiple heart attacks and strokes the last few years. Jake likes to cook and leaves huge messes in the kitchen that he demands my mom, who can barely walk, clean up (she says it takes her hours per day).

They work full time, no retirement, no savings, allowed to use 2 rooms of a house they worked their entire lives to pay off, barely able to buy food, smothered by debt collectors calling all day. I lost my job in 2020, was unable to find stable work, and had to finish my degree. I graduate December 2024 but am unable to fully bail them out right now. The only hope for my parents is finding a way to convince them to take their power back from my brother as he controls their home and finances to the point of ruin. What if anything can I do to help them or say to them? They seem to live in denial out of fear and will not involve police. I think they are afraid Jake will retaliate.",
post,FamilyIssues,"Jobless, racist, violent brother (M, 22) abuses and lives with elderly parents. HELP",https://www.reddit.com/r/FamilyIssues/comments/18vw587/jobless_racist_violent_brother_m_22_abuses_and/,2024-01-01 04:50:56 PST,4,"I have a younger brother (let’s call him Jake) who is 22 years old with no job that lives with my 69 year old dad (no retirement savings, works full time), and 62 year old mom (no retirement savings, works full time. Jake does not help them, sits in his room all day every day playing Minecraft. 

He also abuses my mom when my dad is at work (my mom is bedridden and works full time from home), by yelling at her several times per day to buy him different things off the internet he wants because he knows when she gets paid each month. As a result, my parents can barely afford any groceries because most of what they make goes to appeasing Jake. When he does not get what he wants, he either physically hurts people or threatens to, in addition to damaging furniture and their stuff.

When I visited my parents over the holidays, they were only able to get 5 things off their grocery list because each week Jake demands for them to get very expensive baking ingredients for his own food which he apparently does not share with them. So in addition to having no savings, no retirement, and no emergency fund because he drains them financially, they can barely buy their own food which he is fully aware of. He watched my mom take nearly everything she needed off her grocery list but did not take off any of the expensive items he makes them buy.

Jake has a history of violence (used to beat me multiple times per week for years and would wait outside my room to hurt me when i left my room) and beat me to the point I was in the ER for a night getting x rays 2 years ago. He was institutionalized as a teenager for a week and heavily medicated but went off the meds a few years ago and refuses to take them.

Recently he threatened my mom’s life saying her life was in danger and he was going to kill her by beating her to death in the head with a rock if his frog dies (he demands she buy heat tape for his pet frog’s tank but it has to be a certain kind from a specific website that won’t ship to their address). My dad said he would “talk to him” but is in complete denial and acts like Jake is this great person. My mom says that is because my dad “does not know about a lot of it” but refuses to tell him how Jake treats her when he is at work. I tried to tell my dad but he brushes it off and defends Jake every time.

Jake does not allow either of my parents to cook in their own kitchen and forces them to cook in the garage because he “doesn’t like the smell”. When they do not comply he becomes violent and angry. They claim things will be better once they are able to buy him an apartment and car. I have tried to tell them he will continue to take advantage of them but they will not listen. He also took the remaining 3 rooms of their house and turned them into a workout room, video game room, and storage room for only his stuff. He only allows my parents to use the garage and their bedroom.

Jake also has a series of sketchy online “friends” which he claims to vetted off 4Chan and voat, tells people hitler “inspires him” and that he “took care of the problem”, and owns a silk copy of mein kamph (hitler’s manifesto). I had to stop taking him hiking a year ago because we came across a biracial mother and kids who he aggressively scared into leaving. When I tried to talk sense into him, he began yelling at me, called me a racial slur, and tried to grab the steering wheel and hurt me when I drove him home. When I told my dad, he said “that’s sad” and did nothing. He also regularly talks about bombing synagogues, torturing immigrants, lynching people of color, and how he doesn’t like being in public because there are “too many n*****s” in our town now”. I tell my parents I am genuinely afraid for when he gets a car, but they brush it off saying he doesn’t mean these things and is “joking”, yet both seem equally disturbed by it.

He is running both of my parents into the grave but they are afraid to stand up to him and enable him no matter what he does. He is leeching them both to death. My dad has a heart condition with an estimated 5-7 years left at best. My mom has become very thin and frail with multiple heart attacks and strokes the last few years. Jake likes to cook and leaves huge messes in the kitchen that he demands my mom, who can barely walk, clean up (she says it takes her hours per day).

They work full time, no retirement, no savings, allowed to use 2 rooms of a house they worked their entire lives to pay off, barely able to buy food, smothered by debt collectors calling all day. I lost my job in 2020, was unable to find stable work, and had to finish my degree. I graduate December 2024 but am unable to fully bail them out right now. The only hope for my parents is finding a way to convince them to take their power back from my brother as he controls their home and finances to the point of ruin. What if anything can I do to help them or say to them? They seem to live in denial out of fear and will not involve police. I think they are afraid Jake will retaliate.",
post,islam,My family is very dysfunctional. I’m in a dilemma.,https://www.reddit.com/r/islam/comments/18gh116/my_family_is_very_dysfunctional_im_in_a_dilemma/,2023-12-12 00:08:32 PST,5,"I’m (M20) currently in college with a part-time job, living with my parents and my brother, who’s severely autistic. Living in home feels like agony, like living hell.

I always think about leaving the house, but it’s impossible due to having both an abusive father (M55) and a violent, severely disabled brother (M17), which either way, if I left the house, my mom (F55) would be all alone dealing with both my father and my brother. Both of my parents are elderly, but my father is much heavier and taller than my mother, and me thinking about what my mother goes through is such a nightmare. My father always yells at my mother and treats her like she’s a child and if she’s a robot. My father does anything to control my mother and me as well and always uses the “Islam card” just so I have to obey everything, even if it’s verbal, emotional, or even physical abuse, and I’m somehow sinful for not obeying my father just because it’s abuse. For every petty thing, even if it’s a minimal mistake or if I’m losing the slightest of attention, I’m always yelled at and treated like I’m 5, like it loosens the connection between me and my father. Even in the most gentle and most eloquent way possible, I communicate to my dad about how the way me and my mother get treated is not Islamic and is a major sin, and I’m always the “bad, rebellious son” in this case. If I’m feeling bad or something, my dad acts if everything is my fault and would never say sorry or feel empathetic. Likewise, when I see my dad treating my mom very badly as well, I’m told that I’m “sinful” for getting into conversations between my dad and my mom, when it’s clear that my mom is controlled, manipulated, and abused. Every interaction with friends, and even extended family, every activity, everywhere I go, everything I spend on, is monitored by my dad for me and my mom, and my dad always scolds my mom for talking to my extended family on her side, and he treats them badly as well, and he’s always nosy about who I’m talking to, and my dad will criticize them if he knows some of my friends are non-Muslim. Everything we cook, everywhere we go, everything we do is all controlled by my dad, and my dad knows nothing better than to criticize me and my mom and other people as well. My dad always acts like the haram police, and is so much more worried about haram things than being a good person, when both are equally important, but dad never cares about how he’s perceived or seen by others for bad things, including family. My dad always belittles me, patronizes me, and calls me names, making me reduced to nothing. He criticized my friends and those who aren’t related by blood all the time as “nobodies”. Yes, of course I’m being provided my physical needs, but where are my emotional and social needs, when I’ve always been isolated from other families and could never talk to my father? My relationship with my father feels like he’s rather an enemy of me. It never felt like he was my father in any way. He never felt like family. I always felt like I was a slave, and the same thing for my mom as well, who’s also suffering in the hands of my father.

And speaking of my brother, while he’s not in fault like my father, given that he’s severely mentally disabled, he’s still a huge pain to live with. My brother is 17, as you seen, with the mental age of a 18 month old. Me and my mom could never get a good sleep ever. My mom and dad who are near 60 have many health problems, and my brother always gets up at 3 am walking all over the house, yelling and making animal like noises to my parents bothering them and depriving them of their sleep. My brother always has severe meltdowns, in which I can’t ever study properly, I can’t have friends over, and I can’t even travel because he’s extremely entitled and violent. He broke some of our walls, he injured both my mom and dad. Good thing I never sustained a major injury, but my brother hits me all the time along with his screaming which brings me such trauma up to this day. He broke my fan, spit on my Apple Watch, and I still live with repetitive thoughts replaying in my head of my brother’s violent meltdowns. Same thing for my dad’s verbal and physical abuse too. My mom has to suffer all of this too, and me and my mom cry every single day since we have to deal with an abusive dad/husband, brother/son. I can never study well at home, never bring friends over, never travel, and never enjoy anything because of my violent brother. With me and my mom having to deal with my brother who’s not only violent but also can’t do basic life skills such as using the toilet, understanding danger and safety, being able to chew or articulate words and sentences properly, it’s such a pain. This is the biggest reason, along with my abusive father, that I’m scared to leave the house because I don’t want my mom to be all alone, nor do I want to feel guilty of abandoning my disabled brother who’s violent and disruptive but not at fault. I think everyday that I want my brother to be in a group home ASAP, but my mother says I’m bad, although I always feel great with my mom while she has good intentions.

Unfortunately, I try to tell my mother than she should not be enduring this abuse. Rather she needs to stop tolerating it, but it looks like my mother got used to it, and I feel really bad for her as well as myself.

Along with my abusive father and severely disabled, violent brother, everyday I cry so much that I just want to experience a normal life and freedom for me and my mother. I’m honestly so jealous of people who have siblings, but they’re all normal and get along with each other happily, and those who have caring, supportive two parents, while i’m left with a brother who doesn’t even feel like a brother but a forever patient and baby and a living nightmare 24/7 and a father who doesn’t view us as family but as servants. I always ask myself “when will these storms come to an end”, and I fear that I’ll have to deal with all this trauma for the rest of my life. I have ADHD, depression, and anxiety, and I’m actually probably autistic too, but while I love my father and my brother for the sake of Allah, I don’t feel any emotional connection to my father and brother whatsoever. I fear a lot that my children might become disabled too, which will bring back all of the horrific memories. To be completely transparent, I would rather have no family than an abusive, hostile family.

Am I bad for just wanting to leave the house while wanting to get my dad some therapy and putting my brother in a group home to protect my mom, just for me and my mom’s safety and emotional wellbeing?",
post,TheBurningGirls,Initial thoughts without having read the book [Spoiler],https://www.reddit.com/r/TheBurningGirls/comments/17e5qxj/initial_thoughts_without_having_read_the_book/,2023-10-22 15:54:56 PDT,7,"After finishing the series, I'm compelled to read the books! Anyone who's read the books able to share their opinions and differences between the series and the book?

I'm planning on rewatching the series knowing that >!Jack Brooks turns out to be Merrie Joanne Lane after all these years!<. I think I missed a lot of hints, from >!her violent brother to the relationships between the adults!< when she was growing up.

I'd love to see a sequel for this show to address a few of the things that didn't quite get an 'ending'. Like what happens to the Harper family, particularly how little Poppy deals with >!the trauma that her father and sister!< caused her.

Keen to hear what others, readers and non-readers thought of the show!",
post,AsianParentStories,Morally bankrupt parents?,https://www.reddit.com/r/AsianParentStories/comments/16uyvkb/morally_bankrupt_parents/,2023-09-28 19:00:11 PDT,42,"I’m in my mid-30’s and undoing years of coercive control, psychological manipulation, and gaslighting from my family. I recently came to the painful realization that my parents are completely and utterly morally bankrupt. 

For example, my mom knows about sexual assaults occurring in her immediate family which she refuses to condemn and just sits in silence. She also coddles my abusive and violent brother. She overall doesn’t demonstrate honesty or integrity in her actions. 
All she cares about is her name brand bag or where she gets her Botox done. Not much else crosses her mind, especially not the psychological well being of her children.  

My father also is similarly morally bankrupt and has done many shady things to acquire prestige and wealth. He is obsessed with his image and status within society. He is also incredibly cruel in addition to being racist, misogynistic, and homophobic. His only concerns relate to superficial things such as the stock market or whose wife is gaining weight. He has absolutely no moral compass, and I’m disturbed that I’m his biological progeny. 

How do you face this realization? Previously I didn’t really like them but fell under the delusion that they were still good people but simply “flawed” or with “immigrant trauma.” Now I’m seeing that I am the child of two twisted, narcissistic, and highly manipulative individuals.  I realize they’re at least two standard deviations from the norm of AP toxicity. 

m concerned that I’m dealing with unreleased unregulated emotion. There is intense hatred that is building up daily. How should I manage this? My therapist just isn’t used to this level of family toxicity so she’s of limited help in this situation. 

Thanks!




Thanks for letting me vent",
post,blacklagoon,Omake Off Part III,https://www.reddit.com/r/blacklagoon/comments/163kbrx/omake_off_part_iii/,2023-08-28 05:07:02 PDT,5," For those who haven't read the following Omakes;

Do You Remember?; Dutch is a Magical Girl, Rock and Revy think that's stupid and not-canon, Viva La Youth Balalaika shows up as the Fuhrar of the Soviet Empire with Robot Sergent Boris, Benny a programmer/superhero shows up and kicks Balalaika. Then a comic-strip version of Mr Chang, Horror versions of the twins, a shojo version of Yukio and a pedophiliac version of Roberta show up, Revy claims these things are ruining the comic, Rock says this will continue, Narrator says find out in Vol 11.

Eyeglasses are a part of your face?; Hansel and Gretal gather all the female characters that wear glasses (Jane, Yukio, Roberta and Feng) to do a bit, the glasses gang talk about all the problems and habits people with glasses have/do, Hansel and Gretal can't relate the glasses gang force the twins to wear glasses until they are sick, the glasses gang call Roberta an imposter, Roberta mocks the glasses gang, meanwhile the Black Lagoon is making Revy wear glasses to see what she looks like.

The Highschool Episode Part 2; Revy and the Twins are looking for someone to have a school fight with they pick the five girls from L'Homme Sombre because they heard they were tough, Revy sends Hansel in first, Hansel challenges them to a fight but the five girls instead fawn over how cute Hansel is causing him to blush, Gretal offended that her normally violent brother has been 'pacified' tries to save her brother but gets fawned over same as Hansel, Revy tries to save the twins but gets insulted causing Revy to cry, Yukio shows up to break up the fight only to be fawned over the gag repeats itself with Balalaika the Russian PE teacher, then Roberta with Garcia, Rock and Mr Chang walk pass but don't get involved.

[View Poll](https://www.reddit.com/poll/163kbrx)",
post,FanTheories,(Victorious) Cat is childish due to trauma.,https://www.reddit.com/r/FanTheories/comments/161wiq2/victorious_cat_is_childish_due_to_trauma/,2023-08-26 07:21:15 PDT,135,"I first realised this when closed her ears during a tense scene and screamed ""I'M UNDER THE BED IM UNDER THE BED"" seemingly a safe space for her.

She keeps mentioning throughout the show that she has a seemingly schizophrenic and likely violent brother(like him randomly getting 12 gallons of blood...out of nowhere). He's also apparently been locked up in asylums.

My theory is that Cat's surrealism and her childish nature comes from being trapped in childhood trauma.",
post,MentalHealthPH,Help with violent brother who has autism TW: violent behavior,https://www.reddit.com/r/MentalHealthPH/comments/159nwjw/help_with_violent_brother_who_has_autism_tw/,2023-07-25 15:52:07 PDT,4,"Hi guys! Not sure if I should post it here but am in need of help. I have a brother [39M] who has autism. He stays at home lang; we tried to have him schooled when he was younger pero it did not work out. My parents were not very forthcoming with seeking help for him so he's just been at home, doing nothing.

Come recently, we noticed that he was starting to become aggressive when told what to do. He's always had a problem pag napapagalitan, but now, he shouts, screams, and recently, has started becoming violent. inambahan nya ako kanina ng monobloc chair nung sinabihan ko sya na kumain - he was just staring at his breakfast when I told him that. 

We had him consult with a psychiatrist but we were told to go to a behavioral specialist na lang daw, as that is their expertise. Kaya lang, namamahalan kami sa rates ng behavioral specialists. Is there a way to resolve this? Where do we go na mas mura so that he can get help?",
post,abusesurvivors,My parents won't kick my violent brother out and I don't know what to do,https://www.reddit.com/r/abusesurvivors/comments/14kub9x/my_parents_wont_kick_my_violent_brother_out_and_i/,2023-06-27 17:18:38 PDT,7,"(I have dyslexia so please try and ignore my spelling mistakes) 

I f 16 have a brother m 20 who has been extremely violent to my family (me, my mum and my dad) for the last 4 years and it has only been getting more extreme as he got older, in the begining when he was a teenager he was just your typical asshole teenage boy who wouldn't clean up after himself, but just before and during lock down as he slowly got larger and angrier it's only gotten so much worse. He refused to go to school or get a job and would (and still does) laze about all day making huge messes that me and my mum usually end up cleaning despite the fact that my mum is extremely tired from working as a night nurse and me being at school and doing my exams. But he also became physically violent with us, punching holes in walls and even strangling me at one point (when I was 15 and he was 19). He's hit me, spat in my face, punched me, slapped me and once threatened me with a knife. 
He's a goddam monster and throws temper tantrums over the smallest things like being told to put his dishes away by my mum. For the last 2 years my parents have been threatening to kick him out and every time its ""where really going to do it this time"" but it never happens, I can't even count on both of my hands how many times the have ""finally decided"" to kick him out. And recently I really thought they where going to do it, my dad changed the locks and threw his things out into the front garden and I was so happy that he would finally be gone. I would have my home back. I'd be able to have freinds over again without being scared that they would over hear my brother fighting my dad or punching and smashing something again. This kick out was beacuse of all the things he has done this month, in various different arguments through out this month he has managed to punch a hole in his bedroom door, wall and our kitchen wall, he kicked down half our stair banister and as of this morning punched an absaloutly massive hole in his bedroom wall (the hole is probably half the size of someone's torso give or take). After this morning my parents decided to kick him out for good but I'm so disappointed and heart broken right now writing this as my brother is back in his bed in the room right next to mine sleeping like nothing happend. 
After my dad changed the locks and put his things outside, the second my brother turns back up at home at 12 at night knocking on the door, he let him in HE LET HIM BACK IN OUR FUCKING HOUSE.  And instead of just putting him out he has given my brother a week to a find a new place to stay (my brother has been ""looking for a new place"" for 2 years now). 
My brother is never going to leave unless if you MAKE HIM. 
I'm honestly just so tired, why won't he leave, why can't he understand how much stress he is causing me, how he has irreparably damaged my teenage years and why can't he just go away. 

Does anyone have any advice for getting my brother out of the house? Or mabey even legal advice for charging him with anything? I really don't want to get the police involved but I just can't cope with any of this for another second. I just want to be a normal teenage girl.
I was also thinking about giving my parents an altematum, him or me. If he isn't put the house I will be the one who leaves. 

I just feel really scared and lonely right now and any advice would be so helpful.",
post,relationship_advice,"My family, particularly my brother (M22) is making my GF (F21) and I (M22) question our future.",https://www.reddit.com/r/relationship_advice/comments/14czhtb/my_family_particularly_my_brother_m22_is_making/,2023-06-18 17:18:48 PDT,1,"
To start, I’ve been dating this girl for two years, and there’s definitely been some bumps in the road. Sure, we have our occasional fights, but our communication is top notch and we usually get through them relatively quickly. I love her with all my heart, and I know I get the same love back. However, things get complicated when my family becomes involved, particularly my brother.

My brother has had a less then savory history, and has had multiple instances where he’s said negative comments towards me and my girlfriend. I’ve been dealing with them all my life, but she grew up in a loving household that never approach this kind of territory. These comments usually involved alcohol, and there is a history of alcoholism within my family. Sometimes, a verbal argument would come out of it or we would get physical with each other.

One particular instance was really bad, and I decided to tell my parents, only for them to sweep in under the rug. He’s had a violent past relationships, and my girlfriend and I confronted him about it, only for her to be labeled as the bad guy for “making him angry”. Everytime there seems to be an issue and I try to involve my parents, they try to move on from the issue as quickly as possible. They want nothing to do with it, and talking with him is neigh impossible.

At this point, my girlfriend and I are looking forward to our future, and we just had a argument on what to do. She thinks I should either demand respect by putting on a big physical act, particularly in the fact whenever he does do it again, that she wants me to beat up my brother, but I know deep down that won’t do anything. On the other hand, a more drastic measure would be to separate from the family completely, but my parents are generally very nice to her, but they enable the behavior by not saying anything. I really feel stuck, and I also have a lot of important life decisions coming up that may be effected by this stress.

How should I proceed with satisfy my girlfriends needs for family without completely cutting off from my family?

TLDR: Girlfriend thinks my family hates her because of violent brother. Have tried talking multiple times, but nothing seems to stick. Parents don’t really want to help either. Need advice on how to proceed.",
post,movies,I feel more confused about Do The Right Thing (1989) after watching Spike Lee's interviews.,https://www.reddit.com/r/movies/comments/13ry3qi/i_feel_more_confused_about_do_the_right_thing/,2023-05-25 17:23:37 PDT,19,"I thought the message was clear: it's difficult to understand people from different backgrounds, but we should all ""cool it down."" Like we weren't necessarily supposed to blindly side with the Black community, but we were supposed to view the movie in the context of the Black community.

Mookie gives Sal's younger son an advice regarding his violent brother, and he responds: ""you don't have a brother like me, you'll never understand."" When Mookie tells him that he too has a sister, he responds: ""Yeah but it's not the same thing."" I think this is a core message of the film.

Sal is not a hateful racist, but he loves black people in a patronizing way, so I get why he is a racist character. I think him only having Italian heroes on his wall symbolizes how difficult it is to fully understand people from a different background no matter how much time you spend near them. That's why Mookie and Sal are the only three-dimensional characters, as they are sort of cultural ambassadors for their communities, while other characters are caricatures of different types of people.

The whole montage of people hating on different races also prove my point to some degree. We ""other"" people from different races.

Buggin Out feels victimized and wants to be understood by the mainstream society. That's why he wants the pictures of his people on the wall. As misdirected as his anger is, I feel like his anger and his desire for representation are valid.

It all goes to shit when Radio Raheem, a stupid and unlikeable thug, joins the movement. He makes it hard for everyone to hear each other with his loud music and makes them all scream at each other aggressively. I think the loud music is a metaphor for this type of behavior. Yeah his life matters more than Sal's insured property, but remember how Radio Raheem was going to choke Sal to death over his boombox? How racist and condescending he was towards the Asians? Sal had nothing to do with his death to be honest.

At the ending, Mookie decides to side with his community, and asks Sal for payment even though he was partly responsible for the destruction of his property. But I guess you gotta do what you gotta do, as Sal did what he had to do.

This was my understanding of the film anyways, but actually listening to Spike Lee's interviews about this film makes it sound like it was way less nuanced/deep than I initially thought? Like you were supposed to side with Mookie and feel bad for Radio Raheem while not caring about Sal's property?

But if the goal was to make people pick a side and specifically choose the Black community, why the symbolistic dialogues? Why have all the caricature characters like Radio Raheem? Why place a picture of black activists on the wall of a destroyed building, where the pictures of Italians were, like it's some sort of metaphor for understanding? Why spend so much time building up Sal's and his sons' characters?

Am I missing something? Or was this movie not as good at conveying its intended message as people think it is?

Like I like it as a social commentary movie that doesn't pick a side, but it's just a terribly-made movie if Spike Lee wanted me to pick a side and I can't look past it.",
post,melbourne,Need help with my violent brother,https://www.reddit.com/r/melbourne/comments/10hixh3/need_help_with_my_violent_brother/,2023-01-20 20:46:58 PST,148,Hey guys so my brother (17m) is in detox atm and has been for two days. He’s currently threatening both my dad and I with stabbing etc if we don’t go pick him up immediately. We can’t have him back in the house as clearly he’s very unwell and we are scared for both our safety and his. What can we do if he leaves detox cuz they won’t take him back if he leaves?,
post,ftm,"PSA: do NOT transition when living with transphobic parents, this is how I lost everything (long post ; cw abuse and homelessness)",https://www.reddit.com/r/ftm/comments/1081r9f/psa_do_not_transition_when_living_with/,2023-01-09 21:35:10 PST,24,"I was a freshman in college, and that was the best year of my life. I was finally able to be free from my abusive family, and so one of the things I did for that was by starting testosterone. I've known for years that I'm trans and going on T only enforced that. I was so proud and so excited for my future. I expected to graduate there, get my degree, live my life as who I truly am, all that jazz  


That was until Summer 2022, when I was moving out of my dorm with the help of my mom. I knew from when I first came out to her via email (and my dad + brother) that she absolutely did not approve, so I tried to hide my T and sharps waste within my luggage. I didn't do a good enough job so she spotted it. Thankfully she didn't know what testosterone was at the time (not a native english speaker) so I hoped that she'd forget about it amidst the move. A few days later I learned that was very much not the case  


I woke up to my T gone from my bag, and later to my furious mother yelling at me about all this. She had disposed of my T, forbidding me from continuing my transition (I am not a minor so that was illegal) and was throwing out every transphobic argument she knew and was researching about. Every day since (like 3-5 days) would be a screaming match between us as she'd stumble across every single bigoted piece about trans issues in an attempt to dissuade me (and trust me coming from a hardcore Q Anon conspiracy nutcase of a family meant it was a lot). If this part at all sounds familiar, it's because I had made a post on here through another account as it was occurring, though I did end up deleting it as I didn't want it to be found. Overall she wanted me to stop until I was far into my 20's, but I refused to give in  


All of this paled in comparison to May 28, when she was planning on bringing my dad (divorced) over for yet another talk (I can't drive so I would have been stuck). The day prior, my boyfriend (also a trans guy) had talked about picking me up and hanging out so I can escape the situation for a bit. So naturally I packed up and was headed out the door when he arrived  


All hell broke loose. My mom got up, grabbed, and dragged me from the door screaming what the hell was I doing. My violent brother heard the commotion and started yelling threats at me. I sprint for the other door. They both grab me and I fell, dragged on the ground and in pain from the harsh grabs. A third attempt, I was able to peak my head out and scream for help. My boyfriend came in to get me out of there. Then my brother flashed a knife at us as a threat. A scream match between the three of them. Then my brother brought out his BB gun and pointed at our heads. Note that this whole time my mom was down playing the whole thing and telling me my brother won't do anything. Finally between the yelling I snuck out and stood by my boyfriends car waiting for him to come out. At this point I was completely sobbing and under panic for my life  


After a moment, he came out and I jumped right in the car. That was until my mom begged me to listen one last time. Fearing the worst if we relented, I went in. She sat me down and started up the same god damn arguments she's been having since day one, like as if I could even speak whilst sobbing and in fear for my life. For some context, before all this I talked about my past traumas involving this family with her, and while she didn't believe me at first, she had given me support and apologized. Well, at this moment she said something that I will never forget. ""you were never abused"" right after I was yelled at, gaslit, physically abused, and threatened via knife and gun. ""you were never abused"". I left, and my bf and I drove off  


At his home, we deliberated over all this, and we decided calling the cops was gonna be our best bet. So I did, the cop made a report, and said while I could press charges that'd entirely be up to me and that it may make things worse. So I decided not to, instead sending a detailed email about everything (including a picture of my arm with red finger marks all over that lasted 24 hours, for evidence). We had originally planned on returning me after a few days (before the incident) but we decided that I wasn't safe to go back period  


I wasn't allowed by my bf's mom to stay for long, so there I went hopping between friends homes, trying to make peace with the fact that I am indeed homeless. At the final place left, I tried calling up shelters near me, but none would work (either for spousal abuse only, for women only, or is Christian based, and I didn't trust the latter 2 options; no queer support in sight btw). I was fearing the streets, and was near completely convinced that I was going to die. I only had one option left, and that was to call my dad and have him pick me up after explaining the hell I went through. Thankfully, whilst my dad is the main QAnon nut and listens to his alt-right politics practically 24/7, he knew to leave me alone about it (a remnant of his anarchist beliefs I'm sure)  


So here I am now, 8 months later, in this tiny trailer and with a job saving up for future rent. Life fucking sucks. I still have near zero transportation, no therapist, constant mental health struggles, and I have to bare the SGT Report shit my dad listens to every day, to name a few. My family slowly crept back into my life, and I'm just using them for financial support until I can go no contact for good (I can't afford any confrontation at this point). I wasn't able to return to college this year, and quite honestly after all the crimes occurring in that college town, I might never be able to return there (I had prior issues with the college anyways..). Every day I dream of escaping this emergency purgatory to move in with my boyfriend at some apartment and transfer over to a different college (probably), that in of itself sounds like paradise to me. As well as continue my transition as soon as possible because god damn all of this just emboldened me to be true to myself as a nonbinary trans guy  


So from all this, please never ever risk your life by transitioning slightly sooner. Please absolutely do not. I lost my college, my social life, my home, my freedom, my future. I wish I had waited just a couple months longer. It's not worth losing everything for. I'm still trying to climb out of here and I have no idea where to go from here. Stay safe out there",
post,askSingapore,violent brother,https://www.reddit.com/r/askSingapore/comments/zczdjb/violent_brother/,2022-12-04 22:38:33 PST,0,"i have an older brother, 24 years old, slightly older than me. he used to compare our family's financial status to his friends' families, saying how they can drive a luxurious mercedes/bmw while we only have a mere toyota car, how poor he is even though he got $350 and $10 daily and even goy his gym membership covered when he was in poly. there was even once when he flexed to my cousin that he bought a pc with his own money because my parents wouldnt pay for it. the list goes on. 

just last night he threw a q-tip into my room because i used it and left it on the sink. i totally forgot about throwing it after usage. but hey we are humans. i asked if he was the culprit of the q-tip on my floor. he said every time he asked me i would procastinate. firstly he did not asked me before and secondly he's always the one in the household who does that. i rebutted and called out his hypocritic actions. he got mad and challenged me to a fight. to which i accepted since i've had pent up frustration with him for 6 years. my dad then stood infront of me arms wide open, back facing my brother. my brother then pushed my father towards me without hesitation. my mum then pushed my brother back into his room and i stomped out of the house for awhile to cool down. i would like to know if anyone with similar siblings, how do u deal with them or live with them. and if possible, is there a platform for me to report my brother for such actions.",
post,Advice,My roommates mom recently passed from cancer and left him with rent & bills to pay..,https://www.reddit.com/r/Advice/comments/z5edzz/my_roommates_mom_recently_passed_from_cancer_and/,2022-11-26 10:31:50 PST,1,"For context he’s 21 years old with no other family supports other than his alcoholic/violent brother, and we live in Ontario Canada. Him and his mom were living together in a rental house where she was able to pay the rent up until she was diagnosed with cancer and had to stop working. I believe she then started receiving disability from the government at that point. Since she’s passed, he started working with his brother doing construction. (Not super reliable work.) 

I’m really worried for him, as he also has 3 dogs to take care of on top of paying rent and bills for the house. I try to help as much as possible but I’m not in a great financial situation myself at the moment. 

Also, because of the 3 dogs, its really hard to find a cheaper place to rent. 

Another thing that worries me, is that he has almost nobody to talk to. I don’t want to blame his mom in any way; but I really wish she had set up some sort of counselling for him for when she passed. He was already very depressed before she was even diagnosed, now he doesn’t want to live anymore. He has no father figure, his only sibling is an abusive raging alcoholic, and the rest of his family has disowned him for being trans. He also only has one friend other than me. I’m really really fucking scared for him. 

If anyone knows of any type of support in Ontario that would benefit him in his situation, please let me know. I really need help with this.",
post,CPTSD,(TW: SA) The trauma I experienced wasn't that bad,https://www.reddit.com/r/CPTSD/comments/z1lu64/tw_sa_the_trauma_i_experienced_wasnt_that_bad/,2022-11-21 21:52:38 PST,4,"My trauma is nothing compared to other people's. My childhood was actually normal. My violent brother and father never put me in the hospital. Sometimes I think my mom was emotionally abusive but right now I don't remember any of what she said. She never tried to protect me from my brother because she didn't have to... I was never in any real danger. I only feared for my life because I was a pathetic dumbass who didn't understand that it was normal sibling violence. When I was raped, it wasn't violent. I also continued to be around this person and let him try again and again, so it wasn't actually bad. I did like parts of it and I liked cuddling with someone, so all in all, it was barely even rape. I had people around me go through awful things, but I wasn't really present, so it didn't affect me. I've had online friends kill themselves, but they weren't irl friends, so it didn't phase me that much... I kinda saw it coming too.",
post,raisedbyborderlines,"Struggling with E-dad, holidays, and so. much. guilt.",https://www.reddit.com/r/raisedbyborderlines/comments/yy2o0w/struggling_with_edad_holidays_and_so_much_guilt/,2022-11-17 13:49:40 PST,9,"Hi lovely people,

I am seeing my e-dad this weekend for early Thanksgiving (first holiday with just him and extended family in many years, he lives around 7 hours away and is traveling to be with us) and I have been having on/off panic attacks for the past few weeks. I've been fluctuating between guilt, shame, and sadness. I am so sorry for the length of this, I really need to get it off of my chest and apologize for the ramble. I have a therapist but my next appointment isn't until after Thanksgiving. There is so much fucked up stuff that has happened, it's hard to mince it down.

My parent's relationship was never anything other than remarkably unhealthy, my mother was always in control, him perpetually in the wrong. Turbulent at best, destructive at worst. In other words, trauma bond, the usual.

They divorced in the spring of 2021 after many years of dedicated service to her (he gave up his career to help her expand her empire and ultimately ended up working for her in a low-paying, borderline demeaning position) and my severely mentally ill and violent brother, she surprised him with divorce papers and convinced him to 1) use the same divorce lawyer as her 2) strip him of most of his assets 3) pretended that they'd ""still be friends and hang out"" and my god damn father clung to the potential of continuing their ""friendship"" even as she dragged him through the mud and continued to use him for both physical and emotional labor. As soon as the papers were served she kicked him out of their house and allowed him to live in a shack on one of the properties she owned while he continued to work for her for months before he found his own place. He only stopped working for her around two months ago.

I started going LC with them in the spring of 2020 and then NC with them in September of the same year (I wrote them a letter saying why, 90% of which was clearly directed at her, but I learned later she convinced my father it was exclusively his fault). I broke NC with my father last summer after I became aware of their divorce and, stupidly, thought we would be able to finally have an actual relationship since my mother was always jealous of any time I spent with him and would often tell me how my father didn't like me, how he didn't want to pay attention to me, etc. I adored my dad when I was a kid and tried so hard, but he was never really present or interested in getting to know me, so I took her words to heart.

After I reconnected with him I shared my thoughts and feelings and experiences, why I went NC, and how fucked up our family dynamics were. He seemed to understand where I was coming from (in the past few years she began to show him the sides of her she previously only showed me- verbally, emotionally abusive, manipulative to the Nth degree, etc) and commiserated. We talked frequently for about a month and I even went on a trip to see him and it was a genuinely good time and we laughed and cried about a number of things.

Well, she got word my father and I were communicating and quickly hoovered him back in. He reverted and his tune changed and bam- she's back to being the victim and I'm the Evil, Abandoning Daughter all over again. Emotional Whiplash. So, I went back to NC last fall but broke NC with him again this February, after I found out my brother passed away, since he had devoted much of his life to my brother and was completely devastated.

In the months following my brother's death he intermittently sent me texts like the ones I included here, these were from Mother's day. As I said above, he finally quit working for her/associating with her around two months ago after she was absolutely awful to him in front of clients and he somehow decided he had enough.

My other family who I'll be seeing this weekend just view him as a pity case- he's divorced, his only son died, and everything was taken from him and now he's a lonely old man who lived under the oppressive thumb of a sociopath for 30 years. End of story, even though I've shared my experiences with them, they expect me to fully forgive him and take him in with open arms. Pass.

It is so much more complicated for me. I feel so bad for him! So guilty that I didn't do better to somehow stop this (I know it's not an appropriate feeling but I cannot shake it)- but also betrayed, have no trust in him, and have no clue how to have a relationship with this person who is basically a stranger- he was at best a cardboard cutout of a father- this is the man who was supposed to protect me when I was a child, guide me during my teen years and support me as an adult. He was never there for me and then turned on me when I finally thought we were on the same page regarding my asshole mom. I don't want to spend much time with him, I feel myself being prepared for him to bombard me with pleas of ""bUt yOuR mOtHeR LoVeS yOu"" bullshit. I don't want to be cruel and so have been pretending to be enthusiastic but, honestly, I am filled with dread between the potential of trying to convince me to bring my mother back into my life and being judged by my other family members. I am tired as fuck of this crap.

Anyway- how do you handle spending time with e-parents after complicated situations? Have any of you had luck where the e-parent actually did give up on the BPD parent or are they always under their spell? Are they forever brainwashed? IS IT EVER WORTH IT?

https://preview.redd.it/iagkr9l91l0a1.png?width=705&format=png&auto=webp&s=a8770aa1a666ab0316463f924b389a2685e22abb

https://preview.redd.it/ppsva5k91l0a1.png?width=720&format=png&auto=webp&s=1354b33176013b4ea562e4a73e36477b49356c40

https://preview.redd.it/1qt0skk91l0a1.png?width=720&format=png&auto=webp&s=139fcf366e28efe4e19c16c2f220fd8eff76321f",
post,TrueOffMyChest,I'm 27 and my osteoarthritis is ruining my life,https://www.reddit.com/r/TrueOffMyChest/comments/y8h57p/im_27_and_my_osteoarthritis_is_ruining_my_life/,2022-10-19 15:59:10 PDT,3,"I'm 27 and I have patellar chondropathy stage 4 (also known as osteoarthritis) on my right knee. 

I think life did not give me the best cards. I come from a poor family with a lot of mental health issues (like suicidal dad, sis, alcoholic mum, violent brother), I had a very shitty childhood.

I am smart so I succeeded in school. I'm a mathematical engineer. I was thinking it would help to have money. 
But no, I'm just a completely fucked up person, with general anxiety disorder, that hates her job. I'm just waiting for my holiday, on which I spend my saving to forget about my miserable existence.

You have to understand that my internal life is a living hell. I have constant thoughts about random absurd stuff (and less absurd). I can wake up in the middle of the night to check if my cooker is really off (because I'm afraid of starting a fire for absolutely no reason), I spend hours thinking about how unfair I found the world every single day, I left every single boyfriend I had because I have a major obsessive desorder about feeling love (too long to enter in the details), I don't fit conditioner pad anymore because I have an obsession about forgetting it INSIDE ME etc. I can find thousand of exemples. 

The only thing I had in life was badminton. It sounds ridiculous, I know. But badminton was for me : 8h per week of fucking SILENCE in my mind: no anxiety crisis, no ocd, no global warming, no capitalism. Just me and the movement of my body. I remember coming back from training with peace in my mind (probably the only serononin boost my sick brain is able to produce). 

I got my first inflammatory reaction one year ago. Long story short: when I cool down after the training my knee started to hurt like if it was injured, I was unable to climb stairs. Since then, I'm restarting badminton and then having another crisis, then stopping, etc. I put a lot of effort to create specific muscle (I workout 2h/week outside of badminton training for my right knee) but it doesn't help.

Sport was helping me a lot to deal with my anxiety. Now that my knee took it from me, I just take more anxiolytics and sleeping pills (because I also have this great gift from life that I don't manage to sleep).

I know. I know I have to give up. I don't want to do fucking yoga or to swim. I have to accept my body and my life as it is. It sucks. It is very hard and painful. No matter how much effort I put, I'm still a lost girl in a collapsing society.",
post,TrueOffMyChest,I'm stuck on my ex and I hate myself for it.,https://www.reddit.com/r/TrueOffMyChest/comments/xte5w8/im_stuck_on_my_ex_and_i_hate_myself_for_it/,2022-10-01 20:23:19 PDT,2,"It's as the title says I'm (23M) stuck thinking about my ex (22F) and all it does is make me angry and depressed.

My whole sob story summed up is abusive parents, violent brother with mental problems, bullied in school, no long term friends due to constantly moving to cheaper and cheaper apartments, and finally lost the genetic lottery by being fat and ugly. 

Well one day I do the impossible and get the girl. She's not a ten but I wasn't looking for a ten; I was looking for someone that tolerated my existence.

After years of being the family scape goat for all their problems and abuse it was amazing to have someone finally see me as a human being not some kind of punching bag....and she felt the same way.

She hadn't had the best life either, bullying, sexual abuse, mental illness. Nothing was going up for her either and you know placing two mentally unstable people in a relationship didn't turn out the best.

Together we were physically fine and able to be good but as soon as things become long distance it went to shit. I was trying to get to here but my parents weren't having any of it (poverty sucks still live with the family.) They did everything they could to prevent me from leaving home and it worked (don't ask what they did.)

When it came to light I wasn't going to get back to her soon she decided she wanted to open the relationship. I was firmly against this but she begged, cried, screamed, and barded but in the end decided it didn't matter if I wanted to open the relationship or not. She slept with someone; she apologized and cried and told me I can ""sleep with someone else too."" 

At this point I should've realized she didn't care about me she cared about getting praise from anyone for any reason to validate her life, but I don't realize that. I made excuses for her and tried to get past it because I'm an idiot and wanted the same thing. It continues she hooks up with people and says ""it was only oral"" or ""I needed someone to cuddle I haven't been held in so long."" 

One day I had enough I broke mentally and ended the relationship in a screaming match but now I'm alone again. My money goes to paying bills to live with my family; my days pass me by watching TV and working. I try to better myself by going on jogs three times a week and keeping my spaces clean. I even tried to reach out to the few people I managed to befriend but that also fell through. 

Sometimes I still text them because they're the only person I have left that will reply or even message me first sometimes. 

I wish I could move past them but I can't. I've tried to make friends to help get past it but I'm not charming or charismatic. I look like what people expect the average redditor to look like so hooking up on dating apps is a pipe dream. 

The only reason I'm still alive right now is because I keep telling myself things like ""you'll have people all over you once your skinny"" and ""you just need to do x thing to break out of this."" I wish I never opened up to someone; life was easier when people's screams sounded like muffled voices and punched felt like pats on the back.",
post,ebooks,Karma-Available on Kindle Unlimited Romance Suspense,https://www.reddit.com/r/ebooks/comments/xrqjgf/karmaavailable_on_kindle_unlimited_romance/,2022-09-29 20:01:46 PDT,3,"Hello all! We published our first book, Karma, of the Karma and Fate Duet series. [https://www.amazon.com/dp/B0BBB5C77C](https://www.amazon.com/dp/B0BBB5C77C)  
Tiffany and I started out writing Karma several years ago in our free time just because we enjoy writing, but the characters took on a life of their own. Fate, the conclusion of the duet will be available on KU on Nov 20, 2022.

Editorial Reviews:

""From the start of the story, T. Kennington and C. Roth built suspense. The end of the story left me on edge. I have to know what is going to happen in the next book! The novel is full of suspense with a vivid depiction of the emotional state of every character. The transitions between each person's point of view were smooth and the timeline of events was easy to follow. I recommend Karma to readers who enjoy a romantic story full of danger and realistic inner turmoil."" -Stephanie Chapman for Readers' Favorite, ★★★★★ 

""In the emotive novel *Karma*, co-authors T. Kennington and C. Roth unravel an engrossing mystery of two women running from a traumatic past of violence and addiction. The third-person perspective successfully cultivates a cagey tone, drawing readers into this decidedly dark take on romance, and the climactic plot makes for a gripping read."" Self-Publishing Review, ★★★★ 

&#x200B;

[Tick. Tock.](https://reddit.com/link/xrqjgf/video/gvf2zw4wvwq91/player)

***Running is the only thing that's kept us alive this long...*** 

Caught up in gang life, Micah Murphy is looking for a way out when she meets Rowan De Luca, a young woman fighting to stay alive in the grasp of her sadistic big brother. The two of them brought together through traumatic circumstances, take the chance one night to escape their troubled lives in Chicago and make a run for it along with their best friend Lincoln. But with Micah's gangster ex-boyfriend and Rowan's obsessively violent brother, hot on their heels, they are constantly having to look over their shoulders. 

Now, as owners of a high-profile nightclub, *XS Karma*, they are thriving, but there is still something missing besides their outright freedom. That is until they meet the James brothers, Caden and Declan. Will the brothers be able to break down their walls or will their past catch up with them? 

**\*\*\*Trigger Warning\*\*\*** The following duet, Karma and Fate, has mentions of molestation, rape, drug abuse, torture, gang violence, and physical, sexual, and emotional abuse. If any of these are a trigger for you, or you find them uncomfortable, please proceed with caution. Neither book goes into explicit detail, but the above triggers are referenced during the story. If the triggers don't bother you, then enjoy the ride.",
post,KindleUnlimited,Available Now on Kindle Unlimited: Karma,https://www.reddit.com/r/KindleUnlimited/comments/xrq7mk/available_now_on_kindle_unlimited_karma/,2022-09-29 19:44:38 PDT,2,"Hello all!  We published our first book, Karma, of the Karma and Fate Duet series. [https://www.amazon.com/dp/B0BBB5C77C](https://www.amazon.com/dp/B0BBB5C77C)  
 We started out writing Karma several years ago in our free time just because we enjoy writing, but the characters took on a life of their own.  Fate, the conclusion of the duet, will be available on KU on Nov 20, 2022.

Editorial Reviews:

""From the start of the story, T. Kennington and C. Roth built suspense. The end of the story left me on edge. I have to know what is going to happen in the next book! The novel is full of suspense, with a vivid depiction of the emotional state of every character. The transitions between each person's point of view were smooth, and the timeline of events was easy to follow. I recommend Karma to readers who enjoy a romantic story full of danger and realistic inner turmoil."" -Stephanie Chapman for Readers' Favorite,  ★★★★★

""In the emotive novel *Karma*, co-authors T. Kennington and C. Roth unravel an engrossing mystery of two women running from a traumatic past of violence and addiction. The third-person perspective successfully cultivates a cagey tone, drawing readers into this decidedly dark take on romance, and the climactic plot makes for a gripping read."" Self-Publishing Review, ★★★★

***Running is the only thing that's kept us alive this long...***

Caught up in gang life, Micah Murphy is looking for a way out when she meets Rowan De Luca, a young woman fighting to stay alive in the grasp of her sadistic big brother. The two of them, brought together through traumatic circumstances, take the chance one night to escape their troubled lives in Chicago and make a run for it along with their best friend Lincoln.  But with Micah's gangster ex-boyfriend and Rowan's obsessively violent brother, hot on their heels, they are constantly having to look over their shoulders.

Now, as owners of a high-profile nightclub, *XS Karma*, they are thriving, but there is still something missing besides their outright freedom. That is until they meet the James brothers, Caden and Declan. Will the brothers be able to break down their walls or will their past catch up with them?

\*\*\*\*\*Trigger Warning\*\*\*\*\*The following duet, Karma and Fate, has mentions of molestation, rape, drug abuse, torture, gang violence, and physical, sexual, and emotional abuse. If any of these are a trigger for you, or you find them uncomfortable, please proceed with caution. Neither book goes into explicit detail, but the above triggers are referenced during the story. If the triggers don't bother you, then enjoy the ride.

[Tick. Tock.](https://reddit.com/link/xrq7mk/video/w7tnysbctwq91/player)",
post,autism,Help,https://www.reddit.com/r/autism/comments/x4fgmp/help/,2022-09-02 16:17:50 PDT,0,"Im just hoping for some advice and clarity from people who have experience living with autism 
I have an extremely violent brother. For context, he is currently in prison for a violent offence towards law inforcement involving a weapon. I have always tossed up if weapons are a fixation of his, or something more sinister. He’s had a large collection of knives and other things since age 10/11. He infamously tried to make a bomb and took it to school when he was 8. I feel extremely bad for him, my parents totally failed him by never realising he was struggling with this. He was only diagnosed at age 17 after a series of violent offences towards myself and other family members and police in the past. He has a hatred for any kind of authority. It’s been well known his whole life his ‘tantrums’ are serious, I remember as a kid my mother always saying “I don’t understand why he has such huge meltdowns” and in hindsight, he was probably overstimulated and reacting to that. I remember once my mum decided he was “posessed” and he was held down whilst screaming while multiple adults crowded around and prayed for him very aggressively. (The religious trauma deserves a whole thread in itself) 

Can anybody, please shed some light on this for me. I feel like as well as being autistic, he has a genuine sadistic side, who the hell stabs a police officer..? Surely even an autistic person would be able to identify that that is not a wise thing to do? I’m still grappling with his diagnosis and going through many levels of forgiveness towards him for the damage he caused my family, hurting my mum and my dad and me both physically and emotionally. I do believe my parents failure in identifying his autism is the overwhelming arch of what went wrong and I know every person is very different, but any insight would be so appreciated. I haven’t spoken to him for 2 years and even though I love him, he genuinely scares me. One of our last encounters before he got arrested was him sucker punching me outside, resulting in me locking him out and using my dad’s crutches to shove him away from the front door through the smashed window he had punched out, trying to get inside saying he was going to “kill me now or kill me in my sleep, your choice” 
Is this typical of someone with high functioning autism? 

I’m sorry if this isn’t the right thread to post this in, thank you in advance x",
post,superpower,"Kieran Moon, the older and more violent brother of the MC, Ike Moon",https://www.reddit.com/r/superpower/comments/x2u9bl/kieran_moon_the_older_and_more_violent_brother_of/,2022-08-31 18:13:09 PDT,15,,https://i.redd.it/5tbf3l6ae5l91.jpg
post,Advice,desperate need of help with my crazy violent brother,https://www.reddit.com/r/Advice/comments/x1g51v/desperate_need_of_help_with_my_crazy_violent/,2022-08-30 04:04:14 PDT,1,"My mom is rasing us by herself so she's already tired from working a lot and doing a lot of stuff then has to deal with her kids. Not sure if my lil brother takes therapy anymore and he has been taking meds for a while for his mental health and its like I am not sure what those meds do because his behavior still is crazy and anger and violence is still crazy. When he has mental breakdowns or is really mad he yells throws everything and curses and says really nasty stuff and when he is really upset and angry he will curse at me or anyone that trys to say something to him or he will throw stuff at them or says he will harm them in a nasty way or hit them. 

I once was watching tv he got mad because i was using it all day and he said to get up and said u have ur own t.v. in ur own room ur being so selfish u have a tv and a tablet both that I wanted he got angry and turned the light off like that was gonna do something and I said thanks I needed that the light off and turned around angry and picked up a ceramic plant pot and threw it at my forehead got a bad lump and was purple and ended up crying :( so went back to my room and when I was going back upstairs because I no longer was in the mood ti watch t.v. he yelled you come in my room im gonna smash ur head in 🙄 and today I told him to get his feet off the table he said no and said shut the fuck up i tried taking his feet down and kept kicking me i said u told me to get my feet off the counter yesterday but u r allowed to put ur feet on the table? He then kept yelling shut the fuck up when every time i tried to talk. 

 I am to scared to try beating him up because 1 he is stronger then me and 2 he is psycho he has a lo of lighters and plays with fighters so like I don't wanna die 😗I dont know what to do honestly. Does anyone reccomended any books for me to read to help deal with someone that has extreme anger issues or any techniques to help me out more?",
post,twosentencestories,"Whenever my violent brother revenged, he'd always repeat his mantra ""I didn't like it when you did it to me, so why don't you like it?""",https://www.reddit.com/r/twosentencestories/comments/wtqmad/whenever_my_violent_brother_revenged_hed_always/,2022-08-20 21:33:30 PDT,3,"After seeing my dad's battered body, I was surprised he still had that mantra.",
post,mentalhealth,I don't know how to handle my obsessive and violent brother (15M).,https://www.reddit.com/r/mentalhealth/comments/wpxe0m/i_dont_know_how_to_handle_my_obsessive_and/,2022-08-16 08:34:16 PDT,4,"Before starting I'd like to clarify that I already tried asking this question in another sub but it was ignore despite being viewed 200+ times. I've deleted it in that sub because I received no help and I'm hoping to find some here. Thanks in advance.

tw: mentions of violence

Hello, I (17F) have a 15 year old brother who has always been problematic throughout his life. Ever since he was around 3 he began acting weird: shaking uncontrollably, talking to himself and doing weird hand signs. Me and my parents brushed off all of those things, we thought he could be weird at times but he was not a bad kid so we didn't worry too much, however but as years passed he got worse and right now he's causing problems.

About 3-4 years ago he'd often visit a psychiatrist and we even took him to a specialized center but they all said he didn't have any real mental illness or problem besides maybe difficulty with paying attention but overall they said there was nothing to worry about. Last month me and my parents went on vacation for two weeks and we realized that he began developing sudden OCD symptoms. Me and my father tend to have minor episodes of OCD but they're minor and don't cause problems but my brother shows different obsessions.

When we would go on walks he'd suddenly stop and put his foot back, standing still for a few seconds before continuing to walk, he'd stand still for long periods of time and if there was a fissure or slot he'd have to put his fingers there for a few seconds, there things were especially troublesome for us because he'd stay behind when we kept walking- I remember almost losing sight of him and I was terrified, my parents walked forward and ignored my plea to wait for him so I had to drag him around all day. At times he'd put his hand over his food, everytime he needs to pour water he always fills the glass to the brink and sometimes he gets up, grabs the plate and moves it around. He also picks up things before putting them back into place and repeats this several times.

Other than this he also has violent behaviours. Everytime we say something he deems wrong he hits us, especially my mother and I, and starts raising his voice, screaming at us because we are ""embarassing the family"" despite the fact that we did not shout nor try to attract attention. Here are two examples:

1. Yesterday, while my mother was resting on the bed, my brother jumped on it and began grabbing her and pinching her- I heard her scream so I came to help, having to hug him to calm him down so that our mother could leave the room without him hurting her.
2. Just a few moments ago he came into the kitchen and had a argument with our mother which resulted in him screaming and hitting her.

**TL;DR My brother has been a weird kid ever since he was 3 but very recently he has been showing small obsessions and has to perform actions to calm down which has been causing problems for me and my parents especially when we go out. He also has shown violent behaviour towards us and we're concerned he might start doing this to other people outside of his immediate family. He was never diagnosed with any mental illness.**

So, here come my questions.1- My parents try to force him to stop giving into his obsessive behaviours. Should I support their method or should I let him do them? Is it just a phase that will go away?2- How should we defend ourselves from his anger bursts? Should I suggest my parents to send him to an anger management class despite being just a teen?",
post,insaneparents,Mom won’t do anything against violent brother.,https://www.reddit.com/r/insaneparents/comments/wir1z5/mom_wont_do_anything_against_violent_brother/,2022-08-07 14:47:19 PDT,452,"For context, my little brother was out right bullying my baby sister, and I told him to leave her alone. He continued to scream and then attempted to attack me. He’s 13, not some 7 year old who’s having a meltdown. She continues to ignore it and she can’t even communicate well and instead just uses emoji’s",https://www.reddit.com/gallery/wir1z5
post,MarkNarrations,WIBTA if I didn’t go to my brothers celebration of life.,https://www.reddit.com/r/MarkNarrations/comments/w88b2e/wibta_if_i_didnt_go_to_my_brothers_celebration_of/,2022-07-25 19:59:56 PDT,5,"Hi Mark and all of you wonderful wafflers.

I am on mobile and my grammar is terrible at the best of times, so I apologize in advance. Also, mentions of rape, and abuse are in this, please avoid if it will be triggering. 

I (33F) just found out yesterday that my foster brother/uncle (31M) passed away and that my relatives will be holding a celebration of life for him in the coming days. I don’t feel comfortable going, let me explain why. 

My life growing up was not very kind or nurturing. I suffered all forms of abuse from all of my immediate family members. My mom neglected me and treated me like I was a thorn in her side. Whenever I got hurt, I had to wait days to go to the hospital and even then, I still wasn’t believed. This has led to many health problems now. For instance, I went two days without a cast on my broken arm, all because I apparently didn’t complain enough so she didn’t think that it was broken. I had an ear infection for days when I was about 4 years old and I got told the story about “The Boy Who Cried Wolf” on the way to the hospital, all because  she didn’t believe me. When I was sick with the flu, I threw up right at the bathroom door, I then had to clean it up myself while she yelled at me for not making it to the bathroom. I was about 6-7 years old. 

I have two older brothers. One, let’s call him Jay, is two years older then me. The other, let’s call him Ed is four years older then me.  Jay and Ed used to exclude me from everything and I mean everything. I ended up being a very lonely kid. But they were also very violent. 

Let’s start by explaining the lesser of two evils.  Jay tried to suffocate me with a plastic bag. I thankfully managed to get my hand underneath and rip it away. At the time, I had long fingernails and I ended up tearing them partially off to get away. I was about 11 years old at the time. He also sexually abused me when I was sleeping a few times. I tried to tell my mom on him but, I was told that I was just dreaming and to stop trying to get my brother into trouble for something he never did. I was 8-12 years old that these incidences occurred.

Now there is Ed. He is a real piece of work. He was the more violent brother of the two. He used to try and stab me with knives and throw them when I was too far away from him, just because I came in when I came home from school. Again, I wasn’t believed until much later when the knife marks were discovered in the walls when we went to move. I was 9- 13 years old when this happened (yes this happened over years). Ed was also the one to sexually abuse and rape me. It wasn’t until years later when I told my mom as I knew she wouldn’t believe me. I was 7-12 years old when this happened. 

As for my dad, he just wasn’t around. He never did anything bad to me but he wasn’t there. I discovered, years later, that he never wanted kids. He only had them to please my mom. So, I guess that’s why he wasn’t there. 

When I was 13, my parents split up. There was a lot of yelling, physical fights, manipulation, etc. I stayed living with my dad and we ended up selling our house and moving into a house that was just boards in the form of a house. No running water, an outhouse, and no insulation. But it did keep us out of the weather and a bit warmer. As soon as we fixed it up to be lived in, my dad sold it. This is where my foster brother, Tony comes in.

Due to my dad having to sell the house, I decided to go and live with my grandparents on my mother's side. My paternal grand parents had passed years previously. By this point, I’m 14 years old. The thing about my grandparents is that they were foster parents. They had kids with them that had mental issues, some with physical disabilities and some that were just left by their parents. Being on the outside looking in, they were great people. But as soon as that mask came off, you understood how terrible they were. 

While I was living with them, they had three foster kids with them at the same time. They also accepted Jay into their household. One was a kid in a wheelchair named Tony (M two years younger). Another was Lay (F two years older) and lastly was Curtis (M three years younger). Now by living at my grandparents house and not being officially put into foster care, I had to go out and find a job to help pay for my way. If you’ll remember, I was 14 years old. I ended up having three jobs at the same time and still going to school. I also had to do chores around the house. Lay and I were the only ones who had to do chores. Jay and Curtis didn’t. This was all because they were guys. Tony obviously didn’t have to do chores, he physically couldn’t. He tried to stand up for Lay and I but it fell on deaf ears. 

Tony was the funniest guy that you would ever come across. He came into foster care because his mom couldn’t and didn’t want to take care of him. He was 2.5 years old when I met him. But, Tony was supposed to be a short stay. He wasn’t supposed to live past the age of 3 years old. Then the doctors gave him until the age of 5 years old, then he wouldn’t live to be a teenager and lastly he wouldn’t live to be an adult. Well, he made it to 31 years old. Lol, he liked proving the impossible. 

Growing up, I would occasionally see him and play with him but now I was living with him. He was great to live with. He would try and stand up to my grandparents for me stating that how they were treating me was wrong. We would have long conversations about life and just about our day. He was honestly the kindest guy. When he finished high school, he went on to college and university to help create buildings with better accessibility to the disabled. I just can’t tell you how great he was and how much good he put into this world. One day, we had a conversation about what he was to me. He said that he was my uncle and I said that he was my brother. Lol we settled on cousin but I still called him my brother and he would call me his niece (little bugger). 

Now that you know some of the history, I wish that I could say that I put it all here, but I can’t. Here is my dilemma: My relatives are planning a celebration of life for Tony and I don’t want to go but at the same time, I feel like I should for Tony. I have cut ties with those people since the beginning of 2021 and I don’t think that it would be a great idea to open up that can of worms, but at the same time I am struggling with not going for Tony. He was such an awesome person that I feel like I would be disgracing him and all he stood for. Not everyone there will be my relatives, but the majority of them will be. So WIBTA for not going and trying to find some other way to honour who he was? Any suggestions welcome.

For anyone who wants to know, I live in Canada. Growing up, I lived in the country where your closest neighbour was a kilometre away and we didn’t live close to any kids my age. I also apologize for the rant and I appreciate your time reading this. This was honestly very hard to write so, Thank you.",
post,ShittyDaystrom,"TNG's stand-in for Spock isn't Data, it's Troi",https://www.reddit.com/r/ShittyDaystrom/comments/vumcpa/tngs_standin_for_spock_isnt_data_its_troi/,2022-07-08 15:15:00 PDT,40,"Deanna and Spock:

- Half Human

- Magical telepathic powers

- Non human parent is a high ranking diplomat

- Easily annoyed by parent / parent dismisses their feelings

- Secret sibling nobody talks about

- Kidnapped a bit too frequently

- Unclear position on the bridge

- Acrimonious relationship with betrothed

Data and Spock:

- Smart / Autistic / Unemotional

- Cool hair

- Vegetarian

- Crazy violent brother

Deanna and Data:

- Both serve as a floatation device in an emergency",
post,Advice,My ex-gf [36F] is spreading rumors about me [39M] after our relationship ended ~18 years ago - How to deal with her?,https://www.reddit.com/r/Advice/comments/vsaepk/my_exgf_36f_is_spreading_rumors_about_me_39m/,2022-07-05 15:41:53 PDT,2,"A bit of background, this is regarding my first girlfriend. Break up was bad. As in extremely bad. Her brother got belligerently drunk and picked a fight with me after I repeatedly tried to get him away from me and my apartment only for him to lose the fistfight and then call the police that I attacked him. Charges were eventually dropped because of 10+ witness statements. Word got around and all of our common friends stopped talking to my ex and her brother. Basically became outcasts.

Her parents ended up sending both my ex and her brother international for school, where she apparently did not finish any degree but married someone.

She called me drunk several years later to complain about her fiance/husband and how much she misses me etc. I was not interested in talking to her but on the first call, she was crying and sounded kind of suicidal. I calmed her down and she like lost her mind when I told her I had found someone and was getting engaged.

Fast forward 13 or so years, I’m married to an amazingly beautiful woman we have a life and two kids and we’re both successful in business. She also married but from what I’ve heard she didn’t date very many people after me (1 or 2), I dated at least 15 women after her before I found my now wife.

A few years ago, my ex and her husband moved back to the same home town and we ran into them at several parties. Turns out she has been actively telling people rumors that are untrue in the hopes people will stop inviting my wife and me. She’s gone so far as to fight with people that they need to pick us or them and that she can’t be where we are. My friends have generally defended us, that we have never made any comments about them and that they would not pick anyone over the other.

The rumors she's apparently spreading were that I wronged her, I was arrested and tried to force myself on her and much more garbage that I just am so shocked about. I never acted inappropriately with this woman but only when I had to defend myself against her violent brother. That entire experience, the arrest, the fact someone that I trusted could try to ruin my life fucked with my head for years after that. I had a lot of trust issues after this and it took me years to get my head straight. I was humiliated and felt the ultimate low of lows.

I don't know what to do at this point, it honestly never bothered my wife or me that she was back or in certain common groups but what does bother me are the lies and how she has to try and bring me down or ruin my reputation in order to make friends. It seems like my once pretty good life is slowly being infiltrated by this literal scum of a person and I don't know what to do.

I don't want to rehash the past and put myself on display but it just seems like this woman cant move on with her life.

TL;DR - My first gf from almost two decades ago moved back to our hometown after being gone for",
post,relationship_advice,My ex-gf [36F] is spreading rumors about me [39M] after our relationship ended ~18 years ago - How to deal with her?,https://www.reddit.com/r/relationship_advice/comments/vsaczj/my_exgf_36f_is_spreading_rumors_about_me_39m/,2022-07-05 15:39:45 PDT,15,"A bit of background, this is regarding my first girlfriend. Break up was bad. As in extremely bad. Her brother got belligerently drunk and picked a fight with me after I repeatedly tried to get him away from me and my apartment only for him to lose the fistfight and then call the police that I attacked him. Charges were eventually dropped because of 10+ witness statements. Word got around and all of our common friends stopped talking to my ex and her brother. Basically became outcasts.

Her parents ended up sending both my ex and her brother international for school, where she apparently did not finish any degree but married someone.

She called me drunk several years later to complain about her fiance/husband and how much she misses me etc. I was not interested in talking to her but on the first call, she was crying and sounded kind of suicidal. I calmed her down and she like lost her mind when I told her I had found someone and was getting engaged.

Fast forward 13 or so years, I’m married to an amazingly beautiful woman we have a life and two kids and we’re both successful in business. She also married but from what I’ve heard she didn’t date very many people after me (1 or 2), I dated at least 15 women after her before I found my now wife.

A few years ago, my ex and her husband moved back to the same home town and we ran into them at several parties. Turns out she has been actively telling people rumors that are untrue in the hopes people will stop inviting my wife and me. She’s gone so far as to fight with people that they need to pick us or them and that she can’t be where we are. My friends have generally defended us, that we have never made any comments about them and that they would not pick anyone over the other.

The rumors she's apparently spreading were that I wronged her, I was arrested and tried to force myself on her and much more garbage that I just am so shocked about. I never acted inappropriately with this woman but only when I had to defend myself against her violent brother. That entire experience, the arrest, the fact someone that I trusted could try to ruin my life fucked with my head for years after that. I had a lot of trust issues after this and it took me years to get my head straight. I was humiliated and felt the ultimate low of lows.

I don't know what to do at this point, it honestly never bothered my wife or me that she was back or in certain common groups but what does bother me are the lies and how she has to try and bring me down or ruin my reputation in order to make friends. It seems like my once pretty good life is slowly being infiltrated by this literal scum of a person and I don't know what to do.

I don't want to rehash the past and put myself on display but it just seems like this woman cant move on with her life.

TL;DR - My first gf from almost two decades ago moved back to our hometown after being gone for over a decade and is now trying to spread false gossip about me in order to break into friends’ groups.",
post,relationships,My ex-gf [36F] is spreading rumors about me [39M] after our relationship ended ~18 years ago - How to deal with her?,https://www.reddit.com/r/relationships/comments/vsacmj/my_exgf_36f_is_spreading_rumors_about_me_39m/,2022-07-05 15:39:16 PDT,1," A bit of background, this is regarding my first girlfriend. Break up was bad. As in extremely bad. Her brother got belligerently drunk and picked a fight with me after I repeatedly tried to get him away from me and my apartment only for him to lose the fistfight and then call the police that I attacked him. Charges were eventually dropped because of 10+ witness statements. Word got around and all of our common friends stopped talking to my ex and her brother. Basically became outcasts.

Her parents ended up sending both my ex and her brother international for school, where she apparently did not finish any degree but married someone. 

She called me drunk several years later to complain about her fiance/husband and how much she misses me etc. I was not interested in talking to her but on the first call, she was crying and sounded kind of suicidal. I calmed her down and she like lost her mind when I told her I had found someone and was getting engaged.

Fast forward 13 or so years, I’m married to an amazingly beautiful woman we have a life and two kids and we’re both successful in business. She also married but from what I’ve heard she didn’t date very many people after me (1 or 2), I dated at least 15 women after her before I found my now wife. 

A few years ago, my ex and her husband moved back to the same home town and we ran into them at several parties. Turns out she has been actively telling people rumors that are untrue in the hopes people will stop inviting my wife and me. She’s gone so far as to fight with people that they need to pick us or them and that she can’t be where we are. My friends have generally defended us, that we have never made any comments about them and that they would not pick anyone over the other. 

The rumors she's apparently spreading were that I wronged her, I was arrested and tried to force myself on her and much more garbage that I just am so shocked about. I never acted inappropriately with this woman but only when I had to defend myself against her violent brother. That entire experience, the arrest, the fact someone that I trusted could try to ruin my life fucked with my head for years after that. I had a lot of trust issues after this and it took me years to get my head straight. I was humiliated and felt the ultimate low of lows. 

I don't know what to do at this point, it honestly never bothered my wife or me that she was back or in certain common groups but what does bother me are the lies and how she has to try and bring me down or ruin my reputation in order to make friends. It seems like my once pretty good life is slowly being infiltrated by this literal scum of a person and I don't know what to do. 

I don't want to rehash the past and put myself on display but it just seems like this woman cant move on with her life. 

TL;DR - My first gf from almost two decades ago moved back to our hometown after being gone for over a decade and is now trying to spread false gossip about me in order to break into friends’ groups.",
post,legaladvice,I Want to be Sure my Brother Serves Time,https://www.reddit.com/r/legaladvice/comments/vmrnsj/i_want_to_be_sure_my_brother_serves_time/,2022-06-28 09:44:29 PDT,0,"For my(21f) entire life my brother(24) has been violent and disruptive. He's always been verbally abusive to everyone in my family and has intense rages where he won't hesitate to get physical.

He's been in and out of jail, mostly for drug charges but has also had numerous battery, disorderly conduct and distruction of property charges. There's also been numerous incidents of physical altercations that werent reported to the police.

His entire life people have made excuses for his actions and rewarded him for doing things others do everyday without question, ie.) Getting a job, not being verbally or physically abusive. (neither of which last for long) Me not falling for his good guy facade that comes out just long enough for everyone to sympathize with him again, has made me the family outcast for years.

Well recently I found out he strangled/suffocated my mom's current boyfriend while he slept, and then beat him when he fought back. My mom's boyfriend had to go to the hospital and my brother now has several charges, including a felony strangulation charge. This is the second time he's beat someone so badly they had to be rushed to the hospital, the first time he nearly killed our neighbor, but only got 9 months in jail for it.

I feel he's honestly a ticking time bomb, at any moment if you light the wrong fuse he literally explodes into a blind rage. I think he deserves/needs to serve a good chunk of time behind bars. He has complete disregard for other people and always has.

So what I'm wondering is if I could send a letter to his judge, explaining how from my personal experience, I believe it would be best if he was spared any leniency on his sentencing? I don't even know if that's a thing I can do, or if it is, if it would make any difference? 

In my state I read he could get up to a 10k fine and/or 6 years in prison. He's gotten away with being a horrible person for so long that I would hate to see him get just another slap on the wrist. 

I think it's also important to know that he's been in therapy, a mental health facility, and has tried medications, but nothing has helped his behavior, at this point he does nothing to improve who he is, and doesn't see any reason to.

I'm very unfamiliar with how court and the law works in general, so sorry if the idea is stupid overall. I'm just tired of watching this happen over and over again, and I have several younger siblings to worry about aswell. I truly think he's a danger to others.

So is sending a letter to the judge something I can do? Would it change anything at all? Also would my family know if I sent one?



TL;DR My violent brother is facing a felony strangulation charge and I want to send a letter to the judge to ensure he doesn't get just another slap on the wrist.",
post,SuicideWatch,How can you escape something inside your own head,https://www.reddit.com/r/SuicideWatch/comments/tdj79t/how_can_you_escape_something_inside_your_own_head/,2022-03-13 16:12:04 PDT,2,"I dont want to live anymore. The past 6 years of my life have been fucking hell just because of my own mind. I have OCD, depression, anorexia and a few more diagnoses which just feels like it's so fucking much wrong with me I'll never be normal. Everyday I wake up and look at the clock every 5 minutes just waiting for it to be time to go to sleep. I hate the rituals and obsession and numbers that never end. I hate being in my body because I feel so uncomfortable. I'm 5'5 and 93 lbs but i still feel so disgusting. I'm around 15 lbs from my lowest which feels like a huge change. My life situation sucks right now but it doesn't even bother me because no matter how great or successful I am my mind will always be constantly screaming at me. I dont have any friends because I'm too preoccupied with my obsessions to have relationships. I've been with my boyfriend for a year and a half and haven't had sex because I'm unable to. I've only had one sexual experience before him and I didnt want to do it and was balling my eyes out. I developed vaginismus after and literally cant have sex. I cant experience the Joys of sex, food, or relationships and I feel like a fundamental part of being human is missing from me. Even when I go to sleep I constantly have nightmares about being bullied in school, the man who assaulted me and my violent brother. It's never ending even in my dreams. I can't remember the last time I felt happy. I want it to end, I want a do over.",
post,legaladvice,(CO) 17 year old stuck in house with violent brother. What do I do.,https://www.reddit.com/r/legaladvice/comments/sxrubr/co_17_year_old_stuck_in_house_with_violent/,2022-02-21 03:59:07 PST,2,"I live with my mom and two of my brothers but my oldest brother(OB) is the focus of this situation. OB has a drug problem to say the least and over the last couple of years he's gotten more aggressive. He has threatened me and my other brother, set my brother's girlfriend's car on fire, and just a couple months ago he kicked me in the chest out of nowhere. When he's high he does stuff like stalk me around the house and stand outside my bedroom door and I no longer even feel safe to sleep as my door doesn't lock. I've called the police on him a few times but they always immediately let him out and my mom acts like nothing happened. She even tried to convince me to not press charges when he kicked me in the chest. I used to feel a little safe because I had my other brother here but he got arrested for a FTA so I'm alone in the house with OB all day.

I'm genuinely afraid living in my own house at this point but I don't have anywhere to go. What can I do at this point if there is anything I can do.",
post,raisedbynarcissists,confessional II,https://www.reddit.com/r/raisedbynarcissists/comments/ssjyft/confessional_ii/,2022-02-14 12:06:53 PST,0,I had a violent brother,
post,entitledkids,My little brother threatened to kill me because I didn't let him play my Xbox,https://www.reddit.com/r/entitledkids/comments/soa0rv/my_little_brother_threatened_to_kill_me_because_i/,2022-02-09 02:02:53 PST,180,"\*I'm sorry about the long story but there's a TLDR at the bottom

In 2017, I saved up some money so my siblings (older sister and younger brother) convinced me to buy an Xbox S bundle. I was about 11, my sister was 14 and my little brother (LB) was 9 at the time. I should mention what a menace LB was (and still is though he's gotten better). He would steal/break my property, physically attack me, call me names, follow me, touch my face and pretty much every ""annoying little brother stereotype"" there is.

When I got my Xbox, I was really excited. We already had a PS4 and a Wii U but it felt so good to have my own console. Additionally it came with Fallout 4 and while we already had it on the PS4, we could only use mods on the Xbox. The bundle came with a 500GB Xbox one S, Fallout 4, a download code for Forza (I forgot which one) and 3 months of Stan (Australian streaming service) all for $269. I liked Fallout but I didn't know what to do with Forza until LB offered $30 for it (the retail price at the time was about $60). He never paid me the $30 and since it was a download code I couldn't get it back.

Since my brother was a mennace who my parents couldn't control and the Xbox was my property, I would ban my brother if he was mean to me. My brother played my Xbox a lot more than I did, infact, he would often refuse to let me play if he was already playing even though he had been playing for hours and oh, I don't know... IT WAS MY XBOX! 

So, one morning when LB and I were getting ready for school, he was being a little twerp so I told him he was banned from my Xbox starting from when we got home from school (the ban was probably for a week or two). He protested but we had to leave for school and my parents were already out of the house. After we come home from school and LB gets on the Xbox I remember the ban and remind him he can't play. He refuses so I turn off the Xbox and wrestle the controller from his hands. My parents were both working so they weren't going to be home for at least another hour and my sister was in highschool so she took longer to get home so I was alone with LB for a while.

LB just started getting violent and aggressive like usually; hitting me, trying to steal/break my stuff but somehow I was able to take my electronics (Tablet, Xbox controller, 2DS, etc) and hide in the bathroom (it's the only room in our house with a locking door and I don't have my own room). I was safe in there, I had access to water, a toilet, my electronics for entertainment, and LB popped open a bag of chips I bought for myself which I took in with me so I also had food. LB couldn't get in but that didn't stop him from banging on the door, cursing at me, and demanding me to get out. 

Eventually I start hearing a spraying noise coming from the bathroom door. I ask LB and he says that he's spraying Gen 20 (cleaning spray) on the door because it's flammable and he was planning to set the door on fire with me inside the bathroom. I was shocked and tried to talk him out of it but just kept spraying and eventually went back to the kitchen to get some matches. I was scared, the bathroom didn't have any windows, only a sunroof that was too high to access so I couldn't escape if a fire started. As LB came back I grabbed a little metal bucket that we kept hairbrushes in and started filling it up with water to throw at the door when it caught on fire. I hear LB striking the match and I just start panicking because the bucket wasn't filling up fast enough. 

I brace for LB to start the fire but 30 seconds go by and... nothing. Then, LB starts laughing at me. ""You were so scared! You were like: Come on I don't want to die!"". Turns out he wasn't going to set the door on fire, he was just spraying and scrubbing it because he wrote an insulting message on the door in pen (Yes, the message was about me). I'm just in shock and still recovering from the panick as he explains that he only lied about the fire to get me to leave the bathroom (Why would I go towards a door that could go on fire any second?). 

I stayed in there a little while before hearing my Dad's voice and opening the door thinking I was finally safe. Unfortuantely, my Dad wasn't home but LB was right outside the door and rushed in the bathroom. To this day, I'm not sure if my brother was pretending to be my Dad or if I just imagined it but I was then stuck in a bathroom with my violent brother who was standing by the door and not letting either of us to get out. I tried pulling LB away from the door in everyday possible but he wouldn't let me leave. I got punched, bitten, head butted (which I got a bruised lip from), but I didn't escape. I was yelling and begging him to let me leave but wanted me to be quiet because if I was loud, the neighbours might call the police. I actually would've liked the police to come because I was so scared.

 Eventually, my sister comes home and is able to protect me from LB until my parents came home. When my parents come home they spereate LB and I and have us write down our version of what happened on paper. My version was a more condensed version of what I wrote above while LB's version was very different. His story was about how I banned him from the Xbox for no reason, abandoned him by staying in the bathroom, and attacking him when he came in (I won't deny I did fight back a little in self defense but it was nothing compared to what he did to me).

Now, I was looking forward to LB finally getting properly displined. Normally, if he screws up, my parents will just lightly scold him or get me in trouble too (an example of this is when they banned us from all soda and slushies because LB drank some soda on a day he was being a brat). My Dad was really made about LB threatning to burn the door since it would've burnt the house down. You want to know what LB got as punishment for making me think I was going to die and terrorising me all afternoon? A one week ban from the PS4. HE DIDN'T EVEN PLAY THE PS4 NORMALLY, SO HE ESSENTIALLY GOT OFF SCOT FREE! I tried to ban him from the Xbox but the bans never stuck because he'd just attack me or get my parents to force me to unban him.

I'm still scared of LB, he's not really violent these days (he's 13 now), but he's still entitled and annoying. I remember all the times when I was 8-12 years old and I'd spend hours in stupid fights with him and I'd walk away with bruises and bitemarks while he'd just get a slap on the wrist. I've suggested many times that he may have some behavioural problem like ADHD but my Mom denies it and just says ""boys will be boys"". I myself have ASD and I had OCD (which I overcame) and my Mom was really supportive so I don't know why she denies that LB night have ADHD or something. I love my Mom but I do resent how my parents couldn't protect me from LB and I resent him for everything he did to me.

The moral of this story is to properly disapline your kids and if they show signs of a behavioural disorder, get them checked and treated.

TLDR: I banned my little brother (LB) from my Xbox because he was being a jerk so he started attacking me. I hid in the bathroom and he pranked me into thinking he was going to set the bathroom door on fire and kill me. He pretty much got off scot free in the end.",
post,MomForAMinute,help with violent brother,https://www.reddit.com/r/MomForAMinute/comments/rybyk8/help_with_violent_brother/,2022-01-07 08:55:11 PST,2,"(Trigger Warnings for mention of animal abuse and suicide) 
Hey mom. This is a long one.. I need some advice about my brother. I'm desperate for help, and don't know what to do.

 He's 20, and has had behavioral issues all of his life. He's adopted, and we believe his mom did drugs while pregnant with him, and that it partly caused some of his issues. He's been to juvie for violent behavior. 

Getting into fights at school, running away, destruction of property, setting fires on private property and assulting our step dad. 

He was sent to juvie and got out 2 years ago. While in some ways he's better than he was, he's still got a lot of work he needs to do. 

So here is where I need advice, his temper got the better of him on Christmas 


(Trigger Warning for mention of animal abuse.) 

He got angry about something (not sure what, I wasn't there, but I got the messages from my sister explaining what happened) and when he was mad, he grabbed and slammed my mom's 3 month old puppy on the ground, and made it yelp. He threatened to beat it, to teach it a lesson and to stay out of his way. My step dad understandable got upset and told him he would call the sheriff if my brother hurt any of the animals. My brother freaked out and started screaming about how he was gonna beat up my step dad and was cussing him out, in front of my 2 young nephews. He eventually left. 

(Trigger Warning, mention of suicide) 


Then came back some hours later, claiming to my mom that he had attempted suicide. (Which because of how much and often he lies, I'm not even sure if that's true.) 

I spoke to him a few times after that, but last week he was reading off a message that his friend wrote, claiming that they invited a group of friends to hang out and get breakfast, he asked to join, was told no and then freaked out and said that he hoped they died. (I have no idea if he said this to them, he made it seem like he was reading it out loud. )

 I told him that was a huge over reaction, that he needed to chill a bit, and that's it not okay for him say stuff like that. He got angry and left. Then messages me right after saying he doesn't appreciate being told what to do. I tried to explain that I wasn't, and why it wasn't okay what he said, he got extremely defensive, and claimed that ""everyone treats him like he's a monster"" and that he genuinely doesn't see a problem with his comment, that nothing is wrong and that he doesn't need help. 

He's been refusing medication and therapy ever since he got out. 

I don't know if I should cut contact with him, talk to my mom to let her know my concerns or try and talk to him again. Any advice is appreciated!",
post,Advice,Am i the problem for hating my violent brother,https://www.reddit.com/r/Advice/comments/rnu2q4/am_i_the_problem_for_hating_my_violent_brother/,2021-12-24 12:22:00 PST,0,"Im 17 and my brother is 15. Our parents are married, we all live together. 
But my brother is a very very violent person, especially towards my little sister (8years old) and my mother. 

Basically, he insults her(my mom), but terribly. He doesn’t even use violent words/bad words, but he says things like « you are the worst thing that happened in my life » « i wish you could disappear » « i wish you were six feet under » etc…. 

Then he started to hit her, throw objects at her, i remember one day he choke her, an other day i was at school and i learnt that he slapped her violently in her face. 

To my little sister, he robs her money , you know when kids lose a teeth and the tooth fairy gives them money, my sister saves it in a piggy bank. Well, my brother has found the piggy bank and robs her money every time he needs money. 
He hits her too, for literally no reason. Im not talking about a small slap behind the head like siblings do to play, im talking about a real punch. 

I also remember one day where my mom and him had an argument and my mom has a big collection of expensive watches (its her passion) and he simply took one and broke it on the floor, my mom had to pay 170$ to got it fixed.

My passion is art, and one day i pissed him off and he went to my bedroom, took one of my drawing and torn it. 
He doesn’t insult me and i think it’s because im a plus sized woman who could easily beat him.

But anyway, i absolutely hate him. Im talking about a real hatred that i have towards him. We live under the same roof, and i never talk to him, i dont have his phone number, like we ignore each others. 

Am i the problem for not talking to my little brother ? Because my father implies that if my brother is so violent it’s because no one (well me) talks to him, when it’s completely fake. Even if he hits her, my mom stills talk to him, joke with him, love him, she recently bought him 3000$ of clothes like it is completely crazy to me that she isn’t mad at him, and to me, he doesn’t do anything to me but i still absolutely hate him, sometimes i wish he was dead, because our lives would be so much better.",
post,Advice,Special Needs Brother Has Been Physically Harming Our Mother,https://www.reddit.com/r/Advice/comments/qej6hm/special_needs_brother_has_been_physically_harming/,2021-10-23 19:35:34 PDT,2,"I'm 21 and no longer live with our mother, but we went out to dinner a few days ago after not seeing eachother for a while. Just mother, myself, and a different brother (B) went out.

B is very young and made a comment about how his ""big brother should go to hell for beating up our mom"". The violent brother (A) is a minor with severe behavior issues (ASD, IED, ODD, among others). He's also a very big guy (6ft<, 200lb<). His father (Yes a shitty husband, I am aware) won't let him be ""put in a home"" because of cultural reasons.

Our mother confirmed what B said. I need to help her. I'm worried about everyone involved, because while I do love A, I can't just sit and let him hurt people. There's just no where for my mom or my other two brothers to go. I'm worried one of them will end up hurt-hurt. I'm worried they'll get taken by DCS. She can't work because of A, and is dependent on A's father.

I don't know what to do.",
post,conspiracy,"Washington DC was designed as a giant ritual to rise the Osiris (or the antichrist). 1776 date illuminati was founded, and America. 44 Founding Fathers who signed the declaration were freemasons (Satanists?)...",https://www.reddit.com/r/conspiracy/comments/q5uw7o/washington_dc_was_designed_as_a_giant_ritual_to/,2021-10-11 05:36:27 PDT,10," 

for those curious to learn more. check out the trailer for the belly of the beast documentary. you will not regret paying 15 bucks to own this on vimeo.

[https://vimeo.com/ondemand/bobdc/396039979?autoplay=1](https://vimeo.com/ondemand/bobdc/396039979?autoplay=1)

also for those curious to learn more about the prophecy look no further (jk keep digging) than Manly P Hall himself. The Secret Destiny of America.

[https://www.amazon.com/Secret-Destiny-America-Manly-Hall/dp/1585426628](https://www.amazon.com/Secret-Destiny-America-Manly-Hall/dp/1585426628)

Washington DC was designed (the name of the designer is in the belly of the beast documentary) as a giant ritual to rise the Osiris (or the antichrist). The Myth of Osiris is that his violent brother, Seth, Murdered Osiris cut him up into 14 pieces and scattered the pieces around the world. Osiris' sister and wife (yea lol) ISIS gathered 13 pieces and put Osiris back together, resurrecting him. ISIS then mated with Osiris to give birth to Horus. (the 14th piece wasn't found, the phallus ) Horus eventually triumphed over Seth, avenging his father, Osiris.

Early kings of Egypt were the divining embodiment of Horus in life but were believed to become Osiris when they died.

The Washington monument is the phallus symbol that represents the 14th piece of Osiris. It's believed that this was built to help resurrect Osiris again. The Monument also stands 6,660 inches tall.

Bible says that Apollo will be incarnate in the antichrist. (Apollo and Osiris are the same)

Above the dome of the Capital building (the Apotheosis of Washington in the US capital building) stands the Statue of Freedom, Lady Libertas, The Goddess ISIS.

This building along with the Washington monument (Phallus of Osiris) work together to resurrect Osiris from the dead.

The more I learn about this. The more I see how balls deep into the occult our founding fathers really were. at least 44 of those who signed the declaration were freemasons. And Manly P Hall and others believe that at the core, freemasons were Satanists.

Illuminati was founded in 1776, same year as America.

Also Bohemian Grove, Powerful Men all over the world gather in the Redwood Forests of N. California every year to participate, in part, in sexual deviancy often involving children sometimes for blackmail (according to the documentary) also sex magic and human sacrifices to open the door for the demons ready to rush to the scene for the audience.

crazy shit.

Jesus Is Love and Truth. God Bless.

[https://nessaranews.blogspot.com/2018/07/13-secret-symbols-hidden-in-plain-sight.html](https://nessaranews.blogspot.com/2018/07/13-secret-symbols-hidden-in-plain-sight.html)

[https://www.operationreachthelost.com/worshipping-molech-child-sacrifice-bohemian-grove/](https://www.operationreachthelost.com/worshipping-molech-child-sacrifice-bohemian-grove/)

[https://en.wikipedia.org/wiki/Illuminati](https://en.wikipedia.org/wiki/Illuminati)

[https://herescope.blogspot.com/2013/06/the-second-coming-of-apollo.html](https://herescope.blogspot.com/2013/06/the-second-coming-of-apollo.html)

[http://www.washingtondcschamberofsecrets.com/absolute-proof.html](http://www.washingtondcschamberofsecrets.com/absolute-proof.html)

[https://www.truthsword.net/pagan-washington-dc.html](https://www.truthsword.net/pagan-washington-dc.html)",
post,bestoflegaladvice,LAOPs father won't take back their violent brother.,https://www.reddit.com/r/bestoflegaladvice/comments/q5jivc/laops_father_wont_take_back_their_violent_brother/,2021-10-10 16:39:58 PDT,614,,https://www.reddit.com/r/legaladvice/comments/q5a765/ive28m_have_been_taking_care_of_my_brother_14_for/
post,relationship_advice,"How do I deal with my unstable, violent brother?",https://www.reddit.com/r/relationship_advice/comments/q2o3km/how_do_i_deal_with_my_unstable_violent_brother/,2021-10-06 09:33:31 PDT,1,"I’ve always been close with my (17F) brother (13M), even though we frequently fought, but these couple of years he i guess started going through puberty, plus he plays video games 24/7 and got REALLY violent, especially with me. I can’t even have normal conversation with him without him shouting and hitting me. For example today I was calmly giving him advice on how he should do his English homework because it’ll help him in future, he got really irritated and started shouting that he didn’t want me or anyone talking, I was telling him to calm down when he started aggressively hitting me (he’s physically a lot stronger that me despite his age) saying if I wouldn’t stop doing what he doesn’t like (talking) he would do what I don’t like (getting fuc*king beaten up) , our parents stopped him, but i guess what I’m asking is how do i help him and his obvious mental issues? We can’t afford therapy and clearly we can’t properly talk to him.",
post,legaladvice,Need to evict dangerously violent brother,https://www.reddit.com/r/legaladvice/comments/q1osnm/need_to_evict_dangerously_violent_brother/,2021-10-04 23:11:30 PDT,1,"Montana in Billings. 

mom passed away and made my other brother ""bob"" the executor of the estate, ""jim"" moved into the home before my mother died with her permission on the grounds he would find work. My sister ""jena"" moved in and pays rent, taxes. She just moved her daughter in as well.

""Jim"" is a violent person, all other family members have told him to leave the home, his name in not on the lease or trailer deed, he owes 900 dollars in electricity because he doesn't pay anything and works under the table for some guy. When he was told to leave the first time, he turned off the power, threatened people, and tried to lock everyone inside the home.

So family members gave into him.

This time they wish him gone, so, if we call the police and tell him to remove him from the home due to his violent behavior, and because its all in my other brothers name. Can we do so to protect my sister and her daughter? If not, what steps are needed. Thanks.",
post,JUSTNOFAMILY,Banning My Siblings from Meeting My First Born?,https://www.reddit.com/r/JUSTNOFAMILY/comments/pt638w/banning_my_siblings_from_meeting_my_first_born/,2021-09-22 05:04:09 PDT,431,"At the start of this year, my dad died from COVID-19 before the vaccine was available to us. Subsequently, my nuclear family completely fell apart. Shortly thereafter, I became pregnant for the first time.

I think the family dissolution was coming (accelerated by grief, if anything) because as my dad was hospitalized, my brother’s wife asked him for a divorce since he’s a pretty toxic narcissist and my sister, who has always been a classic spoiled brat, had been verbally abusive towards my parents for some time. A week before my dad was hospitalized, my sister suddenly revealed she had been in a relationship she felt (incorrectly) my parents would not have approved of and we were not happy she decided verbal abuse towards the family was her way of coping with it.

We couldn’t even address any of this as our entire focus was on my dad’s survival.

A month after my dad’s funeral, my brother (not yet legally divorced) began dating a ton of different women (despite “never having time” for his wife before) which was incredibly risky for legal and financial reasons involving our family business. He got serious very quickly with one girl that none of us felt ready to meet. Two months into dating, he forced my mom to meet her, invited her to my dad’s ashes scattering ceremony (she never met my dad), and then tried to force me to invite her to my small and very pandemic-cautious baby shower.  He never bothered telling me about her or introducing me to her beforehand and still blew up at me when I said no. When I met his new girlfriend at a separate family event, my brother forcefully tried to have me only small talk with her which seemed to make her just as uncomfortable as I was. It’s been 2 months and he has not spoken to me since that incident. He barely called or checked on me or how the pregnancy was going before he got into this relationship so I know it’s just a symptom of years of his selfishness.

My sister has been even worse towards me for a variety of reasons but the final nail in the coffin is when I called her to reconcile, apologize for where I’ve been wrong in our interactions, and asked her to be cordial towards me to reduce the stress I was going through during pregnancy and she refused. During that conversation, my mother asked her if she would still be willing to help with the baby shower I had planned and she said, “No, you only do that sort of thing for someone you care about.” She enjoys party planning and has planned countless baby showers for her friend’s cousins and other people she doesn’t seem close to. I’ve had to sacrifice a lot of my personal time and energy over the years to save my little sister from failing out of school, complete projects, or even buy her home goods when my parents cut her off financially for not getting a job. I didn’t deserve that from her and it’s more painful since she was closer to me than my brother.

I’m in therapy and more open and at peace to our sibling relationship never being as good as I once perceived and the fact it could be completely over. We do behave in front of my mother, who is alone for the first time in her life. My mom is excited to be a grandmother and we focus on that a lot to help her through the grief. I know at some point after I give birth in the next few weeks, my newborn may have to meet my siblings. Something in me snaps at the thought of my siblings meeting my new baby after they ignored me and treated me like shit during any interaction in the past year. They haven’t cared how my unborn child has been doing while I’m going through a lot of stress developing him so I’m not sure what role they would have in his life.  

I don’t want to worsen the family tension or upset my mother by asking that my siblings don’t bother coming to meet my baby…but can/should I? I’m not sure if this situation warrants a feelings-preserving white lie since my siblings have not been capable of a mature conversation all year or if I should be frank about my reasons, feel good for a brief second that I told them how it is, and risk a bigger blow up.

UPDATE: I had an absolutely darling baby (despite a terrifying childbirth) and my siblings did not reach out to me at all, not even with a “congrats” text or some other bare minimum. I appreciated the replies to this post cautioning me about (unintentionally) using the baby in a manipulative fashion so before and after I gave birth, I reached out in our family group chat to ask that anyone who wanted to FaceTime with the baby (COVID distancing and waiting for baby to be old enough to get preliminary vaccines) to contact me directly so we can have a civil chat and they can get to know their nephew. They didn’t do it.  

This could have been post partum hormones but a spiral was starting for me with regards to my family of origin shortly after giving birth. I stopped messaging in our family group chat but my mother would post photos of my baby which my siblings ignored. This may seem like a small crazy/thing, but seeing zero reaction from my siblings, not even a damn iPhone “heart” to a baby photo, completely broke me. My sister even commented “please just send photos of yourself (my mom) with the baby” and I left the group chat. My mother did not understand why but did not directly confront me about it. I started feeling so much saner not seeing their names or seeing their total lack of care/interest in my child.

Thirteen days later, my grandfather passed away. This was my mother’s father, so she lost her husband and father in the same year and the rest of what I describe here is with full empathy for her mental state. In addition to the dissolution of my relationship with my siblings and the fact they had not yet seen my baby virtually like the rest of the family, my mother was obviously distraught and in crisis mode. Despite knowing my boundary to have them contact me to see the baby, she did what many of you also predicted and while in my home, she FaceTimed them from my home to meet the baby which allowed them to circumvent my request. I reminded her of my request but she got upset and was dismissive of my perspective, saying instead we all need to go to family therapy. I told her I agreed but I was 2 weeks post partum, completely sleep deprived, and my hormones are everywhere except where they should be so obviously I’m not ready/capable of family therapy at this point.  My brother called shortly after and in a very threatening tone told me he did not want to apologize or revisit the situation but we “better” move on and he “is practicing self acceptance and self love of the fact [he] is an angry person and do not want to be guilted or shamed for [his] anger.” This is concerning because he has a history of domestic violence (surprise) and I was too stunned to argue, especially as I was afraid I would escalate him and I could not handle being yelled at. I did manage to say we should probably revisit the apology aspect in the future and tried to have some superficial pleasant small talk about the baby but I was shaken.

I did not discuss my brother’s call with my mother because mentally I was getting to a place where my instincts were telling me to just stay away, especially because her indifference to me being verbally abused by my siblings has been so invalidating. Unfortunately,  my brother called her to say everything was fine now so she FaceTimed him with the baby (again, without checking in with me). This time she did it in front of my husband who had been quiet and let me handle things but he has strong feelings about my brother being near the baby, especially since my brother’s recent language towards me has been hostile, threatening, and with a goal of bullying and intimidation which is more concerning with his violence history. My husband firmly but politely told her we did not want our siblings to meet the baby while things are the way they are and reminded her I did apologize and extended an olive branch for communication they ignored. He even addressed the lifelong elephant in the room and pointed out to her that my brother is a domestic abuser and it’s completely insane to willingly bring a baby near a domestic abuser. My mother was tearful, stated she did not want to label my brother and that he never had charges brought against him by his ex and would have lost his medical license, and sort of rambled with contradictory comments about how she is staying out of this but she also wants us all in family therapy. They went back and forth (it was pretty civil but the tension was palpable) on different ways to look at this situation until it petered out and they gave the baby a bath. My mom pointed out my late father had asked her not to have us (my siblings and I) in contact with her brother (also an abusive man) and history is repeating itself. I told her it’s because we never fixed the issues that led to this dynamic playing out again. Interestingly, the very next week during my grandfather’s funeral proceedings, my mother’s own brother began screaming at her and my mother’s sister in a fashion identical to my own brother. It has made my no contact decision feel justified since my mother and aunt have catered to my uncle despite his serious mood and personality problems and it has not made him or the family better.

The next day, my mother added me back to the family group chat and posted a very long rambling message referring to but not making many clear points about adulthood, independence, family, and somewhere in there snuck in the fact she wants us all in family therapy. My sister followed up saying she does want to be in my baby’s life and wants to go to family therapy but she would not talk to me until after family therapy, not even a “hi” (I know some of you are assuming I have done something horrendous for her not to want to talk to me, but I clarified it in a response to another commenter and I promise it was nothing so horrific that someone would avoid saying “hi” so my support system has been of the consensus she doesn’t/has never cared for me at all). My husband commented that at this point, we are asking for anyone who had been in contact with us and supportive during the pregnancy to call us directly to see the baby (not the exact message I had—my request was a single call to have any pleasant “hey how are you? How’s the baby?” small talk to start us in the right direction to make baby visits more bearable). My brother told my husband not to be rude and to “move on” (the same hostile undertones). Seeing my husband get spoken to poorly by my family made me lose it. I had to give myself time to calm down and then made my final message to the family group chat that I am 3 weeks post partum and at high risk of depression, my doctors at this point have advised I stay away from my family, I have apologized for my wrongs in our family issue but the compounding stress of no interest in the baby, rudeness to my husband, and even previously noted risk to my place of work caused by my siblings has made any contact too much for me right now. I stated I am open to family therapy eventually but I want to get through my vulnerable post partum period first. I left the group chat again but they added me back twice. The second time I could not contain my distress and emotionally told my mother not to add me to any family chat because I’m clearly not considered human to anyone, let alone family and at this point I would be looking for a job outside of the family and the logistics of moving away. She responded with “love you, glad I have an independent daughter.” It was not sarcastic but this style of dismissing the actual issue I bring up and minimizing how I’ve been mistreated has set me off more than any comments by my siblings.

I am still bleeding every day, exhausted, unable to breastfeed which is rough since I want to do it, adjusting to my new body, trying to make sense of what it means to be a mother, and my family ignoring all of my boundaries or even reconciliation requests had officially made me second guess if I was worthy enough to be alive. I am not nor have I ever been truly suicidal but the fact I was wondering about how people would benefit from my death while in something as basic as a group chat has made me feel better about no contact. In the time I left them, all of the confusion, anger, and spontaneous crying spells I was having while trying to adjust to a baby completely disappeared. 

I am continuing contact with my mother (outside of the context of this story, this woman has been my lifelong rock and I cannot bring myself to ban her from her grandchild) and since my threat to move away, my mother has not FaceTimed them with the baby again and continues to visit us to spend quality time with him without this topic being brought up which has made life a lot easier. 

While I know there are massive benefits to family therapy, I also know there is no guarantee our situation can be repaired with it and sometimes family therapy is just a formal venue for dissolving relationships. Lately I’ve been thinking I do not have any reason to continue any kind of relationship with my siblings and am not sure if family therapy can help when I actually do not want to go in with the assumed shared goal of reunification. I thought I would miss my sister being an aunt who does a lot of crafts for the baby but I realized most of our lifelong interactions have been me doing things for her and enduring her criticisms about every small thing I do. I definitely can live without a narcissistic and violent brother. I guess just like the original issue noted above, I will have to see how I feel when this situation inevitably comes up again and make a decision that is best for my mental health and my new family.",
post,SGExams,"[Rant] Violent brother, what do I do?",https://www.reddit.com/r/SGExams/comments/ozoqia/rant_violent_brother_what_do_i_do/,2021-08-07 00:15:33 PDT,224,"This is obviously a throwaway, I will be reading comments from my main. 

So I know this sounds stupid, but my younger brother is 10 years old, while I am 15. We live with my mother only. To be really honest, I do not think he has any sort of mental issues, he was not born with it actually, he was just a typical kid. So recently, because of the lockdown, my mum lost her job and we are struggling to make ends meet, only relying on a loan we took and some money from friends all around. It definitely is tough. Because of this, my mum spends more time at home and my brother and her always quarrel, to the point where he hits her physically. My mum is not disabled or anything but she is just weak and cannot fight back to him. I have tried to intervene but whenever I stop him it always ends with him bleeding or getting injuries.im 16 and much bigger than both of them, so if I were to step in my brother is going to get injured and I don't want that to happen. These few days my brother has been threatening my mum with weapons like a knife or a screwdriver, I'm really scared something bad is going to happen. He also tried to jump down the building a few hours back, and we live in the 20 th floor. Is there anything I can do to stop this? I am considering signing him up for consultation. Please help me, thanks in advance.",
post,Advice,Psychotic and violent brother,https://www.reddit.com/r/Advice/comments/odxwk2/psychotic_and_violent_brother/,2021-07-04 19:18:07 PDT,0,"Reddit, I need guidance. My brother is having a psychotic episode (I think from drugs), and believes there is a man trying to hurt him in the attic. He's been in the attic for days with two guns (we have no idea where he got them). He has a previous felony and isn't allowed to have guns. He called the police a few days ago to help him find this ""guy"", but he hid his guns and they didn't know he had them. They didn't do anything to help. My parents don't want to rat him out because they're afraid he'll go to prison for years. He's psychotic and armed, and I'm scared for myself and my family. When my other brother tried to tell him to leave, he aimed his gun at him. What should I do??? I'm literally living in fight/flight mode. I want to call the police but I'm scared they'll show up and shoot him. Please, any help or guidance is appreciated. We are in California.",
post,CPTSD,Did anybody else grow up in squalor?,https://www.reddit.com/r/CPTSD/comments/nrtcih/did_anybody_else_grow_up_in_squalor/,2021-06-03 18:27:04 PDT,17,"Content warning: disgusting living conditions, also mention of substance abuse, break-in, violence. I wouldnt recommend reading this if you're eating.
.
.
.
.
.
.

Hi all,

I feel like I dont see the topic of unsafe housing brought up much when discussing cptsd. The house I grew up in was absolutely filthy and unsafe. I think this was pretty traumatic for me. I've developed contamination ocd as a result. As a kid, I could feel the filth on me. I would rub Clorox wipes on my skin to feel a semblance of cleanliness. 

My walls were covered in mold and I would get severe asthma flare ups and vertigo because of it. I stepped in feces and vomit stuck in the carpet. I ate off of burnt spoons previously used to cook heroin. The carpets were never cleaned in 15 years, only very very rarely vacuumed. My socks would turn black after only taking a few steps. My violent brother broke in one day by smashing one of the windows with a hammer. My parents didnt fix it, they just covered the broken window with a tarp. My mattress was covered in piss and blood.

I was sick and filthy as a child and the image of my house still haunts me. I feel panicked if I'm in a place I feel is unclean. It brings me back to my childhood ""home.""

Thanks for reading and letting me vent.",
post,relationship_advice,My girlfriend cries almost daily,https://www.reddit.com/r/relationship_advice/comments/nhq2et/my_girlfriend_cries_almost_daily/,2021-05-21 04:19:33 PDT,3,"Whenever my girlfriend (18) and I (20) are together in person, which is almost daily, she ends up crying uncontrollably. My at home life is extremely difficult, with an emotionally abusive mother plus a very violent brother and no father figure - as well as an extremely messy home. When my girlfriend cries, she says things such as “your home life is already hard enough, I’m just making it harder for you” and “you should just leave me because I always end up making things worse” and recently she said “I should just die” and I’m very concerned for her. I think she initially cries because she is upset about my situation and also feels bad when she’s grumpy with me, but then she feels bad about crying and starts crying even more. In the moment of her crying, I usually just hold her and tell her that everything is okay and that she actually makes my life a lot better and that I’m glad she’s with me in the journey of life. She does eventually calm down, but sometimes she starts crying more after a few minutes. 

I have told her that I do feel stressed and sad when she cries, but I also let her know that it is natural and okay to cry. 

I’ve suggested therapy to her, but her last therapist kind of abandoned her a few months ago because the therapist didn’t like virtual sessions. 

Is there anything I can do to help her? I’m not the most bright lightbulb in the room, so I’d like advice on what exactly is going on. 

Thank you! 😇",
post,ADHD,I'm sorry mom,https://www.reddit.com/r/ADHD/comments/mu9m4g/im_sorry_mom/,2021-04-19 13:22:23 PDT,1,"My mom have tried so many things to motivate me to do different stuff at home when I was a kid. Point system etc. It never really catched on. My mom have ADHD herself. I have never believed in myself. 

My mom always treated those new systems as the holy grale. I hated the idea of me doing 10 good things, and one bad thing outwaited this 10 good things. 

I wasn't good enough to get the reward. No matter how hard I tried I world never get it. It became a punishment. Especially when she tried to motivate me by forcing me to look my brother get a reward. Her showing me how much better a kid my brother was. (I was never jaloux og my violent brother. I just accepted he was worth more than me) 

I really pissed my mom off many times for not following her reward system. 

I took my danm pills every day to make her happy. I stopped when I moved away from home. She is mad at me for doing this. I'm sorry I'll always be a disappointment for her.",
post,JUSTNOFAMILY,How do i convince my mom that my violent brother shouldn't have a cat?,https://www.reddit.com/r/JUSTNOFAMILY/comments/ls63xr/how_do_i_convince_my_mom_that_my_violent_brother/,2021-02-25 05:03:05 PST,18,"How do i convince my mom that my violent brother shouldn't have a cat? 

So a little backstory, this post covers a lot more detail 

https://www.reddit.com/r/JUSTNOFAMILY/comments/lo6rdr/my_brother_attacked_me_with_a_metal_pole/?utm_medium=android_app&utm_source=share 

But TLDR for that post my brother assaulted me and he's being kicked out of the house. 

We have 3 cats, 2 brothers we've had for 8 years and a newer 2 year old kitten we've had for 3 months. When we adopted the new kitten we were just going to foster her, but we absolutely fell in love. My mom was reluctant to adopt another cat but my brother 26m offered to take her when he moved out. At the time I agreed to this. However after the events of the other day i do not trust him with an animal. This will also be his first time living alone, he doesn't work full time hours even though he has a job, and just will not be in a good financial situation after he moves out. Barely able to pay for his cost of living, if that. He still has debt from years ago that he hasnt paid off and has shown he is incredibly irresponsible over the years. And i know my mother will give him whatever money he needs for the cat because she doesn't want her to suffer. But why does he deserve a pet he cannot afford care or provide for? 

Currently he does ZERO care for the cats, I feed them, clean up after them, give them attention, take them to the vet, and they just like me more. He constantly complains that im ""hogging"" or ""stealing"" the cats but they just like to sleep in my room. 

Ive spoken to my mom about her letting him take the kitten and she says that it was agreed before and I don't get a say. I disagree. My dad thinks its a non issue and i shouldn't care. These cats are the only thing keeping me sane they can't take her. How do I convince them what can I do.",
post,JUSTNOFAMILY,I stood up to my violent brother,https://www.reddit.com/r/JUSTNOFAMILY/comments/lqd76d/i_stood_up_to_my_violent_brother/,2021-02-23 00:16:39 PST,39,"I'm the middle child. I have two brothers, one who is currently 22 and one who is 11. My elder brother is a horrible person and I'd like to get some things of my chest. I'm sorry in advance that this will get long. 

My father was brutally punching my brother before I was born. That is a major reason he probably turned out how he is. Another reason is because he was spoiled, as my family had more money when they had to care for only one child and had better jobs. He also has severe ADHD. 

When I was born, I immediately wanted to be an only child. I found it tiring to be brothers with him, as he was treating me harshly. He would always threaten to hurt me if I did not keep my mouth shut. He always seemed to want to prove his superiority, by suffocating me with pillows, or throwing stuff at me (seriously everything you can imagine, oranges, clocks, lamps, soccer balls, etc). His usual method of hurting me was to throw me to the ground and either completely stand on me or kick me. I never understood why he was treating me so violently. It may have been because I was a quite emotional and girly child and he was disgusted to be around me.

It continued like that for years. He would just shut himself in his room, never letting anybody inside. I tried to talk to him about anything, like card games, cats, my books or some of my horse figures. He never listened to anything I had to say and would get violent whenever we were alone at home. I kept trying however, as my mother blamed my wanting to be an only child for the reason my brother behaved this way and wanted me to get along with him. For her, I tried my best, but it wasn't enough. That all was when I was in grade school.

When I was in middle school, he moved to Germany for University. My mother said I'd miss him when he was gone, yet I never did. When I wanted to visit my grandparents, who also were living there, I promised her that I'd try to get along with him. We went out twice those two weeks, once when he told me we would go out to eat. He fought with my mother on the phone that day and said he wasn't in the mood and drove me home and stole all the money my grandmother gave me for that day. Then when I called him multiple times each day, he never answered the phone until two weeks later, one day before I'd be leaving Germany. I went to his apartment for an hour, after about 20 minutes I went to the restroom and then he violently came banging at the door, trying to open it, shouting, calling me names and trying to get me out. I don't understand why he couldn't let me pee in peace. He didn't talk to me for the remaining time, because I somehow ""had provoked him and got what I deserved"". He literally refused to talk to me for the rest of that day, until he told me that he had to go to a party meeting that day and he drove me home. I later found out that he was lying to just get me to leave.

I tried again next year, and invited every time we went out with grandma. But the only thing he talked about was about how he wanted to move out. He asked for extremely large sums of money and I had to go with grandma to his flat to clean and pick up all the things that he wouldn't with him. He never inquired about anything, he only asked us to do the dirty work. I also learned that he had extremely abused my grandmother, never allowing her to enter his flat and often smashing the door in her face, stealing thousands of euros from her, and only talking to her when he need favours. He embarrassed my poor grandmother by lying to her, tricking her to give money and talking stuff from the apartment that was supposed to be bought by the renters. She did everything she could to help him move out and to get the flat ready for renting. She did fricking everything!

That is not all. He threatened to sue my grandmother, my stepgrandfather and my father for a theft and an assault that never happened. He was already at the cops when my grandmother told him that if he sued, she wouldn't provide backup money for his apartment and he'd be homeless, and that's the only reason he didn't sue. That's when my grandparents cut ties with him.

Meanwhile, when he would come to visit, he would spend his time abusing the little one or threatening to kill me because I seemed too gay for his liking. My mum would always say that I was at fault, as I never wanted brothers and thought ill of him. He would also demand to get his room back, robbing me of every ounce of privacy I had in that pathetic excuse of a home, which was too small to fit so many people.

All the things lead to me bottling up a lot of emotion inside. The issue is he would never inform anybody except mother for his plans, not me or my father, so what he was doing the whole time was a secret, as my idiotic mother would just tell us to mind our business. That's why we never knew how long he would stay for visits. He came home from Germany on Christmas Eve and had canceled three flights back to Germany in January. My mother claimed he was lonely because he didn't have any friends there (jeez I wonder why) and as such wanted to stay. By February I had gotten tired of the apartment being as loud as a stadium. That's when everything escalated.

One day I was talking to my psychologist over the phone and everybody in the house was screaming like it was the apocalypse. She asked me what was so noisy the whole time and said to me to complain, so that I may have a moment of peace. That's when I went to my mother and brother to complain.

I said they were being loud and they just continued whatever they f they were doing. I said that they were disrupting my therapy session and that they should stop shouting. Then my brother told me. My voice was annoying and I should shut up. I told him aggressively that he had no right to say that after not letting me talk on the phone in peace. Then he said that I should go to my room and shout as much as I want but not in front of him. I shouted there anyway, just to spite him because I surely was feeling like shit that day. Then he stood up from the bed and it seemed he was ready to jump at me, I don't know whether he wanted to, but it sure as hell seemed like it. I didn't want to let him hurt me so I quickly bit his upper arm. I bit him hard I wanted him to know that I would not tolerate anything from him any longer. My mother asked me to stop and after a while, I did. Then he wanted to find things to throw at me like TV remotes, alarm clocks, and everything else that was on  the commode. I pushed him against the door so that he would not throw anything and he started punching me on the back until my mother could get him out of the room. He tried to force his way in but I was holding the door. He took a metal vacuum cleaner and broke a hole in the door. My parents then started to come between us, but he still managed to hit me on the back with the vacuum cleaner. My mother then pulled him back, my father pulled me back and I never stopped trying to defend myself and kept trying to hit him and charge him. He was doing the same, after all. He then exclaimed that if I ever got close to him again he'd kill me by slitting my throat open and I told him I'd call the cops and I'd never in my life let him hurt me again. He then said roughly translated to English: ""Come! I dare you! Show me that you are a man! But you ain't no man! You're a f@g! You're a fairy!"" Afterwards he continued to scream the slurs at least another ten times each. Again and again and again. My mother managed to get him to the living room, said then to me that it was my fault for biting him first, even though he was ready to charge me. I went to my room, called my psychologist, but she was busy. I called my best friend, she picked up and I told her everything. She offered to take me in for a few days. And that's what I did.

Before going however I talked to my parents. My mother told me both of us were at fault. She said he should not have been homophobic (at the very least), but she told me he just defended himself, even though he had many chances to stop it, but he chose to break the door down and force his way inside. I also told her ""What about all the times he threatened and beat me? Does that not matter?"". She denied that anything ever happened. All the pain and the suffering, all my tries to bond with him and all the money he stole, it all got erased in that moment. I just asked her to keep my brother out of the apartment while I was there and she told me that it was his home too and she could not keep him out. I just told her that his home is in Germany, so he should move his ass up there again. And I called her an a-hole. Then she could mad that I called her an a-hole even though she just defended my brother who had just done so many bad things. My father on the other hand agrees with me about everything that is wrong with my brother. He is a bad person, but at least I thought I had his support here. But I didn't. He didn't have the balls to defend me and stand up to my mother because he is an effing wimp when a woman intimidates him. The only thing he told me is ""Be happy he didn't kill you! You know it was close!"".

I asked when my brother would leave, Mother said he didn't know, maybe March but most likely in April. To that my father told me to just go to my grandparents to Germany in the meantime, so that I could be by myself. So first of all I left for my friend and stayed there for 5 days. It was really great, but I was anxious to go back. I'm really thankful that a friend of mine would protect me like that. I love her extraordinarily much. We spend some snowy days together, including Valentine's Day. When I returned, I immediately asked my grandmother to book a ticket for Germany. My family can't afford one, so I had to depend on her buying one for me. That's what she did. Just before going I confronted my mother for the reason she was always defending my brother. There are two. First of all, she feels guilty for not protecting my brother from my father and tries to make up for it by supporting him unconditionally. Secondly, she hates my grandmother with all her might, and I'm her favorite, while grandma hates my brother (which is understandable considering all that he has done). Mum thinks by supporting my brother she is hurting my grandma. She denied everything again, claiming she never witnessed anything violent by my brother. That's when I took my bags and left.

What hurts the most is that my mother throws a temper tantrum each time I dye my hair or paint my nails, saying I somehow betrayed her and that I am a selfish son who doesn't love her and listen to her. Then she starts crying and not talking to me for days and calling me ugly and a clown. But every single time my brother hurts me in any way, she tells him at most a ""That was a bit harsh, don't you think?"". And 90% of the time she doesn't even say that, she just tells me that it's my fault for not trying harder. 

Last weekend, I arrived in Germany (with all the safety measures and I also got tested and everything) and I'm eager to spend a bit of quarantine with the beautiful architecture and nature. I am truly happy to be here and spend some time with my grandmother and stepgrandfather. I'm very lucky to have been able to get out of that apartment. It was dangerous there.

So, what I'm glad about are many things. I'm happy my friend supported me! I'm happy I came to Germany! But what I'm most glad about is that for the first time in my life, I stood up to my brother. I showed him that a ""f@g"" can cause him pain and I'm sure that he won't underestimate one again so soon! I showed him that I won't ever let him lay a finger on me again! And I realized that my relationship with my brother is beyond repair and dead forever! I just want to see him suffer, like he made me suffer!and then I want him to leave this world. He caused enough pain already.

Thanks if you made it this far.",
post,YoutubeSelfPromotions,"More El Nino (FIFA21 FUT RTG) and we got another co-op partner this time its Ross's older brother Dave, let's just say he is the more violent brother lol, hope you enjoy [Video]",https://www.reddit.com/r/YoutubeSelfPromotions/comments/lhipnt/more_el_nino_fifa21_fut_rtg_and_we_got_another/,2021-02-11 03:19:43 PST,1,,https://youtu.be/V7fBHTmiIXQ
post,YouTubeViewsSubs,"More El Nino (FIFA21 FUT RTG) and we got another co-op partner this time its Ross's older brother Dave, let's just say he is the more violent brother lol, hope you enjoy",https://www.reddit.com/r/YouTubeViewsSubs/comments/lhiph6/more_el_nino_fifa21_fut_rtg_and_we_got_another/,2021-02-11 03:19:18 PST,1,,https://youtu.be/V7fBHTmiIXQ
post,Youtubeviews,"More El Nino (FIFA21 FUT RTG) and we got another co-op partner this time its Ross's older brother Dave, let's just say he is the more violent brother lol, hope you enjoy",https://www.reddit.com/r/Youtubeviews/comments/lhipdw/more_el_nino_fifa21_fut_rtg_and_we_got_another/,2021-02-11 03:19:06 PST,2,,https://youtu.be/V7fBHTmiIXQ
post,YouTubeViewForView,"More El Nino (FIFA21 FUT RTG) and we got another co-op partner this time its Ross's older brother Dave, let's just say he is the more violent brother lol, hope you enjoy",https://www.reddit.com/r/YouTubeViewForView/comments/lhipa8/more_el_nino_fifa21_fut_rtg_and_we_got_another/,2021-02-11 03:18:54 PST,1,,https://youtu.be/V7fBHTmiIXQ
post,YouTubeSubscribeBoost,"More El Nino (FIFA21 FUT RTG) and we got another co-op partner this time its Ross's older brother Dave, let's just say he is the more violent brother lol, hope you enjoy",https://www.reddit.com/r/YouTubeSubscribeBoost/comments/lhip6l/more_el_nino_fifa21_fut_rtg_and_we_got_another/,2021-02-11 03:18:38 PST,2,,https://youtu.be/V7fBHTmiIXQ
post,YoutubeSelfPromotion,"More El Nino (FIFA21 FUT RTG) and we got another co-op partner this time its Ross's older brother Dave, let's just say he is the more violent brother lol, hope you enjoy",https://www.reddit.com/r/YoutubeSelfPromotion/comments/lhioyr/more_el_nino_fifa21_fut_rtg_and_we_got_another/,2021-02-11 03:18:11 PST,1,,https://youtu.be/V7fBHTmiIXQ
post,YoutubePromotionn,"More El Nino (FIFA21 FUT RTG) and we got another co-op partner this time its Ross's older brother Dave, let's just say he is the more violent brother lol, hope you enjoy",https://www.reddit.com/r/YoutubePromotionn/comments/lhioti/more_el_nino_fifa21_fut_rtg_and_we_got_another/,2021-02-11 03:17:53 PST,1,,https://youtu.be/V7fBHTmiIXQ
post,youtubepromotion,"More El Nino (FIFA21 FUT RTG) and we got another co-op partner this time its Ross's older brother Dave, let's just say he is the more violent brother lol, hope you enjoy",https://www.reddit.com/r/youtubepromotion/comments/lhiomm/more_el_nino_fifa21_fut_rtg_and_we_got_another/,2021-02-11 03:17:29 PST,1,,https://youtu.be/V7fBHTmiIXQ
post,YouTubePromoter,"More El Nino (FIFA21 FUT RTG) and we got another co-op partner this time its Ross's older brother Dave, let's just say he is the more violent brother lol, hope you enjoy",https://www.reddit.com/r/YouTubePromoter/comments/lhioh6/more_el_nino_fifa21_fut_rtg_and_we_got_another/,2021-02-11 03:17:11 PST,1,,https://youtu.be/V7fBHTmiIXQ
post,YouTubeLikes,"More El Nino (FIFA21 FUT RTG) and we got another co-op partner this time its Ross's older brother Dave, let's just say he is the more violent brother lol, hope you enjoy",https://www.reddit.com/r/YouTubeLikes/comments/lhiodo/more_el_nino_fifa21_fut_rtg_and_we_got_another/,2021-02-11 03:16:57 PST,1,,https://youtu.be/V7fBHTmiIXQ
post,YouTubeGamers,"More El Nino (FIFA21 FUT RTG) and we got another co-op partner this time its Ross's older brother Dave, let's just say he is the more violent brother lol, hope you enjoy",https://www.reddit.com/r/YouTubeGamers/comments/lhioa3/more_el_nino_fifa21_fut_rtg_and_we_got_another/,2021-02-11 03:16:45 PST,1,,https://youtu.be/V7fBHTmiIXQ
post,YouTube_Videos_,"More El Nino (FIFA21 FUT RTG) and we got another co-op partner this time its Ross's older brother Dave, let's just say he is the more violent brother lol, hope you enjoy",https://www.reddit.com/r/YouTube_Videos_/comments/lhinx3/more_el_nino_fifa21_fut_rtg_and_we_got_another/,2021-02-11 03:16:04 PST,1,,https://youtu.be/V7fBHTmiIXQ
post,YouTube_startups,"More El Nino (FIFA21 FUT RTG) and we got another co-op partner this time its Ross's older brother Dave, let's just say he is the more violent brother lol, hope you enjoy",https://www.reddit.com/r/YouTube_startups/comments/lhinj4/more_el_nino_fifa21_fut_rtg_and_we_got_another/,2021-02-11 03:15:22 PST,1,,https://youtu.be/V7fBHTmiIXQ
post,youtub,"More El Nino (FIFA21 FUT RTG) and we got another co-op partner this time its Ross's older brother Dave, let's just say he is the more violent brother lol, hope you enjoy",https://www.reddit.com/r/youtub/comments/lhinfb/more_el_nino_fifa21_fut_rtg_and_we_got_another/,2021-02-11 03:15:08 PST,1,,https://youtu.be/V7fBHTmiIXQ
post,StartingYoutube,"More El Nino (FIFA21 FUT RTG) and we got another co-op partner this time its Ross's older brother Dave, let's just say he is the more violent brother lol, hope you enjoy",https://www.reddit.com/r/StartingYoutube/comments/lhimwc/more_el_nino_fifa21_fut_rtg_and_we_got_another/,2021-02-11 03:14:06 PST,1,,https://youtu.be/V7fBHTmiIXQ
post,SmallYoutubers,"More El Nino (FIFA21 FUT RTG) and we got another co-op partner this time its Ross's older brother Dave, let's just say he is the more violent brother lol, hope you enjoy",https://www.reddit.com/r/SmallYoutubers/comments/lhimkn/more_el_nino_fifa21_fut_rtg_and_we_got_another/,2021-02-11 03:13:32 PST,1,,https://youtu.be/V7fBHTmiIXQ
post,SmallYoutuberArmy,"More El Nino (FIFA21 FUT RTG) and we got another co-op partner this time its Ross's older brother Dave, let's just say he is the more violent brother lol, hope you enjoy",https://www.reddit.com/r/SmallYoutuberArmy/comments/lhimfo/more_el_nino_fifa21_fut_rtg_and_we_got_another/,2021-02-11 03:13:18 PST,1,,https://youtu.be/V7fBHTmiIXQ
post,PromoteYoutubeGaming,"More El Nino (FIFA21 FUT RTG) and we got another co-op partner this time its Ross's older brother Dave, let's just say he is the more violent brother lol, hope you enjoy",https://www.reddit.com/r/PromoteYoutubeGaming/comments/lhilyv/more_el_nino_fifa21_fut_rtg_and_we_got_another/,2021-02-11 03:12:26 PST,1,,https://youtu.be/V7fBHTmiIXQ
post,promoteyoutube,"More El Nino (FIFA21 FUT RTG) and we got another co-op partner this time its Ross's older brother Dave, let's just say he is the more violent brother lol, hope you enjoy",https://www.reddit.com/r/promoteyoutube/comments/lhilru/more_el_nino_fifa21_fut_rtg_and_we_got_another/,2021-02-11 03:12:03 PST,1,https://youtu.be/V7fBHTmiIXQ,
post,PromoteGamingVideos,"More El Nino (FIFA21 FUT RTG) and we got another co-op partner this time its Ross's older brother Dave, let's just say he is the more violent brother lol, hope you enjoy",https://www.reddit.com/r/PromoteGamingVideos/comments/lhilnj/more_el_nino_fifa21_fut_rtg_and_we_got_another/,2021-02-11 03:11:48 PST,1,,https://youtu.be/V7fBHTmiIXQ
post,IMadeThis,"More El Nino (FIFA21 FUT RTG) and we got another co-op partner this time its Ross's older brother Dave, let's just say he is the more violent brother lol, hope you enjoy",https://www.reddit.com/r/IMadeThis/comments/lhiktm/more_el_nino_fifa21_fut_rtg_and_we_got_another/,2021-02-11 03:10:08 PST,1,,https://youtu.be/V7fBHTmiIXQ
post,GetMoreViewsYT,"More El Nino (FIFA21 FUT RTG) and we got another co-op partner this time its Ross's older brother Dave, let's just say he is the more violent brother lol, hope you enjoy",https://www.reddit.com/r/GetMoreViewsYT/comments/lhikod/more_el_nino_fifa21_fut_rtg_and_we_got_another/,2021-02-11 03:09:52 PST,1,,https://youtu.be/V7fBHTmiIXQ
post,gamingvids,"More El Nino (FIFA21 FUT RTG) and we got another co-op partner this time its Ross's older brother Dave, let's just say he is the more violent brother lol, hope you enjoy",https://www.reddit.com/r/gamingvids/comments/lhikcz/more_el_nino_fifa21_fut_rtg_and_we_got_another/,2021-02-11 03:09:22 PST,1,,https://youtu.be/V7fBHTmiIXQ
post,GamerVideos,"More El Nino (FIFA21 FUT RTG) and we got another co-op partner this time its Ross's older brother Dave, let's just say he is the more violent brother lol, hope you enjoy",https://www.reddit.com/r/GamerVideos/comments/lhijql/more_el_nino_fifa21_fut_rtg_and_we_got_another/,2021-02-11 03:08:15 PST,1,,https://youtu.be/V7fBHTmiIXQ
post,relationship_advice,My(23f) very mentally ill brother(28M) got his GF(22F) pregnant. Should I even get involved?,https://www.reddit.com/r/relationship_advice/comments/lgomqc/my23f_very_mentally_ill_brother28m_got_his_gf22f/,2021-02-09 23:35:21 PST,22,"I'm a 23F and I recently found out that my older brother 28M (we'll call him B) got his girlfriend 22F (we'll call her X) pregnant. They've been together for about 3 years. 

The problems is that B is intellectually delayed as well as mentally ill. He's been diagnosed with Autism Spectrum Disorder, Oppositional Defiant Disorder, and Schizo-Affective Disorder. He's a massive dude. He was 6'0 by the time he was 12, and he's 6'6 now weighing in at about 300 lbs. 

He's always been extremely violent and combative, and he just got his schizo diagnosis back in March when he had a violent delusional episode and tried to kill my mom. If my eldest brother(31M) wasn't there I don't even know what kind of damage he would have done to her. My eldest brother ended up with a busted lip and bruises around his neck where my schizo brother was choking him. 

When we were kids he abused me in every way that he could, and my parents were very neglectful of the situation, often blaming me for his violent outbursts if they didn't flat out deny that it happened at all. They gave him everything that he wanted, and let him do whatever he wanted just to shut him up. This turned him into a complete monster, and he's never faced any consequences for his actions, ever.  Sorry for rambling, I'm just trying to paint a picture. 

I recently went no contact with him because I just couldn't stand it anymore. I've been diagnosed with PTSD due to the events of my childhood, and I feel like the way I was treated is what led to me getting into a relationship with a much older, very abusive guy when I was just 14.

 I was able to escape that relationship so I know just how hard it is to finally stand up for yourself and learn to value and respect yourself. I've tried to encourage X to love herself as much as I can, and I keep reminding her that she is a beautiful person and that she deserves better. She thinks that she's hideous, and she's admitted to me that she's terrified of being alone and she doesn't think that she'd be able to find anyone else. 

The first time I met X I warned her of how violent and volatile he could be, and she wouldn't be safe with him, and that I'd help her in anyway that I possibly could. For the past 3 years everytime I've been around her she reveals more and more about the abuse she's suffered, and I can't describe what it feels like for me to see my abuser hurt someone else when I can't do anything about it. I've offered help and support and I've made sure that she knows that I'll always be there to help her escape that relationship no matter what. She says that she's scared to to leave him and that she's tried to break up with him but ""he won't let her."" She's still with him, and they were living together at my mom's house until just recently. They moved into her mom's house so I'm hoping that her mom will be able to better protect her. 

When I found out she was pregnant I felt sick to my stomach, and threw up immediately after I got off the phone with my mom. If you get married to someone you can always get divorced, but if you have children with someone you will be connected to them for the rest of your child's life. I was so scared and sorry for her that it took me about 20 minutes to realize that a completely defenseless child would be at the mercy of my brother B. 

I cried the entire way home from work, and every couple of days since then. If the smallest little things send him into a rage now, what is he going to be like after a crying baby has kept him awake for days on end? I don't know how to support her. My boyfriend thought that I should've met with her and talked to her about having an abortion, and tell her that I'm willing to pay for it, but it's too late for that now, and she's always been adamant that she would never have an abortion. I have friends that hate abortion, but even they said ""Is she gonna fuckin keep it???"" because they know my brother. While I think that that might be the best decision for her, I've never been pregnant and I never want to pressure anyone into making a decision about their own body or pregnancy. 

I know this sounds awful, but I don't trust her to protect her child. She reminds me so much of my mom because she has absolutely no backbone, even less than I did when I was in my abusive relationship. My mother never protected me, and it will kill me to see that cycle repeated. What should I do? Do you think I should talk to her about her options or should I just let her know that I'm there for her? This child will be my own flesh and blood, and I never want them to end up in foster care, but I know that I could never raise a child due to my own mental health struggles. So, should I push my own mental health aside and pretend to ""make amends"" with my brother so I can be involved in the child's life? Or should I remove myself from the situation entirely? Do you have any advice?

Tl;dr: my mentally ill and violent brother (28M) got his GF (22F) pregnant. I've gone no contact with him due to past trauma that involved him, but I want to be involved in this child's life so I can help keep them safe. I'm not sure if I can stomach being around him enough to be a part of the child's life. Should I suck it up and get involved? Or should I completely remove myself for my own mental and emotional well being?",
post,fut,"More El Nino (FIFA21 FUT RTG) and we got another co-op partner this time its Ross's older brother Dave, let's just say he is the more violent brother lol, hope you enjoy",https://www.reddit.com/r/fut/comments/lggx1r/more_el_nino_fifa21_fut_rtg_and_we_got_another/,2021-02-09 15:51:34 PST,0,,https://youtu.be/V7fBHTmiIXQ
post,FifaYoutube,"More El Nino (FIFA21 FUT RTG) and we got another co-op partner this time its Ross's older brother Dave, let's just say he is the more violent brother lol, hope you enjoy",https://www.reddit.com/r/FifaYoutube/comments/lggwsm/more_el_nino_fifa21_fut_rtg_and_we_got_another/,2021-02-09 15:51:13 PST,1,,https://youtu.be/V7fBHTmiIXQ
post,FIFA21FUT,"More El Nino (FIFA21 FUT RTG) and we got another co-op partner this time its Ross's older brother Dave, let's just say he is the more violent brother lol, hope you enjoy",https://www.reddit.com/r/FIFA21FUT/comments/lggwn3/more_el_nino_fifa21_fut_rtg_and_we_got_another/,2021-02-09 15:50:59 PST,0,,https://youtu.be/V7fBHTmiIXQ
post,AdvertiseYourVideos,"More El Nino (FIFA21 FUT RTG) and we got another co-op partner this time its Ross's older brother Dave, let's just say he is the more violent brother lol, hope you enjoy",https://www.reddit.com/r/AdvertiseYourVideos/comments/lggvtt/more_el_nino_fifa21_fut_rtg_and_we_got_another/,2021-02-09 15:49:53 PST,1,,https://youtu.be/V7fBHTmiIXQ
post,LegalAdviceUK,Domestic/Familial Abuse Question,https://www.reddit.com/r/LegalAdviceUK/comments/l7aiiq/domesticfamilial_abuse_question/,2021-01-28 14:11:27 PST,1,"I come from a violent and abusive family and I recently confronted my mother about it. I'm an adult and don't live with my family. After confronting my mother, I received a voicemail from my sister threatening to be at my house in an hour, or send my violent brother round,  and 'shove the phone down my throat' if I didn't answer the phone to her.

1. Has a crime been committed?
2. Will the police actually do anything?
3. What could be done in this situation?

Edit: I'm in England.",
post,raisedbynarcissists,"I don't know if I've ever had a ""true"" relationship, except for maybe 1 or 2 girlfriends",https://www.reddit.com/r/raisedbynarcissists/comments/kultzr/i_dont_know_if_ive_ever_had_a_true_relationship/,2021-01-10 12:09:31 PST,2,"I don't know if I've ever had a ""true"" relationship before, aside from 1 or 2 really good girlfriends.

My narc parents, and violent brother and raging sister really really warped my view of what having a ""normal, healthy relationship"" looks like.   

It's fucked up because sometimes people say, ""I feel really close to you"", and I'm thinking, ""really? 1) I didn't know that at all. And 2) I don't feel as connected to you.  And that makes me sad, because I'd much rather feel connected than not.

But I never really know what the ""status of the relationship"" is.  I find it so hard to chill out and be comfortable around others.  

Shit.",
post,CritCrab,My DM tried explaining Chaotic Stupid to a problem player and the player had a rage fit while I ate good steak.,https://www.reddit.com/r/CritCrab/comments/ix0adr/my_dm_tried_explaining_chaotic_stupid_to_a/,2020-09-21 06:21:21 PDT,43,"I have a buddy from high school who had consistent problems playing D&D, he sadly has some mental issues and we've tried to be there for him and include him into hobbies we’ve all had as friends with varying degrees of success. So eventually once some of us got into D&D, we invited him, let’s call him Larry, around to join in the clown shoes campaign fun with less than stellar results. We mostly just did silly generic 5e games with all of our friends being good and bad results either way with weird stories to tell for ages... But to keep it on track I'll talk mostly about my experience with Larry... I don't remember a lot of the stories that well, but the highlights of high school D&D is Larry getting mad at things not going his way or when he plays a quasi- Deadpool kind of edgy character and doesn't get rewarded for being edgy. When Larry is doing good mentally, he's not bad at D&D but little things would sort of *""trigger""* him. Namely, if he wasn't rewarded after a bad roll, (which you shouldn't be) and/or he got into a fight with the DM over nonsense and pointless stuff. Larry had this weird obsession with ""fighting God"" which he saw the DM as and decided to roleplay some deicide moment with a level 1 character to show ""anyone can over come god..."" which had nothing to do with the campaign, but hey, I remember the first time I questioned religion too... So, one game he ground a game to a halt in an argument about him rolling a 1 for something like an attack and in frustration, without reason or prompt, he says. ""I roll to kill myself""... Rolls Nat 20. DM grants him his wish and he cries in frustration and pouts, his intention was to derail the campaign in a fight against god in the after life which was a proxy for his PC and the DM of that game... he's that kind of player. This led to us as a large friend group adding him to a list of people we don't play D&D with, including our friend who had a weird obsession with growing things inside of their armor until they popped. Times goes on we fall out of TTRPGs and move on with our lives with a few cringey memories and good laughs of faking to be the body of a Lich's wife we’ve just killed and one buddy failing a ""genital size check"" when seducing someone at a bar.

Fast forward 6 years, we've all moved on from high school, large friend group is mostly intact with us starting legit careers and families which is wonderful except for Larry. We all understand Larry has problems and we tried, once again, to include him as our friend in group events and games. Our Mutual friend, let's call him Jack, has a coworker buddy who has extensive DMing history and has played a lot and was wanting to open a campaign. I was big into the Counter Monkey series at the time and wanted to try a ""not clown shoes"" version of D&D for once so I opted in on Jack's request. Before I start here's our cast

* Myself playing a generic bard thief or something, nothing too interesting but I don't remember too much
* DM (Lets call him Adam): Longhaired dude in all black, gave me edgelord vibes but we got along and he turned out to be a decent dude.
* Jack: Short mutual friend who is playing a Dwarf fighter, funny because he's short
* Larry: Playing a Chaotic Neutral barbarian, who is this emo looking dude with these weird hippie vibes (I imagine the protagonist from Hatred if he liked Cheech and Chong movies)
* Larry's GF Lizz: Playing a Healing Wizard or something (I honestly don't remember)
* Sarah: Playing A Pirate kind of Character (Class I don't remember but she was basically a more competent Jack Sparrow)

Enter, Larry's home. A disgusting hoarder house with trash everywhere and barley room to walk to the table in the living room to play, flies everywhere, and an odor of BO and something else. Get introduced to Adam, decent dude, kinda stone-faced straight forward, nice enough kinda dude but very no BS and direct. See Jack and Sarah come while Larry is writing his Character sheet (he lost his from the first session and is rewriting the character). Adam is helping Larry make his sheet and I offer in input. Soon find out me and Adam, although opposite in a lot of ways, vibe on RPG philosophy and a few other things but he doesn't know Larry like I do, meaning he doesn't know that Larry will get super defensive and relate things to past trauma when he feels called out... Larry asks questions about how to really get the most out of his alignment which both of us basically explain roughly that Chaotic Neutral is doing what you want outside the ideas of the law but behaving somewhat selfishly but not outright with malice like an evil person but not always altruistically like a good person. Larry says he understands then waits until Adam calls us all over to start to start cooking food for everyone... so its been 1 hour of Character creation with us now starting and Larry is derailing it which Adam is instantly annoyed by. Larry explains he bought us all steaks to cook us while we play... which would have been great earlier and a very kind thing to do but this is not the right time for this. Larry is given prompts by DM while cooking where he RPs out while cooking until he finishes, which further annoyed Adam because he's not paying attention at all while making sure said steak is cooked right

The campaign starts at the end of a session I wasn't there for but the gist of it was Sarah's character was a pirate who is seeking fortune or something and is collecting crewmates to help on her travels and find quests to do inland to get money for a new ship. Her party so far is Herself, Jack and Larry so they just need to intro me and Lizz. Somehow Sarah's character lost her boat so, while I and Lizz eating IRL waiting on them, Sarah's party makes dock at the port were at and starts looking for suitable crewmen. 

Larry says ""No that can wait, lets find out ship first."" Party agrees and as I wait for my intro to the party, Larry searches for a ship to use, he comes across the owner of it scrapping off barnacles from the side of it

""Wow this is a great ship!"" Larry says

Old man replies ""Yes, she’s seen many a strange thing on these tides but she’s sturdy as can be.""

""Great, we'll take it."" - Larry

Adam stops and says ""Hey wait what the hell? Are you just gonna try and mug an entire ship?"" Larry says, ""Yes."" Adam explains that there are guards and military presence at this Port and that is a bad idea.

""IDGAF, I roll to attack."" -rolls low-

""You fail your attack and the owner cries for help, several guards surround you, roll for initiative."" says Adam.

Larry proceeds to piss and moan his way out of the mistake proclaiming ""Hey that’s not fair how am I supposed to roleplay my character if you stop me from being chaotic neutral?"" 

""There still a law enforcement present here, you can but there's still consequences to your actions like in real life."" - Adam

""Fine, fuck this, can we go back then?""- Larry

""Sure, just understand there is some reality to this, you can't just act without consequence."" - Adam

Me and Lizz are still waiting on the party to find us when Larry decides to take a more deceitful approach to taking the ship which further agitated Adam.

""Look I don't normally do this but, I'm trying to get you to find the rest of the party first, I will let you do this but Im not sure how your gonna pick up OP and Lizz.""

""Don't worry we got this you gotta believe man..."" - Larry. 

Larry re-roleplays the encoutner with the old man but this time with some subterfuge that rolls in his favor to be shown around the ship as an interested buyer wanting to learn more about ships. After getting on the deck with the party he attacks the man, succeeds the role but the man cries out for help that alerts the guards.

""DUDE WHAT THE SHIT IS THAT?!?!"" - Larry

""You attacked him, he called for help, and now the Port authorities are coming down on you, what do you do?"" - Adam

""Im gonna try something bare with me..."" - Larry

Larry proceeds to try to do some spell he pulled out of his ass to maybe teleport them away or disappear before the party is seen or something stupid but he specified it involved fire... which he failed setting the ship on fire as punishment. Larry does not take this as punishment, Larry doubles down and starts casting.

""I cast any fire related magic and set anything we have on fire to burn the ship to get away...""

Adam has enough and explains ""You burn the ship and it sinks slowly into the water with the entire party on board, roll to save.""

Larry is almost screaming at this point... ""How the fuck am I supposed to role play chaotic neutral if you don't let me be chaotic.""

In jumps me and Adam explaining that being Deadpool's batshit psycho, violent brother Daryl doesn't make you chaotic neutral...

""Well what does it make me?"" - Larry

""... it makes you chaotic stupid."" - Adam

Turns out being called stupid is a trigger for Larry as he balls his fists up and starts frustration crying and screaming, I'm not stupid, I am not stupid, as he occasionally beat his fist on the table, tears rolling down his face as Lizz ran to his side to comfort him, Jack and Sarah offering him a blunt to smoke to make it all better, Adam with his head in his hands staring at the group of complete strangers who he watched console a problem player with pot after he committed arson... all the while I was eating an amazing medium rare steak while still waiting to be included in this campaign. Adam attempted to restart the campaign but some how the attempts to restart the session ended with irrelevant political talk because Larry found ""favorite political guy owns opposite person"" videos which Adam was said opposite person. Which lead to a circle jerk of Larry being political and getting into it with Adam and me saying, ""Hey Larry, we line up on a lot of things politically and agree with the guy your talking about but what does that have to do with D&D? This isn't a debate team... this is stupid."" Which due to my poor choice of words because I restarted his tantrum with him crying again screaming and running outside for a cigarette


The session ended with half the people there consoling Larry, everyone smoking pot, sadly not me I was in school for a medical job, and Adam telling his coworkers about how awkward and cringey this was.

Tl;Dr Chaotic Stupid PC got called chaotic stupid and proceeded to throw a temper tantrum because DM wasn't gonna let him do stuff without consequence, got high then cried when no one cared about him bringing up political stuff... the steak I was eating through out this session was amazing though",
post,JUSTNOFAMILY,Am I being unreasonable with my grandparents?,https://www.reddit.com/r/JUSTNOFAMILY/comments/hyqsqt/am_i_being_unreasonable_with_my_grandparents/,2020-07-27 04:48:36 PDT,3,"Very general summary of my family: My family is a shitshow circus and over the years I've slowly gone insane. Grandparents on one side married for financial security and not love and grandma is just afraid of her own shadow and permanently stuck in 1959. Grandparents on the other side also married just for financial security and to get away from their bad parents. It's these that I'll mostly be talking about.

My mum is a pure narcissist and an abuser and my father is an enabler. Result is that I've been depressed and disadvantaged for my whole life, and my brother stopped trying to keep it together and assaults and breaks things all the time. So in retrospect we have a domestic violence case in our home and he's actually been arrested.

But I'm mostly seeking advice on the deteriorated relationship with my grandparents. By the way they were also effectively our surrogate parents growing up, but it appears that they knew nothing about how to raise a child past the age of 12.

Over the years I grew very angry at them for making my mother the way she is, and got even more angry as my mum and uncle revealed how they were raised. What I mean is that my grandma abused and neglected her children and my grandpa was a complete enabler. They deny that any abuse or neglect ever went on.

But that factor was not what made me want to estrange from them. Their general attitude towards life and my problems depresses and angers me. My mental health problems became worse and worse, there hasn't been a week since I was 12 where I didn't think about killing myself. I couldn't just stay silent on what I was going through and my anxiety and depression.

&#x200B;

* Whenever I would try to reach out to them about my problems, tell them what horrible things were going on in my head 24/7, they acted so dismissive. They liked to pretend everything was sunshine and rainbows when things were always getting worse. They never wanted to acknowledge that anything was ever wrong, with anything or anyone. And so they would either flat out ignore my words, say I'm just saying things, or even call me attention seeking. When I told them about my autism diagnoses (confirmed twice), they didn't believe me, diminished my struggles, laughed at me, told me point blank 'you don't have autism'. Even till this day, when I mention that they deny all my struggles and mental problems, they exclaim: ""What? What struggles? What problems?"" They literally don't percieve how deeply things are effecting me.
* They care about others but not me. They knew people and distant relatives who had mental illness and even went through psychosis. They worried about them comitting suicide and getting worse. Meanwhile with me they would be so dismissive of my problems can couldn't even bear say the word 'suicide' or anything related to bad mental health.
* They treat my violent brother (17) with kiddy gloves. Starting about 2 years ago my brother started acting out, first breaking things and then moving on to assaulting our parents. He's broken countless things, including 5 phones, 2 laptops, a door, and my dad's nose. This is besides having the hygiene skills of a 2 year old and never lifting a finger around the house and being severely irresponsible. They criticise me constantly, from the decisions I take, to the way I think about him, to what I wear. I'm always expected to be the diligent and responsible one, to be the one to visit them. Meanwhile he literally once admitted 'I broke the computer', and they barely reacted, and continued criticising me.
* They get angry at me for telling them the truth about the domestic violence situation at home, when they asked for it. They would ask me, and I would just tell them that it's obviously bad and that I'm not supposed to talk about it, and that they shouldn't ask. 10 minutes pass. They ask me again, I warn them they won't like it. I tell them. They tell me to stop talking because it's bad for their health, and criticise me for abandoning my brother (when we mutually hate each other and he's the problem), and then criticise me for always being 'negative'.
* I came out to them as bisexual years ago and they never accepted it. They're not as stuck in the 1950s as my other grandma, but let's just say I didn't expect such closed-mindedness from them. They accused me of doing it for attention, or being confused. Even after, they kept making homophobic jokes about others. I also came out to them as an atheist, where they tried to convert me for 2 days before giving up. Even though they know I'm actively opposed to religion and consider their prayers an insult, they keep constantly telling me 'I'll pray for you'. I know this is typical boomer behaviour, but it doesn't change that it's incredibly immature and hurtful.
* Regular old person stuff. They've lost interest in life. They complain about things and ask me for advice, but don't follow it because they're too stuck in their routine. I mention new things that by their facial expressions they clearly don't understand, but they don't bother to ask about them. I talk about things and they look like they're not even listening.

All this has been building up for about 5 years. I tried many times to communicate with them and tell them they were hurting me, but they were constantly puzzled at my reasons and kept saying they didn't mean it that way, that I'm interpreting wrong. Until 2 years ago, I hadn't gone a week in my life without visiting them. And now my visits are every 3 months because I can't stand them.

Today I made a full explanation as to why I don't like them and how they've hurt me and we had a deep discussion. (Just saying this is mostly between me and grandma, as grandpa has dementia and can barley keep up sometimes). My grandma keeps insisting that her actions were not dismissive but that she was trying to keep thing positive. I tried to tell her that it hurt me, that never acknowledging my problems was dismissing them, that especially calling me attention-seeking and dismissing that I have mental health problems was hurtful. And then she interprets it as me wanting things to get worse.

We remain in those two opposing positions, and I just can't stand her anymore.",
post,relationship_advice,Advice on getting away from my violent brother??,https://www.reddit.com/r/relationship_advice/comments/hkoqps/advice_on_getting_away_from_my_violent_brother/,2020-07-03 11:56:16 PDT,1,"I'm not sure if this is the right place to ask but here we go.
Also english isn't my first language so please feel free to correct any errors.

Backstory: me (15F) and my brother (almost 13M) live every other week at our mom's and every other at our dad's place. My dad also has a 3 y/o toddler with his new fiancé. My mom was in a (very) abusive relationship around 4 years ago. But that is another story to tell. That altough means I'm pretty scared around men I don't know well. Now about my brother. He has a gaming problem and is diagnosed with adhd. When he has been gaming too long, he gets mad from the smallst things. And oh boy if u take his laptop/phone/xbox away he will get really really upset and usually violent. (For example last summer my mom took his phone away and told him to do some chores and went to work. I said something that made him mad and he threatned to k*ll me with a big hammer.) Our parents have tried to control his gaming but he is a pretty good hacker and has broke all the firewalls stopping him from playing games...

Now what has happened in the past week: last saturday night we were at our mom's amd around 1am I asked my brother to put his volume down because I was going to sleep. (We share a bedroom there) and he basically beat me up. My mom took his computer completely away and it went super well which was suprising. Well today we went back to our dad's place but my dad took the computer away too. Apparently he assumed he would get it back here. Well he got mad again. Started to hit and kick walls, his bed and other furniture in his room. I was scared as heck at this point and got a panick attack so I'm not sure what happened next but this is what my dad and stepmom told me: he went into the kitchen and took a knife and put it onto his neck and started yelling that he doesn't have a reason to live if he won't get his computer back. My stepmom took the toddler outside to the neighbours. Then my dad managed to somehow take the knife away from my brother but he ran away to his room again. My dad called my mom and the emergency service. My dad then calms him down and calls some sort of support phone etc.

This is like the 4th time this year we have had to call cops to our house. It is so stressful and I'm constantly scared of being near him. I have talked about this to my mom but she can't really do much. Every time my brother gets violent I get more and more scared. It has now gotten to the point that I hear a loud bang and almost have a panick attack. Many people have just laughed it off because ""I'm older and he is just a pre-teen"" but he is almost 10cm taller than me and has been to boxing and is generally way stronger and bigger than me. I want to get away from him but I don't know how. I'm next year going to a higher education so I might be able to get my own apartment but I don't know if I can take another year. Please help...",
post,relationship_advice,My Violent Brother Has Been Tearing Apart Our Family,https://www.reddit.com/r/relationship_advice/comments/gsp7zn/my_violent_brother_has_been_tearing_apart_our/,2020-05-29 01:48:22 PDT,6," \*not a throwaway acc\*

Okay, honestly, I really don't know where to start here. This hasn't been going on super long now, but so much has happened that it's hard to condense it all into one post, but I'll start by saying my younger brother, Aaron (15M), has been having mental health problems for around three years. He was always a very argumentative child, always believed he was in the right, but he was never disrespectful toward my parents, especially my mom, who he adored.  
I miss those days. Now, every morning, my I wake up to my mom crying over some horrific thing he's said to her.  
I think it really started when he started high school and promptly failed all of his classes. My parents encouraged him a lot, tried to help him with homework, but he refused their help and lied frequently about his work. He started to ditch classes and ignore tests, simply putting his head down and turning in a blank sheet. I knew something was much worse when another situation arose. His French teacher (whom he didn't like) would text the class assignments, and when she had a typo in her text, he responded with a correction and the comment ""you should know, fucktard, you're the teacher."" She asked ""Excuse me?"" to which he responded ""You heard me. You. Should. Know. Fucktard.""  
Clearly, he received detention for that. But later, he convinced my parents to drop him out of normal school and enroll in online school, where it would apparently suit him ""much better"" because that was ""his specific learning style.""  
My parents allowed him to do this. They trusted him to fix his mistakes. Of course, he failed all of his courses hardcore, refused to do any work, and spent all of his days playing online DnD with strangers and Minecraft. My parents took away his phone and Xbox as punishment, but he didn't seem to care at all. In fact, he mocked them for it, saying how it didn't matter, because he would just use the school laptop to play games.  
He started to be so cruel to my grandma (who lives with us) that she stopped talking to him. She has a tendency to be strict and disciplinary, but the way he screamed at her made her so terrified that she can't even look at him anymore. He seems to take pride in this. I think it's disgusting, as she dealt with an abusive husband for 14 years who broke her arm and treated her in a very similar way. She has told me that Aaron acts just like him, and she's scared for her daughter's safety.  
Aaron once told me how he was ""different"" and that he suspected he was a sociopath due to his pathological lying. I genuinely believe that he thinks this is cool. He thinks it's edgy and has now taken joy in upsetting our parents in different ways. He started to go into screaming fits where he would scream ""FUCK"" every two words, where he would be so loud and scary that my mom and I both legitimately thought he was going to kill us. I have severe anxiety, my mother grew up with a very abusive father, and our poor beagle dog is a very panicky rescue, and we all suffer panic attacks due to his rages. He has told us, multiple times, he doesn't care about that.  
Normally, my older brother, John (M21), would step in and try to put Aaron in his place, but he had moved states to go to law school. It was just me, my mom, my grandma, and my dad, who tends to stay very quiet on the matter. I don't think he wants to admit what's going on.  
Recently, my mom came into his room to clean his mirrors for him. Instead of being thankful, he turned to her, told her he was interrupting his Skyrim, and to ""get the fuck out of his room."" My mom was obviously very upset and tried to take his laptop because of this, but he refused to give it up, and promptly flew into one of his rages. My dad and mom had to hold him down in a sort of restrain because he was literally frothing at the mouth trying to attack them, screaming so hard I thought someone would definitely call the police. Somehow, my mom got the laptop, but she ended up with a split open finger and bled everywhere.   
My brother said he didn't care and wished he had done more to her. Then he burst into tears and started ranting about how fucking horrible we all were and that we don't know how to handle him because he's ""different."" He then said my parents were terrible parents, which they aren't. My mom does everything she can. I know my dad tries, but he himself has anxiety, too. Either way, I think they're better than he deserves.  
My parents called the doctor and upped his anti-depressant dosage, then started him on different ADHD meds. He genuinely started to do better, my older brother John came home due to covid-19, and Aaron's grades started to go up to Bs and Cs and even an A. I was so proud of him, we all were. I thought he was somehow cured, he seemed happier, everything.  
Yesterday, I woke up to police in my house. Aaron had spontaneously decided he was wiccan and tried to put up an altar in his room. My parents, two Christians, were uncomfortable with this and told him no. He flew into a rage, then decided he was going to try to force my mother and father to sign papers relinquishing their parental rights on him. He said some horrifically cruel things over text, like how he wasn't going to go to their funerals, and they would never see him again once he left. My mother called him a bully and an abuser, which he is turning out to be, and he called her insane and paranoid and said he didn't give a fuck about her any more. To rub salt in the wound, he decided he was going to call them by their first names now, since he didn't see them as his parents. He then called the police to try to get himself removed from the home.  
The police left after about forty five minutes of talking to him, obviously unable to do anything. Since then, he's been completely erratic, bouncing from almost normal to completely sadistic again, taunting my mom and dad and telling them he's going to be so happy in foster care. My mom and dad aren't going to relinquish their rights because they don't want to put that burden on the state and, obviously, he is their son. I have literally had to beg John, who has a very vigilante mentality, to not hurt Aaron. He's furious. He told me he's going to try to get Aaron to kill himself since he's ""a complete failure"".  
I'm horrified. I feel like I'm living in a literal war zone. As someone who already struggles with constant suicidal thoughts and self harm, this is not doing wonders for my mental health.  
Aaron is 6'3"" and 230 lbs, not much we can do to stop him if he gets violent. I'm terrified. I can't leave, I have no job, and I'm not willing to leave my mom alone with him, anyway. What am I supposed to do here? My parents say we should just give him time and support and love, but it doesn't seem to be working at all, and at this point I feel too disgusted to try to show him love. Should I keep trying that approach anyway? Is there literally anyone I can report this to? The police said we can't really do anything, but I was hoping that wasn't necessarily true... if anyone has gone through anything like this, please give some advice on how to handle it.  


TLDR; My younger brother Aaron has gone completely off the rails, verbally abuses my parents, acts like a sociopath, and called the cops to our house to try to get himself removed from my parents. Meanwhile, my vigilante older brother said he will encourage Aaron to kill himself. I am stuck in between it all. ",
post,relationship_advice,I do not want my sister to move back us for quarantine,https://www.reddit.com/r/relationship_advice/comments/fqptgi/i_do_not_want_my_sister_to_move_back_us_for/,2020-03-28 11:40:35 PDT,3,"Let me preface this by explaining our family's situation:

* i'm 29, quit my job a year ago to pursue full time studies with the support of my familly
* my sister is 36 with a phd in engineering teaching at uni, still employed, has a condo in the city (30 minutes away from us)
* my brother is 35, recently unemployed by choice, and seeking psychological treatments for having violence behavior and adhd.

Me and my brother live with my mom. Before my sister moved in to her condo last summer, she lived with my brother and mother for a year after she broke up with her ex. She looked for a condo and it wasnt completely finished so she had to wait a bit.

I moved in with my parents while I still had an ok job because I was lost and I wasnt feeling well.  I just quit cigarettes and all substances and I picked up gym and trying to better my life.

My sister was really mean to me, like she always is. everyone in the house knows she has a nasty character and  i was just supposed to accept it. she would literally tell me shut up i know want to hear what ur brother has to say, or other verbally abusive stuff. she would put me down for watching health related videos on [youtube.](https://youtube.One) One time I drove her to the metro station, and when I was talking about gym and how happy i am to have found it, she legit ignored me and wouldnt answer me and then she would tell me to pay attention on every little thing, I was going to do an accident. And that was the last straw for me. She gas lighted me so much during this year that she managed to make my parents push me to see a shrink and they were convinced i need medication. When I was employed and spending my own money, she managed to make my mom think i spend too much money (mind you she has literally double if not triple my salary) and that I spend my parents money without telling them. Later on that year, after 6 months of her shopping, I point out how on every grocery list she buys all her hair stuff and moisturizers and she just makes mom pay for them. When she was confronted she of course denied it, but I think this was one of the times my mom realized im not completely full of shit.

Mind you, I'm already on antidepressants. And as a kid,i was bullied by other people and my brother. And I was always just supposed to accept my brother who is ""sick"". anyways the story goes soo deep and I only was able to fathom the amplitude once i left drugs and decided to face my demons.

When my sister moved in to her condo, for the next 3 months, she would come every weekend, spend the whole weekend here, sitting in the living room all the time like always. And I mean always, she wake up at 5 and sleeps late and I would see her before i go to class and before i sleep, feeling super shitty. I would just stay in my room or try to leave home for the longest time possible.

Whenever I would try to say what my sister is doing to make me feel uncomfortable, my mom yells at me. She always fights me. When we would have fights about my sister, she would keep on fighting me until 2-3 am and tell me that she needs to shake me. It stopped when I told my mom if my sister keeps coming here i will hurt her, I will ruin her academic reputation online, I will go hurt her.

Suffice to say, I'm not able to forgive my sister. not for what has happened.

I'm currently dependent on my family financially, but I'm thinking of moving out and getting a better loan to finish school. my mom and my dad(who is away) do help me financially.

Yesterday, my sister called my mother saying that its the apocalypse out there and that they will declare state the emergency in her city (the city where I go to school). We are in Quebec for clarifications. My mother panicked and believed her like always. She told me she is bringing my sister here and I refused. I called my sister to tell her not to come, to leave my space alone, she has her own home. My mom was so angry she pushed me and shoved me and i pushed her back. My brother started yelling at me and he has tendencies to be violent.

He comes later to my room, i'm crying about this fucking hell i'm living in. He tells me to come pick up my sister with him and to make amends. When we go to pick up my sister, we go to a supermarket parking lot and he says because they don't want me to see where my sister lives (they all have previously visited her condo without me).  I told him why are you treating me like this and he starts yelling and becoming violent, telling me trust needs to be earned, not given.  He wanted to go back home and then come to pick up my sister on his own. while going out of the parking lot, I see my sister and I'm so angry my brother is still yelling at me I give her the finger. he stops the car and tells me what the fuck did i do. I was scared i go out of the car and go grab my sister and tell her to leave the fuck alone and stop ruining my life. They wanted to leave without me and leave me in the city. I refused to let my sister go and we went into the car. she sat in the back because she wants to be with the dog and i had to sit in the front next ot my violent brother. My brother started yelling agian while driving and waving his hand at me, I got so scared i called the cops. I gave them our address and told them I do not feel safe with my brother. When I did that he stopped. The cops were talking to me and I told them what he is doing. I told them to nevermind this because he is calm now, and that if it continues I will call them again. When i came back home I immediately went to my room.

My sister the heathen, came to talk to me, saying my brother was ""scared"".

The night was long. my sister went to sleep downstairs, not in her room next to mine at 10pm. I stayed with my mom going back and forth about what happened. I told her this is not normal and I will never accept that my brother treats me like this and where do we draw the line between this and domestic violence.  I told her I feared for my life.I only had my cellphone on.

We talked and I told her i'm sick and tired of you treating like lesser than a human being. I told her to remember when I was 19 and left and didn't talk to them again, that this will happen again as soon as i get a financially stable opportunity to leave this place. I was and still am traumatized. I'm not able to sleep properly its been a year with all those fights, this gas-lighting and constantly calling me crazy and that everything is made up.

I told her I want my sister out. I can't study and live properly if she will be here. Today my sister left and my mom was sad. I feel horrible. But This is so toxic for me. I feel bad and I keep telling myself no one would have felt bad if it was me. I'm literally the disposable youngest child, there was a reason why I would leave home and try to get away to live with my exes.

I dont know but this is so beyond toxic. If i had an apartment, I wouldn't come back here to spend quarantine. This doesn't even scratch the surface of the fucked up situation.

I guess I'm posting here to feel better, to seek validation of my position because currently I feel horrible.

tl;dr: My sister is a highschool mean girl and she has her house and job but she wants to move in with us for quarantine because she is entitled like that and I can't take it anymore",
post,AskReddit,"As a younger sister, how would you intimidate your abusive and violent brother-in-law into divorcing your sister who's scared of him?",https://www.reddit.com/r/AskReddit/comments/eotc05/as_a_younger_sister_how_would_you_intimidate_your/,2020-01-14 15:11:24 PST,1,,
post,JustNoTalk,"Family with difficult/greedy/violent brother, I'll mother and not acting/blinded dad.",https://www.reddit.com/r/JustNoTalk/comments/ekb5x5/family_with_difficultgreedyviolent_brother_ill/,2020-01-05 02:02:10 PST,6,"I want to visit my family every few weeks. I rely on them for money to go study and many of my friends I see when I'm home on weekends. So I won't stop visiting.

But I see my brother as dangerous for me, my parents and other people. I believe he is very unhealthy for all of us psychically but also physically dangerous and I'm worried I might be responsible for debts or damages he might cause.

There are too many things happening, I therefore I will just list some things:

- he steals money from my parents. Uses their credit card, takes their purse. Most of the money we get back (once 3k!) But small payments, my parents don't recognize
- he rarely beats my mother
- threatened me with a knife several years ago
- rarely threatens to kill me in my sleep
- rarely threatens to kill my mother
- always insults my mother (stupid, fat...) possibly being the cause for severe psychological illness (me and my psychologist view this as likely) wherefore my mother isn't able to keep up against him anymore
- constantly tells me and my mother to shut up in different hurtful ways resulting in both of us not really talking a lot at home
- bullies me since I was a child resulting in me having to go to a psychologist and having several problems with social situations
- occasionally doesn't go to school, doesn't care about his future as my parents (especially dad) pays everything when he annoys him enough
- believes for all hard work like cleaning or moving things he can use people from poor countries. Therefore is not accepting to have to work hard at school, during internships and such. (He didn't learn this at home, we very much do some hard work and cleaning ourselves)
- is ungrateful. His 400€ Christmas presents were not enough for him, he shouted for hours at us. He didn't have anyone a present, my dad then took about an hour to talk with him alone and have him be happy again. Didn't care about me being devastated about taking my time for family and then having whole day ruined.
- he drinks moderate amounts of alcohol, maybe up to 3 beer a week and rare excesses. But that with 15!! My dad buys the alcohol for him
- he drives rarely motor bike without drivers license. Often sits on the bike of others who drive quite dangerous. My dad tolerates that

I don't have proof of him threatening any of us. Though I could start recording some of his insults.

Child protective services once visited us, they believed only him, made my parents go through one year of therapy to better care for him and told them to give him more freedom and money.

My parents don't want to send him away. My mother might would, but my dad definitely not. He will finish school this year and then be probably unemployed, maybe will start some apprenticeship but definitely still live at home.",
post,Advice,"Family with difficult/greedy/violent brother, I'll mother and not acting/blinded dad.",https://www.reddit.com/r/Advice/comments/ek4x4d/family_with_difficultgreedyviolent_brother_ill/,2020-01-04 16:08:24 PST,1,"I want to visit my family every few weeks. I rely on them for money to go study and many of my friends I see when I'm home on weekends. So I won't stop visiting.

But I see my brother as dangerous for me, my parents and other people. I believe he is very unhealthy for all of us psychically but also physically dangerous and I'm worried I might be responsible for debts or damages he might cause.

There are too many things happening, I therefore I will just list some things:

- he steals money from my parents. Uses their credit card, takes their purse. Most of the money we get back (once 3k!) But small payments, my parents don't recognize
- he rarely beats my mother
- threatened me with a knife several years ago
- rarely threatens to kill me in my sleep
- rarely threatens to kill my mother
- always insults my mother (stupid, fat...) possibly being the cause for severe psychological illness (me and my psychologist view this as likely) wherefore my mother isn't able to keep up against him anymore
- constantly tells me and my mother to shut up in different hurtful ways resulting in both of us not really talking a lot at home
- bullies me since I was a child resulting in me having to go to a psychologist and having several problems with social situations
- occasionally doesn't go to school, doesn't care about his future as my parents (especially dad) pays everything when he annoys him enough
- believes for all hard work like cleaning or moving things he can use people from poor countries. Therefore is not accepting to have to work hard at school, during internships and such. (He didn't learn this at home, we very much do some hard work and cleaning ourselves)
- is ungrateful. His 400€ Christmas presents were not enough for him, he shouted for hours at us. He didn't have anyone a present, my dad then took about an hour to talk with him alone and have him be happy again. Didn't care about me being devastated about taking my time for family and then having whole day ruined.
- he drinks moderate amounts of alcohol, maybe up to 3 beer a week and rare excesses. But that with 15!! My dad buys the alcohol for him
- he drives rarely motor bike without drivers license. Often sits on the bike of others who drive quite dangerous. My dad tolerates that

I don't have proof of him threatening any of us. Though I could start recording some of his insults.

Child protective services once visited us, they believed only him, made my parents go through one year of therapy to better care for him and told them to give him more freedom and money.

My parents don't want to send him away. My mother might would, but my dad definitely not. He will finish school this year and then be probably unemployed, maybe will start some apprenticeship but definitely still live at home.",
post,LegalAdviceUK,"Did Housing association HAVE to let drug addicted,pregnant woman beating,knife wielding supermarket robber back into the same house that he and GF used as a hideout from Police until they had to kick down to get him after they both got out of jail?",https://www.reddit.com/r/LegalAdviceUK/comments/ejp2jw/did_housing_association_have_to_let_drug/,2020-01-03 17:05:45 PST,11,"We all moved in to our new build estate at the same time and from the very first night I had to call the police to next door due to domestic disputes and assaults.

One of the worst times was when he locked her outside in a towel at 1am.She responded by sreaming to the whole housing estate that he was a paedophile.

The same thing happened everytime.The police would get called,they'd come out but by the time they would get there things would quieten down and she would dispute he was even in the house.At that time there was a protective order out and he wasnt allowed to be near her or he would get lifted.

This went on for months all reported to the HA by various neighbours.

After already having one child taken away by social services and put in care ,she got pregnant again.She came to ask for money and tell me she was pregnant. 

The very same night I heard him hitting her.The police didnt even come out that time.

She got lifted for something a few days later and was in jail for a few weeks.

While she was away he spent all her money.She got out and was asking me for money.She claimed she needed money to get a taxi to the hospital as she thought she was miscarrrying.

A couple of days later he robbed a supermarket at knife point.

He was wanted by the police. The police came around three times daily in vans .The would bang the door scaring my little girl everytime.It took a week if this until they forced entry and got them out.

They both were jailed however before this they had given spare keys to a few of the homeless drug addict beggers from the high street  and they used it as a doss house while they were away.

The housing association expressed the view that whilst being in jail the tenancy still remained and they were entitled to let people stay .Reluctantly after weeks of complaints the HA changed the locks but the homless still  managed to get in.I could hear them. 

After months of the house being sat empty and having been told that they  had been evicted they moved back in.She gave birth to twins within a couple of weeks.The twins were placed in care.

I hadn't heard much from them but afte they were allowed to have the babies for an afternoon unsupervised that evening the same behaviour as before happened.Screaming, him kicking her out,her kicking the doors and windows until she gets back in.

There was an attempted murder next door on the other side of me after a mass street brawl a couple if days before Christmas.That neighbour survived and was let out and then overdosed in my hall on Christmas night after having had come  looking for help.He left the hospital in  the early hours of the morning and proceeded to break into his home by using the metal pole from the outside dryer to break the glass...it took a long time.My daughter was terrified, already upset from seeing the mass brawl earlier in the week.

To make matters worse the sister of the drug addict woman beating armed robber from next door on the ine side  has moved in with the Christmas overdoser on the other. She is a nasty little piece of work.She got done for attacking ambulance workers trying to help her and biting a police officer.Her brother before moving on to the estate had previously been jailed for driving without a license and being caught with weapons as he fled the police.

She stares me down everytime i leave my house even looking through my window at me when she goes from her to her brothers

So I have  this mentally unstable violent brother and sister duo staying either side of me.


Me in the middle ,a single mother to to a little autistic  7 year  old girl.

I moved my little girl from a village to this town after being offered this house.My marriage failed and we were homeless. It was a huge upheaval and I had to move my girl to a new school.

My question is did the housing association (in Scotland)really have to let them back.By behaving in an anti social manner for months, committing a crime, not actually being legally allowed to be together because of a protection order,using the house to hide from the police with them having kick the door in ,not paying rent since they moved in,not maintaining the property or garden and letting homeless people use it as a drug den were they not in breach of their tenancy.Has the Housing association felt sorry for them,bought a sob story and decided to run roughshod over the normal standards that any rational person would expect from a reputable Housing Association?

Ive done my home up beautiful for my little girl.I have gone £2500 into debt flooring it from top to bottom as it was a new build.I had to furnish it all from scratch. I've worked so hard.I just feel worthless now,like I can't provide a safe home for my daughter. I left my marriage with nothing.I thought this was my fresh start.I feel like a fool.I don't know where to go.I don't know how im going to get the strength to start over again.",
post,GriefSupport,🎤 PODCAST • Grief ~ How can I get over the death of a violent brother whom I both loved and hated?,https://www.reddit.com/r/GriefSupport/comments/dob8qn/podcast_grief_how_can_i_get_over_the_death_of_a/,2019-10-28 09:30:49 PDT,1,"&#x200B;

[This episode is at http:\/\/bit.ly\/3492WQv](https://preview.redd.it/3pf5m9gc6bv31.jpg?width=1574&format=pjpg&auto=webp&s=0b9775c15a0eeef9ac538cca15e2977bd4a2c8cd)

Past episodes are at [http://bit.ly/2qbQJGO](http://bit.ly/2qbQJGO)

Free romance advice - download chapter one of Dr. Kenner’s romance guidebook for free at [drkenner.com](https://drkenner.com)",
post,autism,How to help increasingly violent brother.,https://www.reddit.com/r/autism/comments/diyyg0/how_to_help_increasingly_violent_brother/,2019-10-16 18:06:22 PDT,8,"Hi All,

I'm so glad i found this sub, thank you to everyone who is here for being here. Just reading the sub makes me feel support. 

Anyway, my 17 year old brother is on the spectrum and his episodes of getting angry when he doesn't get his way/is corrected are becoming more frequent.  When he's in this mood he throws things,  he has broken phones, tvs , utensils etc. He has also attracted me and my mum once. 

My parents so far are only interested in miracle/religious  cures and i have been pleading with them to consider therapy,  or at least see someone who can help us understand his behavior. All to no avail. There are no consequences for the violent behavior,  all they do is look for another prophet to ""deliver "" him. 

He's also recently started,  well masturbating, i found out when i was hearing wierd noises coming from his room. The door was open. My parents are religious and I'm very sure they won't handle this well. I don't know how to either. 

My parents are useless when it comes to helping him become independent.  He can cook his own food but my mother will still wake up, ask him what he wants to eat and prepare it for him. I keep telling them to stop making him dependent on them. No one listens. 

I don't know how to talk to him. I'm 23 and really just want to move out of the craziness but i really feel scares for his future. 

Question is: What can I do to help?. I can't adopt him, neither can i take him to therapy myself. They won't let me.",
post,depression_help,How does a healthy friendship look like?,https://www.reddit.com/r/depression_help/comments/btzj28/how_does_a_healthy_friendship_look_like/,2019-05-28 05:37:45 PDT,2,"I’m afraid ill never be able to handle a relationship of any kind. 

I don’t have a family. My brother is a fucking violent asshole, my father a spineless hormonal piece of shit and my mum, though having a bit more self control now, still fucking blames everyone else but herself for my mental breakdown. She blames my dad, this, that, anyone but herself. How many times she fucking minimize other people’s pain to push her own. Over and over again. Though now at least she has self control so its more easier to fucking tolerate that bitch. 

But i will never be able to trust her. Ever. I don’t think ill be able to trust anyone in my family, except maybe my sister, but thats only because she’s the only one who didnt abuse me. We arent close anyway. 

However, now i realize that its too difficult to have any friendships. Close friendships at least. Im a writer. Every time i write characters with backstories like mine, I always write friends as rescue sibling figures or other adults as rescue parent figures. But i have none. None that i can depend on for emotional support. I remember that I used to have a girlfriend and I was too emotional, I used her as my own therapist which ruined any chance of friendship between us. 

And now, i don’t know whether i will ever have any friends whom i can depend on like family because I have the tendency to ruin it, either by expecting too much, talking too much about my own personal stuff, letting my stress get to me to become irritable. Or i just duck out and dont keep close contact because im scared of the uncertainty. I don’t know. I used to have close friends, that was when I was a Christian, but after I fell out of my faith it became much more difficult because frankly, they don’t understand me. My mind has been so fundamentally changed that its hard to relate on personal stuff anymore. Its even more difficult because a lot of my friends now are also friends with my fucking violent brother. I recently made friends with some non religious people whom i have more in common with and i think there may be a chance but the last meeting i was irritable because i was incredibly tired and im not sure whether it was right but the conversation led to me talking a little bit about how things ended between me and my first girlfriend, honestly, i was being a little bit too personal, though to be fair, it came up only for a few minutes, then we talked about something else. 

And most of all, none of these people have any obligation to help me. Everyone has their own issues. They don’t have to help me, though i will end up expecting them to anyway. I don’t know. 

Im also thinking though, i probably have too high expectations. I don’t really have an idea of a relationship where there is healthy conflict because now i have the tendency to run away at the first sign. Back then i just put up with my brother being violent to me and treating me like shit, now i cant tolerate any little thing. I don’t know what to do. 

I feel like i so desperately want a girlfriend to fill my emptiness but my family is the perfect example of what happens when you jump into things like that just to make yourself feel better without considering the responsibility.",
post,freefolk,Am I supposed to forget this and just look at Daenerys face when her abusive and violent brother was killed?,https://www.reddit.com/r/freefolk/comments/bpaarl/am_i_supposed_to_forget_this_and_just_look_at/,2019-05-16 02:13:20 PDT,19,,https://i.redd.it/kk064swfijy21.jpg
post,Advice,Sad 14 year old.someone please help,https://www.reddit.com/r/Advice/comments/bjn0w0/sad_14_year_oldsomeone_please_help/,2019-05-01 14:52:29 PDT,1,"Hello people.
I am a 14 year old boy that has a violent brother. His name is Andrew and he's 20 years old.
He has made me feel like I've hit rock bottom it even go so bad that I've used blades on myself and I have thought about dying soo much.
He has just slapped my sister who is 9 and told her to f*** off.
What can I do?",
post,raisedbynarcissists,"""I did everything I could to protect you!"" Woman, you hid me for 4 years and then just left me to fend for myself!!",https://www.reddit.com/r/raisedbynarcissists/comments/bj4rt9/i_did_everything_i_could_to_protect_you_woman_you/,2019-04-30 08:40:43 PDT,8,"So for as long as I can remember, I've been the punching bag for my older brother. Literally, from the second I was brought home as a newborn, my brother was after me. My nMother would tell the story of bringing me home when my brother took one look before slapping the shit out of my newborn face as if it were a funny story. We got in an argument recently after the events of my last post (basically, older brother as an adult is just as violent and unpredictable), and my nMother had the fucking gall to tell me she did everything she could to protect me and there was nothing more she could have done.  
 

So let me tell you how that safety plan went down. For the first 3-4 years of my life, my nMother basically hid me away. My brother and I were never alone in a room together and I had to be kept in someone's arms out of reach if we \*were\* in the same room. Then she just suddenly gave up and kept herself locked in her room watching TV and playing Solitaire. I started getting beaten up on a nearly daily basis, and she did nothing. She claimed without my dad backing her up, she had no power so there was no point (she never asked my dad for help, either...). My nMother would tell me to ""just walk away"" and to go to my room to avoid him. The only problem with that..? My brother destroyed the door to my room when I was 2 (parents and I were at the store, brother was left with our half brother, who's 12 years older than me. Probably was getting high tbh). So I had no bedroom door to close or lock behind me. So he'd just follow me in and continue the beating. My mother, across the hall, would maybe once in every 10 beatings come out and just yell, he'd scamper off and say he was defending himself and I'd get grounded. When I was about age 8, he started to sexually abuse me, and when I finally came forward? She tripled my allowance and every time the topic came up, she'd snap at me, saying I got what I \*really\* wanted and to fucking drop it.   
 

The funny part is, my nMother literally was charged with neglect, failure to protect, and failure to supervise when I was 14. So clearly she did not do shit. And not only did she not do shit to protect me, but she blames \*ME\* for her charges. Still, to this fucking day, she thinks she was a perfect mom and I was just a selfish brat she spoiled who wanted to fuck over her ""family"" for laughs, as well as maintaining there was nothing she could have done about her violent brother short of abandoning him somewhere.   
 

To which I always say, ""You could have tried being a fucking mother.""

&#x200B;

Sorry if the formatting is weird, I'm on mobile.",
post,TwoXChromosomes,Violent Brother-In-Law has me living in fear!,https://www.reddit.com/r/TwoXChromosomes/comments/bcnknp/violent_brotherinlaw_has_me_living_in_fear/,2019-04-12 23:01:58 PDT,1," So I have found myself in a situation that I am unable to handle the way  I would like. I have been with my fiance for almost 5 years now and as  part of this relationship I have hand to deal with his beyond mentally  unstable family. His family for the most part is broken into 2 halves  the good half and the bad half. Normally the bad half is easy to deal  with because they live 9 hours away from me (note I live in NSW,  Australia meaning they are on the opposite side of the state) we normal  have to deal with a phone call a month from his mother and sister but  never have to deal with his 2 horrible brothers. Things were basically  perfect until December last year. My partners violent brother got drunk  in the days after Christmas and beat their sister with a 2x4 plank  putting her in hospital. He ended getting put in gaol for a few days  until he could be released on bail to his aunt who we leave a few  streets over from. And so begins the drama. Said BIL doesn't know how to  look after himself so bums off everyone else. He was (obviously) found  guilty of his crime and now has to serve a 12 month good behavior bond  and a 7 month suspended sentence in the town where I reside. My town has  a population of 4,577 so EVERYONE knows what he did. He comes around  almost every day drunk or high or both. He rambles on nonsensically  about people who aren't white (category 1 for me), people who look at  him the wrong way, woman who don't show respect to men (category 2 for  me), anyone in the LGBTQ community, basically anything that pisses him  off. I've basically spent the last 5 months in fear of him and no one  not even the police will do anything for me. If he shows up at the house  I leave and wait to get the call to say his left then spend the walk  home watching my back and checking around every corner to make sure I  avoid him. The one time I said he tried to attack me over me asking him  to close a door because we have 2 dogs in the house who haven't been  fixed so we can't let them near each other (Not mine my FIL and good  BIL's dogs). The only thing that stopped him was my good BIL and my  fiance escorting him out of the house. I've called the cops, I reported  all the breaches of his good behavior bond and his still walking around a  free man. I'm honestly a wits end. I don't want to live in fear  anymore.",
post,inlaws,Violent Brother-In-Law,https://www.reddit.com/r/inlaws/comments/bcnhcf/violent_brotherinlaw/,2019-04-12 22:48:00 PDT,5,"So I have found myself in a situation that I am unable to handle the way I would like. I have been with my fiance for almost 5 years now and as part of this relationship I have hand to deal with his beyond mentally unstable family. His family for the most part is broken into 2 halves the good half and the bad half. Normally the bad half is easy to deal with because they live 9 hours away from me (note I live in NSW, Australia meaning they are on the opposite side of the state) we normal have to deal with a phone call a month from his mother and sister but never have to deal with his 2 horrible brothers. Things were basically perfect until December last year. My partners violent brother got drunk in the days after Christmas and beat their sister with a 2x4 plank putting her in hospital. He ended getting put in gaol for a few days until he could be released on bail to his aunt who we leave a few streets over from. And so begins the drama. Said BIL doesn't know how to look after himself so bums off everyone else. He was (obviously) found guilty of his crime and now has to serve a 12 month good behavior bond and a 7 month suspended sentence in the town where I reside. My town has a population of 4,577 so EVERYONE knows what he did. He comes around almost every day drunk or high or both. He rambles on nonsensically about people who aren't white (category 1 for me), people who look at him the wrong way, woman who don't show respect to men (category 2 for me), anyone in the LGBTQ community, basically anything that pisses him off. I've basically spent the last 5 months in fear of him and no one not even the police will do anything for me. If he shows up at the house I leave and wait to get the call to say his left then spend the walk home watching my back and checking around every corner to make sure I avoid him. The one time I said he tried to attack me over me asking him to close a door because we have 2 dogs in the house who haven't been fixed so we can't let them near each other (Not mine my FIL and good BIL's dogs). The only thing that stopped him was my good BIL and my fiance escorting him out of the house. I've called the cops, I reported all the breaches of his good behavior bond and his still walking around a free man. I'm honestly a wits end. I don't want to live in fear anymore.",
post,legaladvice,Parents won't evict violent brother.,https://www.reddit.com/r/legaladvice/comments/b3vvk8/parents_wont_evict_violent_brother/,2019-03-21 13:54:21 PDT,10," 

Once to twice a month my brother gets in an argument with my parents that escalates very quickly. The argument is always over something very small but as I said it escalates. Almost always the argument leads to violence, started by my brother. He has attacked my father before by repeatedly punching him in the back of the head (my dad has had a brain aneurysm). He almost always hits my mother, and once pulled a knife on her. 3 doors in my house have been torn off the hinges, and he abusively talks to my parents saying things like: Glad my fathers mom died, wishes my parents were dead, calls my mother thins like whore, slut, hooch, pussy, etc.  
My father always threatens to have him evicted, but never follows up on it.  
My brother is 18 years old, and lives with me and my parents, I am 16, what can I do legally to put an end to this? (this has been going on for over a year)

Side note: My brother is in the national guard and my parents contacted his sergeant when he pulled a knife on my mom, his sergeant honestly just didn't care, and did nothing about it.",
post,legaladvice,Brother stole identity at hospitital (Kentucky),https://www.reddit.com/r/legaladvice/comments/axg4yt/brother_stole_identity_at_hospitital_kentucky/,2019-03-04 18:56:21 PST,24,"Gonna try to keep this brief. My tweaker, bipolar, criminal brother went to the hospital and used my name. He ran up 4k in bills. I pressed charges and told the hospital what happened. I still got bills totaling nearly 4k (US). He's unstable, broke into several houses, used counterfeit bills etc. He's been in jail 6 years on and off, he's back now. The police have a warrant for identity theft (my identity.) Idk what else to do to clear my name. I am an unemployed father of a 15 month old baby girl (I had to quit work because my mom was my sitter and my violent brother got out and moved in.) What the fuck should i do? If it helps I can provide more details based on your questions.",
post,raisedbynarcissists,Mother from estranged NFamily stalking my FB page?,https://www.reddit.com/r/raisedbynarcissists/comments/9yijag/mother_from_estranged_nfamily_stalking_my_fb_page/,2018-11-19 08:56:33 PST,1,"I am somewhat estranged from my family, I grew up in a verbally/physically/mentally abusive household run by my alcoholic Nfather. I still do maintain contact with my mother (phone mostly..its been 5 yrs+ since I last saw her) but she was his enabler so there are mixed feelings there. 

She friended me on FB years ago and obsessively posted photos of my niece and nephew (of my estranged, abusive/violent brother who is like the mini-me of my father) on my page. I ended up de-friending her on FB because I couldn't take all the photos and the constant guilt tripping...

Even though she isn't friends with me on FB, she still frequents my profile page and today shared my newest profile picture (without my permission) on her timeline. I tried to figure out how to make that private on my FB settings (I thought they already were..) and I think I figured it out, but still...I feel violated. How does she not understand that if I wanted to share photos of myself with her, then I would do just that? She has always just helped herself to me and my space and continually crosses my boundaries again and again. My only reprieve is I've moved 14 hrs away so I now only have to deal with her remotely.

I don't want to block her, that seems...extreme? She is still my mother and I love her. But she doesn't listen to me, and she doesn't respect me or my boundaries. She never has. ",
post,Fantasy,"Review: Priest of Bones by Peter McLean (this is some excellent Peaky Blinders grimdark shit, my dudes)",https://www.reddit.com/r/Fantasy/comments/9lckg0/review_priest_of_bones_by_peter_mclean_this_is/,2018-10-04 07:50:31 PDT,36,">*It’s a dangerous thing, to choose the lesser of two evils.*  
>  
>*The war is over, and army priest Tomas Piety finally heads home with Lieutenant Bloody Anne at his side. When he arrives in the Stink, Tomas finds that his empire of crime has been stolen from him while at war. With his gang of Pious Men, Tomas will do whatever it takes to reclaim his businesses. But when he finds himself dragged into a web of political intrigue once again, and is forced to work in secret for the sinister Queen’s Men, everything gets more complicated.*  
>  
>*When loyalties stretch to the breaking point and violence only leads to violence, when people have run out of food, and hope, and places to hide, do not be surprised if they have also run out of mercy. As the Pious Men fight shadowy foreign infiltrators in the backstreet taverns and gambling dens of Tomas’s old life it becomes clear; the war is not over.*  
>  
>*It is only just beginning.*

-----------

To put it in the fewest words possible, Priest of Bones is to The Godfather and Peaky Blinders what The Lies of Locke Lamora was to heist movies.

I have to admit, I’m a sucker for when an author takes a genre or aesthetic that I’m familiar with from TV or cinema, and translates that into a fantasy novel. It lends a sense of familiarity to the work, and if the author is good enough, then the book can still feel fresh and unique enough to be its own thing.

Let’s get something straight: Peter McLean is definitely good enough.

Priest of Bones is the story of Tomas Piety, a crime boss who returns from war to find that his former operations are in ruins. The Pious Men—once a feared and respected crime family—are now pretty much non-existent. Piety decides to rebuild his empire with the help of his new friends from the war, but it soon becomes clear that gangsters and soldiers are not one and the same.

Much of the book follows Piety and his men as they seek to win back his businesses — namely boarding houses, whore houses, and gambling houses. There’s a lot of action, a lot of fighting, and just a touch of magic. The plot is fairly linear, with only a few twists and turns, but I never really got the feeling that this was a plot-oriented book. It leans a little more to the character side. It’s not deep and explorative, it’s more… meandering and observant. The first person perspective puts us inside Tomas Piety’s head, and little by little we learn more about who he is and what drives him as the story moves on.

I talk a lot about the importance of narrative voice when I review grimdark books, and I would be doing the author a disservice if I didn’t talk a little about that here. Tomas Piety’s personality bleeds through the pages of this book; his voice is distinct and infectious. McLean has done a tremendous job in constructing such an evocative manner of speaking, such that reading Priest of Bones feels less like reading a book, and more like your local hardman is telling you his life story down at the boozer.

But then, Piety isn’t the only character. While some first-person novels can make the side characters feel like furniture, Priest of Bones has a diverse and eclectic cast of characters with a range of quirks and personalities. There’s Bloody Anne, Piety’s Lieutenant turned closest confidant; Jochan, his disturbed and violent brother; Ailsa, a barmaid among… other things; and Billy the Boy, a 12-year-old orphan who has been touched by the Goddess.

Oh, and there’s a psychopath called Kant the Cunt. Just thought I should mention that.

Being a grimdark book, Priest of Bones does deal with some darker subjects, including child abuse and PTSD. It doesn’t glorify in the sordid details, however, and there’s a bit of a… twisted nobility to the book. Tomas Piety might be a crime lord and a murder, but he’s also a priest, and he thinks of himself as a good man. From the very first chapter it is clear that sexual assault is Not Fucking Okay in his eyes, and he’ll take extreme measures to ensure such things don’t happen under his watch.

To sum it all up, this was a bloody fantastic book that wouldn’t look out of place among the “grimdark royalty” of Martin, Abercrombie, and Lawrence. For anyone looking for another 5 star low fantasy story, or anyone who is a fan of mafia/crime movies and TV shows, I’d recommend that you pick up Priest of Bones as soon as you can.

--------

**Links:**  
* [Amazon UK](https://www.amazon.co.uk/Priest-Bones-War-Rose-Throne/dp/1787473481/) / [Amazon US](https://www.amazon.com/Priest-Bones-War-Rose-Throne/dp/0451490215/) / [Amazon CA](https://www.amazon.ca/Priest-Bones-Peter-McLean/dp/0451490215/)  
* [Goodreads](https://www.goodreads.com/book/show/37884491-priest-of-bones)",
post,rant,"I mean what I say, I wish people would stop acting like all families are perfect and everyone loves each other",https://www.reddit.com/r/rant/comments/9k36cv/i_mean_what_i_say_i_wish_people_would_stop_acting/,2018-09-29 20:46:37 PDT,2,"Whenever I say I don't care if my sister walks out on my life, that I don't give a shit, people say 'well, as annoying as my brother is, I wouldn't want that. haha you don't actually mean that'. Actually. I do. I am in no way claiming she was as bad as some people have it, but I bonded with a friend because he grew up with a violent brother who would constantly beat him as a kid. I just feel like these statements 'oh you actually love them deep down' is shit ass, especially for people like my friend.
My sister was shit ass but she only hit me 3 times, (and to be fair, in all my life I have hit her twice) other than that nothing. So no, she was never physically abusive, but she was verbally abusive. When she hit me she was 10, I was eight, so I'm willing to give her a pass on that, but she's still a fucking asshole. She went to rehab, and not to mention she had a host of problems. I have a mental problem myself, but that doesn't mean just because I understand her that I still give a shit about her. 
I'm not going to go into who's wrong who's right, I'm sure she has her side, but I still don't give a shit and I wish people will stop acting like families are perfect and because we came from the same parents that I have to love her.",
post,ITRPCommunity,"Hilla, Heir in Successional Conflict to the Mountain Clans",https://www.reddit.com/r/ITRPCommunity/comments/9bxhgt/hilla_heir_in_successional_conflict_to_the/,2018-08-31 14:13:40 PDT,3,"**Name and House:** Hilla of the Mountain Clans

**Age:** 26 [Born 273AA]

**Cultural Group:** Freefolk

**Appearance:** [Sharp faced and sharp witted, Hilla's ashen hair is widely believed to be a product of her birth- deep in the midst of a snowstorm.](https://imgur.com/4tqkh62)

**Gift(s):** Clever

**Skill(s):** Courtly, Bilingual (Common, Old Tongue or whatever the Freefolk use), Literacy

**Negative Trait:** N/A

**Starting Title(s):** Heir in conflict of the Mountain Clans

**Starting Location:** The Thundering Abyss (Main abode of the Mountain Clans)

**Alternate Characters:** Argrave Lyberr (/u/captainsteve345), Alys (/u/StitchesAndStones)

----------------------------------------------------

The Mountain Clans were usually ones for keeping to themselves, isolated upon their mountains and in their caves. But, with Hilla's grandfather, a desire for expansion was born. He was tired of his relegation to the backstage of Wildling 'politics', and wanted his tribe to branch out- and claim whatever they could. However, he died shortly before he could begin his expansion to give some living space to his peoples. His son, however, was far less war-mongering, and under him only small tracts of land were gained from people who didn't even notice; or care. Hilla, born to this more peaceful fellow and his wife, lived a rather happy childhood, cared for and nurtured in their humble dwelling. After being born on one of these quests for more living space- deep in the midst of a snowstorm that it was a wonder she lived out of- her parents were incredibly protective. She was more a **clever** girl than a fighting one, and her knowledge of **writing** (done mainly through Rody Hill's somewhat rusty memory of letters and numbers scratched endlessly into rocks- sometimes in memorable verses of the Seven Pointed Star, sometimes in old drinking songs and bawdy ballads. The wildlings may be savages, but they're crafty ones- a bit of stone on wood contact can leave a scratch deep enough to be legible, after all...), **common and old tongue** (the latter taught by her father, a tradition kept alive out of respect for heritage), and her expert **manners** merely served to display this; being taught most of this from a number of tutors, mainly men who'd gone behind the wall instead of on it for their crimes, and who'd been brought in and given shelter by the clan. They displayed far less hostility towards the folk on the Wall's other side, and Hilla's grandfather had been hoping to go behind it before his untimely demise, seeking legendary arms and armour he'd heard had lain beyond.


But, much like his father, Hilla's father suffered a sudden death; but with one change. He had left no heir claimed. It is now up to the 26 year old Hilla to try and claim her rightful place as the Chief of the Mountain Clans to carry on her father's wishes, lest her father's war-mongering and violent brother sieze the seat and bring ruin to everything the old chiefs had worked so hard to create.


-----------------------------------------------


273AA: Hilla is born to Chief Roggrim and Chieftess Gilny of the Mountain Clans


281AA: Hilla begins her education under the somewhat rusty tutelage of Rody Hill, a learned bastard who'd fled beyond the wall after killing a black brother- preferring a possible chance of survival to certain execution back in Westeros.

299AA: Hilla's father passes away, and the sucession crisis between Hilla and her uncle Jorkar begins...

-----------------------------------------------

Jorkar- Heir in Conflict with Hilla for the title of Clan Chief (Warrior- Axes)

Svally - Hilla's closest ally and most trusted friend (Medic)

Ornell - General to Hilla's forces, and brother-in-law of Hilla's late father. (General)",
post,AutoNewspaper,[AU] - Violent brother of slain extremist put on strictest supervision order | Sydney Morning Herald,https://www.reddit.com/r/AutoNewspaper/comments/95mao7/au_violent_brother_of_slain_extremist_put_on/,2018-08-08 07:06:43 PDT,1,,https://www.smh.com.au/national/nsw/violent-brother-of-slain-extremist-put-on-strictest-supervision-order-20180808-p4zwc0.html?ref=rss&utm_medium=rss&utm_source=rss_national
post,SMHauto,[AU] - Violent brother of slain extremist put on strictest supervision order,https://www.reddit.com/r/SMHauto/comments/95maa3/au_violent_brother_of_slain_extremist_put_on/,2018-08-08 07:05:29 PDT,1,,https://www.smh.com.au/national/nsw/violent-brother-of-slain-extremist-put-on-strictest-supervision-order-20180808-p4zwc0.html?ref=rss&utm_medium=rss&utm_source=rss_national
post,raisedbynarcissists,Advice please. Where do I go from here? The straw that broke the camel's back,https://www.reddit.com/r/raisedbynarcissists/comments/8zdyfv/advice_please_where_do_i_go_from_here_the_straw/,2018-07-16 12:27:43 PDT,5,"I've known all my life that my family's dynamics were dysfunctional. We lost my Dad over 8 years ago which left my Mom (61F) , my Brother (22M) and me (26F). 

In that short time, my Mom fell apart. She didn't know how to cook,clean, pay bills, take her medications or manage anything resembling a normal life. I swooped in to the rescue. Basically flunked out of my second year of college to become her glorified maid, cook and friend. My every thought was filled with how to keep her happy. We became very codependent.

 In the meanwhile, my brother became a terror. Given the lack of discipline, follow thru and care, he is a lazy uneducated uncaring immature manchild who lives off the government and has criminal record. He in a fit of anger physically assaulted my Mom as he was mad that a girl was leaving him. He was arrested only to be placed into her custody hours later thanks to my Mom's smooth talking ie: manipulation and mention of his ""disability"".

For much of my life before I met my SO mostly consisted of- cleaning a hoarding mess,cooking,paying bills, dispensing meds or attending to my Mom's whims and biting my tongue to avoid setting my violent brother off.

Once I met my SO, I started to realize that this isn't the way I wanted to live my life. In the past three years, I've tried to take steps in the right direction but I realize today it was all for naught.

In the three years since I made strides to change but yet I

* Still sleep in the same bed as my Mom as I have since Dad died. It was for comfort, now I just plain fear how it would be taken if I did want to sleep separately.
* Only stay the night at my SO one night every once in awhile (2-3 weeks on average) 
* Desperately fear the day she ever finds out I am sexually active with my love who was my first and we waited almost 2.5 years.
* Cannot make plans to do something that would take me away from home for fear of what would happen

I don't even think I would be writing this if it wasn't for what happened. What broke the camel's back. 

I went over to my SO's place for roughly 28 hours. I made sure there was plenty of food,cash,meds out and prepped. Much like when you leave your child with the babysitter. I come home to find the house stinking of marijuana from my brother who has been living in our front room with his latest lady. He refuses to go downstairs to his basement apartment as he's destroyed it to the point of uninhabitable which was the whole agreement of his lady moving in. But I'm sure you can guess how that worked out.

When I naturally made comment about it, I was met with ""It's my house. He's my son. He can do whatever he wants. I don't care if it's illegal."" My brother was naturally smirking with boasts ""See sissy, I'm the baby. I can do whatever I want. It's my world, you are just living in it.""

When I showed distaste I was met with sneers and told to shut the bleep up. Of how crazy I am and of how self important I think I am. Of how I shouldn't be allowed to go over to SO's place. I spent all night listening to them gloat about how wrong I am. And I instead of crying like norm asked myself why in god's green earth am I doing this to myself. 

In an attempt to let her see where I was coming, I wrote my Mom a note expressing my side before slinking off to her bed for bed. I go to work in AM, return to find them already making plans of how to spend my coming paycheck on my brother's ball joints as they urgently need replaced. I tell them no which doesn't go over well. I'm once again causing trouble and blowing things out of proportion. 

Which is why I find myself sitting in a library a town over balling my eyes out. Am I crazy? I need some outside POV.",
post,confession,i fucked up yesterday so bad on my boyfriend and i feel horrible!,https://www.reddit.com/r/confession/comments/8s8wt3/i_fucked_up_yesterday_so_bad_on_my_boyfriend_and/,2018-06-19 06:36:14 PDT,1,"TLDR: my boyfriends passed cheatings on me , caused me to have a i dont give a fuck attitude for a few seconds  and had a massage done on me with a few licks and kisses on my asshole and now i feel shitty and contemplating if i should tell him or not.

we are gay just to get this one out there and this will be long. he is 20 and im 26 (i know age gap and all but he acts mature for his age and i look 19 so its works lol)

ok so we met around august in 2016 and we were good friends. at january 2017 he confessed feelings for me and at february 4th we made it official relationship status as i liked him a lot too. we love each other a lot and we both made an agreement  to be honest with each other at all times no matter how painful it is. our relationship was amazing until he wanted to try a open relationship out of the sheer curiosity of it. i said no im not comfortable with it, so we left it. then some time past and he brought it up again and i said fine but then got angry and said no again, getting ready to break up with him cause it just felt offensive to my self esteem. but we talked and made up. then some time passed and he asked one last time, i caved and said fine we will try (i teared up in front of him agreeing to this cause i have a mental problem with my dick size and if he got fucked by a bigger dicka nd enjoys it more, my self esteem would get annihilated. but i agreed and we set boundaries of always telling each other when a hook up will happen , condoms only and what the hook up looks like. i did my part correctly but he cheated on me with his part. he told me he tried to take the dick from one guy with no condom but he only got the head in but it was to painful so they stopped and just did oral. he said if it felt good they would have stopped , put on a condom and then continued. i was hurt cause regardless he attempted raw sex. after i fucked a guy that destroyed my boyfriends ego , he called off the relationship and closed it again. i find out some time later that during the open relationship he did oral with that guy again but didnt tell me. he cheated on me again with that part. i got mad but we talked about it and i forgave and decided to move forward., we are happy and loving again. eventually we went to a sex shop because we are both freaky lol and saw gun oil lube. he said oh this is a great lube, i said how would you know that (in a joking manner) he said o cause (the guy from the open relationship that he cheated on me with) used it on me .i said oo ok it does look good. then it hit me i was like wait how would he know that if only the head of the guys dick got in there? so a day or two passed, i then asked my boyfriend how would you know if the lube was good if the head is all that got in you? my bf confesses and said he actually got the whole thing in me and stroked maybe 3-5 times with no condom but then stopped cause it hurt to much. i was angry again and said you lied again to me to my face, he cheated on me again. ( btw each time i confronted him on a lie and such about him cheating on me he cries and regrets it so bad and says he wants this to work cause im the first guy he ever loved and that he is a complete dumb ass and doesnt know why he did this). he finally said you should just get even with me or something cause i feel terrible about this, any way i was angry but forgave and moved forward cause i love him too.

time passed we are happy and now i caught him sexting with guys on tumblr , emails, and instagram plenty of times on each platform. i confronted him again cause im like he is cheating again on me, wtf. it was major pillow sex talk with these guys. in the convos, he was showing huge desire  to have sex with these guys , saying things like ""i want that big dick in my mouth and hole and you to gag me with it"", i was hurt. he cried each time i caught and confronted him, he said he was never going to do anything and that he just liked the pillow talk when he is alone cause he got no friends and no one besides me texts him , that he gets bored badly and this entertains him. this was a way to talk to people and cause he is just super horny so he said he couldnt control it, also that he has low self esteem so this made him feel desirable and sexy ( he sent vids of him using this big rainbow dildo on himself too with his face noticeable in it to many guys and these guys all expressed major desire to fuck him.) i caught him doing these sexting things with the vids and pics and major pillow talk a lot of times , so he cheated on me a lot when i think about it but only physically twice cause of the open relationship, but mentally he did plenty of times but i love him and he loves me so i forgave and continued and told him one more slip up and im done, i cant deal anymore. i also told him that i get it, when your bf or gf expresses desire and compliemnts you it feels good , but when a stranger does, it feels validating and extra good, like you got what it takes and good body parts to snag someone if you wanted to, a major ego boost , so i understand that but it still hurt non the less and that he was never gonna tell me ANYTHING from the sexting to the open relationship. only did cause i called him out and found proof of shit . he cried his eyes out the whole time and said he wont mess up again. he hasnt since (as far as i know, i havent spotted anything, i found all the convos thru snooping, a bad habit i gained cause of my exs trifling ways) so we been great after that.

now this is where i fucked up. my landlord fucked up and now the apartment is being taken so i have to find a room to rent and such, plus the water was always so cold that i couldnt shower correctly for days, so i stood at my boyfriends house with him and his family all last week. everything felt off , especially this weekend. i made so many advances to do sexual things, to just have conversation , cuddle, everything and he was just so non responsive. and into his games. he hasnt complimented me or anything in the longest , it made me feel so crappy and like something is wrong . when i ask he always says he is fine and or tired. i think its depression cause he hates his family and that he doesnt have a job and that his family treats him badly and he is just stuck there. his house situation is pure ass, autistic horrible and violent brother, and overly babied and spoiled 2yr old nephew that cries and screams for anything for extensive periods of time, an sister who  is a complete hypocrite ass to him and a totally irresponsible mother who always does stupid shit that yanks him into it, maybe thats why he is so crappy towards me .

anyway  yesterday i had a viewing to see a room so i went,cheap rent to so i felt like i had to give it a try and see it. the landlord guy was gay but manly/ super friendly and talkitive and major fast talker and did massages for a hobby for 12 years. it was blazing hot so my shirt was drenched in sweat so he asked me to take it off and he hung it up (i had a tank top under the shirt that i left on) and i was wearing shorts. he gave me water to drink and  wanted to give me a massage so i agreed cause 1) i didnt think anything of it and had my defenses on check, 2) i never got a actual massage before and my body is tense all the time. i laid on my stomach and he started to massage my back i felt ssssoooo relaxed omg, i never felt like this before, it was a natural high. he was a good conversation too so the talk and massage made me feel just really comfortable.  eventually he got to my legs and ass, i NEVER got a massage there before and it felt incredible like holy shit and he talked about how i have such great muscle/ thick legs and my ass is amazing, it felt so good being desired and complimented like that, i do this to my bf all the time no matter how depressed or stressed i am cause we are in a relationship and i try to fulfill my boyfriend duties and such all the time, to remind him that he is beautiful in my eyes and i sexually desire him all the time despite his major body issues, im being totally honest when i say these things to him but he never does to me, you know.. compliment and such and just make me feel good despite knowing he loves me so much. anyway as the massage went on ,he tried to lick my hole and i said im not comfortable with that and he stopped but kept massaging. i was so deep in the massage and truly relaxed it was insane, i felt high. i said i have to leave soon and he said ok ill wrap this up then. he kissed my hole and then licked it a few times. i wanted to tell him to stop but at that moment i didnt make him stop. the massage with the licks felt so good and in my head all i was thinking about was all the times my bf cheated on me, the lack of attention he gives and how  i basically pay for everything cause he doesnt have a job (he is looking) how stressed i am and how angry i am at him for everything he done to me mentally and him saying i should get even. that revenge side of me kicked in , so i said to myself well im getting even i guess and it felt alright to let him continue, he was like a total master with his hands , mixed with the tongue and stuff it was amazing. i quickly snapped out of it though and said yea i have to  go and stopped everything and left. my bf called and said how was the place and i said im not going to choose this as an option and went home.

 it was a long ride home and the entire time i felt guilt and tried to hold in my tears cause i feel so bad and guilty about this.  if my bf got a full body massage but nothing sexual happened, i wouldnt have problem at all, but if it included the licking of the asshole like mines did i would mind a lot cause that it means it got sexual. i want to tell him cause it feels like something i need to do but i read that if i know i would never cheat again ( i ssooooo wont!) that i should just keep it to myself and continue with our best foot forward like we been doing cause its gonna hurt him and its selfish of me to bring that pain to him, then i also read that i should tell the truth no matter what. i love him so much and i know he does love me so much too and i dont want anything possibly destroying us. i would talk to my best friend but i dont want my bfs image to be soiled in his eyes. im coming to you now reddit, can you help me sort through this? i know you guys would say we are a huge mess and we are but the love is there and i want to work on cleaning this mess and being good with each other.",
post,JUSTNOFAMILY,"Called cops on brother, now facing 2nd degree felony assault charges",https://www.reddit.com/r/JUSTNOFAMILY/comments/8kcycy/called_cops_on_brother_now_facing_2nd_degree/,2018-05-18 05:57:35 PDT,43,"To set the stage for what happened recently I live with my brother and mother. Our parents divorced when I was 16 and my brother was 10. For the most part I was raised by my dad and consequently heavily disciplined. My mother on the other hand handled my brother throughout his teens and he consequently was told ""please don't do X bad thing again"" for every incident that occurred. Fast forward to the present and he is in his early 20's as a HS drop out. He is known to fabricate ""traumatizing"" stories that are obviously false to get sympathy  from other family members and his friends. He is a notorious and habitual liar. Has been caught pawning my mom's jewelry and household appliances for weed/alcohol money. He has a short temper, similar to our father, but for the most part limits his anger to banging on doors and breaking his own stuff. He never takes responsibility for his problems and instead will instantly redirect by blaming others or pointing out someone else's flaws/shortcomings. For example, he's about 5'4"" and I'm 6'1"". He blames the difference in that he was malnourished as a kid when in reality he just complained about what we ate and went for junk food while I ate all the milk, veggies, and meat in sight no matter how it was prepared or tasted.

Occasionally, his temper involved getting physical with my mother and me if I happened to get his attention. Almost every time he gets physical drugs and/or alcohol is involved. The cycle is predictable. He will be fine for a few months. Then he will either start binge drinking daily or hang out with the wrong people and become increasingly aggressive to a point where we have a confrontation. Over the course of a week he becomes increasingly erratic/vulgar. It will climax with some sort of violent confrontation with my mom and/or me and then he will be fine for a few months til it repeats.

When he started getting physical it was when he was about 18. At that point all that would happen is him trying to push my mom around. Over the years once puberty kicked in my mom could no longer match physical strength and so he went from pushing her to punching/scratching. It was typically very minor but the screams from outside or across the house were enough to get my attention and I'd have to intervene. Early on he never went past trying to talk tough to me. Over time and after working out  his strength increased and he got it into his head he could take me on.

One major incident was a few years ago when he tried to take me on. I quickly took control and performed a chokehold until the point where he fell asleep. Panic ensued from my mom and she was more freaked out about him being knocked out than the fact that we were both physically assaulted. We had a few more confrontations similar to this over that year where he would attack my mom, I'd intervene, and he would attempt to ""fight"" me only to get knocked out.

Over the last year he went from simply trying to puff up and act tough to provoke a fight to reaching for tools. A screwdriver, a hammer, or a knife. Whatever was in reach he would hold and puff his chest up saying stupid things as if he was trying to prove how tough he was. I have no interest in risking my health or getting scarred by messing with weapons so I walk away and lock myself in my room. Often times it would end with him giving up with the weapons but still approaching me to get physical and consequently losing but I was increasingly getting more bruised/scratched up each time since he was still working out over the years and becoming more aggressive each time.

About 6 months ago when he got into his rage and tried to break my door down with a hammer I called the cops for the first time. It was resolved with him being instructed to separate from me. My mom agreed to take him somewhere else but just drove around the block a few times and he came back an hour later with fast food. I made it clear to him that I was not going to deal with the threats anymore. I told him that I'm not our mom and will not put up with it anymore. This seemed to work as when he would get belligerent it was just verbal and typical puffing up his chest from a distance. I could care less if he talked bad about me and wanted to act ""hard"". I gave up on convincing my mom to put her foot down.

A couple weeks ago he began binge drinking. His druggie friends passed by and he became erratic and started cursing more often as if he was trying to sound like some thug/tough guy. A few days ago he got into a confrontation with our neighbor. He actually assaulted them and punched the elderly woman next door a couple times. The cops came by, assumed he was intoxicated and told him to stay in the house. It turns out the neighbor didn't report the punches due to him lying about how he got accepted into Baylor and she didn't want to ruin his life. About 30 minutes later I walk out to the kitchen for some water. Our mom left the house to get away from him so it was just us. When he started rambling to me I told him I wasn't going to deal with this and to just let me go on with my day and I'll let him go on with his. He said ""I respect that"" and then literally 30 seconds later starts puffing up his chest and saying ""start some shit bitch"".  I walk to my room, lock my door, call the cops. They tell me since no crime was committed the best thing to do is just relax but if it gets worse to call them. 10 minutes later he starts saying things like ""see bitch I'm not going to jail"". My mom returns and so I figure it would be safe to go back to the kitchen and get my water and coffee I had made. He wastes no time in getting verbal, pushes my mom away, approaches me, and proceeds to grab a knife. I lock myself in a guest room and call 911. He cracks it open with the knife \(it's a large cleaver\) and holds it over his head as if he's going to throw it. I'm screaming the address and holding a very heavy blanket to at least absorb some of the throw if that's what it comes to. He laughs, walks away, cops are there in less than a minute it seemed like. Apparently he claimed I had a gun as they requested to search the house for a firearm.

At the end he is locked up for the first time in his life. The online booking information states the charge is aggravated assault against a family member which is a 2nd degree felony in Texas. I called our dad to let him know and he was upset but said this is his responsibility based on his choices \(which is how I feel\). Our mom on the other hand has been very depressed. She goes back and forth with blaming me for ruining his life with a felony, to accepting that this is a result of his own choices, to being hopeful that he will straighten up and learn his lesson. I have never seen her so sleepless and depressed. To add on to it, she was laid off a week ago and likely had near zero in retirement saved up due to spending so much on replacing things he breaks or paying for him on nearly everything.

I'm not sure what's going to happen. The bail hasn't been set yet and I have no idea what to expect. If he ends up in jail, which could very easily happen then I will feel honestly pretty bad at slapping a felony on him. I have no idea how my mom will react but it'll get worse seeing her fall into a larger depression but I would hope she starts to live her life for herself but I have my doubts that'd happen. If he ends up coming back home either on probation or dropped charges that is also just as much of a crapshoot. Probation would do him good to keep him sober but with the stipulation that still shows up on a criminal background search..so still a gigantic life setback. Either way... I can exist peacefully but I have no idea if he will become more aggressive towards me for calling the cops on him or if the time in jail will scare him to shape up. I cannot move out just yet since I'm hoping to find better work and save up enough to leave \(my #1 priority atm\). I'm also concerned my mom will blow more money on him \(bail deposit, going with a private attorney, and ignoring her own job search\) when she hasn't even got a dime saved up for retirement yet.

TL;DR: Called cops on violent brother who has been charged \(not convicted\) of aggravated assault \- 2nd degree felony. Wondering how to deal with the consequences of him getting locked up and how it will affect my mom or the possibility of him moving back and our house becoming even more hostile as I try to find new work and save up.

Small update: He was denied bail for whatever reason \- possibly as a recommendation from the police, because he can't pay \(zero income, unlikely job prospects\), or because they knew he would be right back here.. Either way he'll be spending over a  month in jail before his arraignment in late June. My mom talks to him daily and says he sounds suicidal and depressed and oddly asks about me. She said her attorney asked her if he was a drug addict because he displayed odd behavior as well.  She herself seems to have improved her mood somewhat and is back to eating and being productive and the house hasn't been this spotless in awhile. Knowing the Texas justice system, especially in Houston, it's going to be a very slow process and unless he gets lucky with leniency for a first offense then it'll come down hard. I'm sure he'll be fine in jail since my understanding it's mostly people minding their own business and waiting out the clock but I am mostly keeping an eye on my mom and how she handles the developments in the process. She's optimistic about it all, but I'm taking the more realistic view that things might not be so pretty but we will see I guess..",
post,Gotham,[Spoiler] Theory about Jeremiah,https://www.reddit.com/r/Gotham/comments/8huzaj/spoiler_theory_about_jeremiah/,2018-05-08 00:57:44 PDT,17,"I'm wondering, we only get the news of Jerome's deeds as a child from Jeremiah's point of view. What if he's lying?
Why would you CHOOSE to keep the son who's murdering animals and torturing his twin brother? You wouldn't hide him away from the rest of the world to protect him from his violent brother. THAT's the one you put as far away from you and your family as possible. What if Jerome is so fucked up because of the torture Jeremiah put him through as a kid? What if the toxin didn't make Jeremiah crazy, but it gave him the excuse to be who he truly was, and that was the great joke Jerome played before he died. He made Jeremiah take off his mask and show the world who he truly was, because dosing him with ""insanity toxin"" would be the perfect excuse to act on the desires he hid from the world after his parents sent him to St.Ignatous, which sounds like a Catholic school, to hopefully put the fear of god into the violent, sadistic child they couldn't control anymore. 
Jeremiah admitted to lying to their mother about Jerome threatening him. What if he thought they'd believe Jerome if he told them what his brother had done to him? Mom didn't believe it, but maybe their Uncle saw through Jeremiah's manipulation and lies and decided he needed to be sent away from the family for their own good? 
Remember, Jerome pretended to be very timid at the start of the show. I don't think his family knew how twisted and hate filled he was getting, like his brother. I think Jerome played the quiet, timid, abused brother until the moment he killed his mom, revealing he was just as twisted as Jeremiah. 
I think Jeremiah is, and always was, a psychopath. Just not in the same way Jerome was. He's cold, calculating, manipulative, and thinks 10 steps ahead of his opponent. I feel like he's a great representation of the Golden Age Joker that we've never seen in film or on TV, we're all used to the corny jokes, the maniacal laughter at death and destruction, so this Joker who is cold, smiles   little, and calmly sets fire to his entire cult of followers without batting an eye is a jar to the system. 
We've only been shown very little of this Joker, but has the potential to be one of the greatest we've ever seen. I think once his ""mask"" has been removed to show the world who he truly is and he starts his obsession with Bruce Wayne, we're going to start seeing elements of him laughing more, bringing in the aspects of the recent Joker we've seen in the comics and media. While Jerome was the Joker who wanted the worlds eyes on him, to set it on fire and watch it burn while having a few laughs, Jeremiah is the Joker who is obsessed with Batman. Who cares about the world? He only enjoys those moments when he's trying to outsmart his greatest rival. The lives of everyone else doesn't matter, what matters is the personal game he's playing. The Joker that would beat Harley Quinn if she got close to outsmarting Batman, because that's HIS job. 
So for people who are worried about this direction, stay calm. If I'm right, I think we're getting ready to see one of the greatest portrayals of Joker on screen, because he very much is the Joker. Just not the one we're used to seeing portrayed on screen.",
post,legaladvice,"My 19 year old brother is violently autistic and harms and sucks the lives out of my parents, what are their options? (CA, US)",https://www.reddit.com/r/legaladvice/comments/8cval6/my_19_year_old_brother_is_violently_autistic_and/,2018-04-17 02:38:14 PDT,565,"My at-retirement-age parents currently take care of my nineteen year old autistic brother who increasingly becomes more violent and easily tempered every living day. One of their reasons to not send my brother away is for financial stability, as their main source of income comes from government programs and unions for caretakers from what I understand. 

For some history with myself living with my brother, his violent episodes require our entire family of five to restrain him from both hurting himself and the family, and it's become physically and emotionally draining to live in the household ready for him to have an emotional episode. 

I personally don't think that we can harbor him in this household anymore. Throughout his teens and his current adult years, the times where my parents and my siblings have to defend ourselves has raised in frequency from every month or so to every night. I don't know how much they're going to last, as they are hit by my brother on a daily basis.

I'm interested to find out what responsibilities my parents really have to keep him in the house, any outs to our situation with him, and how taxing it would really be for him to be sent off. Our previous efforts into hiring help or even public school systems have all been worthless, as he's been expelled from every school in our current district and two surrounding districts. 

EDIT: editing 14 hours after post, I'd like to say thanks to everyone for the valuable information. I'll be going over all of these comments with my parents. 

For those who are asking about other siblings and my current age, there is myself, my violent brother, and my sister who just graduated from university and is planning to move to another country within the following year or two. My plans, if we don't need to go to complete drastic measures into considering assault charges, are to figure out settling on some of these services when I move out because I definitely cannot be the only person outside of my parents to cater for my brother. On top of that, I feel like some financial burden would be lifted if both my sister and I moved out which would be an extra incentive to move my brother away, since my parents are so stuck on the idea that their paychecks are at stake. ",
post,raisedbynarcissists,An Entire Family of Bullies. (are they narcissists?),https://www.reddit.com/r/raisedbynarcissists/comments/86enjq/an_entire_family_of_bullies_are_they_narcissists/,2018-03-22 13:12:34 PDT,3,"   I'm coming to realize what a common thing narcissistic families really are, but I'm not sure if mine is one, or if they are just awful in a different way.

   Most of my family members are bullies and I've had enough of them. My father was a contemptible racist as well as an obvious narcissist, but he is no longer in the picture. 
  The problem really stems from my half siblings. i am the youngest of five children, the second daughter. The age gap between us is huge. The oldest, my sister, is 16 years older than me.                                             
       
   Most of my sibling tribe is male, (Two brothers 12 years older and one that is one year older) the only exception is my sister who is masculine and gay.    

You see, in my house, women are all 'crazy', domineering and otherwise inferior. It was always treated as as 'just a joke' though. That's the M.O of these people. 
""It's just a joke, why are you being so *sensitive* about it?""      

My entire life I was degraded for being female and I didn't even notice it was happening. When I asked to be a part of their activities, I was denied. ""Girls don't like football. Go do something else."" 

I was witnessing their misogyny from the very beginning also. I overheard things said about women that no child should ever hear. Horribly vulgar, sexual things were said in front of me at a young age.  When I was seven, one of my brothers asked me if my dance instructor ""liked having sex"" because he found her attractive. 
Much worse things were said, but I don't care to repeat them. 

 The youngest of my brothers (my only full-blooded sibling) has been corrupted by this too. He started using drugs when I was 16, and following years of his minor physical abuse and threats to kill me, he tried to choke me and I finally called the police. 
   The only person made to be shamed by this was me. 
""How could you call the cops on your own brother?"" 
I heard it for years. 
Much time has passed since that incident. That brother has calmed into a mostly functional alcoholic. They are all, or have been, alcoholics or worse.

   I was married to a person who was very like them and I've since been divorced. The divorce was made especially ugly by the members of my horrible family. I received more death threats by that violent brother, and I was nearly disowned for choosing not to be with the husband who was about an inch away from starting to beat me.
  All of this was made worse when I started seeing a man that had been a mutual friend of me and my ex-husband. 
He also received death threats from my brother because he had the audacity to date me. 
My other two brothers renounced him because dating a woman that WAS married to a friend of his is ""against the bro-code"".
During this time, my sister got on FaceBook and called me a whore to everyone I knew. 

None of that could stop me however. I fell in love with that man, and we have been married for three years this June. We have a two year old son as well.
   
   We've been transferred all over for his work, and it's only since I've been away from them can I see what they are and that I need to distance myself.  Of course, they have noticed my distance and are laying their brand of humor-veiled guilt on me. 
Guilt like: ""I'd call you for your birthday, but you don't like me enough to give me your phone number."" as a FaceBook post on my birthday. This brother knows at least two people who have the number. 
 
That brother and the youngest son skipped out last minute on a gender-reveal dinner when I was pregnant. 
All I heard was ""you know better than to schedule something when a football game is on."" It was an unexpected playoff game and this dinner had been planned for more than a month. They pretended not to know about it so they could get out of it.

  The sanest of this crew is a man we'll call *Liar* because he is a compulsive and pathological liar (if you can be both). Everything you do or have done, he's done. 

He's lived in 20 different countries, he knows more about moving internationally than you. *He lived in Chicago for four months once and ""moved"" to Australia for two weeks before coming home.* 
He has a Ph.D, what do you know about college? *Despite being financially successful, he never earned his bachelor's degree.* 
Don't get a divorce, you'll owe your husband half of the cost of your house. Trust him, he knows. *He's never been divorced.*

If you have the audacity to tell *Liar* that you don't want his advice or don't believe him, he blows up. When he suggested that I don't marry my current husband because ""it will never last"", I told him that I wanted to trust myself to make the choice, he lost it. 

When *Liar's* twin brother chided me for deciding to move to Japan, I didn't want to listen. It became a war over the phone. 
""I've been a parent for eight years, I know more about parenting than you will ever know. You're going to make your child a psychopath by moving all over the world."" Imagine a man who can't make it through a single hour without drinking beer, screaming over the phone at a woman who is eight months pregnant.
The day after I had my son, he called to ""congratulate"" me. It turned into ""why did you try for a natural birth? That's bullshit. Just get the epidural right away next time."" I brushed off the advice and he started yelling again. 
It was at that moment that I decided, this man needs to get out of my life. After an incident with him calling me worthless as ""just a joke"" on social media, I blocked him and haven't talked to him in the eight months since. 
I fear that the others will soon follow this trend. 

Everything I do or say has to be about them in some small or major way. Failing to answer the phone one time becomes ""She never picks up her phone"" or ""She doesn't like me enough to answer"". 

  I was made to feel guilty for everything that went wrong growing up. For example, if I made a reservation at a restaurant and we had to wait five minutes to be seated, it was my fault. If I picked an activity and it wasn't good, it was my fault.  Now I get anxiety about darn near everything because it could wrong and people will get angry. Even though my husband isn't that way and the others aren't around anymore, it still happens. 

I'm sorry if this was so long, but I just don't know what to think of these people. Are they narcissists? If so, what can I do about them?",
post,YTGamingSociety,Tech Insider has been active recently!,https://www.reddit.com/r/YTGamingSociety/comments/7xs17q/tech_insider_has_been_active_recently/,2018-02-15 09:41:23 PST,1,"Title: How All Best Picture Oscar Nominees Are Connected
   
 Description: If you've watched any of the 2018 Oscar nominees for Best Picture, you probably noticed something strange. A lot of the actors cross over into one of the other films. We decided to take a deeper dive into the connections and see if we could connect all 9 films together six-degrees-of-Kevin-Bacon-style.  Here's what we found. Following is a transcript of the video. Chris Snyder: If you've seen any of the Best Picture nominees for 2018, you might have noticed something unusual. A lot of the actors cross over into some of the other films. Some of them are obvious, and some of them are a little more obscure. So this got us thinking ... how deep does this go? There are 9 nominees for Best Picture in 2018. We connected each Best Picture nominee with the actors they have in common. Here's how we did it. Warning: Some spoilers if you haven't seen these movies yet. Let's start with the obvious ones. Timothée Chalamet appears in ""Lady Bird"" as Saoirse Ronan's love interest Kyle. He also stars in ""Call Me By Your Name"" as Elio. In ""Call Me By Your Name"" Michael Stuhlbarg plays Elio's father. Stuhlbarg is also in two other Best Picture nominees. He plays Dr. Robert Hoffstetler in ""The Shape of Water."" And he is New York Times editor Abe Rosenthal in ""The Post."" Through those two alone we have four of the films covered. Now let's take another look at ""Lady Bird."" Lady Bird's father Larry is played by Tracy Letts, who also plays Fritz Beebe in ""The Post."" Lady Bird's other love interest Danny is played by Lucas Hedges. Hedges also stars in ""Three Billboards Outside Ebbing, Missouri"" as Mildred's son Robbie. Kathryn Newton plays Mildred's dead daughter Angela. She also happens to be in ""Lady Bird,"" playing the minor role of Darlene. Also in ""Three Billboards"" is Caleb Landry Jones, who plays Red Welby. He's the guy who Mildred pays to put up the billboards. He might look familiar, because he's also in ""Get Out."" Where he plays Rose's violent brother Jeremy. Also in ""Get Out"" is Bradley Whitford. He appears in ""The Post"" as the fictional character Arthur Parsons. Alright, so now we have 6 of the films on the board. That just leaves""Dunkirk,""""Darkest Hour,"" and ""Phantom Thread.""    Here's where things got a bit tricky. An actor named Davey Jones plays a soldier in both ""Dunkirk"" and ""Darkest Hour."" and "" Yeah, it's a smaller role, but it's still a connection. Two other actors also have minor roles in both ""Dunkirk"" and ""Darkest Hour."" Also in ""Darkest Hour"" is an actor named Cris Harris, who plays a Downing Street KB. Cris Harris happens to also play a musician in ""Phantom Thread."" So now we've connect these 3 movies together, but we're still missing a connection to the first 6. This is where things got even trickier. We combed through IMDB searching for any actor that might be the missing link. Just when we thought it wasn't possible, we found her: Tracey Ruggiero. Tracey Ruggiero: Whenever you're on sets like that, you definitely have a feeling that it's going to be something big. Snyder: Tracey is a stunt performer who had roles in both ""Dunkirk"" and ""The Post."" Yes, there were stunts in ""The Post."" Ruggiero: So in ""The Post"" there was a protest scene. I was like running behind the car. I know that Meryl was in the car, and she was looking out the back as Tim Hanks was walking down the street, and so I knew like I was running through that scene a bunch. In ""Dunkirk,"" I played a nurse in the big boat scene, and actually like stunt nurse is what she was called because I was a stunt performer. Literally, you felt like you were drowning. It really felt like the boat was getting bombed.  It's quite an honor to just have been, just to even work a day on any of those movies. A movie that Steven Spielberg directs or Christopher Nolan directs. Snyder: So there you go — all 9 films connected, Six-Degrees-of-Kevin-Bacon style, minus Kevin Bacon. Read more: http://ift.tt/fxZ2E2 FACEBOOK: http://ift.tt/1fEbtRI TWITTER: https://twitter.com/techinsider INSTAGRAM: http://ift.tt/1S8jzxH
   
 YouTube URL: https://youtu.be/18BjpmQ4gXI
   
   
",
post,vikingstv,"[SPOILERS] Hvitserk, Rollo: questions and thoughts about 5B",https://www.reddit.com/r/vikingstv/comments/7t5das/spoilers_hvitserk_rollo_questions_and_thoughts/,2018-01-26 07:49:59 PST,7,"Well I'm trying but I don't know how to make the text to disappear for the spoiler, if somebody want to help I can edit the post.

Anyways: I think what happened to Hvitserk during the battle leads to the fact that he will turn the side and join Ubbe again (in my opinion). On one side you have Ivar, your crazy, bloodthirsty and violent brother who already killed Siggurd, one of your brothers, and who didn't hesitate to put the knife at your throat threatening you during a simple conversation and who said ""I regret you jumped ship"". On same side there's Harald, but I don't think Hvits cares for Harald. On the other side you have Bjorn, the wise and respected old brother who helped raising you, and Ubbe who (IMO) is a quite ""positive"" character (since now), who has always respected and loved you as a littler brother to guide and protect, and who didn't kill you during the battle, showing how much Ubbe cares for Hvits anyways. Yes, there's Lagertha too, but Hvitserk said how bad Aslaug was as a mother and how she was letting them to drown in the lake. In addition Hvitserk now is in a true position of strenght that allows him to turn sides, as he's leading the french soldiers. So I don't see why he should side with the unpredictable Ivar again.



Then there's Rollo. Well I can't see any single reason for Rollo to side with Ivar. He don't care for Harald and has known Ivar only as a little child. But he has always loved Lagertha (""I care of everything about you"" s3e4) and Bjorn, they where really close when Bjorn was a child and until he married Gisla. Why on earth would Rollo wants Lag's death and the defeat of Bjorn? I don't understand.  

I still can't understand Rollo very much, sometimes he shows to be good and sometimes he is so dark and ambigous  that I can't understand wheter he is a ""positive"" or ""negative"" character, but I think siding with Ivar is too much of a nonsense. (Well, actually a lot of this season is a nonsense I think)



So I think that maybe is 5B when Rollo arrives both he and Hvitserk together will join Bjorn.  

Even if this is not the scenario that can be guessed by the trailer. But the interesting fact is that nothing about Rollo is shown on the trailer.  

(sorry for bad english)",
post,Advice,Are there any options for my aspie/oppositional defiant/ocd/violent brother so my parents don't have to spend the rest of their lives with him?,https://www.reddit.com/r/Advice/comments/7sicho/are_there_any_options_for_my_aspieoppositional/,2018-01-23 14:29:36 PST,2,"My brother is 31 and has several mental health issues, and it seems like they all work together in the worst way. He is extremely sensitive to criticism, cannot accept when things do not go his way, and reacts violently when he is faced with these things. He has psychotic episodes and rage episodes in which he claims to black out and not know what happened. We have had to call the police on him before due to the severity of his episodes.

He lives at home with my parents because there is no way that he can hold down a job with his oppositional behavior. However, my parents are elderly and cannot handle his outbursts. They also enable his behavior by giving him everything he wants and never giving him consequences to bad behavior (out of fear.) They do not seem very concerned with finding a place for him, but it's becoming extremely dangerous for my parents to be alone in the house with him.

I have looked all over for mental illness supported living for him, but nobody accepts violent behavior. Any advice on options for a residential facility that will take someone like my brother? ",
post,MomForAMinute,"Mom, I have two chances to make my life better - which way is the best?",https://www.reddit.com/r/MomForAMinute/comments/7pegvd/mom_i_have_two_chances_to_make_my_life_better/,2018-01-10 01:17:39 PST,4,"Hey Mom, I need your help again.
I think my life is being better day by day, I was friday at the therapist, he gave me a new medication and I have no longer nightmares! It's fantastic!

But now, suddenly, I have two possibilities to change my life.
I was raised by a narcissistic Mom, and after searching a new flat, I have the chance to work at a new physiotherapy-praxis.
That is so great!
But... in this town nothing is holding me, only the work.

And in another town, I think it's 3-4 hours with car away, lives my best friend.
Here I have nobody.
But there she is, we understand each other so good, we have so many things we could to together...
And that would be a really, really new start of my life.
I didn't have to see my Mom or my violent brother again!

What should I do? Stay in this town with new work, or leave, so I can see my best friend and start everything new?",
post,legaladvice,Looking for possible legal advice to help my mother recently divorced and stuck in the house with my violent brother,https://www.reddit.com/r/legaladvice/comments/74su18/looking_for_possible_legal_advice_to_help_my/,2017-10-06 21:19:11 PDT,1,"Trying to post this again, since the situation still stands..

My Mother and Father divorced about two years ago. They are in VA.She has custody of the younger three of my brothers. My father and her were originally supposed to sell the house, but apparently through email communication, he said he wanted to buy her out. He moved out to another city somewhere with his girlfriend, but never followed up with buying my mom out. Shes been there ever since with my younger brothers trying to pay the house and take care of them. She doesn't know how to push the issue in court,but is also worried about costs because she still owes her lawyer court fees for the next couple of years. So the issue has just been up in the air unresolved while shes been struggling. 

Along with this, the second oldest after me has been living with her and causing problems at the home, destroying property at the house, stealing/selling items, drinking, smoking, aggression and abuse towards my mom and younger brothers. The police have been called but they dont take him away because he stops when they get there. Every time they just say that she can file and eviction notice on him. My mom and me at this point are worried he will try to attack my mom like he has threatened if she tries to evict him. Ive told the police i was worried about this, but it seems like there's nothing they can do. My father doesn't care and answer about buying her out. I am just worried this is going on for too long and not going to end well, and just hoping to find some way to get my mom and younger brothers out of this situation before it gets worse and ends badly. I honestly dont know what I can do and it worries me every day. ",
post,legaladvice,Only co-defendant being garnished in renters lawsuit,https://www.reddit.com/r/legaladvice/comments/6yz125/only_codefendant_being_garnished_in_renters/,2017-09-08 18:28:04 PDT,1,"I'm from saint louis MO and roughly 4 years ago an old friend and myself rented an apartment. The landlord had hired a land management company to middle man between us. Eventually The land management allowed me out of the lease due to my room mate and his violent brother living there. The management company was shortly fired/let go. Two years later I was sued for $7,600.00 and they cant find my old room mate to serve him. So am I stuck paying the whole bill?",
post,pureasoiaf,"Quiz & Recap: Sandor ""The Hound"" Clegane",https://www.reddit.com/r/pureasoiaf/comments/6rc6bm/quiz_recap_sandor_the_hound_clegane/,2017-08-03 06:11:26 PDT,37,"This week we'll be talking about our favourite hound, Sandor Clegane! Sorry for the slight delay, I'll usually be posting these threads on Wednesdays. Without further ado, let's jump into this week's quiz!

***

##**Character Quiz: Sandor ""The Hound"" Clegane**

1. How did Sandor get his burn scars?
2. On which side of his face are the scars?
3. Why did he join the Lannister household?
4. What is the nickname he gives Sansa?
5. Name two of the contestants he defeats during the Hand's Tournament.
6. When escaping from the Battle of the Blackwater, who does he visit and why?
7. What's the name of his horse?
8. Who captured him and brought him to Stoney Sept?
9. Who did Sandor and Arya encounter at the inn at the crossroads?
10. What was his last request of Arya?
11. ...and why did she not comply?

[1.](#s ""His brother, Gregor, shoved his face into a brazier for stealing his toy"")

[2.](#s ""His right side"")

[3.](#s ""To escape his brother, who had just inherited the Clegane lands"")

[4.](#s """"Little bird"""")

[5.](#s ""Renly Baratheon and Jaime Lannister"")

[6.](#s ""Sansa Stark, he wanted a song from her. He also offered to take her with him"")

[7.](#s ""Stranger"")

[8.](#s ""The Mad Huntsman"")

[9.](#s ""Pulliver, the Tickler and a squire"")

[10.](#s ""He asked for the gift of mercy; death"")

[11.](#s ""“Mycah.” Arya stepped away from him. “You don’t deserve the gift of mercy.”"")


***

##**Character Recap: Does Contain Quiz Answers**

Sandor ""The Hound"" Clegane was born in 270 or 271 AC. Throughout his youth he was overshadowed by his five years older brother, Ser Gregor ""The Mountain That Rides"" Clegane. When Sandor was six or seven years old, he wanted to play with a toy knight that belonged to his older brother. He was caught stealing, and his brother decided to stick his face into a lit brazier for punishment, leaving Sandor permanently scarred and afraid of fire.

>""The septons preach about the seven hells. What do they know? Only a man who's been burned knows what hell is truly like""

Afraid of and angry at his violent brother, he left the day Ser Gregor inheritet the Clegane lands, and joined the Lannisters, eventually becoming Prince Joffrey Baratheon's bodyguard. Despite being in such a high position, he has refused any offer to be knighted.

As Prince Joffrey's bodyguard he is a part of the king's entourage on the journey to Winterfell. On the way back he hunts down the butcher's son Micah after he had allegedly attacked Prince Joffrey, killing him as he tried to escape. 

At the Hand's tournament in King's Landing Sandor rides well the first day, managing to unhorse Lord Renly Baratheon and advance to the final four contestants. The next day he defeats one of the crowd favourites, Ser Jaime Lannister, and advance to the final. The other spot is won by Ser Loras Tyrell, the Knight of Flowers, but his opponent, non other than Sandor's brother, attacks Ser Loras in rage after being defeated. Sandor steps in and fights a close dual with his brother, until King Robert steps in and make them stop. Loras' announces Sandor as the champion for saving his life, and thus he became the champion of the tournament to cheers from the crowd.

He takes part in the capture of Lord Eddard Stark in the throne room. Later, he replaces Ser Barristan Selmy as Kingsguard after his dismissal. In this capacity he continues to protect Joffrey, and now also Sansa Stark. He tries to protect Sansa from the cruelty of Joffrey, even refusing to beat her when Joffrey commands it. During the riot of King's Landing, a riot that saw many noblemen murdered, Sandor rescues Sansa and brings her to the safety of the Red Castle.

During the Battle of the Blackwater Sandor fights bravely on the front line at the beginning, but the wildfire reminds him of his past and he eventually desserts the battle line. He visits Sansa and even offered to take her with him, but she refuses and Sandor flies from the city alone. 

Some time later he is captured by our last week's topic, the Brotherhood Without Banners. He is taken by the Mad Huntsman to the Stoney Sept, and later to the Hollow hill. Arya accuses him of killing her friend, Mycah, and Lord Beric Dondarrion decides that his quilt or innocence should be decided in a trial by combat. Sandor kills Lord Beric, and is let free by the brotherhood. 

When returning to demand his gold back, he stumbles upon a fleeing Arya Stark and decides to kidnap her for her ransom. He takes her to the Twins, but his plans to ransom her to her brother fails. He shows up in the middle of what is now known as the Red Wedding, and he is forced to take Arya with him somewhere else.

On their way to Arya's aunt at the Eyrie, they stop at the inn at the crossroads. There they encounter three of Gregor Clegane's men; Polliver, the Tickler and a squire. The encounter turns to a bloody one, and all of the three were killed. Sandor sustains a wound, however, and it becomes infected despite efforts to heal it. Sandor asks for the gift of mercy from Arya, but she decides to leave him alive. 

After this event we move into the land of rumours. There are rumours that the Hound rides around with a band of bandits raiding towns and villages. Some say he has joined the brotherhood without banners. Later in the books we find out that this is not true, however. The events are attributed to Sandor due to the fact that Rorge and his group has his old helmet. This means that Sandor probably died from his wounds, but who knows, perhaps he's not the one a grave had to be dug for...

***

##**Further Reading:**

###Chapters: Summaries and page numbers can be found [(here)](http://awoiaf.westeros.org/index.php/Chapters)

**A Game Of Thrones:** Arya I/II, Tyrion I, Sansa I/II/V/VI, Eddard III/XIV

**A Clash Of Kings:** Sansa I/II/III/IV/VII, Tyrion IX/XIII

**A Storm Of Swords:** Sansa I, Arya V to XIII

**A Feast For Crows:** Brienne VI/VII/VIII

###Wiki

http://awoiaf.westeros.org/index.php/Sandor_Clegane

http://awoiaf.westeros.org/index.php/Gregor_Clegane

http://awoiaf.westeros.org/index.php/House_Clegane

http://awoiaf.westeros.org/index.php/Battle_of_the_Blackwater

###Posts

https://www.reddit.com/r/pureasoiaf/comments/55fuul/the_hounds_helm_persona/

http://asoiaf.westeros.org/index.php?/topic/60808-the-gravedigging-hound-complete-analysis/

https://www.reddit.com/r/asoiaf/comments/5vtu75/spoilers_main_sandor_clegane_the_antiknight_and/ (May not be 100% pureasoiaf friendly. The post was posted before season 7. I have not read the entire thing but I do not believe there are show spoilers in the post itself. Comments may have spoilers, though. Enter at your own risk)

I'd love post suggestions in the comments, it's always great to read some theories or analysis I haven't heard of before :)
",
post,relationships,Things got out of hand with severely aggressive brother (17) . I'm (F21) very scared of this situation.,https://www.reddit.com/r/relationships/comments/6if4ck/things_got_out_of_hand_with_severely_aggressive/,2017-06-20 09:25:32 PDT,2,"Hi, I'm Aylin. I posted something 5 months ago about the violent affairs at my home. My very violent brother, who is 17 years old, smokes weed (a lot). Hits us, insults us etc. Back then, we didn't know he had a mental problem. 


Now things have become even worse .First three weeks ago, he told us he wanted to change and succeed in life. He said he smoked too much weed (way too much, more than a gram a day) 
He admitted to the psychiatrist that he physically and mentally abused my mom, me and my little brother. He told the psychiatrist that it's due to the fact he stopped smoking weed and he felt very angry at times. His mood changes constantly, like every 10 minutes or so.  

Litterally everything revolves around him, we're stressed out, scared to death. These last two weeks, things got worse. He started to insult my mother to the point my mom got epileptic (she started getting seizures everytime he started) I was not home, I was studying at my boyfriend's house 'cause I have an exam. But I can't focus. Yesterday, apparently, he insulted my mom and told her he was going to kill us all. He was going to burn down the house. I'm so scared to go home now. My mom is physically very sick and all he does it hurt her, so I want to be there for her. 

My mother also started to do something about it, she called the police and several services. He will be placed in a mental hospital (probably this week) and I can't cope with this. This shit started like a year ago, and things have gotten so bad, that I feel like I could break down any moment. I'm so scared, and I need advise. Please...

TL;DR: Brother is severely aggressive and we're out of options. We're thinking of sending him to a mental hospital. We're very scared. ",
post,raisedbynarcissists,She makes me feel like I'm insane - and I'm slowly realising I'm not.,https://www.reddit.com/r/raisedbynarcissists/comments/618f1f/she_makes_me_feel_like_im_insane_and_im_slowly/,2017-03-24 04:41:31 PDT,21,"So - firstly, I'm so happy that I've found this subreddit. I've been reading many of your posts and I can relate so much.

I kinda just want a place to write my story - as i'm struggling at the moment. (It's long - sorry!!)

My mum is a covert narcissist - who was raised by a narcissist - who was raised by a violent narcissist. 
My dad is perhaps a covert narcissist too - who was raised by a narcissist and an alcoholic. He can be very selfish - but is much more rational than my mother. 
Both are prone to extreme anger.

I think I had a normal childhood in regards to my parents - I remember my parents putting their needs before mine a lot. And I remember my mum being whackier and more selfish/highly strung than other mums. I just thought she was more fun.

My mother has always favoured my younger brother - who was prone to throwing tantrums (still is at 27), and to being lazy. My mother has always spoken to us differently, and has always been hyper aware of anything I say or do around him. 
This has led to a huge sibling rivalry - which my mum loves to be the centre of. (Massive triangulation.) I am usually the scapegoat in her eyes, and he is the golden child. Although this has switched in very rare circumstances. 

As I became a teenager, life became much much harder for me. (I have a poor memory of a lot of things during my early teens)
But I remember there being a lot of fights. So much shouting.
I remember that I went through some hormonal stroppiness/teen moods. But these used to be punished so severely.
I think things also started to change for me when I started to become my own person and had a bit of teenage rebellion. I remember her screaming at me so much, and once her holding me against the wall. 
I remember them confiscating everything that I loved. Their belittling jokes. The triangulation - my mother being so aggressive and violent or unreasonable - and then looking to my father for some reasoning (because I knew in my heart what was happening to me was crazy) but then he'd side with her, and I'd fall further into a pit of confusion and my self esteem would diminish further. This happened for years. 
My mother was also incredibly jealous of any closeness I had with my father growing up. And so therefore we were in competition for his attention, which he would withhold at will. 
(As my brother would not get treated like this - he was deemed good. And I was deemed as a problem child. Even as I write this I ask myself if I was actually to blame.)

The years passed. My self esteem was non existent and I had developed a life threatening eating disorder. My eating disorder was both a cry for help and a self punishment because I believed I was the one who was constantly causing all of the stress and drama and pain. I was 14.
My eating disorder made my mother's behaviour worse. I remember therapists asking if I was abused - I said no because I thought I hadn't been abused. But saying no felt like a lie - and I felt so guilty and confused. I felt like a constant burden. Always being called ungrateful, lazy, difficult, hyper-sensitive. 

I was in hospital for 6 weeks. My mother was the perfect mother. being kind helping me, creating an atmosphere of love. 
When I came out of hospital - was offered a chance to go to a therapy house for 6 weeks - to have outpatient care etc. My mum convinced me it was a bad idea, and she told the nurses she'd look after me at home. Which she did. But it was the same old emotional bullshit. I quickly relapsed. 
The relapse was painful. Because they were just plain angry with me now. So much anger and shouting. I was still at school - trying my best. I self harmed. More anger. 

Eventually I was kicked out of home at 17 still in recovery for an eating disorder with no self esteem. With problems so huge. And no concept of what reality, or normal relationships or friendships were like. I think I had ptsd. 

Fast forward to my early twenties - I found a passion in performing arts, which was slowly providing me with confidence and it made me eat. My parents weren't happy with this because it wasn't a real career and i was not doing as good as other kids my age. (I was performing internationally throughout my twenties.)
I would endure screaming phone calls from my mother about how I wasn't doing well enough and how I should go to university.)
I was also in an incredibly toxic relationship at the time - due to my lack of understand of what was healthy and what wasn't. I thought everything was constantly my fault. I struggled for years never reaching my full potential and always feeling in emotional turmoil. 

Again, fast forward -mid-late 20's: relationships with parents has improved slightly even though they still think I'm failing my life and am making a mess of my life (which I wasn't) and all the same old shit.
I'm taking too many drug - mainly party drugs like ecstasy.
I become pregnant accidentally, and am in another toxic relationship. I felt I had no choice but to terminate the pregnancy (please don't judge me) 
I nearly die from the procedure and end up in hospital for a week. My parents do not visit me, and my dad only came because he was in town on a business trip. My boyfriend at the time was still seeing his ex whilst I was in hospital and was telling her they'd get back together. 
I had.still have severe PTSD from this - and at the time my mum didn't tell my brother because ""he wouldn't understand."" I was unable to tell my brother. 
That christmas - a month later - I snapped at my brother because I was feeling like shit, and it blows up and he tries to take a running punch at me and push me down the stairs. (A month after I nearly died)
My parents blame me - because I snapped. I had severe panic attacks and ptsd at the time... It was a disaster. 

I started partying loads and taking drugs and having a terrible lifestyle to block it all out.

Then I started to do yoga and meditate and have therapy following the break up of the toxic pregnancy relationship
That was four years ago - and through therapy I have realised that I'm not the crazy one.

It's still a hard battle. Their behaviour hasn't changed - only, I have learnt to deal with it better. It's both been liberating and soul destroying to realise the abuse I have suffered. 
My parents have blamed me, saying I have """"mental disorders"""" ranging from borderline personality to autism.  (which I don't.) I have been blunt and silent a lot with them in the past. But from reading other's posts I see this is a common symptom of those who have suffered at the hands of those with narcissistic traits. 

I'm currently living with my parents again at 29 - in order for me to save some money to perhaps buy a house, or further my career. I constantly get screamed at for things like letting the dog upstairs, or leaving a chopping board out. Both scream at me for different reasons. 
My violent brother has moved back too - and this christmas I asked him to turn some music down and he stormed off, tried to beat me up and locked himself in his room over xmas and didn't eat for three days. My parents blamed how I spoke to him (which was a bit curt but very normal - I'd speak to friends like that.) 
He got caught with loads of drugs on him in the summer - and they paid for him to live in barcelona for a month whilst he was on bail(!!) but I get shouted at for tiny things. 

I had to lend them £5000 - because if I didn't the emotional stress and black mail would have been horrendous, and instead of paying me back they're going on skiing and golfing holidays, buying stuff for the house etc. And they're still shouting at me for pointless crap.

My brother sleeps in until 1pm, and does no cleaning,  but he is my mum' golden boy. 

I can't wait for them to pay me my money back, so I can move. They said they'd pay me all back - but tehy haven't. They said they'd help me do a lot of things. But they haven't. 

They always break promises.

I'm still in disbelief that their behaviour has been hidden in plain sight for so long. I cannot believe that I thought it was my fault for 29 years - until last spring!! It's crazy and so insidious. I'm slowly recovering. I'm not sure when I can have another relationship again. I feel too messed up and confused. 
I'm finally for the first time doing things in my life that I want to do and I'm taking no shit.

Thank you for reading this far! It's felt good to get all of this off of my chest. I could've written more. But I'd have gone on forever. I'm sure you guys know how it is...

I'd love to create a support network for myself here. As this is the first place I've found where people talk about similar experiences.",
post,legaladvice,"16 y/o girl afraid to go home, ""odd"" mom, scumbag violent brother",https://www.reddit.com/r/legaladvice/comments/60idmx/16_yo_girl_afraid_to_go_home_odd_mom_scumbag/,2017-03-20 11:47:29 PDT,76,"Location: Pennsylvania, Throwaway account

My son ""Bob"" (18) has a girlfriend ""Karen"" (16, 17 in a few months) who is having a rough time at home. When I first met her I thought she was perhaps a bit of a drama queen because the stories she told were seemingly unbelievable. But my son has spent some time at her house and confirmed much of what she is saying. I called CPS and they investigated Karen's mom (her military father was killed while on active duty) Her mother made some needed changes and CPS was satisfied with that. At the same time I called CPS, Karen's teacher and guidance counselor also called CPS independently.

All was well for a couple of months. Recently Karen's brother ""Scumbag"" (20 something) moves back into her mother's house. Karen states that Scumbag is a violent abuser of drugs and alcohol and was kicked out of mother's house because of his violence. Karen says the police have been to their house on multiple occasions due to Scumbag's behavior over the years. As far as I can tell, Scumbag has no criminal history other than traffic violations. Mother let Scumbag move back in with his girlfriend and young child because Scumbag doesn't have a job or a place to live.  

Karen tells me that she is afraid to go home because of her brother. When she is home, she literally barricades herself in her room. Scumbag apparently lives in the living room. She says Scumbag and his girlfriend are verbally abusive and constantly accuser her of theft of food and personal items. (Yes, Karen has to buy her own food and is not allowed to eat any other food in the fridge of her own house.) Karen denies that she has ever taken anything from Scumbag or his girlfriend. Scumbag has had physical altercations with the mother, but has so far as not physically harmed Karen. 

Karen tells me that often when she returns home, someone has gone into her room and taken things. Many of the things are not valuable, but her things nonetheless. Karen thought that perhaps it was her mother since her mom admits that she searches Karen's room. Karen also reports that there is often petty destruction in her room such as everything on her desk being dumped on the floor. Things like her laundry basket, her bed (not the mattress, but the frame, headboard, footboard) and trinkets have all disappeared over time.

So I gave Karen an IP camera and Bob set it up in her room. Sure enough Scumbag and his girlfriend go into Karen's room 10 minutes after she leaves and ransack her room. They steals books, jewelry and some other stupid stuff. He also steals some of Bob's electronics that he left there for Karen to use. Scumbag found the camera and took that too. (Cost of all the stuff he took was roughly $1000.) Scumbag didn't realise that the camera records to the cloud, so the event was recorded despite him stealing the camera. I've since downloaded and made multiple copies of the event. Karen says she isn't surprised since Scumbag enters her room uninvited whenever he wants. 

Bob took Karen home to collect her things when no one else was there. While he was there he live streamed just in case there was any issues. Her recorded the ransacked state of Karen's room and then they got out of there. Karen is currently at my house (again).

Some other info: Karen's bedroom door does not lock or even close properly because Scumbag broke it down during one of his rages. Karen has expressed her concerns to her mother, but her mother tells her to ""stop causing drama"". Karen's relationship with her mother is strained, her mother is a bit ""off"" in my estimation. Karen's mom has had her committed to mental health facilities several times over the years claiming that Karen was a danger to herself or others. Karen denies that she was ever a danger to anyone and that her mother uses that as a way to punish her. Karen is terrified that her mother will have her committed again. Karen has an older brother that experienced the same thing and left the house in his teens. Karen gets government money, but she dosen't know why or how much. Her mother refuses to let her move out (her good brother (late 20's) wants to take her in.) I assume it's for monetary reasons, but Karen says her mother has a special hate for the brother that's moved out. As long as Karen goes to school, the mother does not care what she does. Karen spends a great deal of time at my house (week long stretches). The mother knows she is here and has dropped her off and picked her up her on several occasions. 

I again called CPS today and filed a report. Bob and Karen are waiting on my advice on whether or not to go to the police about the theft. My inclinations are that they should file a report. Even if nothing happens at least there is a paper trial. Right? Karen fears that nothing will happen and she'll just be stuck at home with an angry Scumbag. Advice?

Is emancipation a thing that's a possibility for her? Exercising my amazing Google skills it seems to me that emancipation seems a bit unlikely for her. She is not independent in any way. She has no valid ID (her mother has locked away her birth certificate etc), no job (she lives in a rural area and has no car/DL.) Ideally she wants to move in with her good brother and get whatever benefits she's entitled to (she thinks military? SSI maybe?) so she can help her brother pay living expenses while she finishes high school. Is there legal help available for Karen? She literally has $4 to her name. My wife and I are fine with her staying at our house on a temporary basis, but she needs a permanent solution.

Any and all advice warmly welcomed.

TL;DR - 16y/o girl has violent thieving scumbag brother and is scared to go home. Mother is apathetic at best.  The girl needs help.

[edit: grammatical errors]




",
post,raisedbynarcissists,Feeling ungrateful that my mother actually did the right thing.,https://www.reddit.com/r/raisedbynarcissists/comments/5ta086/feeling_ungrateful_that_my_mother_actually_did/,2017-02-10 13:19:45 PST,5,"Since I was a kid, my mother has, struggled, for want of a better phrase, with showing any kind of maternal concern. Since I've turned 30, I've been making an active effort to force her to do the things that she should have been all along (like helping me wash my hair when I had a problem with my hand, or cooking for me when I was bed bound). 
Yesterday, there was a massive situation in her home, and she actually stood up to my violent brother for stealing from me (he'd admitted stealing my games console I'd left there and he was refusing to return it) and she told him that if didn't return my stuff, she'd kick him out. 

My problem is that I've been wanting her to do something like this all my life, to make a decision and actually stand up for me, and I think I had some idea that it'd be great moment and we'd be mother and daughter for the first time. But it wasn't like that at all. Although I appreciate that she got my console back, I still don't like her, nor trust her. I've realised that being around her stresses me out more than it's worth.

Is it okay that now that I've had a taste of her actually doing the right thing, it leaves a bad taste in my mouth? ",
post,vikingstv,[SPOILERS] Question About Halfdan,https://www.reddit.com/r/vikingstv/comments/5nnzs1/spoilers_question_about_halfdan/,2017-01-12 18:51:14 PST,7,"Does Halfdan himself gain from Harald being king? It's always felt odd to me that he's supported his brother without them ever addressing what it meant for him. We saw with Ragnar being in charge Rollo got nothing, and I remember Jarl Borg's story about his own brother in s1. Hirst described Halfdan as the ""violent"" brother, while Harald was the ""ambitious"" one, but I can't imagine that being the driving force behind what he does. Or am I overthinking things and Harald has simply agreed to make Halfdan a jarl or something, like in Borg's promise to Rollo? ",
post,JUSTNOFAMILY,Ding Dong The Witch Is Dead,https://www.reddit.com/r/JUSTNOFAMILY/comments/5bsl5n/ding_dong_the_witch_is_dead/,2016-11-08 03:00:45 PST,138,"Growing up, I had two sets of grandparents, one set I loved greatly and one half of the other set I also loved deeply; my paternal grandmother hated me and the feeling was mutual. She was a spiteful woman who turned her son (my sperm donor) into the family scapegoat, she hated his wife, her daughter in law (my mom), and she hated me, all because my mom and I didn't kiss her ass when she demanded it.

I just heard last week that she passed away, and I was like, ""Okay, I wonder if there is any leftover chicken to eat?"" I did not give a damn she died, told any relatives who gave me the news that I was, ""Sorry to hear that."" Thinking about all my interactions with her, I remember the night that I severed any connection with her, and to an extension, my sperm donor; I could not go complete no contact, as I was only 16, going on 17, but I did not go out of my way to be pleasant or kind to them, as they burned that bridge to ashes that night.

Backstory: when I was 13, my mom was diagnosed with stage 4 cancer (ovarian/colon), only had a 14% survival rate, and had only been discovered when she had been rushed to the hospital with a ruptured bowel from the basketball-sized tumor cutting off her large intestine and causing it to burst. My mom was a tough woman, a Taurus through and through, and didn't pay much attention to pain, considering she had fibromyalgia and severe muscle pain, so she didn't consider the pain leading up to the burst to be of any concern (I got my high pain tolerance from her), until it almost killed her. When the cancer was discovered, the doctors gave her 6 months, at most, to live, if she was lucky; she went on to live for over 3 more years.

She died after stopping chemo, because it was no longer working, and the cancer had spread to her lungs and brain; I think, if I'm totally honest, I knew the week before she died that she was dying and I just kept blindly hoping she'd just wake up one day and be back to the way she used to be. Her death left me with a violent brother (he physically abused me until I went no contact with him), a toddler sister, and a man who didn't want any of his kids to begin with; I wish he had just given us up to another family member, but he wanted to steal as much social security money from us for as long as he could, because we 'owed' him for 'raising' us (I'm certain you can smell the bullshit through your screen).

After living with other family members, who were less toxic than sperm donor, my sister and I were forced to return to our asshole grandmother's house, where my sperm donor and my half sister (from his first marriage) were staying as well, because, ""Faaaaaaaaaaaaaaaaaaaaaaaaaaaaaaaamily needs to stick together!"" (gag me)

Okay backstory over, to the meat of this shit soup.

It was the night of my mom's funeral, we had buried her that morning (her funeral was some serious bs, another post for another time), and after watching my sperm donor take his wedding ring off with a flourish, he announced, ""My marriaged to your mother is officially anulled. You will not have contact with any one of her family."" I snorted and told him, ""Sure, tell Gramps (maternal grandpa) that, I'm sure the [mom's madien last name] family will be okay with that. You can't keep me or my sister from them, they're still our family, whether you think so or not.""

He called me some names, like ungrateful brat, rude bitch, etc., but he knew I was right, he knew my mom's family wouldn't give up seeing the baby of the family, my sister (and me, because I was part of the deal) without a massive fight; so one battle won for me.

A few minutes later, after he had gone upstairs (my siblings and sperm donor were staying in the musty basement, because heaven forbid we should stay in the actual bedrooms upstairs!), my little sister comes running down the stairs to me and falls into my lap. Apparently, she had wanted to watch her 15 minute Barney tape before bed, as she had always done, and the bitch (grandmother) had told her no, that her rerun of Oprah was faaaaaaaaaaaaaaaaaar more important. Then she starts asking when is mom coming back, and I lost it; I pulled her into my arms and hugged her close, crying with her, because we had had a long day, were tired, and were both dealing with the loss of our mother.

Who comes stomping down the stairs? The bitch and my half sister (blind sheep at the time, but she got better over the years), who tell me that I need to tell my sister to 'suck it up and grow up', that 'life doesn't always go your way', and some other bullshit I don't remember, I toned most of it out. Then, oh boy, then the bitch says this, ""You are such an ungrateful brat! You should be glad your father hasn't thrown you out! Your mother was a bitch, a cow, and a failure as a mother and a wife!""

I think the best way to describe how I responded to that was this: https://youtu.be/ltbdw5oTOwQ?t=1m14s

I didn't feel human anymore, I wanted to launch myself at her, I wanted to beat her face in, I wanted to tear her throat out, I wanted to see blood; I became a monster in that span of time, as I experienced my first black out rage. I think the only thing that saved that bitch that night was my sister in my arms, because my first reaction was clutch her tiny form to me as she cried in fear from the raised voices of her and my half sister insulting my dead mother and me.

I don't remember what I said, but I think it was along the lines of, ""SHUT THE FUCK UP, YOU FUCKING BITCH! DON'T YOU DARE FUCKING INSULT MY MOTHER! FUCK YOU AND MY DAD, YOU BOTH ARE HATEFUL, SPITEFUL PEOPLE THAT DON'T KNOW A DAMN THING ABOUT LOVE OR BEING A GOOD HUMAN BEING! GET THE FUCK OUT OF MY FACE BEFORE I SMASH YOUR NOSE IN!"" Or something like that, I had lost all reason, I had taken my filter off, and I just didn't care anymore. She snapped something like, ""I'm going to tell your father what you said!"" And stomped off up the stairs, my half sister in tow. I remained where I was, trying to calm my sister down and myself, as well, but that wasn't to be.

Down the stairs comes sperm donor, who is trying so hard to look all big and scary, but he can't, because a little lamb in the face of an enraged wolf is no threat. So does what he does best, and uses his words to do his fighting for him: ""You cussed at your grandmother, so you will not eat until you apologize, now give me your sister."" I ignored him and held my sister tighter; she didn't want to leave me, and like fuck I was going to release her to the bastard. So he did the only logical thing, and tried to wrench her from my grip. Have you ever had a momma bear moment? Yeah, that's what happened. I held on tigher and fought him as he tried to use my sister as a tug of war rope. I think I realized my sister was going to get hurt, so I let go, to spare her pain (I saw the welts and bruises on her from his violent actions later, and hated him even more). He told me again I wasn't to eat anything unti I apologized and went upstairs with my screaming sister, who I'm proud to say didn't stop screaming for quite some time, shouting and wailing for me (I think she finally fell asleep from exhaustion), so all he managed to do by taking her away from me was give himself, bitch grandmother, and half sister splitting headaches.

Best part? I went up and got food when everyone was asleep, and continued in that fashion for a couple of days, until I was called up and told I was 'forgiven', and was allowed to eat again. I shrugged, said, ""Whatever,"" and went back downstairs to read, because I didn't give a damn, they couldn't starve me; I was a master of sneaking around and they all slept like rocks (self medicated with alcohol/drugs or just natural), so it wasn't hard for me to feed myself during my 'punishment'.

That happened when I was 16, I'm 26 now, and I'm still not sad that the bitch died a week ago. She contintued to insult my mother every time I allowed myself to be pushed to visit her, and I went no contact with her when she tried to rant about my mom and I almost flipped her glass coffee table in anger.

Thank you for reading, I know this was long, but my past is a novel of itself.",
post,asoiaf,(Spoilers Everything) Jon Snow will never know (and why it's better this way),https://www.reddit.com/r/asoiaf/comments/4pskdt/spoilers_everything_jon_snow_will_never_know_and/,2016-06-25 06:47:15 PDT,2,"Everyone who's talking about the big revelation of Jon Snow's parentage (possibly R + L = J), assumes that Jon will find out sooner or later about his origins. Some even came to the conclusion that this will be in the next episode, in the Winterfell crypts. However I would argue that, Jon will never, and should never find out who his mom and dad is, as this would be much more in the spirit of the books, than a perfect fire-ice combination saviour, who knows his destiny and becomes the king because of his heritage (LoTR much?).

1. George R. R. Marin repeatedly points out in the books, that feudalism is wrong, and following kings and queens and lords just because of they are ""highborne"" leads to the unimaginable suffering of the smallfolk, the ones who had nothing to do with the dealings and the conflicts of lords of Westeros. None of the two main protagonists of the story (Jon and Dany) achieved what they achieved because they were borne in such a way, that they had powers over others. Quite the contrary, both of them were born to a situation where they had to cope with being powerless, and peripheral while having to deal with the legacy of a great house (the whole of Jon's childhood was that while he was raised a Stark, and felt like one, he could never be like his siblings, he will always be and outsider, and Daenerys was born into poverty with only his violent brother to look after her). And both of them earned followers and the respect of their followers through struggle and fighting and leading, not because of their family name. Consider this: at the start of the books Dany was sold into literal sex slavery to a barbaric warlord, and Jon just joined an order that mainly consists of murders and rapists. They've come a long way, and inspired loyalty not because of what they were born, but because what they are, what they have become through their choices. **So the main point is: the reoccurring theme in the books is that people having power over other people because of their birthright is wrong. People aren't following Jon because he's a Targaryen, and being a Targaryen shouldn't mean that he will become king or the Prince that was Promised, or something like that. It would contradict the message and the theme of the novels. If he becomes any of these it won't be because of his birth, but because he's an honest and loyalty inspiring leader. So his parentage should never affect him, and the most straightforward way of this not affecting him is that he will never have this knowledge (or the rest of the world for that matter).**

2. The revelation will most likely come through Bran. Bran is probably the most meta character out there. He sees things that helps us, the audience understand the plot and the themes better, like the birth of the white walkers, of the whispers of the Old Gods. It would be fitting if this revelation would just be for the audience. It would mean that maybe our perspective of Jon changes, while he himself doesn't. **His heritage shouldn't affect him, or his followers or the people of Planetos, as it goes against the theme of the books, but it might affect us, the audience, and our point of view.** Also, if the knowledge of Jon's parentage comes through Bran, there's a chance that they will never meet again, or Bran will have some reason not to share this information with Jon. (Also, I don't believe that there's anything in the crypts, as Ned would've been pretty nervous taking Bobby B down there, if there was a huge neon sign saying ""Jon Targaryen"" over Lyanna's grave.)

3. Jon is already a great leader. Infiltrating the wildling army, than leaving his love to fight for the Watch, taking control in the battle for the Wall, than letting the wildlings through the wall when he realized that there's a greater, common enemy, coming back from the dead and leading an army loyal to him against the Boltons (or whatever he will do in the books). He inspired loyalty in men both night's watch and wilding, who followed him to almost certain death, he made tough choices no one else dared to make, and is one his way to becoming a (fookin') legend. He already has his character arc, and his motivations, his achievements, he already has his place in the universe. **His character doesn't need this revelation for us to root for him, nor for people within the universe to follow him. He simply doesn't need the heritage he might (or might not) have.**

**TL;DR: I believe Jon Snow and the world will never know of Jon's true parentage, as the theme in books is that it shouldn't matter who are you when you are born; the only thing matters is how you are brought up, and what decisions you make during your life. People shouldn't follow other people just because they are highborne, and they aren't following Jon because of his birth, but because of his deeds and character. He, his character or his arc doesn't need this revelation at all. But, we as the audience might gain this knowledge, to serve as a sort of meta-influence on our point of view.**

(Also, it would be pretty cool, if the show handled it this way: Bran is having the final Tower of Joy vision, it's revealed that Lyanna's son is Jon, simultaneously Jon is in the crypts, burying Rickon, and glances to Lyanna's statue. But he doesn't know that he's looking at his mother, and he will never know.) ",
post,wrestlingisreddit,House Party 6/13/16 Card Announcement,https://www.reddit.com/r/wrestlingisreddit/comments/4mxikw/house_party_61316_card_announcement/,2016-06-06 22:28:03 PDT,5,"####HOUSE PARTY Y'ALL

WiR's Western European tour rolls on, as we take a trip to [Turbinenhalle Oberhausen](http://i.imgur.com/lhErx.jpg) in Oberhausen, Germany, right before our Anniversary show! And boy, do we got some excitement in store!

---

**Generation Mex vs Eric Appelbaum and Kevin Scott Jackson**

*Tag Team Match*

Generation Mex? What's that? You may be asking yourself, well, be enlightened! Generation Mex is the team of WiR Lucha star Mil Leones Jr. and a personal friend he's brought in, the more technical and brawling style of lucha veteran, Andrade Allegra! But they'll be tested instantly, as they're paired against the dastardly and completely randomly thrown together Eric Appelbaum and Kevin Scott Jackson! Yes, we are having Appelbaum wrestle for once, he can't just visit fancy restaurants all week every week right?

---

**Kyle Scott vs Ransom Ray**

*Singles Match*

Ransom Ray has recently returned to WiR with a series of confrontations against Bobby Faye, but before he can get his hands on Faye, he has to deal with the self-proclaimed ""God King"" of WiR, and know associate of terrorists, Kyle Scott, will Ray's violent and stiff style win the day? Or will the God King power through, and pull out the win himself?

---

**Percy Prettybody vs Santiago Martinez**

*Singles Match*

Santiago Martinez was also part of the group of several people to have made their returns to WiR these past few weeks, with him instantly going after Dragon and his independent title, while potentially costing Russ Reynolds his shot in the process, but while Martinez is focused on that independent title, he has to face off with a fellow recent return-ee, the former AMUDOV winner, Percy Prettybody, who has come back with as much ass and sass as he's always had, and he's ready to keep his train of momentum rolling, by flattening Santiago! But as we know Santiago is a very skilled wrestler, with many tricks under his sleeve, but Russ and Dragon could potentially want to get one on him, so with this match, the possibilities and excitement are plentiful!

---

**World's Sexiest Tag Team vs The Warlords**

*Should WSTT win, they get inserted into the tag title match at The Anniversary show, should The Warlords win, WSTT will be left out*

In what seems to be a massive re-occuring theme, WSTT recently returned to WiR, making it very clear that they want a shot at The WiR Tag Team Titles, and while it seems The Warlords were happy to accept that proposition, Moxie Moon was a bit more stubborn, insisting they have to earn in in the ring, so The Warlords suggested this match, to give WSTT a chance at getting in, but they also warned WSTT, just because they want them in the match, doesn't mean they're not bringing their A-Game, so will The Tag Champs prevail, and condemn WSTT to the back of the line? Or will WSTT prove they still got it, and defeat our Tag Champs to earn their shot at the titles?

---

**Andrew ""Dragon"" Garcia vs Hriday ""Balban"" Konar**

*Singles Match*

Talk about a trial by fire! Yes, WiR Newcomer Hriday Konar will be put to the biggest test of his life, as he takes on the very talented, and very violent WiR Independent Champion, Andrew Garcia. Will Hriday be able to use his technical ability to pull off the upset on Garcia? Or will Garcia continue his violent rampage by defeating the rookie?

--- 

**Lucian Alexander vs Buster Bravado**

*Singles Match*

Guess what guys? Yes, it's the return of the re-occuring theme of recent returns to WiR! Yes, you can take another shot, but anyway, after returning two weeks ago to save Kaitlyn Jones by his insane and violent brother, Brodie Hansen, Lucian Alexander attempted to get a shot at Brodie with a #1 contenders match against Kaitlyn Jones, but he barely came up short, however, he now has a chance for redemption, by facing off against Buster Bravado, but Buster is no one to walk over, and seemingly with his longtime friend Sierra Briggs by his side, Lucian may bite off more than he can chew.

---

**Young Cardinals vs The Coffee Boyz and Tyler Dylan**

*Trios Match*

After forming last week in the Rookie Round Robin under dubious circumstances, by Nova and McCarty intentionally pushing Alpha to get him the win in the match and the whole round robin in general, The Young Cardinals will have to prove that they can work as a trio, as they face off against the loveable Coffee Boys, with some assistance from a man on a quest to redeem himself after facing his past demons, Tyler Dylan, will Dylan's drive and The Coffee Boys hyperactivity from all that caffeine carry them to victory? Or will The Young Cardinals prove that they have the skills to be a good unit, and score the win themselves?

---

**Brendan Byrne vs Charlie Krieger**

*No DQ Match*

ARE YOU READY TO GET VIOLENT? No? well FUCK YOU! WE'RE GETTING VIOLENT ANYWAY! Yes, after their previous match 2 weeks back, which ended in Krieger barely picking up the win after a low blow and Shining Wizard, Byrne demanded a re-match for this go-home show, specifically, a no DQ match! Byrne has his fair share of history with violence throughout his wrestling career, but Krieger is more than crazy enough to swing some kendo sticks himself, so who will win in this match-up of violent people? Who Knows? But one thing is for sure, it's going to be one crazy ride!

----

Final Card

1. Generation Mex vs Appelbaum/KSJ - u/XemyrLexasey

2. Kyle Scott vs Ransom Ray - u/accgwb

3. Percy Prettybody vs Santiago Martinez - u/youto2

4. WSTT vs The Warlords - u/Homiesunite

5. Andrew Garcia vs Hriday Konar - u/ElNotSoTerrible

6. Lucian Alexander vs Buster Bravado - u/J-Swizzle123

7. Young Cardinals vs Coffee Boys/Tyler Dylan - u/Jackslid

8. Brendan Byrne vs Charlie Krieger - u/Thats_So_Shibe

**PROMOS DUE FRIDAY 11:59 PM PST**

---

**OOC:** As said last time, send stuff to modmail, not just me, it would be preferable for matches and segments to be sent through a google doc rather than reddit text. Otherwise, get to writing, and  help make an amazing show for us all!
",
post,relationships,"Me [23 M] with my wife[23F] 1 year, Feeling resentment toward my wife because of her behavior during fights/arguments.",https://www.reddit.com/r/relationships/comments/4a5um1/me_23_m_with_my_wife23f_1_year_feeling_resentment/,2016-03-12 14:39:23 PST,1,"Dear /r/relationships I have never been able to share this with anyone, and feel I need to get this of my heart and to hear if someone have an advice on my situation.  Btw, sorry for grammatical mistakes, English is not my native language.

I have been married with my wife for a year. In this time, I have started to resent her for her behavior. I find it very difficult to bring up “difficult” topics. I feel she easily get offended and or upset. I always had difficulties talking about my emotions and she have been encouraging me to open up, but I feel it often results in fights. Pointing out negative thigs she do or say can sometimes make her very defensive or upset. Even talking to her gently and calm.  

I know that the reason she react this way is because of her childhood and basically the time before she met me. She grew up in a very emotional abusive family. Violent brother, that daily could hit her, and threaten her. A very emotional mother, who had very little understanding of her daughters need. She all of her life has been blamed for problems the family have had. Basically her parents pushed a lot of theirs problem onto her. Same goes for her dad, in addition he was a dead beat alcoholic throughout most of her life, attempted suicide, hit his wife and had very short temper, which means he just suddenly can get pissed off by anything. They also neglected some of her basic need, for example as taking her to the dentist, before the situation would be as bad as the teeth needed to be pulled… just one example of many (Family had also money problems because off her dads alcoholism). My wife also experienced abuse (sexually) I do not know the extent of it, but only that it happened, around when she was 9 years old. 

So to say mildly, she have a bad relationship with her family. She still seems to want to keep them in her life, but at the moment have been keeping them on a distant. In general, in the area she lived there was common among men to be alcoholic. Many people committed suicide also in the are, some murders of friends… 
Most of this happened before the age of 17, before she moved to another city to study at a university. Also her past relationship before me have seemed to be very emotional abusive, may also been physical abuse, from what she said (the physical abuse I am not sure about, but in fights she often say it would be so much better if I could just hit her???, not sure to make out of it). She described it as good, but would sometimes tell quite shitty things she experienced. She lost most of her friends, she was not allowed to go out etc, list is long, most seems very abusive to me.

I always felt she have needed therapy for all of this, no one should carry this much on her shoulder alone.  I feel like a lot of this is inside her and come out during fights, even small disagreements. She is very defensive; take any type of criticism very close to her, even when I try to say it as gently I can. Tends to decide to leave and can be gone for a long time. Getting panic attacks, or resemble one? Any time of fights or disagreements, she very rarely take the first step to solve the problem, and it is normally up to me to solve and comfort her.  She seems to have a very negative thought pattern also, worries a lot, more than I would think is normal. 	

I still love her and care so deeply for her, but sometimes I am lost and do not know what to do.
She seems to acknowledge that she need therapy, but have not taken any direct step for it; I have asked her to look into it. We are tight on money right now, she do not have an insurance that covers therapy, and neither do mine.  However, she as the possibility to do a few appointments, about 10 hours, I think we would have money to cover at this moment. But I do not push her to do it, since I believe it need to be her choice.

Sorry for a long text. I love her more than anything and would hope for some advice on how to improve communication between us, small things I can do to help her out. Maybe any idea to make her consider to try out a few sessions in therapy (I know that a is not enough but I see it as an start for now)  

**tl;dr**:Feeling resentment towards my wife because of her behavior.Any advice on how to improve communication between us, small things I can do to help her out and us. Maybe any idea to make her consider trying out a few sessions in therapy.",
post,Advice,"Verbally abusive, manipulative and violent brother.",https://www.reddit.com/r/Advice/comments/458xui/verbally_abusive_manipulative_and_violent_brother/,2016-02-11 06:15:03 PST,1,"I'm 16, male and my brother is 21. I've been sucking it up for a couple of years now but i can't take it anymore. Our mother doesn't care whats happening in the household and often doesn't come home for a couple of days, and father seems plain useless and can't do anything or doesn't know what to do. Basically whenever something doesn't go my brothers way he starts being violent and verbally abusive, threatening me and my father, breaks things in the house and its just scary to be around when it happens. If i lock my door he starts slamming on it and screams at me for a couple of minutes. He's addicted to drugs, never had a job and is a leech in the house but our mother doesn't want to accept that or just doesn't care, she also protects him when i confront her about him. My question is how can i cut him off from my life? Moving out when i turn 18 or convincing my parents to sell this house is not an option because of financial reasons. Can me and my father put a lock on one part of the house and not let him in legally? Is there even an option other than moving out/selling the house? I just don't want anything to do with him anymore.

EDIT: I will go into a little bit more detail since i rushed the thread out of frustration.

Brother: Manipulates and lies everyone around him including the household. Has an issue with drugs and god knows what other criminal stuff, is a lowlife and will probably never get his life in order and while he ruins his life he's doing the same to me by ruining the house and being a bully towards me and my father.

Mother: Doesn't care about anything in the house other than her room ( which he stays away from ) and him "" having a place to live "", conversation with her is impossible since she victimizes herself as being harassed whenever i try to talk to her.

Father: Doesn't do anything or doesn't know what to do about my brother which usually ends up in an arguement with him or even a fight whenever my brother starts one of his rampages. Their marriage is terrible and i have no idea why they are even still married, but he just doesn't want to do anything about the situation in the house.

I honestly don't like any of them but i have nowhere to go and i can live with this as long as my brother is not around. I am looking for advice on what to do because we're not rich enough to deal with this that way, selling the house would probably mean being on the street within 2 years.

I also forgot to mention that he often steals around the house, from minor items like a couple bucks i left under my pillow, a shirt to a 2 years of my fathers savings or the family car which he sold for drugs.",
post,survivinginfidelity,"8 months, no end in sight",https://www.reddit.com/r/survivinginfidelity/comments/3s17c5/8_months_no_end_in_sight/,2015-11-08 10:45:12 PST,9,"Hey all. I posted this one the website survivinginfidelity.com but the responses are few and far between. I require to vent and tell me story, where I am at this point in time.

EDIT #1: Explained my personality and how I feel relationships work in a rather angry post further down in the comments. It may actually just how angry I am at the situation and make things a touch more clear.


*My story*
I'm currently coming to terms with my wife who left me in March 2015. I shall start at the beginning. It's going to be long, so I shall provide a TL;DR at the end.
I met her in 2007 as a friend. She was a fan of my band, we aren't big or anything. She became a close friend and was a support when my relationship with my then girlfriend ended. She eventually expressed interest in me and claimed that she ""Would never leave for another guy"" - based on this and getting to know her more we ended up dating. It was really good.

This eventually blossomed into an engagement in 2010. Everything was still great, although we were both struggling to get jobs and even a place of our own.

In 2012, we found out her mother developed throat cancer. Upon discussion we both felt ok with moving the wedding forward. We married in April 2013, on a shoe-string budget, of which I am proud of. We both were. However previous to this marriage I noticed that she was not exactly looking to move out of her mother's. She wanted me to move in, take over the bills, etc. She even complained that we had no privacy how we were living at the moment. How me moving in with her mother would solve this, I have no idea.

While I attempted to find a permanent job, and she was still jobless, we tried to move out and were offered 2 apartments on council property. Of these, she turned them both down. So I pitched that if she wasn't happy with this, that we'd both need jobs to save up and go private rent. She agreed.

As time went on, I managed to get a higher paid job 30 miles from where I live. A job I adore. My dream job in the computer games industry. She soured to this. She did eventually manage to get a placement in an office role in January 2015, shortly after I got my job. Things were looking up, I thought.

She then began to talk about this guy at work named Paul. ""He's a friend"", she said. I felt something was up but let it play out, still doing our weekend routine, still saving up to move out.

Then it happened. One night in March 2015, I noticed she was looking at her laptop in constant depression. I asked her what was wrong and she replied with ""I don't want to be married anymore"", which crushed me. I wept like a Middle-Eastern mother who just lost her children in a bombing. That's the best I can describe the kind of cry I released.

I then asked her 4 questions and got answers:

Q1) How long have you felt this way? 
A) ""About a year...""

Q2) Is it something I did or didn't do? 
A) ""No...""

Q3) ...Is it something to do with Paul? 
A) She nodded, bottom lip quivering and then quickly said ""But I haven't slept with him, I swear...""

Q4) IS there any way I can win you back? 
A) She shook her head and started to cry, saying ""Call me a bitch, I deserve it. Write songs about me in band, anything to get it out..."", to which I replied ""Why? It's not worth it and I don't feel like I should...""

She began to say that ""we just stopped"", that ""we were on laptops all the time"", that she ""felt awkward in bed with me"" - I'd never felt so unattractive or broken in my life. She then said she wouldn't move straight on to Paul. I left at 3am, headed back home, much to the rage and ""I f**kin' knew it""'s of my sister and mother.

I managed to contact my wife to say ""I want you to collect your things from mine Saturday, and I'll get mine from yours"", to which she said she was busy. I said that if she didn't come get her stuff, while my sister was out of town (who was wanting to kill her/kick her arse), then I couldn't guarantee she'd be safe when it was convenient to her. She rearranged her plans and got her things. I worked out she went on a date with Paul, not even a week after we split. I collected my things, said goodbye to my extended family and the dog that I adored, she said ""I'm sorry I couldn't love you the way you deserve"", I thanked her for our time together and went home in tears, trying my best to be a gentleman about it.

1 month later I managed to pluck up the courage to collect our marriage certificate from her, in which I bluntly told her how I felt. I'd never been so angry in all my life, shaking and crying. She proceeded to give me the following reasons of leaving me:

1) ""We just stopped..."" 
2) ""The spark had gone..."" 
3) ""I love you as a brother...it was awkward in bed..."" 
4) ""We were on laptops all the time..."" 
5) ""I didn't want to resent you like my sister-in-law and sister resent their husbands in their divorces..""

So basically she ended our marriage because this other guy in a work environment played to her interests more so than I, she didn't find me attractive any more and she also used her siblings failed marriages to end her own. I'd never felt so insulted. I countered these arguments:

1) ""No...you just stopped. I was working towards getting us a home. What was your effort?"" 
2) ""The spark is the start, it's the FLAME you should pay attention to..."" 
3) ""If I was so awkward to love in that way, why did you even bother saying 'yes' 2 years ago?"" 
4) ""I was only on my laptop because you were playing Sims on my PC...screw you..."" 
5) ""I'm not your man-child 40 year old brother, nor am I your violent brother in law. How dare you!""

All I got was silence, a hand on my wrist and a tissue. I left having said my piece as she had no interest in talking about divorce, which needs to be discussed but she is currently playing the role of ""love sick teenager"" with Paul. When we did talk about divorce, she got insulted when I brought up 'Adultery' (being in the UK you have to have 1 of 5 reasons, and there is no ""Irreconcilable Differences"" as an option from what I can tell). As far as I can see, we both can't afford a divorce, she has 0 out of 5 options unless we are Separated for 2 years, and I have 1 of 5 options under Unreasonable Behaviour. She categorically denies Adultery, even though she is blatantly with him now, or as she put it - ""We are together...""

In May 2015 I had a car accident. Her mother knew of it, she didn't, and they live in the same house. It felt like she didn't even care and it hurt me. When she was told she tried to be sorry and concerned about what happened, but I was far too angry to even care.

She won 2nd place in a costume competition for a Tolkien weekend. He was wearing the costume she was designing me. It looked too big for him.

Over the past 8 months I've tried to move on; I've taken up pro wrestling as a hobby, got in better shape, enjoyed my current games industry job and continued doing things with my band. I even went out with said band for Halloween to a live wrestling show.

My weakness is I keep checking on her. I saw that for Halloween (her favourite time of year) she dressed up and stayed in with Paul, taking 'silly fun webcam photos'. His dead-eyed half smile said it all to me.

So that is my story. I'm stuck in limbo, saving for a divorce that I don't really want, while she goes places and sticks her head in the sand. I try to tell myself I'm in a better place, trying to improve myself that she claimed was already ""brilliant"" - as written on a card to me when I got the very car that was involved in an accident.

I don't know what to do. She keeps creeping in and I just want her gone.

TL;DR: 8 months ago my wife left me for someone more into books and trees than I. She won't talk about divorce and her activities wind me up majorly. I try so hard to ignore her/it, but I can't handle it some times. And I feel my efforts for about 7 years were wasted, especially since she broke her promise to ""never leave for another guy"".",
post,relationships,"I [21F] with mental illness, don't know how to help my [16M] violent brother, living situation is getting really unbearable.",https://www.reddit.com/r/relationships/comments/3rblbw/i_21f_with_mental_illness_dont_know_how_to_help/,2015-11-02 22:24:53 PST,7,"Hi reddit, I have never really had a good family life. My parents had an arranged marriage and barely knew each other, my father turned out to be an abusive alcoholic. They tried to work through it and didn't think about divorce, but I alway's ended up seeing physical altercations between them growing up. This affected me badly, I was never too social and didn't play much with other kids. Suffered from full blown panic attacks starting from when I was 9. My brother was a pretty happy child, he was always laughing and making jokes. He never saw too many fights between them, because my dad was growing older and drinking more, just sitting around not saying anything to anyone. My mental health started to deteriorate when I was about 16. I had an eating disorder, was self harming and had a plan to kill myself. I was admitted into a mental hospital and was diagnosed with depression, also anxiety. After that it was being a guinea pig, on various medications, being misdiagnosed as bipolar, my mental health actually got worse. 


By the time I was 18 I was using drugs, on many medications. I failed out of college multiple times, this summer I decided to stop taking medication or drugs of any sort. I had actually gotten much better, but my brother who has smoked marijuana since he was 13 was getting deeper into it. Alot of kids smoke weed, but we noticed it was becoming a problem when he was stealing money, attempting to blackmail me, selling my things. I am now sober and he is very angry with me, thinking I should do drugs again and I'll be ""fun"". My mother tried to get him help, he has violent outbursts and has even attacked her on occasions. A mobile crisis unit was called to my house, but due to his age he is not able to go to rehab or a behavioral health facility without his consent. He obviously doesn't want to go, and he denies anything is wrong with him. He also is not required to attend school due to his age, and is only going when he feels like once a week or so. My father has never been in our lives, and now my mother is trying to file for divorce from him.


I wanted advice on what I could do for him, hes really angry and is saying things like my parents abused him when he was young, he was tortured. They never laid a finger on him, their fights were amongst themselves. I have no money saved, no college education due to failing out, I have no choice but to live with my parents. However, my mental health is suffering, severe insomnia, depression, suicidal thoughts, self harming, anxiety. He is ruling our household, bossing my parents around and they are so stressed with their own problems that they give into whatever he wants. No matter what I tell them, that they need to discipline him and call the police if he gets violent they don't do anything. Its a stressful environment to be in, I don't want to go back on medication, I'm starting to feel extremely hopeless. Due to the insomnia and depression worsening I can't keep a job, my physical health is also not good right now. I don't have many friends because I cut everyone off, they mostly sell or do drugs. Just feeling like theres nothing else I can do anymore. Thanks guys

**TL;DR; : I don't know what to do to help my family, my little brother is ruling our household. Using violence and threats to get what he wants. Wanted advice on what I can do to help him or make him change what hes doing**.

",
post,MensRights,Personal Anecdote. Best interests of the child need not apply.,https://www.reddit.com/r/MensRights/comments/3r9hkf/personal_anecdote_best_interests_of_the_child/,2015-11-02 13:21:49 PST,21,"So my brother has a child with a woman, a little girl. She has custody (duh) and he gets his daughter Fri-Sun every other weekend. Her new husband is a violent narcissist, and has threatened several people, his mother in law with a knife, my brother with a crowbar (among other general threats of violence), a co-worker, + probably a bunch more I don't about. All of this was brought up in court, yet she is still granted custody over my non-violent brother. 

Best interests of the child my ass.",
post,Paranormal,Logical reasoning to childhood home events besides haunting?,https://www.reddit.com/r/Paranormal/comments/3qe2ce/logical_reasoning_to_childhood_home_events/,2015-10-26 23:59:21 PDT,4,"Hey guys! This has been bothering me for a long time and it only came to me to ask this community for help just now. I know how good this sub is at debunking stuff, and that's what I'm hoping to have done! 

From the age of seven to thirteen I lived in a big six bedroom home, not particularly old, it was in a nice neighbourhood, pretty basic. However my family and I had *many* experiences - shared and separate - that we could never find proof to explain them with logically. I'm not sure if it's worth mentioning, but my house was definitely full of intense emotions - I had a troublesome violent brother, a depressed sister, etc. The house was in no way unhealthy, it was just definitely a home of four teenagers.  

I'll just dive right in with the most prominent events! 



**The Basement**

The basement was a reno done by the previous owners. Whenever I was down there alone I would feel incredibly uncomfortable. It got to the point that I would never go down there alone unless I had to.  Even when I was with other people down there I would often feel like I was being watched or as though something was going to walk out of a doorway. This isn't anything remarkable though, but it is relevant to mention that friends who I would bring over would often feel the same way, and, just like I, never wanted to separate from the group down there. 

-My mother and sister were down there one day, alone in the home, when they heard sudden heavy footsteps walking on the main floor. They assumed that it was my brother, so they went up to greet him, and nobody was there. 

-There were many times where footsteps and doors slamming were heard by all members of the house.

-Myself and four other friends were home alone one night playing Life down there, when we suddenly heard a huge commotion coming from the main floor. My two dogs were barking like mad and there was sudden fast and heavy footsteps. We all freaked out and rushed upstairs only to find that the house was completely peaceful, my dogs were relaxing and nobody was to be found. I remember our shared fear turning to huge confusion as we had all heard the same thing (which we later discussed to confirm). I called out hello, only to hear no answer, but after securing the doors we headed back down to return to our game my cousin and I both heard a whispered ""hello"". I assumed that I'd just imagined it until he mentioned, once we were back in the basement, that he'd heard somebody say hello. 

Just as a side note I've decided to put these stories under my basement section because we only heard things like this when we were down there. The basement itself had very little action that I know of besides some doors occasionally opening/closing and that general feeling of unease. 

**Main Floor** 

The main floor wasn't particularly special. We'd spotted doors/cupboards opening and closing multiple times before but nothing really outstanding that I can remember. We'd heard a voice once or twice, but things like that were often dismissed as our imagination.



**Top Floor**

The top floor was more active than the main. Our computer was up there and it was common for us to hear typing on the keyboard, but whenever we came close it would stop. 

-My two sisters, home alone, once heard my brother get out of bed  (about 1 pm) when they were in the main floor family room, and heard his bedroom door open+close and footsteps walking to the bathroom up there, that door open+close and the sink turn on. Basically it sounded like him getting ready. What they didn't know was that my brother, myself, and my mother had left early that morning to go shopping, so they were definitely shocked when they saw us come home and couldn't explain who it had been.

-My mothers closet always scared me when I would be in her room, however once again I usually dismiss feelings of unease.

-One night that was particularly windy the house was asleep when I had a sudden vivid nightmare and woke up with a bolt. A rock had been thrown through my window. Now this wouldn't seem particularly odd, however my room was on the third story of the home, so there was two levels below my window that somebody would have to throw high enough and hard enough to break through my window. It wasn't a small rock either, it was quite a large one, almost a foot in length, and heavy, so it would have been remarkable to throw it hard enough to smash through my window with that much distance and weight. Once again though, this could have been a person (Our home did back onto a forest), so I would focus on the other stories more than this. 



I think that's all of the most prominent happenings that have stuck with me years later! I know there's more that I've forgotten. Tear this apart guys I'd like to hear what you have to say! 

I should note that for many of these they happened during the winter, so a draft wouldn't be the cause of doors moving in some of their cases.         ",
post,raisedbynarcissists,"My 45 year old deranged/violent brother is causing so much upset, hurt, stress, anxiety and fear at home what can we do?",https://www.reddit.com/r/raisedbynarcissists/comments/3gtxkf/my_45_year_old_derangedviolent_brother_is_causing/,2015-08-13 02:28:21 PDT,4,"Hi guys, sorry to cross post but someone recommended I do so on my original post. 

I feel so pathetic, so childish and so petty posting this but I’m lost I really am this is tearing me apart.
Not really sure where to start or what to say as this is hard so I may go all over the place, I am currently 30 I live at home with my Mum and my 45 year old step brother. He has lived with us for 24 years and for the most part it has been hell. My mum wanted to retire early so I stayed at home and paid off the mortgage but I don’t want to move out and leave her with my step brother. For most of his adult life between 17-35 he was heavy in to drugs and it has really left him deranged and weird. A few examples of things I had to put up with as a child I remember him walking in to my room and opening my cupboard door and stabbing a sword in to it because he thought people were inside. I spent my childhood being constantly accused of stealing his things when I didn’t he even set up a video camera one night to record me walking in the room, he said he got me on tape and when the footage was watched over all you could see was a stationary sock for the duration. When I was around 10-11 I had a friend stay over and he was having a funny turn so my mum locked her door to get away from him and he kicked it in, my friend was petrified and he hid in the toilet downstairs while my step brother proceeded to punch a hole in my mums wall because he thought someone was hiding in there. Another time when we needed to get out of the house as we were driving away he jumped on to the bonnet of the car and wouldn’t get off, when we eventually did he tried to kill himself with a blunt samurai sword. I literally went through hell, it even got to the point when child protection or something like them got involved and I had an interview with them and I believe they had an interview with my brother and things chilled out for a while but there was always that constant fear. I remember him being banned from driving numerous times from road rage incidents and I remember seeing him covered in blood after a failed suicide attempt which resulted in him having to go to hospital for his life to be saved. This is just the tip of the ice but it gives you a rough idea of some of the things I went through. I might add here that he has never hit me or my mum it has always been psychological torture with him. To be honest I’ve turned out pretty alright considering. I might add here that we live in a nice house and my dad left when I was around 12 and my brother helped contribute quite a lot to the house which enabled us to stay living there, for his lunatic tendencies he has been very generous over the years towards my mum and the house but that does come at a price his mood swings, mental torture and psychological games. My brother is a pretty violent person, he has beaten both his real brothers, broken their ribs, has a criminal record as long as you like but has stayed out of trouble for over 10 years now. But he is the type of guy that if he gets in a fight he will straight up try and blind you, that’s his thing, he is known for it and it strikes fear in people. Every time he goes out he nearly gets in a fight, he thinks people are always talking about him and conspiring against him, you can be on the phone and when you finish he’ll pass and just be like “I heard what you said about me.” You could be watching TV and he’ll be like “I saw you looking at me out of the corner of your eyes.” Etc so he is paranoid to high heaven.
Sorry to rant but I’ve never told anyone this so it’s good getting it off my chest but now to the point of this…
My mum is 65, she is the sweetest and dearest woman you can dream of. My step brother treats her like shit most of the time, he is very much a bigot, racist and a general horrible person and I swear because my mum is a woman he treats her worse as he doesn’t treat me in the same way. So the latest thing which brought my mum to tears is this and it’s going to sound pathetic… We all share an electrical tooth brush but we all have different heads. My brother left the tooth brush and his head on the stairs my mum needed to brush her teeth so took the electrical tooth brush and left his head on the stairs… That was all the happened, next second my brother is pretty much foaming at the mouth, he asks me if I did it to which I replied no and he went and found my mum in the garden and started screaming all sorts of abuse at her calling her all names under the sun, literally spitting venom. So my mum tried to reason with him but he wasn’t having any of it. So my mum left it a day and was trying to talk to him in the morning and he was even worse to her calling her a barrage of worse names and just being a vile human being. Now this possibly doesn’t sound that bad but it’s one of a 1,000 similar instances and I’ve had enough.
He was horrible to my mum but after years of him doing this it has kind of become the norm, I feel so helpless as it kills me having someone talk to my mum like this. I’m a big guy, I feel like I should be doing something when he talks to my mum like that but my mum has always asked me not to and I don’t want to stoop to his level as then I will be no better than him. The thing is if we start talking we’re going to end up fighting because you can’t talk to him he is mental there is no talking to him like a normal human being, I then have the fear that if we start fighting my brother is going to blind me. My brother won’t stop, he has been in more fights in his life than I’ve had hot dinners if I was to fight him and win he would possibly stab me in my sleep (he had a fight with a massive group of men years ago and after the event found them and went around there house one by one… he doesn’t forget and he holds a grudge) or my biggest fear is that if we fight I know I’m fighting for my life and I am scared that there may be a death if we fight and then that would result in my mum being on her own while one of us is in prison.
I don’t know where to go, what to do or if there is anything I can do. I’m sick of this, I can easily move out but I can’t leave my mum on her own. He is getting worse and worse with every argument he causes and I am scared that one day he is going to lash out at my mum.
We both just want a normal life, it's the last stage of my mum's life she shouldn't have to be putting up with this. I get pains in my stomach when I think about this, it can't be right.
Sorry for any bad spelling, grammar and punctuation :(
-edit- I was actually on anti depressants for a while as a kid, I never said the cause to the doctor but in hindsight it was him.",
post,Advice,"My 45 year old deranged/violent brother is causing so much upset, hurt, stress, anxiety and fear at home what can we do?",https://www.reddit.com/r/Advice/comments/3gpkso/my_45_year_old_derangedviolent_brother_is_causing/,2015-08-12 04:13:46 PDT,2,"I feel so pathetic, so childish and so petty posting this but I’m lost I really am this is tearing me apart. 

Not really sure where to start or what to say as this is hard so I may go all over the place, I am currently 30 I live at home with my Mum and my 45 year old step brother. He has lived with us for 24 years and for the most part it has been hell. My mum wanted to retire early so I stayed at home and paid off the mortgage but I don’t want to move out and leave her with my step brother. For most of his adult life between 17-35 he was heavy in to drugs and it has really left him deranged and weird. A few examples of things I had to put up with as a child 
I remember him walking in to my room and opening my cupboard door and stabbing a sword in to it because he thought people were inside. I spent my childhood being constantly accused of stealing his things when I didn’t he even set up a video camera one night to record me walking in the room, he said he got me on tape and when the footage was watched over all you could see was a stationary sock for the duration. When I was around 10-11 I had a friend stay over and he was having a funny turn so my mum locked her door to get away from him and he kicked it in, my friend was petrified and he hid in the toilet downstairs while my step brother proceeded to punch a hole in my mums wall because he thought someone was hiding in there. Another time when we needed to get out of the house as we were driving away he jumped on to the bonnet of the car and wouldn’t get off, when we eventually did he tried to kill himself with a blunt samurai sword. I literally went through hell, it even got to the point when child protection or something like them got involved and I had an interview with them and I believe they had an interview with my brother and things chilled out for a while but there was always that constant fear. I remember him being banned from driving numerous times from road rage incidents and I remember seeing him covered in blood after a failed suicide attempt which resulted in him having to go to hospital for his life to be saved. This is just the tip of the ice but it gives you a rough idea of some of the things I went through. I might add here that he has never hit me or my mum it has always been psychological torture with him. To be honest I’ve turned out pretty alright considering. I might add here that we live in a nice house and my dad left when I was around 12 and my brother helped contribute quite a lot to the house which enabled us to stay living there, for his lunatic tendencies he has been very generous over the years towards my mum and the house but that does come at a price his mood swings, mental torture and psychological games. 
My brother is a pretty violent person, he has beaten both his real brothers, broken their ribs, has a criminal record as long as you like but has stayed out of trouble for over 10 years now. But he is the type of guy that if he gets in a fight he will straight up try and blind you, that’s his thing, he is known for it and it strikes fear in people. Every time he goes out he nearly gets in a fight, he thinks people are always talking about him and conspiring against him, you can be on the phone and when you finish he’ll pass and just be like “I heard what you said about me.” You could be watching TV and he’ll be like “I saw you looking at me out of the corner of your eyes.” Etc so he is paranoid to high heaven.

Sorry to rant but I’ve never told anyone this so it’s good getting it off my chest but now to the point of this…

My mum is 65, she is the sweetest and dearest woman you can dream of. My step brother treats her like shit most of the time, he is very much a bigot, racist and a general horrible person and I swear because my mum is a woman he treats her worse as he doesn’t treat me in the same way. So the latest thing which brought my mum to tears is this and it’s going to sound pathetic… We all share an electrical tooth brush but we all have different heads. My brother left the tooth brush and his head on the stairs my mum needed to brush her teeth so took the electrical tooth brush and left his head on the stairs… That was all the happened, next second my brother is pretty much foaming at the mouth, he asks me if I did it to which I replied no and he went and found my mum in the garden and started screaming all sorts of abuse at her calling her all names under the sun, literally spitting venom.  So my mum tried to reason with him but he wasn’t having any of it. So my mum left it a day and was trying to talk to him in the morning and he was even worse to her calling her a barrage of worse names and just being a vile human being. Now this possibly doesn’t sound that bad but it’s one of a 1,000 similar instances and I’ve had enough.

He was horrible to my mum but after years of him doing this it has kind of become the norm, I feel so helpless as it kills me having someone talk to my mum like this. I’m a big guy, I feel like I should be doing something when he talks to my mum like that but my mum has always asked me not to and I don’t want to stoop to his level as then I will be no better than him.  The thing is if we start talking we’re going to end up fighting because you can’t talk to him he is mental there is no talking to him like a normal human being, I then have the fear that if we start fighting my brother is going to blind me. My brother won’t stop, he has been in more fights in his life than I’ve had hot dinners if I was to fight him and win he would possibly stab me in my sleep (he had a fight with a massive group of men years ago and after the event found them and went around there house one by one… he doesn’t forget and he holds a grudge) or my biggest fear is that if we fight I know I’m fighting for my life and I am scared that there may be a death if we fight and then that would result in my mum being on her own while one of us is in prison.

I don’t know where to go, what to do or if there is anything I can do. I’m sick of this, I can easily move out but I can’t leave my mum on her own. He is getting worse and worse with every argument he causes and I am scared that one day he is going to lash out at my mum. 

We both just want a normal life, it's the last stage of my mum's life she shouldn't have to be putting up with this. I get pains in my stomach when I think about this, it can't be right. 

Sorry for any bad spelling, grammar and punctuation :(

-edit-
I was actually on anti depressants for a while as a kid, I never said the cause to the doctor but in hindsight it was him.",
post,SuicideWatch,I just don't know what to do anymore.,https://www.reddit.com/r/SuicideWatch/comments/36z3di/i_just_dont_know_what_to_do_anymore/,2015-05-23 02:54:19 PDT,1,"The fact that I am posting here is proof that I have hit rock bottom. That is, of course, in no offense to whoever posts here for help... But I just cannot see the light anymore. I've trapped myself, in almost every way possible to what I see as my eventual fate. The mound of lies has built up so massively, and to such a point, that I feel like ending myself is a much better alternative than simply continuing as I am.

I am a sham. I am a shame. I am an ideal built upon lies that have been perpetuated upon my own dishonesty and disgrace. I am a spoiled, rotten, disgusting excuse for a human being whose sole contribution to his life has been to spoil and waste every single chance he has been given, which practically everyone on this planet would consider themselves lucky to have.

I have wasted every opportunity, every grace, every chance... So much money... So much hard-earned money, I have wasted... How much of a spoiled, worthless brat I must be... My mother says she cannot even relate to me anymore, we who used to be so close, and that even my episodically violent brother is more relatable than I am.

I will be honest. I am not here on a mere whim. I am not here because I had a bad day. I am here because I simply do not like myself anymore, and I feel like I have lost in recent years what I valued so deeply about myself. I am no longer understanding. I am harsh, and crude. I do not like who I see in the mirror.


It is not so that I have a low opinion of myself, quite the opposite in fact. But what I do have, is a basic and genuine understanding of the blessed and lucky position I have been gifted in life.

I want for nothing. My family is not fabulously wealthy, but they have no financial troubles. They, after period of me living on my own, have agreed to pay for my schooling (at a moderately priced college withing 45m drive), and semester after semester I have lied, just as I always have, about my grades. I simply edit the grades in Chrome, and act like they're mine, all the while milking them for every last sap while I cannot even manage even the most basic of classes.

I used to be smart. I used to be intelligent. I scored in the top 1% of the nation in ACT/SAT scores... What a waste, I am... In no where in this incoherent ramblings of a statement is there any lick of sense. What there is, however, is plenty of grief. I am here because I literally have nowhere else to turn to. Even my best friend wouldn't understand...

I just feel so worthless.. So much like a spoiled brat who continuously doesnt appreciate what he has in life... The only thing I have left is to just keep continuing the lie until the illusion finally shatters.",
post,relationships,I [26F] have had it with my bf's brother [21M],https://www.reddit.com/r/relationships/comments/1nxh7t/i_26f_have_had_it_with_my_bfs_brother_21m/,2013-10-07 12:37:37 PDT,25,"I think he is an occasional redditor so I have to keep this as vague as possible.

The issue is simple.  He is living at home, not working and not currently going to school.  He has a criminal history and past issues with drugs.  And he is spoiled rotten.  My bf's parents give him EVERYTHING he wants and he returns the favour by throwing these temper tantrums over the smallest things.

His mom acknowledges that he has anger issues, is probably bi-polar and is unpredictable.  But she just complains or vents about him to my bf and I and literally does nothing about his behaviour.  When he rages, he breaks things like an expensive, brand new computer, punches holes in the walls, etc.  His parents don't do a damn thing about it, they just pretend it never happened and usually *reward* him for it by buying him something else when he finally talks to them again.  I really believe he gets everything he asks for because I have never seen him not get something he wants.  Then he turns around and treats his parents, who are incidentally lovely, generous people, like absolute shit.  They provide for him 100%, even give him money to buy marijuana.  He does nothing but complain, from what I've seen.  Food in the house isn't what he wants, fridge is unorganized, someone didn't let the dog in fast enough for his tastes, you get the idea.  I have not seen him do much more than take the trash out or unload the dishwasher as far as chores go.

Now I lived at home beyond the typical 18 years but I worked my arse off to repay my parents for their extended hospitality.  I did probably 90% of household chores in return for room and board, and I *never* thought of talking to/treating my parents the way he does his.  I am appalled at his behavior and their inaction.

I have reached the end of my rope because their dad confessed after the brother's latest outburst that he physically threatened him, AND that he has lost all hope, feels he has lost his son, and is convinced that he will eventually kill himself or someone else.  He doesn't even want to try to do anything.  I sat there in silence thinking, you believe your kid will kill someone and you're not going to do anything to stop it, or even try?  Like, why not just invite him to do all of these terrible things, because not punishing him for it is just as bad.  Their mom even said she wanted someone to tell her what to do.  After hearing this, I have decided I am not nearly as comfortable going round to visit much anymore, at least until they do something.  I am worried for my bf when he goes there, since his brother is so volatile, I just can't know whether or not they will fight.  For the record my bf is very docile himself, but I can certainly see him defending himself or his parents if the brother became violent.  

I am mainly worried for my bf's parents though.  He seems to act the worst around them because he knows he can get away with acting like a child with no shame.  Here's the kicker: his parents have bought him a bloody arsenal of weapons because, you guessed it, he *wanted* them so of *course* they thought that was reasonable.  He seems to be getting worse and after hearing that his own father is worried he will hurt or kill someone, I am truly afraid for their safety.

I told my bf that I would like for us to talk to his mom and possibly his dad as well.  They are in complete denial and allowing this to go on is not doing *anyone* any favours at this point.  He thinks he might be up for talking to them but is worried it will do no good.  I am trying not to pressure him but I think we should at least try, the same way his parents should at least try to do something.  Even if we fail, at least we'll know we tried to help.

If we don't get anywhere with them or they just continue on this course of inaction, I have told my bf I am not really keen on spending time at their house.  They are more than welcome to visit us in our flat as regularly as we visit them.  The last thing I want to do is alienate my bf from his parents.  I really am worried that this will all be taken as me butting in on the family but I do think my outsider's perspective is potentially valuable.  This has been normal for them for so long I feel they are desensitized to it all.

And last but not least, I am truly afraid of how the brother will react if we talk to his parents and they tell him.  That there speaks volumes for the way he acts, in my opinion.  I am even worried what will happen if he sees this thread and figures it out.  I would truly fear for my safety if his parents showed him the door or made him get help under threat of being kicked out and he found out we were the ones who encouraged them to do so.  

I don't know what to do anymore but I can't stand not taking some action.

EDIT: I wanted to add something that just happened; the brother and my bf have a 19 y.o. sister who has been studying abroad and is due to come home in about 2 months time.  I just spoke to her via skype and she confessed she does not want to move back with her parents because of her brother.  She has the opportunity to move in with some flatmates and has not yet told her parents she wants to do so.  She is unsure of if she should tell them the real reason why and I told her I would help back her up if she decided to.  Not sure if that will be a wakeup call if it does unfold that way but I hope it will be.  Otherwise my bf's brother is systematically alienating everyone from the family. 

**tl;dr**: Bf's violent brother is beginning to truly scare me, parents aren't doing anything about him, I can't stand ignoring it any longer.",
post,legaladvice,"Reddit, I need your help! What legal options do I have to deal with a schizophrenic and violent brother-in-law who refuses to be treated?",https://www.reddit.com/r/legaladvice/comments/1jks2m/reddit_i_need_your_help_what_legal_options_do_i/,2013-08-02 10:50:27 PDT,3,"Legal professionals of Reddit, I need your advice.  My sister's husband is a diagnosed schizophrenic who refuses to be treated.  He is constantly hearing voices and sleeps with a gun under his pillow.  He has already displayed violence towards my sister and one of their two children (teenage boy).  I'm afraid that those voices will one day tell him to harm my sister and/or the children.  The whole family feels that he's a ticking time-bomb waiting to explode.  Unfortunately, my sister is in denial and unwilling/unable to have him committed to psychiatric hospital/facility for help or force him to take his medication.  What legal options do we (as family members) have to deal with him on our own?  And yes, this is a throwaway account.",
post,funny,Paula Deen's Shameful Eatin' Crow Biscuits - Recipe,https://www.reddit.com/r/funny/comments/1gurkn/paula_deens_shameful_eatin_crow_biscuits_recipe/,2013-06-22 06:20:56 PDT,1,"Mix:
1 part Betty Crocker
2 parts George Wallace; and
3 parts Leona Helmsley

Add:
1 Drunken, racist, sexual assaulting and harassing, workplace intimidating, violent brother and
1 Seafood restaurant; with:

One whistle-blowing hardworking woman who wouldn't take their Sh*t anymore.

Beat them up in the press, and let stink in the sun until they dissolve in ignominious defeat. Serve to the delight of decent human being everywhere :-P

Y'ALL ENJOY !!! :-)

Get the details here:

http://www.scribd.com/doc/148781831/Jackson-v-Deen-Et-Al-Complaint

",
post,AskMen,"Do you have a penchant for bad relationships? Men of reddit, what are your stories where you just couldn't stop yourself from making a huge mistake?",https://www.reddit.com/r/AskMen/comments/18ix3z/do_you_have_a_penchant_for_bad_relationships_men/,2013-02-14 09:41:32 PST,26,"Well, like the title suggests, I have a knack for getting into bad relationships. And I don't mean in the sense that I'm bitter and every girl I ever dated was a <insert term here>, because I don't mean that at all, let me share some stories and then my current...predicament.

Every relationship I have ever been in has one thing in common with every other one: prior to the relationship happening, either my friends, or even the girl's would have told me, ""Spaceman, what you're doing is a mistake for A,B, and C, and I can guarantee X, Y, and Z will go badly,"" and they were all correct.

My first relationship was with someone who effectively was my boss, I was the captain of debate and she was the president of it. It didn't end well, in fact, when it ended, it fucked up speech and debate for a lot of people.

After that, I dated the girl I lost my virginity to, except I lost my virginity in a way that I can only described as my friends planning my rape. They had made sure to get me as far from sober as I had ever been, while the girl was as sober as a death sentence. Once again, did not end well.

Shortly after I started using drugs and found a new sense of atheism. What girl friend characterizes that part of my life? Why, definitely my hyper-christian, straight-edged girlfriend who's best friends(think the 3 musketeers) hated me from the moment they met me. That didn't end well, and really made me hate women for awhile. I won't go into those ones, but god, after her I was just looking to hurt someone, not a proud time in my life.

Then came my bi-polar hippie girlfriend, who had a tendency to get very violent when we argued. That relationship ended with my $1500 laptop taking a trip out of her 4th story window to the scenic parking lot below.

I need to stop and say that, I'm not blaming these women entirely(ok, a couple of them I am but fuck them) for our bad relationships, but what I'm saying is, prior to me being with them I had stopped and said, ""Spaceman, you're doing it again, just walk away,"" and then promptly told myself to fuck off.

Which brings us to today. I'm really upset, because I can see myself doing it again, but potentially in a much more destructive manner. I met this just truly, truly amazing girl. She's smart, funny, beautiful, relaxed, loves my friends, and finds me very attractive. There are a few triggers that need to be pulled, but it's obvious to me, her, and everyone around us that this is happening, and little is gonna stop it.

Except, maybe, her boyfriend in prison, and his exceptionally violent brother. Her friends are about ""that life"" gang members, thieves, and allegedly a few murderers. I've had friends like that, I've been involved in a lifestyle similar at one dark point in my life, it didn't end well.

And the final topping is, she and I are on the brink of starting something, but we're also working on, with a couple of our very close friends, finding a house together.

So to recap: I'm looking at starting a relationship with a girl who is, unfortunately, involved in the gang-life style, has a boyfriend in prison who's brother is known for being just stupidly violent, AND I'm planning on living with her in the very near future.

And I just can't stop myself. I have all this common sense that I just absolutely refuse to apply.

So, men of reddit, what are your stories? Am I alone in being attracted to a train-wreck? Or are there other men out there self-aware enough to understand that their penis probably hates them?",
post,tipofmytongue,[TOMT] Movie from the 90s (I think. It's either 90s or late 80s) about 2 teenage brothers and one of them is extremely violent towards his brother.,https://www.reddit.com/r/tipofmytongue/comments/183ask/tomt_movie_from_the_90s_i_think_its_either_90s_or/,2013-02-07 14:10:20 PST,1,"I can only remember a scene from this movie where the violent brother pushes his brother from the top of stairs and his brother either dies or gets injured. If I can recall their parents are unable to control the violent brother. I don't remember anything else.

Thank you.",
post,atheism,My Speech regarding Osama Bin Laden and Revenge,https://www.reddit.com/r/atheism/comments/zr67v/my_speech_regarding_osama_bin_laden_and_revenge/,2012-09-11 23:16:50 PDT,0,"I don't know which subreddit to put this in. Sorry!

I wrote this for Academic Decathlon (a high school academic competition that's popular in California and Texas, mostly), and I thought I might as well send it to more people just with the possibility that it'll speak to someone. I'm going to leave my speech cues in, because it was meant as a speech and not an essay.

 I'm not going to TL;DR -- sorry!


At around 7 in the evening on May 2, 2011, I was browsing through various YouTube videos when I stumbled across a recently poster comment which read “Thank God we finally got Osama.” At first, I dismissed this as being just another teenager posting the most provocative comment he could think of just to elicit a response from others, but mere moments later the TV sounded with the familiar breaking news chime and various reporters confirmed this information. Indeed, a team of Navy SEALs had infiltrated a safe house and murdered one unidentified woman along with four men, including Osama Bin Laden himself. Yes, Bin Laden is the supposed mastermind behind the September 11th attacks, (although he repeatedly denied this accusation), but exactly who gave that Navy SEAL permission to strip a fellow human being from this life?

One might say that, of course, President Obama had given his permission less than an hour before the attack, but that’s not exactly what I mean. Who gave either of those men the ability to end another human life short? Isn’t the one true and undeniable possession that each human being holds his or her own life? The simple answer is nobody—nobody gave this Navy SEAL the approval to destroy the inalienable right to life that all human beings inherently carry. Of course, that SEAL had only been following orders that came straight from the top. Therefore, President Obama was responsible for directly ordering the murder of multiple individuals, including one person who was allegedly responsible for directly ordering the murder of multiple individuals in the 9/11 attacks. There is no denying that both of these men can now be labeled as ‘terrorists’ in the most basic sense of the word, depending only on which side one asks.

This wasn’t even the most devastating part of the matter to me. No—the worst occurred through the night of May 2, during which thousands of Americans swarmed to the gates of the white house and began chanting (enthusiastic, not serious for these 3 quotes) ‘U-S-A, U-S-A’ singing ‘God Bless America,’ and repeating ‘Miss-ion A-ccom-plished.’ All this over the death of a fellow human being (PAUSE). As I sat watching harmless patriotism quickly morphing into its much more violent brother jingoism, I couldn’t help but feel sickened at those that were participating. This provocative chanting functioned as adding insult to injury—we had murdered a man, ignored the traditional burial for which the Islamic religion calls, and then sang joyously.

At first, I couldn’t quite grasp why that YouTube comment had disturbed me so greatly. After a while, it hit me. It’s because murder is truly illegal. By that I don’t mean according to the set of laws created by the United States of America—no, I mean that in the inherent laws of nature, murdering a fellow human being is the one for the most devastating crimes one can possibly commit. I’m not arguing that Bin Laden was right, and I’m definitely not defending his acts of terrorism. The problem is that we were simply furthering the cycle of destruction—he thought we offended his values, so he responded with the 9/11 attacks. We retaliated to this retaliation by seeking him out and shooting him in the head(slowly crescendo, almost yell at 'in the head') (PAUSE) Both sides were operating with the EXACT same motive: revenge, NOT justice. We wanted him to pay for what he had done with his own blood, although we as Americans have no authority to make that universal decision. Life is the most valuable commodity in our world—more valuable that oil—more valuable than gold—more valuable that land. So valuable that in no situation is it justified to end another’s simply for our own selfish desire for revenge.
",
post,IAmA,IAmA brother of Amazon Kindle creator Kenneth Kiraly,https://www.reddit.com/r/IAmA/comments/va02o/iama_brother_of_amazon_kindle_creator_kenneth/,2012-06-19 07:44:28 PDT,10,"I am Robert Kiraly, an unemployed software developer in his 50s. For proof of identity I'll meet with people or post attorney phone numbers on request.

Updates: I obtained legal representation on June 21, a Thursday, after talking to dozens of firms. It was a relief.

On Friday, June 22, I had my second court appearance and obtained a continuance. In a discussion with my attorney, he seemed to be saying that the other side hadn't expected me to be able to get representation. I was apparently supposed to be a ""pro per"" (or propria persona) or somebody who wouldn't be able to defend himself due to the lack of attorneys.

Edit: There's been some questions in the comments that are addressed by material on an external site. I've been told it's O.K. to have a link here. So here's the link.

http://details.wikidot.com/

===

Kenneth Kiraly, my brother and apparently the creator of the Amazon Kindle, our brother Thomas, VP of Humana, and I had difficult childhoods because our father James Kiraly, VP of Transamerica (the company with the Pyramid) was abusive. It mostly fell on me because I was and remain autistic or a similar condition.

The issue isn't precisely Aspergers. It seems to be something that goes further. I talk very differently than most people unless I focus. And I care about people but it is difficult to connect with them. In the 1960s I was told that I had ""speech difficulties"" and ""neurological issues"". There was no treatment except for a brief stay in a class for stutterers. I didn't actually stutter; the issue was sort of the opposite. I hope to nail things down once and for all after the current situation is over with.

The fact that I spoke oddly and didn't make eye contact was seen as ""attitude"" and ""sass"". I remember the word ""attitude"" and not ""sass"" but our mother Grace mentioned the word ""sass"" when we discussed these issues a few months ago.

I smashed my hand once as a boy to protect Ken who wasn't afraid of James; Ken was small but ferocious. We also had an OCD and potentially violent brother Scott who complicated things. I believe Scott inherited the OCD from James. I was terrified of James and during one altercation between him and Kenneth injuring myself was the only thing I could think of to make him stop. On other occasions, when we were all older, I used to do things like take Kenneth out of the house during fights to go to the movies instead.

My former abuser James and brothers are moving to place me in a CLETS database and possibly to take my website about the cases offline. I was in the Mountain View Emergency Room on Thursday June 14. I had to attend a court hearing in San Jose on Friday June 15 without representation. There was another hearing on Friday June 22 in San Jose. But this time there was an attorney to go with me.

There were death threats on June 18 in IRC. Strange remarks about death, at any rate. That person stated that he was simply seeking technical assistance. But he hinted that he might be a family member. On the other hand, he was in Canada or appeared to be. I'm not sure what to think about him.

A Reddit friend said I should talk here. Rules say proof of identity is needed. What would be satisfactory? I could meet people or groups in Silicon Valley, California. Alternatively I don't have an attorney yet but I could post my family's attorneys; those attorneys will presumably confirm that the cases exist.

Ask me if I've actually committed blackmail, extortion, or stalking. Or what it's like to be an autistic and literal child raised by Christian Fundamentalists. The kind with books about dinosaurs that lived with the Indians.

Would you like to know who got Kenneth, the creator of the Amazon Kindle, his first programming job and taught him to code in 'C' ? Or who let Kenneth live with him rent-free for years? Would you be curious about the books that our grandfather, a well-known writer overseas, wrote and how those books are an extortion attempt? Or how the dollar that a niece stole at age 7 has morphed into complex accusations about 15 years later?

Or just what some influential people were like when they were young. What we did in the 1960s or 1970s that was fun. Or wasn't fun. Or what the influence will be used for now.

You wouldn't have heard of me but I've been involved in a few interesting projects myself. You can ask about those if you like.

Ask what it's like to be autistic, ill, and unemployed, and to find out a month after the fact that your family has filed papers accusing you of extortion.

AMA.

It was nearly impossible to find representation. The legal system doesn't work the way people think. I want to write on my sites about the process.

I'll respond to comments here. I'll also be available periodically in IRC Freenode channel ##iamacoder (with two ##) and the official Reddit IRC channel #reddit-iama (with one #).
",
