row_index,post_link,classification,exclusion_reason,classification_rationale
2938,https://www.reddit.com/r/relationship_advice/comments/14ffp59/i_28f_have_an_abusive_brother_32m_and_he_tried_to/,INCLUDE,,The author explicitly identifies an older brother as abusive and says he tried to attack her that day.
2939,https://www.reddit.com/r/raisedbynarcissists/comments/14ff8x8/hoovering_or_an_attempt_to_change/,INCLUDE,,The author describes living with an abusive sibling and psychological abuse that their mother participated in or enabled.
2940,https://www.reddit.com/r/sex/comments/14feu4j/i_was_sexually_abused_for_most_of_my_life_and_i/,INCLUDE,,The author gives a first-hand account of sexual abuse by their brother beginning in childhood.
2941,https://www.reddit.com/r/TwoXChromosomes/comments/14fe04n/abusive_brother_is_my_situation_really_that_bad/,INCLUDE,,"The author describes physical violence, death threats, sexual assault, intimidation, and coercive control by her older brother."
2942,https://www.reddit.com/r/eroticliterature/comments/14fanwo/corrupting_an_angel_into_a_whore_pt1_m3040f35/,FALSE_POSITIVE,fiction_or_roleplay,This is an erotic fantasy story about fictional angels and demons; sibling language is incidental prose.
2943,https://www.reddit.com/r/offmychest/comments/14f07hr/abusive_brother_is_my_situation_really_that_bad/,INCLUDE,,"The author describes repeated physical assault, sexual assault, threats, intimidation, and control by her older brother."
2944,https://www.reddit.com/r/therapyabuse/comments/14eg4lu/im_so_angry_and_depressed_now/,INCLUDE,,The author identifies sibling abuse as a source of her trauma and current mental-health difficulties.
2945,https://www.reddit.com/r/CPTSD/comments/14e9dto/did_anyone_elses_cptsd_stem_from_sibling_abuse/,INCLUDE,,"The author reports that her brother verbally, financially, and psychologically abused her and the rest of their family."
2946,https://www.reddit.com/r/abusiverelationships/comments/14e47w2/venting_about_an_abusive_sibling/,INCLUDE,,"The first-person vent title identifies the subject as the author's abusive sibling, despite the deleted body."
2947,https://www.reddit.com/r/relationship_advice/comments/14dxi61/i_25f_am_tired_on_my_mom_46f_trying_to_make_me/,INCLUDE,,"The author recounts years of violence, bruising assaults, and a knife death threat by her younger brother."
2948,https://www.reddit.com/r/Advice/comments/14dqlgd/advice_for_dealing_with_formerly_abusive_brother/,INCLUDE,,"The author recounts sustained abuse by his brothers, including killing his cat and hunting him with an axe."
2949,https://www.reddit.com/r/CPTSD/comments/14d7j3d/a_tiny_bit_of_progress/,INCLUDE,,The author identifies an abusive brother whose confrontations over boundaries contributed to ongoing trauma responses.
2950,https://www.reddit.com/r/Parenting/comments/14d6p1a/im_realizing_my_immediate_family_is_very_toxic/,INCLUDE,,The author's violent sister has repeatedly thrown dangerous objects at the author and siblings and hit the author with a lamp.
2951,https://www.reddit.com/r/relationship_advice/comments/14czhtb/my_family_particularly_my_brother_m22_is_making/,INCLUDE,,The author describes lifelong degrading comments and physical altercations initiated in an ongoing pattern involving his brother.
2952,https://www.reddit.com/r/Vent/comments/14cyc43/finally_blew_up_at_my_fiance_who_always_treats_me/,INCLUDE,,The author explicitly links a severe trauma response to abuse endured from their sibling in childhood.
2953,https://www.reddit.com/r/guineapigs/comments/14csaxg/beeblers_unhappy_split_tooth/,FALSE_POSITIVE,nonhuman,"The aggressive brother is another guinea pig, and the post concerns the pet's dental illness and death."
2954,https://www.reddit.com/r/EstrangedAdultKids/comments/14cngxf/fathers_day_rant/,INCLUDE,,"The author describes an abusive brother who lied, gaslit them, and cut them off after being confronted about his abuse."
2955,https://www.reddit.com/r/DeathBattleMatchups/comments/14c4ndy/my_first_and_probably_last_debunk/,FALSE_POSITIVE,fiction_or_media,"This is a debate about fictional anime/manga characters, one of whom has an abusive brother in backstory."
2956,https://www.reddit.com/r/raisedbynarcissists/comments/14c0jni/i_cannot_figure_out_which_of_my_parents_is_the_na/,FALSE_POSITIVE,perpetrator_only,"The author reports parental abuse and acknowledges having abused their own younger siblings, not being abused by a sibling."
2957,https://www.reddit.com/r/distractible/comments/14by24n/hey_wade_i_hope_you_feel_better_one_day/,INCLUDE,,The author gives a detailed first-hand account of physical and emotional abuse by her older sister.
2958,https://www.reddit.com/r/mentalhealth/comments/14bfaoo/a_list_of_shit_things_in_my_life/,INCLUDE,,The adolescent author directly identifies an emotionally abusive sister among the harms in their home.
2959,https://www.reddit.com/r/CPTSD/comments/14b90zd/ive_never_been_in_a_positive_or_accepting_space/,INCLUDE,,"The author describes ongoing trauma and anticipated invalidation connected to a narcissistic, abusive sister."
2960,https://www.reddit.com/r/CPS/comments/14b4407/kids_always_alone_seemingly_afraid_of_parents_and/,FALSE_POSITIVE,third_person_victim,"The author is a neighbor reporting that children are being abused by their older brother, not the sibling victim."
2961,https://www.reddit.com/r/relationship_advice/comments/14a6e75/my_m30_wifes_f31_abusive_brother_m28/,FALSE_POSITIVE,wrong_relation,"The alleged abuser is the author's wife's brother, and the direct sibling victim is the wife rather than the author."
2962,https://www.reddit.com/r/relationship_advice/comments/14a6amc/my_m30_wifes_f31_abusive_brother_m28/,FALSE_POSITIVE,wrong_relation,The title identifies the alleged abuser as the author's wife's brother; the removed body offers no first-hand own-sibling account.
2963,https://www.reddit.com/r/relationship_advice/comments/14a69f4/abusive_brother_in_law/,FALSE_POSITIVE,wrong_relation,The post concerns an abusive brother-in-law rather than abuse of the author by their own sibling.
2964,https://www.reddit.com/r/relationship_advice/comments/14a66tg/abusive_brother_in_law/,FALSE_POSITIVE,wrong_relation,The post concerns an abusive brother-in-law rather than abuse of the author by their own sibling.
2965,https://www.reddit.com/r/relationship_advice/comments/14a63ek/abusive_brother_in_law/,FALSE_POSITIVE,wrong_relation,The post concerns an abusive brother-in-law rather than abuse of the author by their own sibling.
2966,https://www.reddit.com/r/Erotica/comments/14a63d7/corrupting_an_angel_into_a_whore_mf_pt_1/,FALSE_POSITIVE,fiction_or_roleplay,This is an erotic fantasy story about fictional angels and demons; sibling language is incidental prose.
2967,https://www.reddit.com/r/teenagers/comments/149qpfe/what_is_your_most_violent_sibling_moment/,FALSE_POSITIVE,generic_or_research,"This is a generic question soliciting other people's violent-sibling stories, with no first-hand account from the author."
2968,https://www.reddit.com/r/raisedbynarcissists/comments/149pkwy/after_a_year_of_nc_my_narc_dad_still_tries_to/,INCLUDE,,"The author identifies an older abusive brother as the reason home life was broken, alongside the more detailed parental abuse."
2969,https://www.reddit.com/r/offmychest/comments/149hz8y/i_tried_to_take_my_abusive_brother_to_court_just/,INCLUDE,,"The author recounts lifelong assaults by an older brother, including confinement, strangulation, spitting, and attempted battery."
2970,https://www.reddit.com/r/Prevention/comments/148wo02/lets_talk_about_sibling_abuse/,FALSE_POSITIVE,generic_or_research,"This is a copied general-awareness article about sibling abuse and research claims, not the author's experience."
2971,https://www.reddit.com/r/CPTSD/comments/148wghu/i_have_a_lot_of_abusers_unfortunately_and_someone/,INCLUDE,,The author directly identifies an abusive sibling who aligns with the abusive parents against them.
2972,https://www.reddit.com/r/inlaws/comments/148u1nu/struggling_with_severe_depression_cause_of/,FALSE_POSITIVE,wrong_relation,"The person bullying the author is her sister's husband, not the author's own sibling."
2973,https://www.reddit.com/r/raisedbynarcissists/comments/148kkn0/was_sexually_abused_at_5_by_older_narc_sibling_9/,INCLUDE,,"The author reports childhood sexual abuse and continuing gaslighting, control, shaming, and boundary violations by an older sibling."
2974,https://www.reddit.com/r/TrueOffMyChest/comments/147mnaj/passive_aggressive_sibling_advice/,UNCERTAIN,insufficient_context,The title implies a passive-aggressive sibling but the removed body provides no behavior or victim context to distinguish abuse from ordinary conflict.
2975,https://www.reddit.com/r/relationship_advice/comments/147mm4p/passive_aggressive_sibling_advice/,UNCERTAIN,insufficient_context,The title implies a passive-aggressive sibling but the removed body provides no behavior or victim context to distinguish abuse from ordinary conflict.
2976,https://www.reddit.com/r/TrueOffMyChest/comments/147mlfp/passive_aggressive_sibling_advice/,UNCERTAIN,insufficient_context,The title implies a passive-aggressive sibling but the removed body provides no behavior or victim context to distinguish abuse from ordinary conflict.
2977,https://www.reddit.com/r/AsianParentStories/comments/147m4r0/passive_aggressive_sibling_advice/,UNCERTAIN,insufficient_context,The title implies a passive-aggressive sibling but the removed body provides no behavior or victim context to distinguish abuse from ordinary conflict.
2978,https://www.reddit.com/r/raisedbynarcissists/comments/147m3bt/passive_aggressive_sibling_advice/,UNCERTAIN,insufficient_context,The title implies a passive-aggressive sibling but the removed body provides no behavior or victim context to distinguish abuse from ordinary conflict.
2979,https://www.reddit.com/r/CPTSD/comments/147m1iu/learned_something_new_about_my_mom_and_im/,INCLUDE,,The author states that they grew up with an abusive brother while describing an intergenerational cycle of violence.
2980,https://www.reddit.com/r/AsianParentStories/comments/147lttq/passive_aggressive_sibling_advice/,UNCERTAIN,insufficient_context,The title implies a passive-aggressive sibling but the removed body provides no behavior or victim context to distinguish abuse from ordinary conflict.
2981,https://www.reddit.com/r/raisedbynarcissists/comments/147lr6v/passive_aggressive_sibling_advice/,FALSE_POSITIVE,ordinary_non_abusive_conflict,"The complaint is a single indirect remark about the author leaving a dirty pan, without an abusive pattern or meaningful harm."
2982,https://www.reddit.com/r/raisedbynarcissists/comments/147aswu/tw_nmom_doesnt_defend_her_daughters/,INCLUDE,,The author describes a brother whose abuse their mother repeatedly enables and indicates that harm was allowed to happen to both daughters.
2983,https://www.reddit.com/r/CPTSD/comments/1475r1i/my_abusive_father_died_a_few_days_ago_and_im/,INCLUDE,,"The author identifies an abusive brother, current scapegoating, and feared escalation as reasons for planning no contact."
2984,https://www.reddit.com/r/bullying/comments/1472qa4/my_sister_bullied_me/,INCLUDE,,"The author details repeated physical bullying, property damage, extortion, and lasting panic attacks caused by her sister."
2985,https://www.reddit.com/r/personalfinance/comments/14707kj/unsure_what_the_best_course_of_action_for_my/,FALSE_POSITIVE,third_person_victim,"The author's mother, not the author, faces a potentially abusive housing situation involving her own brother."
2986,https://www.reddit.com/r/Molested/comments/146mn93/my_mum_knew_but_told_me_to_stop_lying/,INCLUDE,,"The author explicitly attributes selective mutism to sibling bullying and emotional abuse, amid a broader account of familial sexual abuse."
2987,https://www.reddit.com/r/IllegalLifeProTips/comments/1461zdu/ilpt_request_need_a_way_to_fuck_with_abusive/,INCLUDE,,"The author's request title identifies a personal abusive sibling and seeks a way to retaliate, despite the removed body."
2988,https://www.reddit.com/r/domesticviolence/comments/145g7db/taking_my_lent_car_back_from_my_abusive_brother/,INCLUDE,,The first-person title identifies the author's abusive brother in a dispute about retrieving a lent car.
2989,https://www.reddit.com/r/abusiverelationships/comments/145f2ud/how_can_i_cope_with_abusive_sibling_and/,INCLUDE,,"The author reports that her sister throws objects, damages the home, and physically hits both the author and their mother."
2990,https://www.reddit.com/r/TrueOffMyChest/comments/144msv7/i_have_to_live_with_my_primary_abuser_for_who/,INCLUDE,,The author says they remain trapped living with an abusive sister as well as an abusive stepmother.
2991,https://www.reddit.com/r/india/comments/1448ebs/why_are_indians_so_hostile_to_the_eldest_child/,FALSE_POSITIVE,ordinary_non_abusive_conflict,The post criticizes strangers' stereotypes about eldest siblings; the author's brother did not abuse or bully them.
2992,https://www.reddit.com/r/AskMen/comments/14404ay/men_how_would_i_deal_with_a_physically_abusive/,INCLUDE,,The first-person title explicitly identifies a physically abusive brother and the author's difficulty responding to his alternating kindness.
2993,https://www.reddit.com/r/BambiSleep/comments/143vlh1/i_havent_relapsed_yet/,INCLUDE,,The author states that they grew up in conflict with an abusive brother and connects that history to current self-destructive coping.
2994,https://www.reddit.com/r/LegalAdviceUK/comments/143o9vy/abusive_brother_refuses_to_leave_mums_house_for_2/,INCLUDE,,The author lives with a brother described as chronically abusive and extremely violent and reports severe anxiety and fear in the household.
2995,https://www.reddit.com/r/Vent/comments/1433n6u/i_hate_having_crushes/,INCLUDE,,The author says an abusive brother made it impossible to feel safe with men while growing up.
2996,https://www.reddit.com/r/INTP/comments/140ik80/how_do_you_feel_about_trauma_bonding_as_an_intp/,FALSE_POSITIVE,ordinary_non_abusive_conflict,The author explicitly rejects another person's exaggerated characterization of an ordinary request from her sister as abuse.
2997,https://www.reddit.com/r/dating_advice/comments/1407cef/weve_17m_and_17f_been_in_love_for_two_years_but/,FALSE_POSITIVE,third_person_victim,"The abusive brother belongs to the author's romantic interest; the author is discussing dating her, not his own sibling abuse."
2998,https://www.reddit.com/r/BadMentalHealthMemes/comments/13zzu7f/one_of_this_days_ig/,INCLUDE,,The author identifies a brother as abusive and connects that abuse to trauma recognized by a former therapist.
2999,https://www.reddit.com/r/mentalillness/comments/13zp90e/sibling_abuse/,INCLUDE,,"The author describes persistent fighting, pestering, and bullying by two older brothers and questions whether it crossed into abuse and lasting trauma."
3000,https://www.reddit.com/r/CPTSD/comments/13zjq43/ran_into_my_abuser_today/,INCLUDE,,The author unexpectedly encountered the sibling who abused them and describes the resulting shame and trauma response.
3001,https://www.reddit.com/r/u_Mystical-Beetle234/comments/13z4z0x/weve_17m_and_17f_been_in_love_for_two_years_but/,FALSE_POSITIVE,third_person_victim,"The abusive brother belongs to the author's romantic interest; the author is discussing dating her, not his own sibling abuse."
3002,https://www.reddit.com/r/Nanny/comments/13ymd2s/how_to_deal_with_sibling_aggression/,FALSE_POSITIVE,third_person_victim,"The deleted nanny-forum post asks how to handle aggression between children in the author's care, not abuse by the author's sibling."
3003,https://www.reddit.com/r/CPTSDFightMode/comments/13yhyhd/i_want_to_hurt_everyone/,INCLUDE,,The author identifies an abusive brother whose conduct and their mother's alliance with him contributed to profound anger and loss of freedom.
3004,https://www.reddit.com/r/SuicideWatch/comments/13y7a87/i_feel_like_i_might_be_an_actually_insane_person/,INCLUDE,,The author identifies a sister as abusive and connects marginalized trauma to the current mental-health crisis.
3005,https://www.reddit.com/r/CPTSD/comments/13y19zg/wasnt_able_to_post_in_rsibling_abuse_but_i_wanted/,UNCERTAIN,insufficient_context,"The title suggests a personal submission intended for a sibling-abuse forum, but the removed body does not identify an abuser, victim, or event."
3006,https://www.reddit.com/r/AskReddit/comments/13y05zp/abusive_sibling_is_ruining_my_life_advice/,INCLUDE,,The first-person title explicitly says an abusive sibling is ruining the author's life and asks for advice.
3007,https://www.reddit.com/r/infj/comments/13xejjj/have_some_people_made_you_feel_bad_for_being/,INCLUDE,,"The author identifies a manipulative, verbally abusive sister as a cause of depression and withdrawal at home."
3008,https://www.reddit.com/r/AskMen/comments/13x5wb1/i_found_out_my_partner_is_still_talking_to_my/,INCLUDE,,The title states that the author's brother abused them and that their partner is violating a boundary by continuing contact.
3009,https://www.reddit.com/r/relationship_advice/comments/13x5t7e/i_f26_found_out_my_partner_m28_is_still_talking/,INCLUDE,,"The author details childhood sexualized touching, threats, hitting, fear, and lasting nightmares caused by her brother."
3010,https://www.reddit.com/r/relationship_advice/comments/13x5qg4/i_f26_found_out_my_partner_m28_is_still_friends/,INCLUDE,,The title identifies the author's brother as abusive and frames the partner's continued friendship as a violation of her safety boundary.
3011,https://www.reddit.com/r/relationship_advice/comments/13x5nea/i_f26_found_out_that_my_partner_m28_is_still/,INCLUDE,,The title identifies the author's brother as abusive and reports distress that her partner remains friendly with him.
3012,https://www.reddit.com/r/relationship_advice/comments/13x5fi9/found_out_my_partner_m28_has_been_talking_to_his/,INCLUDE,,The title identifies the partner's friend as the author's abusive brother and reports concealed ongoing contact.
3013,https://www.reddit.com/r/mentalillness/comments/13x17jr/i_dont_want_to_be_bothered_about_my_sister_who/,INCLUDE,,"The author describes lifelong gaslighting, criticism, aggression, and emotional abuse by an older sister that seriously harmed their mental health."
3014,https://www.reddit.com/r/Healthygamergg/comments/13wzs8y/need_advice_on_what_to_do_about_an_abusive_sibling/,INCLUDE,,"The author gives a first-hand account of threats, violent attacks, panic symptoms, and coercive family accommodation caused by her sister."
3015,https://www.reddit.com/r/islam/comments/13wups0/abusive_brother_please_advise_my_life_is_becoming/,INCLUDE,,The first-person title explicitly identifies an abusive brother and describes life with him as torturous.
3016,https://www.reddit.com/r/abusiverelationships/comments/13wpcle/my_abusive_sister_is_visiting_for_the_week/,INCLUDE,,The author feels helpless and unsafe during visits from an abusive sister who joins their mother in targeting them.
3017,https://www.reddit.com/r/raisedbynarcissists/comments/13wm2o8/my_mom_was_never_my_best_friend_just_a_covert/,INCLUDE,,"The author describes a brother who lies about and defames them, manipulates their mother, and guilts them into unwanted caregiving obligations."
3018,https://www.reddit.com/r/offmychest/comments/13wc2gi/i_dont_want_to_be_bothered_about_my_sibling_who/,INCLUDE,,"The author describes years of gaslighting, criticism, aggression, control, and emotional abuse by an older sibling."
3019,https://www.reddit.com/r/AdultChildren/comments/13w69o8/is_it_ok_to_cut_off_parents_over_sibling_abuse/,INCLUDE,,The author provides a detailed first-hand account of childhood sexual abuse by an older brother and later abusive messages and retraumatization.
3020,https://www.reddit.com/r/CPTSD/comments/13vvcyv/does_anyone_else_deal_with_anger_and_aggression/,INCLUDE,,"The author describes severe family violence involving an abusive brother, including defending themself and others from his bone-breaking attacks."
3021,https://www.reddit.com/r/dating/comments/13vqic0/my_girlfriend_19f_said_fuck_your_family_and_i_23m/,FALSE_POSITIVE,wrong_relation,"The violent sister is the author's girlfriend's sibling, while the post itself concerns the girlfriend's conflict with his family over marijuana."
3022,https://www.reddit.com/r/relationship_advice/comments/13vqefj/my_girlfriend_19f_said_fuck_your_family_and_i_23m/,FALSE_POSITIVE,wrong_relation,"The violent sister is the author's girlfriend's sibling, while the post itself concerns the girlfriend's conflict with his family over marijuana."
3023,https://www.reddit.com/r/passiveaggressive/comments/13u5loo/passive_aggressive_sibling/,FALSE_POSITIVE,ordinary_non_abusive_conflict,"The author's sister avoids conflict and urges compliance with difficult parents; the described behavior is frustrating enabling, not sibling abuse."
3024,https://www.reddit.com/r/Vent/comments/13sww4d/my_mother_is_trying_to_reconnect_with_my_abusive/,INCLUDE,,The title identifies the author's brother as abusive and expresses distress that their mother is trying to reconnect with him.
3025,https://www.reddit.com/r/CPTSD/comments/13stfo1/im_gonna_have_to_keep_living_with_my_abusive/,INCLUDE,,The author says they cannot escape living with an abusive brother and expresses acute hopelessness about remaining in the family home.
3026,https://www.reddit.com/r/RoleplayHentai/comments/13smarh/f4m_dad_and_mom_leaves_for_their_honeymoon_and/,FALSE_POSITIVE,fiction_or_roleplay,This is an incest-themed sexual roleplay prompt featuring a fictional abusive brother.
3027,https://www.reddit.com/r/relationship_advice/comments/13skc8h/overbearing_inlaws_and_how_to_move_forward_23f/,FALSE_POSITIVE,wrong_relation,"The abusive sibling is the author's boyfriend's younger brother, in a post about the boyfriend's dysfunctional family."
3028,https://www.reddit.com/r/relationship_advice/comments/13sjlw3/ive_31f_emotionally_detached_and_now_my_husband/,FALSE_POSITIVE,third_person_victim,"The physically abusive sister belongs to the author's husband; the author is describing her marriage, not abuse by her own sibling."
3029,https://www.reddit.com/r/movies/comments/13ry3qi/i_feel_more_confused_about_do_the_right_thing/,FALSE_POSITIVE,fiction_or_media,This is film analysis of fictional brothers in Spike Lee's Do the Right Thing.
3030,https://www.reddit.com/r/deppVheardtrial/comments/13rr10r/spousal_abuse_vs_sibling_abuse/,FALSE_POSITIVE,fiction_or_media,"This is commentary on a celebrity trial and reality-show clip, not the author's own experience."
3031,https://www.reddit.com/r/teenagers/comments/13r55cv/im_at_dinner_and_my_mother_keeps_talking_about_my/,INCLUDE,,The author says her brother abused her in the past and that reminders of what he did remain distressing.
3032,https://www.reddit.com/r/CPTSD/comments/13qf4zj/sibling_abuse_and_imposter_syndrome/,INCLUDE,,The author reports being sexually abused and emotionally manipulated by his older sister for roughly five years.
3033,https://www.reddit.com/r/rant/comments/13pyllf/heres_a_breakdown_of_my_life_help_me_fix_it/,INCLUDE,,The author describes financial exploitation and childhood physical abuse by a sister with whom they have been forced to live.
3034,https://www.reddit.com/r/TrueOffMyChest/comments/13pqtr5/my_abusive_brother_lost_his_girlfriend_because_of/,INCLUDE,,The first-person title explicitly identifies an abusive brother and implies the author disclosed abuse or assault affecting his relationship.
3035,https://www.reddit.com/r/arrow/comments/13pq12w/headcanons_you_enjoy/,FALSE_POSITIVE,fiction_or_media,The post discusses headcanons and character relationships in the fictional television series Arrow.
3036,https://www.reddit.com/r/offmychest/comments/13ppqge/sibling_abuse_and_strained_relationships/,UNCERTAIN,insufficient_context,"The generic title mentions sibling abuse and strained relationships, but the removed body does not establish whose experience it is."
3037,https://www.reddit.com/r/secondary_survivors/comments/13pnwjo/my_21f_abusive_sister_in_law_27f_wants_me_to_be_a/,FALSE_POSITIVE,wrong_relation,"The alleged abuser is the author's sister-in-law, and the direct victim is her brother rather than the author."
3038,https://www.reddit.com/r/crackedracks_lair/comments/13pcdz7/more_implications_of_sibling_abuse/,FALSE_POSITIVE,generic_or_research,The blank post has only a generic title about implications of sibling abuse and no first-hand account.
3039,https://www.reddit.com/r/TrueOffMyChest/comments/13p11kx/i_know_this_is_incredibly_immature_and/,INCLUDE,,The author describes a larger sister's childhood physical threats and bullying as beyond ordinary sibling behavior.
3040,https://www.reddit.com/r/BPDlovedones/comments/13o0lv8/abusive_sister_with_bpd_i_am_so_scared_and/,INCLUDE,,"The author reports threats, gaslighting, repeated verbal abuse, controlling accusations, and prior physical assault by her sister."
3041,https://www.reddit.com/r/BPDlovedones/comments/13o068g/abusive_sister_with_bpd_i_am_so_scared_and/,INCLUDE,,"The title directly identifies an abusive sister and the author's fear and depression, despite the removed body."
3042,https://www.reddit.com/r/u_Desperate_Giraffe347/comments/13nmm49/im_lucky_to_have_an_abusive_brother/,INCLUDE,,"The first-person title explicitly identifies the author's brother as abusive, despite the otherwise empty post."
3043,https://www.reddit.com/r/legaladvice/comments/13nfvcb/abusive_brother_im_unsure_how_to_move_forward/,INCLUDE,,The title identifies the author's brother as abusive and asks how to move forward.
3044,https://www.reddit.com/r/Showerthoughts/comments/13lzqpb/driving_around_in_a_volkswagen_beetle_makes_you/,FALSE_POSITIVE,irrelevant_collision,"The title is a joke about the Volkswagen Beetle punching game, not an account of abuse."
3045,https://www.reddit.com/r/offmychest/comments/13lrlvi/my_grandpa_died_and_i_was_the_last_to_know/,INCLUDE,,The author refers to an abusive brother and seventeen years of pain that relatives pressure them to forgive.
3046,https://www.reddit.com/r/offmychest/comments/13kicoo/sexually_abused_by_brother_and_then_i_went_on_to/,INCLUDE,,"The author reports beatings, degradation, and childhood sexual abuse by an older brother, while also acknowledging later harm to peers."
3047,https://www.reddit.com/r/masskillers/comments/13kd2p2/updates_on_the_slumber_party_massacre_in_oklahoma/,FALSE_POSITIVE,generic_or_research,"This is a link compilation and timeline about an Oklahoma mass-murder case, including a news item about the perpetrator's brother."
3048,https://www.reddit.com/r/hanakokun/comments/13k6dwy/just_one_more_theory_before_chapter_102/,FALSE_POSITIVE,fiction_or_media,This is a theory about murdered twin characters in the manga Toilet-Bound Hanako-kun.
3049,https://www.reddit.com/r/raisedbynarcissists/comments/13k0y8b/i_think_i_just_went_no_contact/,INCLUDE,,The author describes lifelong mental abuse by a brother and parents who failed to protect them or acknowledge his abuse.
3050,https://www.reddit.com/r/AmItheAsshole/comments/13jz5qf/aita_for_choosing_to_stop_inviting_my_aggressive/,INCLUDE,,"The author describes a sister's chronic hostility, physical intimidation in childhood, catty attacks, exclusion, and family enabling."
3051,https://www.reddit.com/r/itsoktokillyoursef/comments/13jrgdc/does_sibling_abuse_exist/,INCLUDE,,"The author reports that a brother hits them, destroys their belongings, heavily degrades them, and makes them walk on eggshells."
3052,https://www.reddit.com/r/FamilyLaw/comments/13jae5b/sibling_abuse/,FALSE_POSITIVE,third_person_victim,The author is a parent reporting threats and abuse of her daughter by the daughter's older sibling at the other parent's home.
3053,https://www.reddit.com/r/legaladvice/comments/13j30ue/sibling_abuse/,INCLUDE,,The author asks about legal action against an adult sibling for decades of verbal and physical abuse.
3054,https://www.reddit.com/r/insaneparents/comments/13j2yjo/my_dad_is_forcing_me_to_see_my_abusive_sister_and/,INCLUDE,,The title says the author's father forces them to see an abusive sister and attend monthly family meetings.
3055,https://www.reddit.com/r/dating/comments/13i27dm/dating_a_guy_who_has_the_same_name_as_me_and_my/,INCLUDE,,"The author describes an older brother who abused the siblings, made her life psychologically hell, and vindictively appropriated her chosen name."
3056,https://www.reddit.com/r/dating_advice/comments/13i10on/dating_a_guy_who_has_the_same_name_as_me_and_my/,INCLUDE,,"The author describes an older brother who abused the siblings, made her life psychologically hell, and vindictively appropriated her chosen name."
3057,https://www.reddit.com/r/ToxicRelationships/comments/13hyoqp/toxic_and_emotionally_abusive_brother/,INCLUDE,,"The author provides a detailed account of relentless childhood degradation, manipulation, threats, and emotional abuse by an older brother."
3058,https://www.reddit.com/r/relationship_advice/comments/13hwpv9/how_do_i_30f_deal_with_my_passive_aggressive/,FALSE_POSITIVE,wrong_relation,"The person making passive-aggressive jabs is the author's brother's wife, not her own sibling."
3059,https://www.reddit.com/r/relationship_advice/comments/13hwopi/how_to_deal_with_a_passive_aggressive_sisterinlaw/,FALSE_POSITIVE,wrong_relation,The title concerns a passive-aggressive sister-in-law rather than the author's own sibling.
3060,https://www.reddit.com/r/exjw/comments/13hl2mw/why_i_am_still_single/,FALSE_POSITIVE,irrelevant_collision,"The word “brother” refers to male members of the Jehovah's Witness congregation, not a sibling."
3061,https://www.reddit.com/r/teenagers/comments/13hhfvu/is_american_teen_culture_really_is_as_miserable/,FALSE_POSITIVE,fiction_or_media,The post asks about violence experienced by a fictional child in the I Funny book series.
3062,https://www.reddit.com/r/UKPersonalFinance/comments/13h5kxq/should_i_move_out_for_my_placement_year/,INCLUDE,,The author says the continued presence of an abusive sibling makes living at home intolerable and prompts a plan to move away.
3063,https://www.reddit.com/r/Fosterparents/comments/13h1qc6/how_do_you_deal_with_dangerous_foster_children/,INCLUDE,,"The author identifies a violent, abusive sister from childhood as the reason they fear fostering an aggressive child."
3064,https://www.reddit.com/r/Advice/comments/13h0m2a/stuck_with_abusive_brother24m/,INCLUDE,,"The author details an older brother's assaults, threats, property destruction, coercion, terrorizing of a pet, and fear that he will kill the family."
3065,https://www.reddit.com/r/relationships/comments/13gqdil/me_f18_have_been_sa_mentally_and_physically/,INCLUDE,,"The title states that the author endured sexual, mental, and physical abuse by her older brother throughout childhood."
3066,https://www.reddit.com/r/raisedbynarcissists/comments/13ge7v7/went_to_break_no_contact_and_found_out_my_mother/,INCLUDE,,The author describes abuse by her sister that their mother knowingly failed to stop and then punished the author for resisting.
3067,https://www.reddit.com/r/NoStupidQuestions/comments/13ftqj7/can_child_protective_services_be_called_on_an/,UNCERTAIN,insufficient_context,The deleted post asks whether child-protection services can be called on an abusive sibling but does not identify the author as victim or reporter.
3068,https://www.reddit.com/r/whatsthatbook/comments/13fogk2/story_about_a_teenageryoung_adult_replacing_her/,FALSE_POSITIVE,fiction_or_media,This is a request to identify a fantasy novel featuring divine siblings and a violent brother.
3069,https://www.reddit.com/r/relationship_advice/comments/13fmisl/im_m28_hurt_by_the_lack_of_support_from_my_friend/,INCLUDE,,"The author reports years of financial exploitation and emotional and psychological abuse by his brother, leaving him unsafe at home."
3070,https://www.reddit.com/r/Vent/comments/13fa1ha/my_abusive_sister_and_her_friends_are_leaving_me/,INCLUDE,,The title identifies an abusive sister and describes her and her friends leaving the author with filth and property damage.
3071,https://www.reddit.com/r/raisedbynarcissists/comments/13f312z/my_abusive_brother_is_studying_law/,INCLUDE,,The first-person title identifies the author's abusive brother and expresses alarm about his law studies.
3072,https://www.reddit.com/r/TrueOffMyChest/comments/13ef3lr/im_jealous_of_my_nephew/,INCLUDE,,The author describes severe longstanding mistreatment by her abusive sister and grief at seeing the sister treat her own child kindly.
3073,https://www.reddit.com/r/legaladvice/comments/13edrv6/what_to_do_to_remove_abusive_sibling/,INCLUDE,,The first-person legal-advice title seeks removal of the author's abusive sibling.
3074,https://www.reddit.com/r/legaladvice/comments/13e9zbw/seeking_help_from_abusive_sister/,INCLUDE,,The title identifies the author's sister as abusive and seeks help escaping or responding to her.
3075,https://www.reddit.com/r/satanism/comments/13dv62t/hex_for_abusive_brother/,INCLUDE,,"The title seeks a hex against the author's abusive brother, indicating a personal abusive relationship."
3076,https://www.reddit.com/r/AnimeSketch/comments/13dv5vf/ive_starting_writing_my_manga_but_i_feel_like_the/,FALSE_POSITIVE,fiction_or_media,The abusive brother is a character in the author's proposed supernatural manga plot.
3077,https://www.reddit.com/r/bullying/comments/13cffao/sibling_bullying_research_study_seeking/,FALSE_POSITIVE,generic_or_research,"This is a participant-recruitment notice for a formal sibling-bullying study, not the author's own account."
3078,https://www.reddit.com/r/TrueOffMyChest/comments/13c8obu/my_abusive_18_year_old_brother_belongs_in_jail/,INCLUDE,,"The author reports being hit, controlled, criticized, and emotionally exhausted by an abusive older brother who also hits their mother."
3079,https://www.reddit.com/r/AutismInWomen/comments/13b4h6a/letting_go_of_an_abusive_sibling/,INCLUDE,,"The author identifies her older brother as an abuser who denied her space, appropriated her interests, continually corrected her, and invalidated her autism."
3080,https://www.reddit.com/r/Horror_stories/comments/13alpvv/my_evil_sister/,INCLUDE,,"The author labels the submission a true story and describes threats, hitting, coercion, and manipulation by an older sister."
3081,https://www.reddit.com/r/JUSTNOFAMILY/comments/13al2da/abusive_brother/,INCLUDE,,"The title directly identifies the subject as the author's abusive brother, despite the removed body."
3082,https://www.reddit.com/r/Advice/comments/13acwdl/my_parents_plan_to_kick_our_abusive_brother_out/,INCLUDE,,"The author reports assaults, death threats, hospitalization, hacking, blackmail, property destruction, and coercion by an older brother."
3083,https://www.reddit.com/r/Vent/comments/13ab5ab/people_keep_pushing_my_boundaries_and_im_starting/,INCLUDE,,The author identifies an abusive brother among multiple first-hand traumas in their adoptive family.
3084,https://www.reddit.com/r/raisedbynarcissists/comments/13a49q5/does_anyone_else_have_thoughts_like_this/,FALSE_POSITIVE,third_person_victim,"The abusive sister is the author's mother's sibling; the author is describing maternal abuse and disappointment, not abuse by their own sibling."
3085,https://www.reddit.com/r/Nanny/comments/138n7a8/nightmare_kids_racist_db_mlm_mb/,FALSE_POSITIVE,third_person_victim,The author is a former nanny reporting abuse among children in her care; the abusive brothers are not her siblings.
3086,https://www.reddit.com/r/cheating_stories/comments/1386nki/i_trusted_the_wrong_people_and_ruined_my_life/,INCLUDE,,"The author recounts an older brother's childhood sexual abuse, suffocation, attempted killing, and repeated beatings into unconsciousness."
3087,https://www.reddit.com/r/CPTSD/comments/137cp99/i_felt_abandoned_a_few_times_growing_up/,FALSE_POSITIVE,fiction_or_media,The abusive brother appears only in the author's recollection of a Steinbeck story; the personal account concerns parental neglect and abandonment.
3088,https://www.reddit.com/r/AmItheAsshole/comments/1379375/wibta_for_backing_out_of_a_commitment_with_an/,INCLUDE,,The first-person title identifies a commitment involving the author's abusive sibling and asks whether backing out is justified.
3089,https://www.reddit.com/r/Advice/comments/1378rsi/backing_out_of_a_commitment_with_an_abusive/,INCLUDE,,The first-person title identifies a commitment involving the author's abusive sibling and asks about withdrawing.
3090,https://www.reddit.com/r/raisedbynarcissists/comments/1372ldk/anyone_elses_np_switch_between_who_they_regard_as/,INCLUDE,,"The author describes lifelong emotional abuse and bullying by a brother, compounded by their mother's scapegoating and enabling."
3091,https://www.reddit.com/r/MensRights/comments/136udhu/what_are_your_opinions_on_this_post_especially/,FALSE_POSITIVE,repost_or_archive,"This is a summary and link to another Reddit author's alleged family-abuse case, not a first-hand account."
3092,https://www.reddit.com/r/Psychosis/comments/1365pen/my_abusive_brother_who_ive_not_spoken_with_for/,INCLUDE,,The title identifies an estranged abusive brother and asks whether his recent conduct is intended to aggravate the author's psychosis.
3093,https://www.reddit.com/r/Psychosis/comments/1365oj0/my_abusive_brother_who_ive_not_spoken_with_for/,INCLUDE,,The title identifies an estranged abusive brother and asks whether his recent conduct is intended to aggravate the author's psychosis.
3094,https://www.reddit.com/r/abusiverelationships/comments/135gjs2/to_be_or_not_to_be_friends/,FALSE_POSITIVE,wrong_relation,"The abusive brother is the author's former partner, while the sibling discussed is that abuser's sister."
3095,https://www.reddit.com/r/LegalAdviceIndia/comments/135dpt6/legal_advice_on_throwing_my_abusive_sister_out_of/,INCLUDE,,The author reports that an adult sister is mentally and verbally abusive to him and their parents and seeks a lawful way to remove her.
3096,https://www.reddit.com/r/offmychest/comments/1359fzu/rambling_vent_about_my_emotionally_abusive_sister/,INCLUDE,,"The author details sabotage, destruction of cherished property, intentional panic attacks, and sustained emotional abuse by an older sister."
3097,https://www.reddit.com/r/CPTSD/comments/134wnl6/it_hit_finally_how_i_developed_did/,INCLUDE,,The author identifies a brother as abusive and describes years of degradation and family mistreatment contributing to CPTSD and dissociation.
3098,https://www.reddit.com/r/AskMen/comments/134os0d/how_to_handle_an_emotionally_abusive_brother/,INCLUDE,,The author reports a brother repeatedly entering their locked bedroom at night and disregarding clear privacy boundaries in the author's apartment.
3099,https://www.reddit.com/r/legaladvice/comments/1346ydm/how_to_evict_verbally_abusive_brother_from_moms/,INCLUDE,,The title identifies the author's brother as verbally abusive and seeks to evict him from their mother's home.
3100,https://www.reddit.com/r/dementia/comments/133n8h2/abusive_mom_has_early_dementia/,INCLUDE,,The author says her mother failed to protect her from a physically abusive brother while recounting broader childhood abuse.
3101,https://www.reddit.com/r/lawofattraction/comments/132i4om/sibling_abuse/,INCLUDE,,The author explicitly says she suffered substantial abuse by a jealous sister while their parents defended the sister.
3102,https://www.reddit.com/r/offmychest/comments/132fi4h/im_so_pissed_my_parents_right_now/,INCLUDE,,"The teenage author reports being shoved into a wall, having belongings destroyed, and seeing a puppy kicked by an abusive adult sister."
3103,https://www.reddit.com/r/CPTSD/comments/132c2ho/have_you_been_able_to_heal_alone/,INCLUDE,,"The author describes an aggressive brother whom their mother enables to mistreat them, contributing to self-harm and a suicidal crisis."
3104,https://www.reddit.com/r/CPTSD/comments/131wlpe/intense_feardoom_surrounding_the_thought_of/,INCLUDE,,"The author states she was actively traumatized at home by a sister who was physically, verbally, and mentally abusive."
3105,https://www.reddit.com/r/dirtypenpals/comments/131qvdi/mgm4f_wantedtomboy/,FALSE_POSITIVE,fiction_or_roleplay,This is a sexual roleplay advertisement listing an “aggressive brother” as one possible fantasy character.
3106,https://www.reddit.com/r/dirtypenpals/comments/131dnut/mgm4f_wantedtomboy/,FALSE_POSITIVE,fiction_or_roleplay,This is a sexual roleplay advertisement listing an “aggressive brother” as one possible fantasy character.
3107,https://www.reddit.com/r/toxicparents/comments/13193xr/being_the_black_sheep_sucks/,INCLUDE,,The author says their parents forced them to endure an abusive sister whose conduct damaged their self-esteem.
3108,https://www.reddit.com/r/AmItheAsshole/comments/12z5aag/aita_for_not_forgiving_my_abusive_sister/,INCLUDE,,The first-person title identifies the author's sister as abusive and asks whether refusing forgiveness is wrong.
3109,https://www.reddit.com/r/abusesurvivors/comments/12z4zoo/hello_hello_question_abt_something_my_brother_did/,INCLUDE,,"The teenage author reports a brother putting them in a chokehold, demanding secrecy, continuing to hit and shove them, and coercing compliance."
3110,https://www.reddit.com/r/AmItheAsshole/comments/12z3k4d/aita_for_not_forgiving_my_abusive_sister/,INCLUDE,,The first-person title identifies the author's sister as abusive and asks whether refusing forgiveness is wrong.
3111,https://www.reddit.com/r/relationships/comments/12yy0nv/older_abusive_brother_is_threatening_parents_and/,INCLUDE,,"The author details lifelong verbal abuse, gaslighting, physical violence, and current threats by an older brother."
3112,https://www.reddit.com/r/relationships/comments/12yxu9g/older_abusive_brother_is_threatening_parents_and/,INCLUDE,,The title explicitly identifies the author's older brother as abusive and threatening both the author and their parents.
3113,https://www.reddit.com/r/Advice/comments/12ynl6f/i_18yo_autistic_f_dont_know_what_to_do/,INCLUDE,,"The author reports strangulation, beatings, knife threats, animal violence, and fear for her life caused by a younger sister."
3114,https://www.reddit.com/r/CPTSD/comments/12ymljv/how_do_you_deal_with_losing_family_because_of/,INCLUDE,,The author states that her brother sexually abused her in childhood and seeks support before disclosing it to family.
3115,https://www.reddit.com/r/COCSA/comments/12ygy0y/i_was_abused_by_sibling_three_years_older_than_me/,INCLUDE,,The author provides a first-hand account of childhood sexual assault by an older sibling and the resulting panic and shame.
3116,https://www.reddit.com/r/offmychest/comments/12ya392/im_23f_scared_to_be_alone_with_my_brother_26m/,INCLUDE,,"The author describes repeated sexualized coercion by an older brother that led her to barricade her room, avoid food, and fear being alone with him."
3117,https://www.reddit.com/r/BPD/comments/12xu89i/valud_splitting/,INCLUDE,,The author identifies an abusive sister and describes resurfacing memories of her mistreatment and statements.
3118,https://www.reddit.com/r/Vent/comments/12xu71k/i_fucking_hate_my_abusive_brother/,INCLUDE,,"The adolescent author reports restraint, forced exposure to horrifying videos, broom beatings, and knife threats by an older brother."
3119,https://www.reddit.com/r/CharacterRant/comments/12wu7x9/loweffort_sunday_daenerys_targaryens_arc_is_kinda/,FALSE_POSITIVE,fiction_or_media,This is literary/television analysis of Daenerys Targaryen and her fictional abusive brother.
3120,https://www.reddit.com/r/selfharm/comments/12wnww4/what_do/,INCLUDE,,"The author identifies an abusive sibling as one of the traumas contributing to PTSD, self-harm urges, and current exhaustion."
3121,https://www.reddit.com/r/legaladvice/comments/12wjs1a/what_can_i_do_about_my_abusive_brother/,INCLUDE,,The first-person legal-advice title asks what the author can do about their abusive brother.
3122,https://www.reddit.com/r/SuicideWatch/comments/12vzcic/im_doing_great/,FALSE_POSITIVE,perpetrator_only,The author fears becoming an abusive sibling and believes their own breakdowns traumatize younger siblings; they do not report sibling victimization.
3123,https://www.reddit.com/r/LongDistance/comments/12vrdf6/how_to_deal_with_my_sos_abusive_brother/,FALSE_POSITIVE,third_person_victim,"The author's long-distance partner is verbally abused by her own brother; the author is a concerned partner, not the sibling victim."
3124,https://www.reddit.com/r/family/comments/12v7tv0/am_i_selfish_for_cutting_off_my_abusive_sister/,INCLUDE,,"The author reports physical and verbal abuse, threats, theft, violence, and lasting fear caused by an adoptive sister."
3125,https://www.reddit.com/r/CPTSD/comments/12v2jq5/my_parents_would_rather_me_try_to_force_me_to/,INCLUDE,,The author reports twenty years of relentless physical and verbal abuse by an older brother and ongoing nightmares and family coercion.
3126,https://www.reddit.com/r/AmItheAsshole/comments/12uzxau/aita_for_continuously_ignoring_my_previously/,INCLUDE,,The title identifies the author's sister as previously abusive and asks whether continuing to avoid her is wrong.
3127,https://www.reddit.com/r/teenagers/comments/12uqlp5/my_abusive_brother_lost_his_girlfriend_because_of/,INCLUDE,,"The author gives a detailed account of repeated childhood sexual abuse, beatings, and bullying by an older brother."
3128,https://www.reddit.com/r/AmItheAsshole/comments/12tv3r5/aita_am_i_the_asshole_for_not_wanting_an_abusive/,INCLUDE,,The title identifies a male sibling as abusive and the author's need to conceal their address and prohibit contact.
3129,https://www.reddit.com/r/CPTSD_NSCommunity/comments/12sg0yp/progress_often_doesnt_translate_to_comprehension/,INCLUDE,,The author identifies sibling bullying beginning in very early childhood as part of a lifelong history of being pushed down and traumatized.
3130,https://www.reddit.com/r/AskMen/comments/12s5qg4/what_do_i_do_about_my_girlfriends_overly/,FALSE_POSITIVE,wrong_relation,"The aggressive brother belongs to the author's girlfriend, not to the author."
3131,https://www.reddit.com/r/Parenting/comments/12rxacg/normal_sibling_behavior_vs_sibling_bullying/,FALSE_POSITIVE,third_person_victim,"The parenting-forum title asks about distinguishing behavior from bullying between children, not the author's own sibling abuse."
3132,https://www.reddit.com/r/Rants/comments/12r31da/i_got_on_the_wrong_bus_and_things_got_worse/,INCLUDE,,The author states they grew up with an abusive brother whose yelling created lasting sensitivity and panic around raised voices.
3133,https://www.reddit.com/r/venting/comments/12r314m/i_got_on_the_wrong_bus_and_things_got_worse/,INCLUDE,,The author states they grew up with an abusive brother whose yelling created lasting sensitivity and panic around raised voices.
3134,https://www.reddit.com/r/rant/comments/12r30wj/i_got_on_the_wrong_bus_and_things_got_worse/,INCLUDE,,The author states they grew up with an abusive brother whose yelling created lasting sensitivity and panic around raised voices.
3135,https://www.reddit.com/r/Vent/comments/12r30k3/i_got_on_the_wrong_bus_and_things_got_worse/,INCLUDE,,The author states they grew up with an abusive brother whose yelling created lasting sensitivity and panic around raised voices.
3136,https://www.reddit.com/r/AskParents/comments/12qylc9/sibling_bullying/,FALSE_POSITIVE,third_person_victim,The deleted AskParents post has only a generic parenting title about sibling bullying and no first-hand victim account.
3137,https://www.reddit.com/r/BPDFamily/comments/12qwe92/sibling_abuse_help_them_or_break_up_with_them/,FALSE_POSITIVE,generic_or_research,The author shares and summarizes a general advice video based on another viewer's sibling relationship.
3138,https://www.reddit.com/r/BPDlovedones/comments/12qt5hz/finally_fleeing_two_siblings_with_bpd/,FALSE_POSITIVE,wrong_relation,"The two abusive people are the author's roommates and are siblings to each other, not siblings of the author."
3139,https://www.reddit.com/r/Advice/comments/12qoteh/when_does_sibling_rough_housing_become_abuse/,FALSE_POSITIVE,third_person_victim,"The author is a father/stepfather asking whether one child is abusing another, not reporting abuse by his own sibling."
3140,https://www.reddit.com/r/Advice/comments/12qbq3s/abusive_sibling_and_nowhere_to_go/,INCLUDE,,The title identifies the author's sibling as abusive and states that the author has nowhere else to go.
3141,https://www.reddit.com/r/movingout/comments/12q6icr/looking_for_resources_to_help_me_move_out_on_my/,INCLUDE,,The author identifies a sister as abusive and fears their father will bring her back into the home after forcing the author out.
3142,https://www.reddit.com/r/adultsurvivors/comments/12pnobq/abusive_brother_applied_to_be_a_foster_parent/,INCLUDE,,The author reports sexual abuse by an older brother and must decide what to tell a foster-care agency evaluating him.
3143,https://www.reddit.com/r/FuckeryUniveristy/comments/12pimne/entitled_coworker_finally_gets_the_boot_i_hope/,FALSE_POSITIVE,wrong_relation,The emotionally abusive brother belongs to the author's coworker's online girlfriend; the long post is about workplace performance.
3144,https://www.reddit.com/r/exmuslim/comments/12pf0g2/thank_you_everyone/,INCLUDE,,The author identifies an abusive brother as a central cause of depression and recurrent suicidal thoughts.
3145,https://www.reddit.com/r/exmuslim/comments/12pcelc/thank_you_everyone/,INCLUDE,,The author identifies an abusive brother as a central cause of depression and recurrent suicidal thoughts.
3146,https://www.reddit.com/r/CPTSD/comments/12p244d/im_extremely_angry_about_one_specific_thing/,INCLUDE,,The author says much of their trauma comes from a brother who abused the whole family and stole or destroyed cherished belongings.
3147,https://www.reddit.com/r/u_DrMeyersPodcast/comments/12owc2p/get_to_know_me/,FALSE_POSITIVE,generic_or_research,"This is a professional biography advertising a researcher's sibling-abuse scholarship and podcast, not a personal victim account."
3148,https://www.reddit.com/r/ROCD/comments/12oruzy/is_this_rocd/,INCLUDE,,"The author reports physical, emotional, and psychological abuse by a brother as part of the trauma underlying current relationship fears."
3149,https://www.reddit.com/r/raisedbynarcissists/comments/12orfbd/attachment_difficulties_narcissistic_abuse_sexual/,INCLUDE,,The author identifies an emotionally abusive sibling among lifelong controlling and degrading relationships affecting attachment.
3150,https://www.reddit.com/r/amithejerkpodcast/comments/12on2cs/aitj_for_leaving_my_abusive_brother_and/,INCLUDE,,"The author reports an abusive brother who stabbed them with scissors, tortured and killed a dog, and caused lasting trauma."
3151,https://www.reddit.com/r/amithejerkpodcast/comments/12omypb/amij_left_my_abusive_brother_and_my_incompetent/,INCLUDE,,The title identifies the author's brother as abusive and says the author left him and their mother behind.
3152,https://www.reddit.com/r/EntitledPeople/comments/12o5kdr/entitled_coworker_finally_gets_the_boot_i_hope/,FALSE_POSITIVE,wrong_relation,The emotionally abusive brother belongs to the author's coworker's online girlfriend; the long post is about workplace performance.
3153,https://www.reddit.com/r/raisedbynarcissists/comments/12nzvug/do_you_guys_feel_empty_inside_when_you_see/,FALSE_POSITIVE,wrong_relation,The “abusive brother” is the author's brother-in-law; the personal abuse described was committed by the parents.
3154,https://www.reddit.com/r/offmychest/comments/12nsyre/im_exhausted_from_letting_my_abusive_brother/,INCLUDE,,"The author gives a detailed account of lifelong physical, emotional, psychological, and verbal abuse by an older brother."
3155,https://www.reddit.com/r/coworkerstories/comments/12ndvax/coworker_is_finally_let_go_at_least_i_hope/,FALSE_POSITIVE,wrong_relation,The emotionally abusive brother belongs to the author's coworker's online girlfriend; the long post is about workplace performance.
3156,https://www.reddit.com/r/zoloft/comments/12n2h3h/what_to_watch_for_when_starting_sertraline/,INCLUDE,,The author identifies sibling abuse as a cause of complex PTSD and dissociation while asking about medication.
3157,https://www.reddit.com/r/CPTSD/comments/12mkuxg/i_hope_its_ok_to_share_a_bit_of_my_story_first/,INCLUDE,,The author uses extended metaphors to disclose coercive sexual abuse by an older male sibling and the family's silencing response.
3158,https://www.reddit.com/r/relationships/comments/12mckxs/my_friend_f19_is_trying_to_get_her_cat/,FALSE_POSITIVE,third_person_victim,The author is posting on behalf of a friend whose adoptive sister is abusive and withholding belongings.
3159,https://www.reddit.com/r/CPTSD/comments/12lq33u/sibling_abuse/,INCLUDE,,"The author details physical terror, forced self-harm, breast squeezing, degradation, and lasting social anxiety caused by older brothers."
3160,https://www.reddit.com/r/Advice/comments/12lm3ue/sibling_abuse/,FALSE_POSITIVE,third_person_victim,"The author's girlfriend is being stabbed, struck, and abused by her twin sister; the author is a concerned partner."
3161,https://www.reddit.com/r/help/comments/12llphj/sibling_abuse/,UNCERTAIN,insufficient_context,"The removed post has only the generic title “Sibling abuse,” with no author, victim, perpetrator, or event context."
3162,https://www.reddit.com/r/abusiverelationships/comments/12limez/i_hate_my_brother/,FALSE_POSITIVE,perpetrator_only,"The author dislikes and yells at a younger brother, and worries that she may be the abusive sibling; she does not report his abuse of her."
3163,https://www.reddit.com/r/Kenya/comments/12l10o9/violent_brother/,INCLUDE,,"The title directly identifies the author's brother as violent, despite the deleted body."
3164,https://www.reddit.com/r/OffMyChestPH/comments/12kjsx6/the_monster_ive_become/,INCLUDE,,"The author reports repeated beatings, head targeting, gaslighting, and mental abuse by an older brother."
3165,https://www.reddit.com/r/Spravato/comments/12i7vdz/new_here_new_to_spravato_experiencing_increased/,INCLUDE,,The author identifies sibling abuse as part of childhood and adult trauma while discussing treatment-resistant depression.
3166,https://www.reddit.com/r/u_Embarrassed-Wing6500/comments/12gz7ur/there_are_2_types_of_humans_the_one_you_want_to/,FALSE_POSITIVE,irrelevant_collision,"This is a context-free aphorism about romantic partners having violent siblings, not a personal account."
3167,https://www.reddit.com/r/AdviceForTeens/comments/12gdmg9/should_i_talk_to_my_parents_or_therapist_about/,INCLUDE,,"The author describes years of racist exclusion, degradation, and bullying by younger siblings, especially a brother, contributing to childhood suicidality."
3168,https://www.reddit.com/r/relationships/comments/12gdfe8/should_i_19f_talk_to_my_parents_or_therapist/,INCLUDE,,"The author describes years of racist exclusion, degradation, and bullying by younger siblings, especially a brother, contributing to childhood suicidality."
3169,https://www.reddit.com/r/bullying/comments/12gd54m/should_i_speak_to_my_parents_about_what_i_found/,INCLUDE,,"The author describes years of racist exclusion, degradation, and bullying by younger siblings, especially a brother, contributing to childhood suicidality."
3170,https://www.reddit.com/r/offmychest/comments/12gais6/my_mother_is_making_me_lose_my_mind_and_its/,INCLUDE,,"The author identifies a sister as abusive and says she abandoned work, housing, and a relationship to help remove that sister and her husband."
3171,https://www.reddit.com/r/CPTSD/comments/12frfa3/help_i_am_triggered_by_children/,INCLUDE,,"The author describes barricading themself indoors to avoid an abusive brother as part of childhood physical, emotional, and sexual trauma."
3172,https://www.reddit.com/r/ask/comments/12ein9x/can_i_get_my_abusive_brother_arrested/,INCLUDE,,The first-person title asks whether the author can have their abusive brother arrested.
3173,https://www.reddit.com/r/AmItheAsshole/comments/12efycj/aita_for_not_letting_my_abusive_brother_babysit/,INCLUDE,,The title identifies the author's brother as abusive and explains the decision not to let him babysit.
3174,https://www.reddit.com/r/u_Mean-Collection-1114/comments/12dwbvq/there_are_2_types_of_humans_the_one_you_want_to/,FALSE_POSITIVE,irrelevant_collision,"This is a context-free aphorism about romantic partners having violent siblings, not a personal account."
3175,https://www.reddit.com/r/unpopularopinion/comments/12dpvwq/sibling_abuse_should_be_taken_more_seriously/,FALSE_POSITIVE,generic_or_research,"This is a general opinion that sibling abuse deserves more attention, with the body removed and no author experience."
3176,https://www.reddit.com/r/u_Wonderful-Invite-645/comments/12dkfbc/there_are_2_types_of_humans_the_one_you_want_to/,FALSE_POSITIVE,irrelevant_collision,"This is a context-free aphorism about romantic partners having violent siblings, not a personal account."
3177,https://www.reddit.com/r/abusiverelationships/comments/12d82e1/abusive_sibling_relationship/,UNCERTAIN,insufficient_context,"The question-style title suggests a possibly abusive sibling relationship, but the removed body gives no victim, conduct, or first-person context."
3178,https://www.reddit.com/r/u_Severe_Tennis_4073/comments/12d1s8w/there_are_2_types_of_humans_the_one_you_want_to/,FALSE_POSITIVE,irrelevant_collision,"This is a context-free aphorism about romantic partners having violent siblings, not a personal account."
3179,https://www.reddit.com/r/TrueOffMyChest/comments/12cze1o/my_older_adopted_sister_is_lying_about_my_parents/,INCLUDE,,"The author reports that an adopted brother tried to kill them three times and later attacked their mother, worsening the author's PTSD."
3180,https://www.reddit.com/r/PhR4Friends/comments/12cudlm/26_f4a_hi_does_anyone_have_extra_load_or_data_to/,INCLUDE,,"The author reports a brother repeatedly cutting off her internet access, including while unemployment requires online job applications."
3181,https://www.reddit.com/r/mentalhealth/comments/12cskxj/guilt_is_killing_me/,FALSE_POSITIVE,perpetrator_only,"The author worries that she abused a younger brother through childhood squeezing, hitting, and sexual-boundary violations; she is not the sibling victim."
3182,https://www.reddit.com/r/AbuseInterrupted/comments/12cmvy6/life_skills_for_almost_adult_children_in_abusive/,FALSE_POSITIVE,generic_or_research,"This is a compiled life-skills and safety guide for young people in abusive homes, not a focused first-hand sibling-abuse account."
3183,https://www.reddit.com/r/abusivesiblings/comments/12cdtwi/abusive_brother_please_give_me_advice/,INCLUDE,,"The adolescent author describes repeated beatings by a brother, including being cornered, kicked with boots, punched, hair-pulled, and nearly struck with a bicycle."
3184,https://www.reddit.com/r/relationship_advice/comments/12c7au3/i_22f_could_really_use_any_advice_on_how_to/,INCLUDE,,The title identifies the author's older brother as emotionally abusive and seeks advice on navigating the relationship.
3185,https://www.reddit.com/r/relationship_advice/comments/12c79q0/i_could_really_use_any_advice_on_how_to_navigate/,INCLUDE,,The title identifies the author's brother as emotionally abusive and seeks advice on navigating the relationship.
3186,https://www.reddit.com/r/exmuslim/comments/12bmwjd/the_day_i_lost_my_love_towards_my_older_brother/,INCLUDE,,"The author describes an older brother's transphobic degradation, guilt-tripping, coercive calls, and threat to out him to their mother."
3187,https://www.reddit.com/r/Kuwait/comments/12bk4ue/abusive_brother_vicious_cycle_that_never_ending/,INCLUDE,,"The author reports choking to unconsciousness, beatings, bruising, weapon threats, and sexual abuse by a younger brother."
3188,https://www.reddit.com/r/Kuwait/comments/12bjs5o/abusive_brother_extreme_vicious_cycle/,INCLUDE,,"The title identifies the author's brother as abusive and the situation as an extreme, recurring cycle."
3189,https://www.reddit.com/r/TwoXChromosomes/comments/12bj6sq/any_good_books_about_misogyny_in_domestically/,INCLUDE,,The author describes a brother as a primary abuser who assaulted her and whose family-backed gaslighting and control continue after their mother's death.
3190,https://www.reddit.com/r/legaladvice/comments/12bi4ab/tw_abuse_verbally_abusive_brother_staying_at_my/,FALSE_POSITIVE,third_person_victim,"The author reports that their brother verbally abuses and controls their grandmother; the grandmother, not the author, is the direct victim described."
3191,https://www.reddit.com/r/LongDistance/comments/12b86b3/i_planned_on_moving_to_him_but_my_mom_is_sick/,INCLUDE,,The author identifies an abusive brother as part of the dysfunctional family she is reluctant to expose her partner to.
3192,https://www.reddit.com/r/SHFiguarts/comments/12b13w2/sibling_bullying/,FALSE_POSITIVE,fiction_or_media,"This appears to caption collectible Dragon Ball figures using fictional siblings Cooler and Frieza, not real people."
3193,https://www.reddit.com/r/u_Mean-Collection-1114/comments/12avftk/there_are_2_types_of_humans_the_one_you_want_to/,FALSE_POSITIVE,irrelevant_collision,"This is a context-free aphorism about romantic partners having violent siblings, not a personal account."
3194,https://www.reddit.com/r/OffMyChestPH/comments/12agcs7/my_mom_thinks_shes_blameless/,FALSE_POSITIVE,third_person_victim,"The author's abusive brother assaulted his pregnant girlfriend; the author discusses her mother's refusal to intervene, not abuse of the author."
3195,https://www.reddit.com/r/humansarespaceorcs/comments/12a0wft/there_are_2_types_of_humans_the_one_you_want_to/,FALSE_POSITIVE,irrelevant_collision,"This is a context-free speculative writing prompt about a partner's violent sibling, not a personal account."
3196,https://www.reddit.com/r/depression/comments/129sm4r/i_hate_being_myself/,INCLUDE,,The author identifies an abusive brother whose behavior shaped toxic habits and current self-loathing.
3197,https://www.reddit.com/r/offmychest/comments/1299ofj/my_niece_has_no_idea_i_know_shes_trying_to_set_me/,FALSE_POSITIVE,third_person_victim,The author's niece is endangered by the author's abusive brother during a custody dispute; the post does not describe the brother abusing the author.
3198,https://www.reddit.com/r/Advice/comments/1298w7t/how_do_i_give_my_sister_the_forgiveness_she/,INCLUDE,,"The author reports that an older sister violently beat them and four other siblings, leaving repression and family guilt."
3199,https://www.reddit.com/r/AmiInTheWrong/comments/1290d3f/am_i_in_the_wrong_for_not_wanting_to_sell_my_2000/,INCLUDE,,"The author reports six years of physical, emotional, financial, and verbal abuse by an older brother and a current threat from another brother to destroy his property."
3200,https://www.reddit.com/r/CPTSD/comments/128p1v5/did_anyone_else_spend_too_much_time_on_the/,INCLUDE,,The author identifies a brother as abusive and describes his repeated ableist ridicule and gaslighting.
3201,https://www.reddit.com/r/offmychest/comments/128nar5/m21_on_a_cliff_edge/,INCLUDE,,"The author reports childhood beatings by an abusive sibling and lasting fear, dependence, and suicidal depression."
3202,https://www.reddit.com/r/Lizards/comments/128kt9x/sibling_aggression/,FALSE_POSITIVE,nonhuman,The post asks whether hatchling collared lizards will show sibling aggression.
3203,https://www.reddit.com/r/relationship_advice/comments/128h6lj/my_41m_partners_31f_two_older_sisters_are_like/,FALSE_POSITIVE,wrong_relation,The abusive older sisters belong to the author's partner; the author is describing how they bully and control her.
3204,https://www.reddit.com/r/DID/comments/127p3cx/my_girlfriend_now_thinks_i_have_did/,INCLUDE,,The author identifies a verbally abusive brother as the only mistreatment in an otherwise remembered good childhood.
3205,https://www.reddit.com/r/w6vpo5i1jp/comments/127jezx/if_you_tap_you_will_cum/,FALSE_POSITIVE,fiction_or_roleplay,"This is pornographic spam composed of explicit fictional snippets and video-title lists, including incest material."
3206,https://www.reddit.com/r/Advice/comments/126ysnm/need_advice_regarding_an_abusive_sibling/,INCLUDE,,"The teenage author reports slaps, punches, physical threats, belittling, manipulation, and sustained verbal abuse by an older sister."
3207,https://www.reddit.com/r/AmItheAsshole/comments/125tahv/aita_for_not_making_my_abusive_brother_breakfast/,INCLUDE,,The title identifies the author's brother as abusive and asks whether refusing to make him breakfast was wrong.
3208,https://www.reddit.com/r/raisedbynarcissists/comments/124c1x4/my_moms_been_trying_to_reach_out_after_me_cutting/,INCLUDE,,The author demands that their mother publicly acknowledge an abusive brother as a condition of renewed contact.
3209,https://www.reddit.com/r/mhydbav0oo/comments/123jmzf/if_you_tap_you_will_cum/,FALSE_POSITIVE,fiction_or_roleplay,"This is pornographic spam composed of explicit fictional snippets and video-title lists, including incest material."
3210,https://www.reddit.com/r/CPTSD/comments/12398jh/i_exploded_at_my_sexually_abusive_brother_at/,INCLUDE,,The author describes avoiding a brother who sexually abused them and being retraumatized when he touched their hair at a family dinner.
3211,https://www.reddit.com/r/ftm/comments/12392nb/transphobicabusive_brother/,INCLUDE,,The author reports transphobic degradation and physically threatening posturing by a much larger brother.
3212,https://www.reddit.com/r/legaladvice/comments/123415o/need_abusive_sister_to_move_out_of_parents_house/,INCLUDE,,The title identifies the author's sister as abusive and seeks to remove her from their parents' home.
3213,https://www.reddit.com/r/raisedbynarcissists/comments/122ik52/are_narcs_inherently_enablers/,INCLUDE,,The author identifies an abusive brother whom narcissistic parents enable and relates that pattern to being mistreated.
3214,https://www.reddit.com/r/southpark/comments/1229xru/kenny_show_episodes_season_1_part_2/,FALSE_POSITIVE,fiction_or_media,The abusive sister is a character in the author's South Park fan-show episode outline.
3215,https://www.reddit.com/r/depressionregimens/comments/1227z67/what_do_i_do_when_i_dont_want_to_move_forward/,INCLUDE,,"The author says depressive symptoms improved only after an abusive sister moved out, indicating her abuse materially affected the author."
3216,https://www.reddit.com/r/teenagers/comments/1225jra/how_it_all_started_with_one_wrong_incident/,INCLUDE,,The author includes having an abusive brother in a compressed first-person timeline of traumatic life events.
3217,https://www.reddit.com/r/AmItheAsshole/comments/121znuh/aita_for_not_wanting_my_bfs_abusive_brother_over/,FALSE_POSITIVE,wrong_relation,"The abusive brother belongs to the author's boyfriend, not to the author."
3218,https://www.reddit.com/r/relationship_advice/comments/1213t17/what_should_i_34f_do_about_an_abusive_sibling_33m/,INCLUDE,,The author reports routine name-calling by a younger brother and is considering a restraining order for the abusive pattern.
3219,https://www.reddit.com/r/helpme/comments/12139rp/what_is_the_result/,INCLUDE,,"The author says they live with a sexually abusive sibling and feel unsafe, isolated, and trapped."
3220,https://www.reddit.com/r/StudentLoans/comments/12136nu/loan_or_no_loan/,INCLUDE,,The author says they live with a sexually abusive sibling and need financial options to escape.
3221,https://www.reddit.com/r/Dogtraining/comments/120xx82/behavior_questions/,FALSE_POSITIVE,nonhuman,"The aggressive sisters are German shepherd dogs, and the post seeks animal-behavior advice."
3222,https://www.reddit.com/r/Advice/comments/120w95g/i_have_a_verbally_abusive_sister_and_want_to_move/,INCLUDE,,The author reports a therapist-confirmed pattern of verbal abuse by a sister that makes time at their mother's home intolerable.
3223,https://www.reddit.com/r/AdviceForTeens/comments/120w5lm/want_to_permanently_move_to_my_other_parents_house/,INCLUDE,,The author reports a therapist-confirmed pattern of verbal abuse by a sister that makes time at their mother's home intolerable.
3224,https://www.reddit.com/r/venting/comments/120szf3/tldr_i_feel_numb_towards_my_sisters_pain_but_it/,INCLUDE,,"The author describes an older sister's surveillance, invasions of privacy, controlling demands, degradation, and threats or use of violence."
3225,https://www.reddit.com/r/ugly/comments/1207jmi/not_gifted/,INCLUDE,,The author identifies an abusive brother as part of a terrible childhood and current severe psychological distress.
3226,https://www.reddit.com/r/EMDR/comments/12035iw/emdr_is_changing_my_life_for_the_better/,INCLUDE,,"The author identifies sibling abuse and specifically confronts a sister about abuse that caused fear, reporting validation during trauma treatment."
3227,https://www.reddit.com/r/JUSTNOFAMILY/comments/11zw2hc/my_abusive_sister_has_changed_but_should_i_trust/,INCLUDE,,The title identifies the author's sister as formerly abusive and asks whether her apparent change can be trusted.
3228,https://www.reddit.com/r/LegalAdviceIndia/comments/11zfjyp/abusive_brother_against_marriage/,INCLUDE,,The title identifies the author's brother as abusive and opposing the author's intended marriage.
3229,https://www.reddit.com/r/Advice/comments/11zfb1w/abusive_sibling_terminal_illness_respecting_wishes/,INCLUDE,,The title identifies an abusive sibling and a personal dilemma about respecting that sibling's terminal-illness wishes.
3230,https://www.reddit.com/r/AgeGap/comments/11z8s4h/difficulties_with_adult_daughter/,INCLUDE,,The author says she grew up with an abusive sister and only cut her off after twenty-seven years.
3231,https://www.reddit.com/r/FamilyIssues/comments/11yzjv5/how_do_you_deal_with_an_emotionally_abusive/,INCLUDE,,"The author describes an older brother's terrorizing rage, vile degradation, manipulation, weapon-involved threats, and family fear."
3232,https://www.reddit.com/r/JUSTNOFAMILY/comments/11yvrmc/stressed_about_abusive_sister/,INCLUDE,,"The author reports years of name-calling, property destruction, intimidation, and abuse by an older sister."
3233,https://www.reddit.com/r/AmItheAsshole/comments/11yva9a/aita_for_calling_out_on_my_verbally_abusive/,INCLUDE,,The title identifies the author's sibling as verbally abusive and asks about calling that behavior out.
3234,https://www.reddit.com/r/YoungRoyals/comments/11ylt9d/sibling_family_theory/,FALSE_POSITIVE,fiction_or_media,This is a fan theory about whether characters in Young Royals are brothers and whether one bullies the other.
3235,https://www.reddit.com/r/domesticviolence/comments/11yjskb/what_steps_should_i_take_to_protect_myself/,INCLUDE,,"The author reports violence leaving marks, intimidation, blackmail, reputational threats, and relentless calls by her younger brother."
3236,https://www.reddit.com/r/relationships/comments/11yjr01/what_steps_should_i_take_to_protect_myself/,INCLUDE,,"The author reports violence leaving marks, intimidation, blackmail, reputational threats, and relentless calls by her younger brother."
3237,https://www.reddit.com/r/relationships/comments/11yjpry/what_steps_should_i_take_to_protect_myself/,INCLUDE,,The title identifies the author's brother as abusive and threatening retaliation unless she drops legal charges.
3238,https://www.reddit.com/r/RelationshipIndia/comments/11yfdcf/abusive_brother_against_love_marriage/,INCLUDE,,The title identifies the author's brother as abusive and opposing the author's love marriage.
3239,https://www.reddit.com/r/abusesurvivors/comments/11y6bws/i_need_to_vent/,INCLUDE,,"The author reports years of sibling abuse, parental inaction, and lasting coping and identity effects."
3240,https://www.reddit.com/r/relationship_advice/comments/11v9iw8/how_do_i_28f_cut_off_my_explosive_brother_32m/,INCLUDE,,"The author reports lifelong targeting by an explosive, abusive brother and fears physical and emotional danger if she cuts him off."
3241,https://www.reddit.com/r/Roleplaybuddy2/comments/11ujkis/m4a_quiet_boy_gets_his_revenge_on_the_bully/,FALSE_POSITIVE,fiction_or_roleplay,This is an adult sexual roleplay prompt involving fictional sibling bullying and revenge on a bully.
3242,https://www.reddit.com/r/CelebDPP/comments/11ujjai/m4a_quiet_boy_gets_his_revenge_on_the_bully/,FALSE_POSITIVE,fiction_or_roleplay,This is an adult sexual roleplay prompt involving fictional sibling bullying and revenge on a bully.
3243,https://www.reddit.com/r/abusivesiblings/comments/11uijgh/how_to_deal_with_future_sil_with_emotionally/,INCLUDE,,"The author describes an emotionally abusive brother who repeatedly yells, interrupts, controls conversations, blocks contact, and withholds basic regard."
3244,https://www.reddit.com/r/CPTSD/comments/11toy50/please_tell_me_this_wasnt_okay_for_someone_to_ask/,INCLUDE,,"The author explicitly identifies a brother as emotionally, sexually, and physically abusive while seeking safe housing."
3245,https://www.reddit.com/r/narcissisticparents/comments/11rm36w/i_thought_i_forgave_her_but_i_didnt/,INCLUDE,,"The author states that after maternal abuse she had to live with an abusive sister, within a broader first-hand survival account."
3246,https://www.reddit.com/r/tipofmytongue/comments/11rbp7r/tomtmovie1990_2005_abusive_family_possibly_set_in/,FALSE_POSITIVE,fiction_or_media,This is a request to identify a movie featuring fictional physical and sexual abuse within a family.
3247,https://www.reddit.com/r/TwoBestFriendsPlay/comments/11qwzsc/paulie_adrians_abusive_brother_in_the_first_rocky/,FALSE_POSITIVE,fiction_or_media,"The title discusses Paulie, a fictional abusive brother in the Rocky films."
3248,https://www.reddit.com/r/autism/comments/11qfyvv/does_anyone_remember_back_in_20162017_when_a_lot/,INCLUDE,,The author describes constant ableist bullying and manipulation by an abusive brother within an extremely abusive family.
3249,https://www.reddit.com/r/homeless/comments/11pq4s9/if_you_disown_your_child_even_adult_children_for/,INCLUDE,,The author says an abusive brother is the main reason for their homelessness and loss of educational records.
3250,https://www.reddit.com/r/raisedbynarcissists/comments/11ppam5/is_this_narcissism_something_else/,INCLUDE,,The author reports severe and sometimes deranged abuse by a sibling from childhood and continuing gaslighting and family pressure to retract it.
3251,https://www.reddit.com/r/CovertIncest/comments/11pnlzc/update_i_wanted_to_share_some_happy_news/,INCLUDE,,"The author identifies an older sister as her abuser, discloses sexualized conduct and suspected grooming, and describes lifelong manipulation and family silencing."
3252,https://www.reddit.com/r/raisedbynarcissists/comments/11pkdk4/the_final_boss_mode_is_apparently_the_next_round/,FALSE_POSITIVE,wrong_relation,The “abusive brother” is the author's brother-in-law; the author's direct danger and abuse came from her parents.
3253,https://www.reddit.com/r/OffMyChestPH/comments/11pjdf7/my_abusive_sister/,INCLUDE,,The first-person title directly identifies the author's sister as abusive.
3254,https://www.reddit.com/r/u_Wide-Magician-6909/comments/11o99ct/no_contact_advice/,INCLUDE,,The author states she is preparing to go no contact with an abusive sister and seeks advice.
3255,https://www.reddit.com/r/TrueOffMyChest/comments/11o3gne/i_was_abused/,INCLUDE,,"The author reports daily bloody beatings, biting, and stabbing threats by an older sister over three years."
3256,https://www.reddit.com/r/FamilyIssues/comments/11n3ceh/brother_wont_go_school_help/,INCLUDE,,"The minor author reports years of beatings, bruises, bloody noses, current punching, threats, theft, and fear caused by a brother."
3257,https://www.reddit.com/r/family/comments/11mxrku/brother_wont_go_school_help/,INCLUDE,,"The minor author reports years of beatings, bruises, bloody noses, current punching, threats, theft, and fear caused by a brother."
3258,https://www.reddit.com/r/AITAH/comments/11mcx29/should_i_stand_up_too_my_brother/,INCLUDE,,"The author reports that a brother six years older hits, screams at, and gaslights them over simple misspeaking."
3259,https://www.reddit.com/r/Advice/comments/11mbfjw/im_currently_staying_home_from_school_and_doing/,INCLUDE,,The teenage author says an abusive brother torments and pressures him every day about changing schools.
3260,https://www.reddit.com/r/CPTSD/comments/11kijmx/my_parents_are_in_contact_again_with_my_abusive/,INCLUDE,,The title identifies the author's brother as abusive and expresses distress that their parents have resumed contact with him.
3261,https://www.reddit.com/r/relationship_advice/comments/11j75yb/my_abusive_brother18m_and_i19f/,INCLUDE,,The first-person title explicitly identifies the author's younger brother as abusive.
3262,https://www.reddit.com/r/Advice/comments/11j19ga/sibling_abuse_how_much_is_too_much/,INCLUDE,,"The author details graphic death threats, repeated choking, sexual abuse, unwanted touching, degradation, and recent property violence by an older sibling."
3263,https://www.reddit.com/r/venting/comments/11iteif/sibling_abuse/,UNCERTAIN,insufficient_context,"The deleted post has only the generic title “sibling abuse,” without enough context to identify the author as victim."
3264,https://www.reddit.com/r/HarryandMeghanNetflix/comments/11imb8r/list_of_the_very_bad_things_meghan_markle_and/,FALSE_POSITIVE,fiction_or_media,"This is sarcastic commentary about public figures Prince Harry, Meghan, and Prince William, not the author's own account."
3265,https://www.reddit.com/r/raisedbynarcissists/comments/11hxzy5/did_anyone_used_to_fake_illnesses_or_injuries_as/,INCLUDE,,The author says an abusive sister seven years older contributed to an unsafe childhood and maladaptive bids for care.
3266,https://www.reddit.com/r/depression/comments/11hqb7l/i_have_finally_managed_to_hurt_the_rest_of_them/,INCLUDE,,The author identifies a sister as abusive within a severe first-person depression and suicidality account.
3267,https://www.reddit.com/r/spirituality/comments/11h3k4y/can_someone_help_me_understand_what_i_am/,INCLUDE,,"The author identifies a brother as physically, sexually, and mentally abusive in a first-person account of enduring childhood trauma."
3268,https://www.reddit.com/r/relationship_advice/comments/11gordo/my_22m_girlfriend_19f_has_an_abusive_brother_27m/,FALSE_POSITIVE,third_person_victim,The author's girlfriend is verbally abused and intimidated by her older brother; the author is a concerned partner.
3269,https://www.reddit.com/r/aspergers/comments/11gcd1b/anyone_here_have_experience_with_resolving_trauma/,INCLUDE,,The author identifies an abusive sister during adolescence as part of the trauma causing severe relationship anxiety and masking.
3270,https://www.reddit.com/r/askatherapist/comments/11gc8b6/wondering_if_i_should_switch_therapists_and_if_so/,INCLUDE,,The author identifies an abusive sister during adolescence as part of the trauma causing severe relationship anxiety and masking.
3271,https://www.reddit.com/r/family/comments/11g41mv/abusive_brother/,INCLUDE,,"The author reports years of verbal abuse, property destruction, knife chasing, humiliation, and fear caused by an older brother."
3272,https://www.reddit.com/r/StGeorgeUT/comments/11g3arw/sibling_aggression_and_abuse_go_beyond_rivalry/,FALSE_POSITIVE,generic_or_research,The blank post has only a general article-style headline about sibling aggression and lifelong effects.
3273,https://www.reddit.com/r/CPTSD_NSCommunity/comments/11g2mz9/i_think_im_having_a_breakthrough_of_sorts_long/,INCLUDE,,"The author describes severe repeated beatings, intimidation, and nighttime abuse by their older brother during childhood."
3274,https://www.reddit.com/r/toxicparents/comments/11g2cul/aita_for_not_wanting_to_visit_my_lil_bro_in_the/,INCLUDE,,The author reports years of beatings and verbal abuse by their younger brother and continuing fear that he may hurt the author or their unborn baby.
3275,https://www.reddit.com/r/bipolar/comments/11fl53o/my_mother_is_trying_to_guilt_me_into_contact_with/,INCLUDE,,"The author gives a first-hand account of childhood physical and emotional abuse by an older sister, including restraint, drugging, injury, and a later attack."
3276,https://www.reddit.com/r/DysfunctionalFamily/comments/11fiai4/what_do_you_do_when_they_die/,FALSE_POSITIVE,ordinary_non_abusive_conflict,"The author's sister is described as violent generally, but the post does not identify the author as a target of her abuse and centers on their dying father."
3277,https://www.reddit.com/r/Psychonaut/comments/11f7yl8/38g_trip_report_confronting_deep_family_trauma/,INCLUDE,,The author identifies an ongoing abusive brother who hurt them and describes going no-contact to escape continuing family trauma.
3278,https://www.reddit.com/r/offmychest/comments/11emrtj/i_dont_love_or_like_my_brother_and_i_wish_i_wasnt/,INCLUDE,,"The author reports a brother's theft, physical pushing, demeaning comments, and threats to physically attack the author."
3279,https://www.reddit.com/r/Advice/comments/11ejx8h/my_abusive_sister_crossed_the_line_and_now_i/,INCLUDE,,"The author describes prolonged emotional and physical abuse by a sister, including bleeding injuries, hair pulling, suicide encouragement, and a knife threat."
3280,https://www.reddit.com/r/askatherapist/comments/11edss2/my_therapist_asked_me_to_list_my_trauma_for_art/,INCLUDE,,The author explicitly identifies sibling abuse among the many traumas they personally experienced and are preparing to discuss in therapy.
3281,https://www.reddit.com/r/SuicideWatch/comments/11e5t90/idk_how_much_more_i_got_in_me_boys/,INCLUDE,,"The author reports PTSD after an alcoholic brother waved a loaded gun and threatened to kill the author and their mother, whom the author had to defend."
3282,https://www.reddit.com/r/SuicideWatch/comments/11dvmd8/need_help_rant_on_being_an_abusive_brother_need/,FALSE_POSITIVE,perpetrator_only,The removed post's title identifies the author as an abusive brother rather than as the sibling victim.
3283,https://www.reddit.com/r/raisedbynarcissists/comments/11dtd53/two_narcissistic_parents_sexual_abuse/,INCLUDE,,"The author describes manipulative, controlling, and emotionally abusive treatment by an older sibling who mirrored their abusive parents and conditioned the author's self-worth and creativity."
3284,https://www.reddit.com/r/offmychest/comments/11df33o/abusive_sibling/,UNCERTAIN,insufficient_context,"The deleted post is titled only “Abusive sibling,” which suggests the topic but does not establish that the author personally experienced abuse from their own sibling."
3285,https://www.reddit.com/r/offmychest/comments/11bod9l/tw_sa_my_abusive_brother_wont_leave_my_house_and/,INCLUDE,,"The deleted post's first-person title identifies the author's abusive brother as remaining in the author's home and leaving them feeling trapped, with a sexual-assault warning."
3286,https://www.reddit.com/r/offmychest/comments/11bo6f4/tw_sa_my_abusive_brother_wont_leave_my_house_and/,INCLUDE,,"The removed post's first-person title identifies the author's abusive brother as remaining in the author's home and leaving them feeling trapped, with a sexual-assault warning."
3287,https://www.reddit.com/r/CPTSD/comments/11b869j/how_to_deal_with_your_abuser_moving_back_in/,INCLUDE,,"The author identifies an older sister as a past abuser, fears renewed abuse while sharing a room, and describes siblings who scapegoat the author."
3288,https://www.reddit.com/r/ptsd/comments/11azhav/i_didnt_think_it_was_bad_enough_to_be_diagnosed/,INCLUDE,,"The author reports lifelong hitting, yelling, and abuse by a brother, with PTSD, nightmares, and flashbacks."
3289,https://www.reddit.com/r/emotionalabuse/comments/11aiw4w/need_support_affirmation/,INCLUDE,,"The author describes an emotionally abusive sibling who scapegoats, vilifies, and intimidates them through sustained rage and household outbursts."
3290,https://www.reddit.com/r/AskWomenOver30/comments/11agb34/how_would_you_interact_with_an_abusive/,FALSE_POSITIVE,wrong_relation,"The alleged abuser is the author's brother-in-law abusing the author's twin sister, not the author's own sibling abusing the author."
3291,https://www.reddit.com/r/raisedbyborderlines/comments/119smkj/my_mom_is_making_the_same_mistake_with_my_sister/,INCLUDE,,"The author explicitly recounts decades of abuse by a brother and parental enabling, even though the current incidents primarily target another sister."
3292,https://www.reddit.com/r/RoleplayHentai/comments/118wv5v/f4m_ffine_we_can_have_fun_but_you_better_let_me/,FALSE_POSITIVE,fiction_or_roleplay,The post solicits sexual roleplay involving a fictional character's abusive brother.
3293,https://www.reddit.com/r/fnafpornrp/comments/118wac3/f4m_ffine_we_can_have_fun_but_you_better_let_me/,FALSE_POSITIVE,fiction_or_roleplay,The post solicits pornographic roleplay involving a fictional character's abusive brother.
3294,https://www.reddit.com/r/offmychest/comments/118h1ji/my_18m_mum_wanted_my_previously_abusive_sister/,INCLUDE,,"The author reports childhood sexual assault and severe emotional abuse by an older sister, resulting in CPTSD and a dissociative disorder."
3295,https://www.reddit.com/r/clips/comments/1177rcs/sibling_abuse/,UNCERTAIN,insufficient_context,The empty post's generic title “sibling abuse” does not establish a first-person real-life account.
3296,https://www.reddit.com/r/raisedbynarcissists/comments/1170pkv/got_married_nmom_made_it_about_herself/,FALSE_POSITIVE,wrong_relation,"The abuse described was by the author's mother's sister and an unrelated babysitter, not by the author's own sibling."
3297,https://www.reddit.com/r/emotionalabuse/comments/116c2m9/he_told_me_he_loves_me/,INCLUDE,,"The author reports four years of frequent hitting and emotional abuse by a brother, ongoing co-residence, trauma, and fear of provoking him."
3298,https://www.reddit.com/r/raisedbynarcissists/comments/115stls/nparents_trying_to_convince_youother_people_youre/,INCLUDE,,The author identifies sibling bullying as part of the abuse and scapegoating they personally endured while their parents permitted it.
3299,https://www.reddit.com/r/CPTSD/comments/115buum/how_do_i_make_friends_when_i_am_so_set_apart/,INCLUDE,,The author explicitly says they are living with an abusive narcissistic sibling while disabled and unable to leave.
3300,https://www.reddit.com/r/malementalhealth/comments/115a4hm/i_dont_want_to_keep_going/,INCLUDE,,The author identifies PTSD and recurring bad memories caused by an abusive brother.
3301,https://www.reddit.com/r/CPTSD/comments/114xmcp/sibling_abuse_physical_and_semisexual/,UNCERTAIN,insufficient_context,The deleted post's generic title names physical and semi-sexual sibling abuse but provides no first-person context or real-life details.
3302,https://www.reddit.com/r/Limitlessrp/comments/113rgvo/f4m_abusive_father_creates_abusive_brother/,FALSE_POSITIVE,fiction_or_roleplay,The post is a solicitation for a fictional abusive-brother sexual roleplay scenario.
3303,https://www.reddit.com/r/IncestRPnsfw/comments/113rfpp/f4m_abusive_father_produces_abusive_brother/,FALSE_POSITIVE,fiction_or_roleplay,The post is a solicitation for a fictional incest roleplay scenario involving an abusive brother.
3304,https://www.reddit.com/r/InfertilitySucks/comments/1138hm9/a_poem/,FALSE_POSITIVE,wrong_relation,"The person described as emotionally abusive is the author's sister-in-law, not the author's own sibling."
3305,https://www.reddit.com/r/JUSTNOFAMILY/comments/112gv7w/done_with_narcissistic_family_who_backed_and/,INCLUDE,,The removed post's title identifies the author's family as supporting the author's abusive brother.
3306,https://www.reddit.com/r/confession/comments/111hzzg/my_abusive_brother_lost_his_girlfriend_because_of/,INCLUDE,,The removed post's first-person title identifies the author's abusive brother and includes a sexual-assault content warning.
3307,https://www.reddit.com/r/MentalHealthPH/comments/11176de/experiencing_a_crisis_with_a_violent_sister/,FALSE_POSITIVE,third_person_victim,"The author reports a sister's violence toward their mother and father and seeks help arranging treatment, but does not describe the sister abusing the author."
3308,https://www.reddit.com/r/inspirobotcollection/comments/1114pmo/leo_abusive_brother_loud_brother_retarted_clown/,FALSE_POSITIVE,irrelevant_collision,The empty meme-generator-style post provides no real-life account and only strings together insulting labels including “abusive brother.”
3309,https://www.reddit.com/r/tipofmypenis/comments/1109yfh/video_gone/,FALSE_POSITIVE,fiction_or_media,The post seeks a porn video whose fictional premise involves sex with a jealous aggressive sister.
3310,https://www.reddit.com/r/HOTDGreens/comments/11096p3/rhaenyra_isnt_daenerys/,FALSE_POSITIVE,fiction_or_media,The post analyzes fictional Game of Thrones/House of the Dragon characters and a character's abusive brother.
3311,https://www.reddit.com/r/ChineseDrama/comments/10zxa0r/deaf_girl_bullied_by_sister/,FALSE_POSITIVE,fiction_or_media,The author is trying to identify a television drama clip about a fictional deaf girl bullied by her sister.
3312,https://www.reddit.com/r/TrueOffMyChest/comments/10yv5p6/i_feel_guilty_for_having_trauma_as_it_wasnt/,INCLUDE,,"The author describes years of death threats, intimidation, and violent domestic abuse by an older brother, including the brother kicking in the author's bedroom door."
3313,https://www.reddit.com/r/CelebDPP/comments/10yuje3/m4a_quiet_boy_gets_his_revenge_on_the_bully/,FALSE_POSITIVE,fiction_or_roleplay,The post solicits a fictional sexual roleplay about a bully and the bully's sibling.
3314,https://www.reddit.com/r/AltFortniteSeasons/comments/10yhdr2/alt_fortnite_chapter_4_season_4/,FALSE_POSITIVE,fiction_or_media,The phrase appears only as the name of a cosmetic item in a fan-created Fortnite season concept.
3315,https://www.reddit.com/r/rimeofthefrostmaiden/comments/10yeik1/alternative_town_quest_the_fake_sacrifices/,FALSE_POSITIVE,fiction_or_media,The post is a tabletop roleplaying-game quest whose lore describes fictional goddess sisters.
3316,https://www.reddit.com/r/CPTSD/comments/10ye7w3/2022_was_the_worst_year_of_my_life_and_im_in_my/,INCLUDE,,The author reports being berated over uncontrollable issues by an emotionally abusive sister while forced to live at her house.
3317,https://www.reddit.com/r/BPDlovedones/comments/10ydnnx/my_mom_expects_me_to_continuing_talking_to_my/,INCLUDE,,The removed post's first-person title says the author's mother expects continued contact with the author's abusive brother.
3318,https://www.reddit.com/r/abusesurvivors/comments/10ydgz3/my_parents_wont_disown_my_abusive_brother_despite/,INCLUDE,,The deleted post's title identifies the author's brother as increasingly violent and abusive and the parents as refusing to disown him.
3319,https://www.reddit.com/r/abusiverelationships/comments/10ydaro/my_parents_continue_to_enable_my_increasingly/,INCLUDE,,The deleted post's title identifies the author's brother as increasingly abusive and describes the author's ultimatum over parental enabling.
3320,https://www.reddit.com/r/CPTSD/comments/10xzavw/tw_sa_cocsa_invalidation_physical_abuse_as_an/,INCLUDE,,"The author reports childhood sexual coercion, physical abuse, theft, antagonism, and bullying by an older brother."
3321,https://www.reddit.com/r/ontario/comments/10xnulf/mental_health_care_in_canada_is_not_sufficient/,INCLUDE,,The author identifies childhood sexual assault and abuse by a sibling as personal experiences contributing to current mental-health struggles.
3322,https://www.reddit.com/r/TrueOffMyChest/comments/10xktss/i_dont_know_where_to_go_with_all_this_anger_i/,INCLUDE,,"The author identifies an older sister as emotionally, physically, and psychologically abusive and describes her coercive need to control the author and other siblings."
3323,https://www.reddit.com/r/TrueOffMyChest/comments/10xeebd/i_hate_my_grandma/,FALSE_POSITIVE,third_person_victim,The siblings are described as abusing and exploiting the author's grandmother; the post does not describe either sibling abusing the author.
3324,https://www.reddit.com/r/offmychest/comments/10x10a5/lifelong_abusive_brother_feeling_invalidated_and/,INCLUDE,,The removed post's title explicitly identifies a lifelong abusive brother and the author's resulting invalidation and stress.
3325,https://www.reddit.com/r/redditserials/comments/10w0kwi/bob_the_hobo_a_celestial_wars_spinoff_part_0784/,FALSE_POSITIVE,fiction_or_media,"The post is a chapter of a serialized fantasy story, not a real person's first-hand account."
3326,https://www.reddit.com/r/mentalhealth/comments/10uw5fq/what_to_do_with_aggressive_sibling_long_text/,INCLUDE,,"The author reports repeated serious fights, knife escalation, threats, childhood torture-like physical abuse, and rape by an older brother."
3327,https://www.reddit.com/r/teenagers/comments/10uui03/my_abusive_brother_is_visiting_rn/,INCLUDE,,The author identifies a visiting brother as abusive and expresses immediate fear that he will insult them.
3328,https://www.reddit.com/r/PrayerRequests/comments/10usd5f/please_pray_for_me_spawn_of_satan/,INCLUDE,,"The author reports lifelong physical abuse and terror caused by a violent sister and her partner, plus unwanted continued contact."
3329,https://www.reddit.com/r/GoneWildAudioGay/comments/10ujhos/m4m_big_bro_helps_punch_my_v_card_soft_to/,FALSE_POSITIVE,fiction_or_roleplay,The post promotes a fictional incest-themed pornographic audio involving an aggressive brother.
3330,https://www.reddit.com/r/MuslimLounge/comments/10uiex6/why_is_my_brother_so_abusive_and_controlling/,INCLUDE,,"The author details eight years of financial control, isolation, misogynistic degradation, educational restriction, and monitoring by an older brother."
3331,https://www.reddit.com/r/AmItheAsshole/comments/10uia3b/aita_for_not_feeling_guilty_about_my_sexually/,INCLUDE,,The removed post's first-person title identifies the author's brother as sexually abusive and the author's wish to escape the home.
3332,https://www.reddit.com/r/legaladvice/comments/10u6xzz/grandma_cant_get_her_abusive_brother_to_move_out/,FALSE_POSITIVE,third_person_victim,The author seeks legal help for a grandmother being abused by the grandmother's brother; the author is not the sibling victim.
3333,https://www.reddit.com/r/imaginedragons/comments/10u6fpk/seeing_imagine_dragons_on_march_18_is_definitely/,FALSE_POSITIVE,third_person_victim,"The author is discussing parental and sibling abuse allegedly experienced by a girl they like, not abuse the author experienced."
3334,https://www.reddit.com/r/CPTSD/comments/10tmnzp/please_help_me/,FALSE_POSITIVE,third_person_victim,"The author and twin brother were both coerced by adult rapists into sexual contact; the brother is described as a co-victim and parental enabler, not as the author's sibling abuser."
3335,https://www.reddit.com/r/TeenagersButBetter/comments/10sug5p/the_only_sibling_interaction_ive_every_had_with/,INCLUDE,,The empty first-person title identifies the author's brother as borderline abusive and frames the referenced interaction as their own.
3336,https://www.reddit.com/r/legaladvice/comments/10rw90p/the_heck_do_i_even_do_let_him_eventually_kill_her/,FALSE_POSITIVE,third_person_victim,"The brother's threats and assaults are directed at the author's mother; although the author is afraid and displaced, no abuse toward the author is described."
3337,https://www.reddit.com/r/Advice/comments/10rj2an/how_to_get_my_violent_brother_to_move_out_of_our/,INCLUDE,,"The author reports a violent brother who has tried to hit the author and sisters, controls shared space through intimidation, and makes the household fear him."
3338,https://www.reddit.com/r/u_Ethelenedreams/comments/10qye23/some_mormon_women_are_not_safe_in_their_own_homes/,INCLUDE,,The author says they formerly lived under parental and sibling abuse and coercive control.
3339,https://www.reddit.com/r/CPTSD/comments/10qg516/had_counseling_today/,INCLUDE,,"The author reports severe personal sibling-abuse trauma, corroborated by multiple therapists."
3340,https://www.reddit.com/r/TrueOffMyChest/comments/10qg1a2/my_family_told_me_to_move_on_from_sibling_abuse/,INCLUDE,,"The author gives a detailed first-hand account of years of sexual abuse, beatings, and threats by an older brother beginning in early childhood."
3341,https://www.reddit.com/r/teenagers/comments/10q5mw2/rant_about_how_my_day_went_terrible/,INCLUDE,,The author identifies a co-resident brother as abusive and describes feeling relieved and safer when he is away from home.
3342,https://www.reddit.com/r/toxicparents/comments/10pse16/little_things_that_my_mom_did_do_to_sabotage_my/,INCLUDE,,"The author identifies a brother as abusive, says he broke the author's bedroom door, and describes the resulting lack of privacy and control."
3343,https://www.reddit.com/r/Parenting/comments/10prdfg/sibling_bullying_research_study/,FALSE_POSITIVE,generic_or_research,The removed post is a recruitment or information post for a sibling-bullying research study.
3344,https://www.reddit.com/r/ededdneddy/comments/10pprtv/ed_has_an_abusive_sister_a_neglectful_father_a/,FALSE_POSITIVE,fiction_or_media,"The title comments on Ed, a fictional cartoon character, and his fictional abusive sister."
3345,https://www.reddit.com/r/raisedbynarcissists/comments/10p0te2/my_single_mother_had_her_abusive_sister_raise_me/,FALSE_POSITIVE,wrong_relation,"The author was abused by their mother's sister, who is the author's aunt rather than their sibling."
3346,https://www.reddit.com/r/relationships/comments/10ozx3m/my_m28_single_mother_f50s_had_her_abusive_sister/,FALSE_POSITIVE,wrong_relation,"The removed title identifies the alleged abuser as the author's mother's sister, not the author's sibling."
3347,https://www.reddit.com/r/DirtySnapchat/comments/10os9aa/42m4f_abused_by_brother_and_sister_when_i_was_10/,INCLUDE,,The deleted first-person title states that the author was abused by both a brother and a sister from ages ten through seventeen.
3348,https://www.reddit.com/r/Advice/comments/10oo7zc/how_can_i_get_my_mom_stop_supporting_my_abusive/,INCLUDE,,"The author details years of severe beatings, attempted killings, threats, property destruction, harassment, and transphobic abuse by an older brother."
3349,https://www.reddit.com/r/FA30plus/comments/10ofcrk/what_is_the_best_way_to_thank_someone/,INCLUDE,,"The author identifies a brother as abusive, has cut him off, and is moving out of the harmful situation described in an earlier personal post."
3350,https://www.reddit.com/r/torties/comments/10o7jb7/a_tragic_victim_of_sibling_abuse/,FALSE_POSITIVE,nonhuman,"The “siblings” are pet cats, with one cat chasing and biting the other."
3351,https://www.reddit.com/r/AmItheAsshole/comments/10o60p9/aita_for_refusing_to_let_my_abusive_brother_take/,INCLUDE,,The removed first-person title identifies the author's brother as abusive and describes refusing him access to the author's car.
3352,https://www.reddit.com/r/Parenting/comments/10nst91/my_kind_smart_beautiful_12_year_old_tried_to/,INCLUDE,,The author reports growing up with an often physically and emotionally abusive brother.
3353,https://www.reddit.com/r/AmItheAsshole/comments/10n4sb9/aita_for_telling_my_school_deputy_about_my/,INCLUDE,,"The removed first-person title says the author reported their aggressive brother to a school official, indicating a real personal safety concern."
3354,https://www.reddit.com/r/relationships/comments/10mpyze/am_i_m28_justified_for_being_angry_at_my_single/,FALSE_POSITIVE,wrong_relation,"The removed title identifies the abusive caregiver as the author's mother's sister, who is the author's aunt."
3355,https://www.reddit.com/r/relationship_advice/comments/10ljtxg/my_dadm64_told_my_bf_m28_a_secret_he_made_him/,INCLUDE,,"The author reports horrendous verbal abuse, lying, and manipulation by a brother, leading to repeated periods of no contact."
3356,https://www.reddit.com/r/SiblingRivalryPodcast/comments/10kbjy3/sibling_bullying_research_study/,FALSE_POSITIVE,generic_or_research,The removed post is a sibling-bullying research-study announcement rather than a personal account.
3357,https://www.reddit.com/r/bullying/comments/10kb736/sibling_bullying_research_study/,FALSE_POSITIVE,generic_or_research,The post recruits participants for a formal study of childhood sibling bullying.
3358,https://www.reddit.com/r/AutisticWithADHD/comments/10k02et/does_anybody_else_here_have_trauma_from_sibling/,UNCERTAIN,insufficient_context,The empty post asks generally whether others have sibling-abuse trauma but does not state that the author personally does.
3359,https://www.reddit.com/r/relationship_advice/comments/10jfzos/i_30f_stood_up_for_my_partner_27f_against_my/,FALSE_POSITIVE,third_person_victim,"The half-brother's aggression, theft, and violence are described as directed at the author's mother; the author sets a boundary for a partner but reports no sibling abuse toward themself."
3360,https://www.reddit.com/r/CPTSD/comments/10j4hc0/lyrics_i_just_wrote_about_how_my_childhood_trauma/,INCLUDE,,The author's autobiographical lyrics describe years of childhood sexual touching and secrecy imposed by an older sister.
3361,https://www.reddit.com/r/NoFap/comments/10j3zbv/getting_back_to_it/,FALSE_POSITIVE,third_person_victim,"The violent brother belonged to the author's former girlfriend; the author is discussing the girlfriend's history, not their own sibling."
3362,https://www.reddit.com/r/EFT/comments/10iv16l/what_is_your_exp_with_the_metal_health_care/,INCLUDE,,"The author describes an emotionally abusive sister who manipulates them, lies about them, embarrasses them, and causes substantial fear."
3363,https://www.reddit.com/r/tipofmytongue/comments/10imidj/tomtwebcomic_about_sibling_abuse/,FALSE_POSITIVE,third_person_victim,"The author is trying to find a webcomic depicting another creator's autobiographical sibling-abuse story, not recounting their own experience."
3364,https://www.reddit.com/r/family/comments/10if1xe/i_have_an_abusive_brother_and_i_dont_know_what_to/,INCLUDE,,The deleted first-person title explicitly says the author has an abusive brother and needs help.
3365,https://www.reddit.com/r/CPTSD/comments/10idtat/why_do_people_respond_to_trauma_differentlymore/,INCLUDE,,The author identifies growing up with an aggressive brother as shared family trauma affecting both the author and a sister.
3366,https://www.reddit.com/r/Advice/comments/10i643t/living_with_abusive_brother/,INCLUDE,,"The author reports a brother's drug-driven theft, thrown objects, intimidation, and abusive behavior toward the author and family."
3367,https://www.reddit.com/r/SuicideWatch/comments/10i10rw/why_cant_we_just_have_a_decent_life/,INCLUDE,,The author reports that an abusive brother physically beat them and destroyed a valued monitor after they tried to stand up to him.
3368,https://www.reddit.com/r/dogs/comments/10hxiez/dog_sibling_aggression/,FALSE_POSITIVE,nonhuman,"The “siblings” are two dogs, one of whom has begun attacking the other."
3369,https://www.reddit.com/r/offmychest/comments/10hxidm/my_family_continually_favors_my_abusive_brother/,INCLUDE,,The deleted first-person title identifies the author's brother as abusive and the family as continually favoring him.
3370,https://www.reddit.com/r/melbourne/comments/10hixh3/need_help_with_my_violent_brother/,INCLUDE,,"The author reports a brother currently threatening to stab the author and their father, leaving them afraid for their safety."
3371,https://www.reddit.com/r/AmItheAsshole/comments/10gpswy/aita_because_i_dont_want_to_raise_my_severely/,INCLUDE,,The removed first-person title identifies the author's sister as violent and expresses fear of being made responsible for her.
3372,https://www.reddit.com/r/TrueOffMyChest/comments/10gchxl/i_hate_living_with_my_sexually_abusive_sibling/,INCLUDE,,The removed first-person title says the author lives with a sexually abusive sibling who makes their life unbearable.
3373,https://www.reddit.com/r/AskParents/comments/10g96qa/how_would_you_deal_with_your_child_if_they_were/,FALSE_POSITIVE,generic_or_research,The education student asks parents a hypothetical research-informed question about children abusing siblings and gives no personal victim account.
3374,https://www.reddit.com/r/helicopterparents/comments/10g835m/is_this_normal/,INCLUDE,,"The author reports years of bullying at home by an older sister, whom they identify as abusive."
3375,https://www.reddit.com/r/raisedbynarcissists/comments/10frxzp/im_worried_about_you/,INCLUDE,,"The author explicitly says an older brother was abusive toward both the author and their mother, forcing the author into a protector role."
3376,https://www.reddit.com/r/Advice/comments/10fpit3/how_do_i_handle_my_abusive_brother/,INCLUDE,,The removed first-person title asks how the author should handle their abusive brother.
3377,https://www.reddit.com/r/ParentingThruTrauma/comments/10fiuxg/parenting_after_sibling_abuse_and_neglect/,INCLUDE,,"The author reports ongoing physical abuse by a brother throughout childhood and into adulthood, with parents blaming the author for being hit."
3378,https://www.reddit.com/r/domesticviolence/comments/10f8xv2/advice_on_recording_device/,INCLUDE,,The author describes a verbally abusive sibling who sometimes becomes physical and whose attacks on household members motivate covert recording.
3379,https://www.reddit.com/r/Parenting/comments/10ekmoq/reconnecting_with_friends/,INCLUDE,,The author identifies an emotionally abusive brother who has tried for years to force renewed contact.
3380,https://www.reddit.com/r/raisedbynarcissists/comments/10ecb3z/gc_sibling_bullying/,UNCERTAIN,insufficient_context,The deleted title mentions golden-child sibling bullying but does not establish that the author personally experienced it.
3381,https://www.reddit.com/r/Advice/comments/10dmekm/what_do_i_do_about_an_abusive_sibling_tw_abuse/,INCLUDE,,The removed first-person title asks what the author should do about an abusive sibling and carries an abuse warning.
3382,https://www.reddit.com/r/AdultChildren/comments/10civto/just_another_evolution_in_the_journey/,INCLUDE,,"The author describes childhood physical abuse associated with a violent brother, repeated failed attempts to escape him, and an emotionally manipulative sister."
3383,https://www.reddit.com/r/narcissisticparents/comments/10cgakr/abusive_sister/,INCLUDE,,"The author describes a younger sister knowingly bringing the author's rapist's threatening relative into the home for years, repeatedly triggering and psychologically harming the disabled author."
3384,https://www.reddit.com/r/ptsd/comments/10cg91g/abusive_sister/,INCLUDE,,"The author describes a younger sister knowingly bringing the author's rapist's threatening relative into the home for years, repeatedly triggering and psychologically harming the disabled author."
3385,https://www.reddit.com/r/raisedbynarcissists/comments/10c5ru7/my_nmom_called_me_an_it/,INCLUDE,,The author reports years of physical and emotional torment by an older sibling and continued unwanted exposure despite requesting no relationship.
3386,https://www.reddit.com/r/TrueNarcissisticAbuse/comments/10b26p4/on_empathy_and_appeasement/,FALSE_POSITIVE,generic_or_research,The post quotes and links an academic-style essay about empathy and sibling abuse rather than giving the Reddit author's own account.
3387,https://www.reddit.com/r/RHOBH/comments/10a7tof/we_need_to_talk_about_kathy_v_rinna/,FALSE_POSITIVE,fiction_or_media,The post discusses an allegedly abusive sibling dynamic among cast members of a reality television show.
3388,https://www.reddit.com/r/SexualAssaultSurvivor/comments/109lhwm/sexually_assaulted_or_just_twisted_memories_from/,FALSE_POSITIVE,third_person_victim,The abusive brother belongs to the author's friend; the author's own uncertain assault memory does not identify a sibling perpetrator.
3389,https://www.reddit.com/r/AmItheAsshole/comments/109h3kg/aita_for_not_allowing_my_abusive_sister_into_my/,INCLUDE,,The removed first-person title identifies the author's sister as abusive and describes excluding her from the author's home.
3390,https://www.reddit.com/r/EMDR/comments/109e6ek/dismissal_of_childhood_experiences_sibling_abuse/,INCLUDE,,"The author reports more than a decade of daily physical and emotional abuse by an older brother, culminating in an incident involving knives."
3391,https://www.reddit.com/r/tifu/comments/109b3y5/tifu_by_punching_my_mom_in_the_face/,INCLUDE,,The author describes years of brothers repeatedly waking and attacking or provoking them into two-on-one fights while their mother knew.
3392,https://www.reddit.com/r/runaway/comments/1096cjc/i_want_to_run_far_away_but_i_dont_know_where_to/,FALSE_POSITIVE,wrong_relation,"The author is being abused by a sister-in-law, not by their own sibling."
3393,https://www.reddit.com/r/breakingmom/comments/108kf4g/everything_all_at_once_and_no_one_to_talk_to/,INCLUDE,,The author identifies a brother as abusive and describes a family rupture after setting a boundary with him.
3394,https://www.reddit.com/r/pokemon/comments/108e2ng/what_pokémon_need_therapy/,FALSE_POSITIVE,fiction_or_media,The post jokingly assigns therapy needs to fictional Pokémon and uses “sibling abuse” for fictional creatures.
3395,https://www.reddit.com/r/AsianParentStories/comments/1081z5t/toxic_family/,INCLUDE,,"The author reports a sister's longstanding bullying, biting, tattling, insults, judgment, and emotional invalidation."
3396,https://www.reddit.com/r/ftm/comments/1081r9f/psa_do_not_transition_when_living_with/,INCLUDE,,The author describes a violent brother joining in physical restraint and threatening the author and boyfriend with a knife and gun.
3397,https://www.reddit.com/r/relationship_advice/comments/1080j28/i_27f_am_terrified_of_my_abusive_brother_31m_but/,INCLUDE,,The deleted first-person title states that the author is terrified of an abusive brother while caring for their ill mother.
3398,https://www.reddit.com/r/u_toe-ny/comments/107y069/im_committing_suicide_this_year_heres_my_goodbye/,INCLUDE,,The author explicitly attributes PTSD and suicidal distress to abuse by a sister and references contemporaneous notes documenting it.
3399,https://www.reddit.com/r/SuicideWatch/comments/107xk0f/im_doing_it_im_just_gonna_make_this_post_as_my/,INCLUDE,,The author explicitly attributes PTSD and suicidal distress to abuse by a sister and references contemporaneous notes documenting it.
3400,https://www.reddit.com/r/TooAfraidToAsk/comments/107pyyw/where_does_the_line_get_drawn_between_sibling/,FALSE_POSITIVE,generic_or_research,"The author asks only a general definitional question about the boundary between sibling rivalry and abuse, with no personal account."
3401,https://www.reddit.com/r/JUSTNOFAMILY/comments/107opt9/i_have_done_the_best_i_can_rant/,INCLUDE,,"The author describes an abusive brother who demanded family isolation, harmed several relatives, and continues to threaten the author's safety and boundaries."
3402,https://www.reddit.com/r/raisedbynarcissists/comments/107ihua/how_do_you_respond_or_not_respond_to_nparent_texts/,INCLUDE,,"The author reports an emotionally and verbally abusive sister who bombards, scapegoats, and attacks the author when boundaries are set."
3403,https://www.reddit.com/r/abusesurvivors/comments/106p7v2/is_this_sibling_abuse_or_am_i_just_dramatic/,INCLUDE,,"The author details repeated verbal and physical abuse by an older brother, including hitting, kicking, grabbing, forced entry while undressed, and intimidation."
3404,https://www.reddit.com/r/vedicastrology/comments/106nk8h/do_you_see_anything_about_my_abusive_brother_and/,INCLUDE,,The removed first-person title identifies the author's brother as abusive and asks about escaping him through no contact.
3405,https://www.reddit.com/r/venting/comments/106jqpa/narc_mom_and_abusive_brother_i_dont_know_what_to/,INCLUDE,,"The author explicitly reports verbal and physical abuse by a brother, parental minimization, fear of returning home, and expectation that he will hit them."
3406,https://www.reddit.com/r/Advice/comments/106jpkp/narc_mom_and_abusive_brother_i_dont_know_what_to/,INCLUDE,,"The author explicitly reports verbal and physical abuse by a brother, parental minimization, fear of returning home, and expectation that he will hit them."
3407,https://www.reddit.com/r/family/comments/106jool/narc_mom_and_abusive_brother_i_dont_know_what_to/,INCLUDE,,"The author explicitly reports verbal and physical abuse by a brother, parental minimization, fear of returning home, and expectation that he will hit them."
3408,https://www.reddit.com/r/abusiverelationships/comments/106jnch/narc_mom_and_abusive_brother_i_dont_know_what_to/,INCLUDE,,"The author explicitly reports verbal and physical abuse by a brother, parental minimization, fear of returning home, and expectation that he will hit them."
3409,https://www.reddit.com/r/Vent/comments/106jmql/narc_mom_and_abusive_brother_i_dont_know_what_to/,INCLUDE,,"The author explicitly reports verbal and physical abuse by a brother, parental minimization, fear of returning home, and expectation that he will hit them."
3410,https://www.reddit.com/r/domesticviolence/comments/106fwby/am_i_the_victim_of_sibling_abuse/,INCLUDE,,The removed first-person title asks whether the author is a victim of sibling abuse.
3411,https://www.reddit.com/r/abusiverelationships/comments/105nyab/am_i_the_victim_of_sibling_abuse/,INCLUDE,,The deleted first-person title asks whether the author is a victim of sibling abuse.
3412,https://www.reddit.com/r/newtimes/comments/105n5l5/daughters_are_abused_by_brother_but_mother_fawns/,FALSE_POSITIVE,generic_or_research,The empty third-person headline states that daughters are abused by a brother but supplies no first-person Reddit-author account.
3413,https://www.reddit.com/r/abusesurvivors/comments/105khu8/was_i_a_victim_of_sibling_abuse/,INCLUDE,,"The author describes two brothers' physical abuse, including spitting, shoving, hitting, choking, kicking, threats, and a knife incident."
3414,https://www.reddit.com/r/EstrangedAdultChild/comments/105i8hd/a_little_rant/,INCLUDE,,"The author reports childhood physical and continuing verbal abuse by an older brother, with lasting damage to self-esteem."
3415,https://www.reddit.com/r/BlackWomenDivest/comments/1053ek8/mentally_and_physically_abusive_brother/,INCLUDE,,"The teenage author reports a younger brother's escalating insults, degradation, wrist restraint, feigned strikes, and persistent harassment."
3416,https://www.reddit.com/r/Anxiety/comments/104d9mv/holy_crap_im_crying_reading_this_story_written_by/,INCLUDE,,"The author says the AI-generated allegory was based on their life; it depicts daily beatings and ridicule by the author's older brother, making it an indirect autobiographical disclosure."
3417,https://www.reddit.com/r/whatsthatbook/comments/104aceo/ya_grade_school_romance_novel_about_a_boy_who/,FALSE_POSITIVE,fiction_or_media,The post seeks the title of a young-adult novel featuring a fictional boy abused by his brother.
3418,https://www.reddit.com/r/autism/comments/10452of/help_for_my_severely_autistic_and_violent_sibling/,INCLUDE,,"The author reports a severely disabled brother repeatedly biting, slapping, punching, kicking, and otherwise assaulting the author and their parents."
3419,https://www.reddit.com/r/relationships/comments/103lhsx/abusive_brother_what_should_i_do_about_it/,INCLUDE,,The removed first-person title identifies the author's brother as abusive and asks what to do.
3420,https://www.reddit.com/r/relationship_advice/comments/103i86s/30m31f_my_exife_wants_to_take_our_son_on_a_visit/,FALSE_POSITIVE,wrong_relation,"The violent brother belongs to the author's ex-wife, and the issue concerns a proposed visit by their son rather than abuse of the author by a sibling."
3421,https://www.reddit.com/r/AmItheAsshole/comments/102sdt8/wibtah_for_cutting_off_my_abusive_brother_and_the/,INCLUDE,,The removed first-person title identifies the author's brother as abusive and considers cutting him and enabling family members off.
3422,https://www.reddit.com/r/AskReddit/comments/102q2bs/how_to_get_back_at_abusive_brother_who_is/,INCLUDE,,"The removed title asks how the author can respond to a stronger abusive brother, indicating a personal victim relationship."
3423,https://www.reddit.com/r/CPTSD/comments/102pd24/i_went_to_a_trauma_therapist_who_became_abusive/,FALSE_POSITIVE,wrong_relation,"The therapist is only compared metaphorically to an abusive sister; she is not the author's actual sibling, and no sibling perpetrator is identified."
3424,https://www.reddit.com/r/therapyabuse/comments/102pa31/did_your_therapist_enable_other_peoples_abuse/,FALSE_POSITIVE,wrong_relation,The therapist is only compared metaphorically to a toxic or abusive sister; no actual sibling perpetrator is identified.
3425,https://www.reddit.com/r/WTF/comments/102awfo/abusive_sister_in_law_cant_parent_her_children_so/,FALSE_POSITIVE,wrong_relation,"The removed title concerns an abusive sister-in-law and her children, not the author's own sibling abusing the author."
3426,https://www.reddit.com/r/Fantasy/comments/10260pb/2022_fantasy_retrospective_short_reviews_and/,FALSE_POSITIVE,fiction_or_media,The post is a retrospective of fantasy books and mentions abusive sibling relationships only as fictional themes.
3427,https://www.reddit.com/r/JUSTNOFAMILY/comments/101s41x/need_help_will_have_confrontation_with_my_so/,INCLUDE,,"The author reports years of abuse and trauma by an older brother, including a witnessed physical assault that led to no contact."
3428,https://www.reddit.com/r/JUSTNOFAMILY/comments/101cg6v/need_help_on_my_violent_brother/,INCLUDE,,The removed first-person title asks for help concerning the author's violent brother.
3429,https://www.reddit.com/r/AskReddit/comments/101989o/what_should_a_sister_do_if_she_wants_to_kill/,INCLUDE,,"The first-person-framed question describes a sister wanting to kill an abusive brother, indicating a personal victim relationship despite the empty body."
3430,https://www.reddit.com/r/AmItheAsshole/comments/1018yi5/aita_for_telling_my_abusive_sister_her_past_was/,INCLUDE,,The removed first-person title identifies the author's sister as abusive and says the author challenged her treatment of people.
3431,https://www.reddit.com/r/helpme/comments/10167tj/abusive_sister/,INCLUDE,,"The author reports mental abuse since age eight and continuing physical hitting by an older sister, causing trauma and fear of co-residence."
3432,https://www.reddit.com/r/CPTSD_NSCommunity/comments/100vrdn/i_know_what_the_problem_is_but_it_cant_be_fixed/,INCLUDE,,The author identifies an abusive sibling whose dominating outbursts contributed to childhood emotional isolation and continuing grief.
3433,https://www.reddit.com/r/FamilyIssues/comments/100s7hz/what_should_i_do_about_my_abusive_brother/,INCLUDE,,The deleted first-person title asks what the author should do about their abusive brother.
3434,https://www.reddit.com/r/relationship_advice/comments/100e49i/24f_28f_77f_my_golden_sister_has_been_emotionally/,INCLUDE,,"The author details two decades of blackmail, forced labor, isolation, sabotage, lies, theft, humiliation, and emotional coercion by an adopted sister."
3435,https://www.reddit.com/r/Vent/comments/100e095/my_golden_sister_has_been_emotionally_abusing_me/,INCLUDE,,"The author details years of blackmail, forced labor, isolation, sabotage, lies, theft, humiliation, and emotional coercion by an adopted sister."
3436,https://www.reddit.com/r/CelebDPP/comments/zztxzw/m4a_quiet_boy_gets_his_revenge_on_the_bully/,FALSE_POSITIVE,fiction_or_roleplay,The post solicits a fictional sexual roleplay about a bully and the bully's sibling.
3437,https://www.reddit.com/r/IllegalLifeProTips/comments/zzqf3h/ilpt_request_how_can_i_fuck_over_an_abusive/,INCLUDE,,"The removed first-person title asks how the author can retaliate against an abusive sibling, indicating a personal victim relationship."
3438,https://www.reddit.com/r/relationships/comments/zzjvcb/my_mother_lied_to_me_about_her_christmas_plans/,INCLUDE,,"The author reports a younger brother physically assaulting the author and other women, publicizing private texts, and engaging in intimidation and abuse."
3439,https://www.reddit.com/r/family/comments/zzjnj4/my_mother_lied_to_me_about_her_christmas_plans/,INCLUDE,,The deleted first-person title identifies the author's brother as abusive and describes hurt over their mother secretly spending Christmas with him.
3440,https://www.reddit.com/r/offmychest/comments/zyo9pg/violent_brother/,INCLUDE,,The author reports a violent brother who hits the author and their mother and destroys household property.
3441,https://www.reddit.com/r/Advice/comments/zynwze/my_27f_emotionally_physically_and_sexually/,INCLUDE,,"The deleted first-person title states that an older brother emotionally, physically, and sexually abused the author and that family deny it."
3442,https://www.reddit.com/r/relationship_advice/comments/zynug8/my_27f_emotionally_physically_and_sexually/,INCLUDE,,"The removed first-person title states that an older brother emotionally, physically, and sexually abused the author and that family deny it."
3443,https://www.reddit.com/r/relationship_advice/comments/zynslb/my_27f_emotionally_physically_and_sexually/,INCLUDE,,"The removed first-person title states that an older brother emotionally, physically, and sexually abused the author and that family deny it."
3444,https://www.reddit.com/r/CPTSD/comments/zy3a88/my_older_sister38_attack_my_mother58_and_sister32/,FALSE_POSITIVE,third_person_victim,"The deleted title says an older sister attacked the author's mother and another sister with a knife, but does not say the author was targeted."
3445,https://www.reddit.com/r/CompulsiveSkinPicking/comments/zx2hue/i_think_my_brother_triggers_me/,INCLUDE,,"The author identifies themself as the longstanding target of childhood abuse and bullying by an older brother, whom they experienced as a terrifying monster."
3446,https://www.reddit.com/r/relationship_advice/comments/zx1xds/19m18f_ex_broke_up_with_me_for_being_too_good_for/,FALSE_POSITIVE,third_person_victim,"The abusive brother belongs to the author's former girlfriend; the author is recounting abuse by the girlfriend, not by their own sibling."
3447,https://www.reddit.com/r/AskReddit/comments/zws6hu/what_was_your_experience_with_a/,FALSE_POSITIVE,generic_or_research,The removed AskReddit post asks generally about others' experiences with abusive siblings and offers no first-person account from the author.
3448,https://www.reddit.com/r/FamilyIssues/comments/zwqts8/do_you_remove_your_exs_family_of_social_media/,FALSE_POSITIVE,wrong_relation,"The “abusive brother” is the author's ex-partner as described by the ex's family, not the author's own brother."
3449,https://www.reddit.com/r/raisedbynarcissists/comments/zwhdhb/its_all_about_mom_at_christmas/,FALSE_POSITIVE,ordinary_non_abusive_conflict,The author explicitly says the household abuse did not include sibling abuse; the described abuser is their mother.
3450,https://www.reddit.com/r/mentalhealth/comments/zvvl3p/ive_been_feeling_really_depressed_lately/,FALSE_POSITIVE,third_person_victim,"The sibling abuse was experienced by the author's female friend, not by the author."
3451,https://www.reddit.com/r/Sober/comments/zvq9f5/four_years_sober_and_never_been_this_tempted_to/,INCLUDE,,The author identifies a brother as abusive and is missing family Christmas specifically to avoid him.
3452,https://www.reddit.com/r/abusiverelationships/comments/zvhheb/worried_about_my_abusive_sibling_living_alone_cw/,INCLUDE,,The deleted first-person title identifies the author's sibling as abusive and references detailed abuse and suicide-related context.
3453,https://www.reddit.com/r/NarcissisticAbuse/comments/zuzxh4/abusive_brother_staying_for_christmas/,INCLUDE,,The removed title identifies an abusive brother staying with the author for Christmas.
3454,https://www.reddit.com/r/emotionalabuse/comments/zuplfg/my_christmas_getting_ruined/,INCLUDE,,"The author reports an emotionally abusive sister repeatedly telling them to kill themself, gaslighting family, mocking them, and deliberately causing distress."
3455,https://www.reddit.com/r/GuyCry/comments/zui1ty/christmas_is_my_favorite_holiday_and_im_spending/,INCLUDE,,"The author identifies a sister as abusive, maintains no contact for safety, and refuses their mother's attempt to bring her into the author's home."
3456,https://www.reddit.com/r/Vent/comments/zu68qk/ive_had_a_horrible_traumatic_life_and_now_my/,INCLUDE,,"The author identifies a brother as abusive, describes a distressing direct fight with him, and says the shared family trauma is harming their recovery."
3457,https://www.reddit.com/r/domesticviolence/comments/zto7hn/need_advice_regarding_girlfriends_abusive_brother/,FALSE_POSITIVE,wrong_relation,The abusive brother belongs to the author's girlfriend and allegedly terrorizes the girlfriend and her mother; he is not the author's sibling.
3458,https://www.reddit.com/r/raisedbynarcissists/comments/ztky2u/need_advice_regarding_girlfriends_abusive_brother/,FALSE_POSITIVE,wrong_relation,"The post concerns the author's partner's abusive brother and his mistreatment of the partner and her parent, not the author's own sibling."
3459,https://www.reddit.com/r/relationships/comments/ztk0j0/need_advice_regarding_girlfriends_abusive_brother/,FALSE_POSITIVE,wrong_relation,The abusive brother belongs to the author's girlfriend and allegedly terrorizes the girlfriend and her mother; he is not the author's sibling.
3460,https://www.reddit.com/r/Advice/comments/zti8hl/need_advice_regarding_girlfriends_abusive_brother/,FALSE_POSITIVE,wrong_relation,"The post concerns the author's partner's abusive brother and his mistreatment of the partner and her parent, not the author's own sibling."
3461,https://www.reddit.com/r/CPTSD/comments/zt4hm7/sibling_abuse_isnt_taken_seriously/,UNCERTAIN,insufficient_context,The deleted generic title states that sibling abuse is not taken seriously but provides no first-person context.
3462,https://www.reddit.com/r/mentalhealth/comments/zszu92/my_partner_is_losing_herself_and_i_want_to_help/,FALSE_POSITIVE,third_person_victim,The sexually abusive brother belongs to the author's partner; the author is summarizing the partner's trauma rather than their own sibling experience.
3463,https://www.reddit.com/r/Vent/comments/zsrmgj/disgusted_with_how_normalized_sibling_abuse_is/,FALSE_POSITIVE,generic_or_research,The deleted title makes a general statement about normalization of sibling abuse without establishing a first-person account.
3464,https://www.reddit.com/r/relationships/comments/zseuoz/how_to_deal_with_passive_aggressive_sister/,FALSE_POSITIVE,ordinary_non_abusive_conflict,The removed title describes a passive-aggressive sister but supplies no evidence of abuse rather than ordinary interpersonal conflict.
3465,https://www.reddit.com/r/relationship_advice/comments/zseued/me_29f_how_to_deal_with_passive_aggressive_sister/,FALSE_POSITIVE,ordinary_non_abusive_conflict,The removed title describes a passive-aggressive sister but supplies no evidence of abuse rather than ordinary interpersonal conflict.
3466,https://www.reddit.com/r/unofficial_SWW_pod/comments/zs6pnf/season_recaps_ratings_please_add_yours/,FALSE_POSITIVE,fiction_or_media,"The post reviews seasons of a podcast, including a season about another person's abusive brother."
3467,https://www.reddit.com/r/Christian/comments/zs1ow8/opinions_on_allowing_abusive_family_members_in/,INCLUDE,,"The author describes a sister's destructive rages, threats to kill a brother, verbal abuse, coercive punishment, and the author's terror and trauma while trapped in the home."
3468,https://www.reddit.com/r/AmItheAsshole/comments/zrxq98/aita_for_not_seeing_my_family_on_christmas/,INCLUDE,,"The author identifies a sister as abusive, maintains no contact, and says she has treated the author badly throughout their life."
3469,https://www.reddit.com/r/SuicideWatch/comments/zr45be/what_the_fuck_do_i_do/,INCLUDE,,"The author reports an abusive brother taking their dog, threatening to kill them, exploiting them, and using martial-arts experience to intimidate them."
3470,https://www.reddit.com/r/Advice/comments/zpy97r/i_spoke_up_to_my_gf_abusive_brother_and_im_not/,FALSE_POSITIVE,wrong_relation,"The abusive brother belongs to the author's girlfriend; although he and friends threatened the author, he is not the author's sibling."
3471,https://www.reddit.com/r/narcissisticparents/comments/zpee7c/narcissist_mother_and_enabling_father/,FALSE_POSITIVE,wrong_relation,"The abusive sister is the author's mother's sister, who is the author's aunt; the author's direct abuser is their mother."
3472,https://www.reddit.com/r/depression/comments/zpc7j5/i_dont_know_when_this_will_end_i_keep_going_but_i/,INCLUDE,,"The author details a sister's theft, degradation, suicide encouragement, malicious contamination of the home, knife threat, and lasting weapon-related nightmares."
3473,https://www.reddit.com/r/AmItheAsshole/comments/zovjut/aita_for_not_liking_my_abusive_brother/,INCLUDE,,The removed first-person title identifies the author's brother as abusive and asks whether disliking him is wrong.
3474,https://www.reddit.com/r/personalfinance/comments/zouv4y/dad_with_cancer_how_to_help_minor_child/,UNCERTAIN,insufficient_context,The brief estate-planning post refers to “his abusive sibling” without clarifying whether the Reddit author is the person potentially harmed or whose sibling is involved.
3475,https://www.reddit.com/r/askgaybros/comments/zoqfzb/i_just_blocked_my_abusive_brother_and_i_dont_know/,INCLUDE,,"The author describes frequent childhood beatings, homophobic emotional leverage, yelling, blame, and degradation by a much older brother."
3476,https://www.reddit.com/r/offmychest/comments/zoqb4z/i_just_blocked_my_abusive_brother_on_everything/,INCLUDE,,"The author describes frequent childhood beatings, homophobic emotional leverage, yelling, blame, and degradation by a much older brother."
3477,https://www.reddit.com/r/WitchesVsPatriarchy/comments/zokd71/help_and_advice_for_spending_time_with_abusive/,INCLUDE,,The removed title asks for help with spending time around the author's abusive brother.
3478,https://www.reddit.com/r/antifeminists/comments/zo3ika/shout_out_to_this_redditor_going_through_alot_of/,FALSE_POSITIVE,third_person_victim,"The post is a shout-out supporting another Redditor allegedly abused by his sister, not the poster's own first-hand account."
3479,https://www.reddit.com/r/Parenting/comments/znur63/what_is_your_response_to_toddler_violence/,FALSE_POSITIVE,third_person_victim,The parent is asking how to manage a toddler who hits a baby sibling; the author is not the sibling victim.
3480,https://www.reddit.com/r/JUSTNOFAMILY/comments/zn8nqz/abusive_sister/,UNCERTAIN,insufficient_context,"The removed post is titled only “Abusive Sister,” which does not establish a first-person account."
3481,https://www.reddit.com/r/CPTSD/comments/zn66sd/sibling_abuse/,UNCERTAIN,insufficient_context,"The deleted post is titled only “Sibling abuse,” which does not establish a first-person account."
3482,https://www.reddit.com/r/relationship_advice/comments/zmqwn3/my_abusive_sister_has_kids_so_she_gets_invited_to/,INCLUDE,,"The author gives a detailed account of a half-sister's beatings, strangulation, sexual boundary violations, facilitated assault, threats, harassment, and lifelong intimidation."
3483,https://www.reddit.com/r/AmItheAsshole/comments/zmqtlt/aita_for_resenting_my_family_for_choosing_my/,INCLUDE,,The removed first-person title identifies the author's sister as abusive and describes family choosing her over the author.
3484,https://www.reddit.com/r/raisedbynarcissists/comments/zmohk9/i_am_dreading_christmas_with_my_abusive_brother/,INCLUDE,,"The author reports an older brother attempting to attack them, kicking at a barricaded door, threatening to kill the author and partner, and causing severe panic."
3485,https://www.reddit.com/r/raisedbynarcissists/comments/zmm1ty/i_am_dreading_christmas_with_my_abusive_brother/,INCLUDE,,The removed first-person title identifies the author's brother as abusive and the author's dread at being forced to spend Christmas with him.
3486,https://www.reddit.com/r/lonely/comments/zmlj8m/how_do_yall_make_it_through_the_holidays/,INCLUDE,,"The author identifies a brother as sexually abusive and describes parents who have neither punished nor condemned him, contributing to estrangement."
3487,https://www.reddit.com/r/Epithet_Erased/comments/zmbhh4/anyone_else_thought_lorelei_was_going_to_be_abit/,FALSE_POSITIVE,fiction_or_media,The post analyzes the abusive sibling dynamic between fictional characters in Epithet Erased.
3488,https://www.reddit.com/r/BorderlinePDisorder/comments/zm809l/how_do_yall_make_it_through_the_holidays/,INCLUDE,,"The author identifies a brother as sexually abusive and describes parents who have neither punished nor condemned him, contributing to estrangement."
3489,https://www.reddit.com/r/relationship_advice/comments/zm52n3/im_just_hurting/,INCLUDE,,The author reports manipulation by an abusive sister that ended an important relationship and describes the sister's hatred as part of broader family scapegoating.
3490,https://www.reddit.com/r/AmItheAsshole/comments/zlw9kr/aita_for_leaving_my_parents_house_because_of_my/,INCLUDE,,The removed first-person title says the author left their parents' house because of an abusive brother.
3491,https://www.reddit.com/r/AmItheAsshole/comments/zlver5/aita_for_leaving_my_parents_house_because_of_my/,INCLUDE,,The removed first-person title says the author left their parents' house because of an abusive brother.
3492,https://www.reddit.com/r/relationship_advice/comments/zlt333/how_do_if31_let_my_inlaws_know_that_they_are/,INCLUDE,,"The author reports growing up with an abusive brother who beat, slapped, and punched them more when they cried."
3493,https://www.reddit.com/r/BackstreetBoys/comments/zlqhgx/theres_a_video_by_rich_lux_that_has_just_come_out/,FALSE_POSITIVE,fiction_or_media,"The post discusses celebrity gossip and claims about singer Aaron Carter's allegedly abusive brother, not the author's sibling."
3494,https://www.reddit.com/r/u_Whey-Men/comments/zlcxk3/the_associations_between_sibling_victimization/,FALSE_POSITIVE,generic_or_research,The empty post is the title of an academic study about sibling victimization and bullying.
3495,https://www.reddit.com/r/couplestherapy/comments/zlcp5s/went_to_couples_therapy_and_was_gaslighted/,FALSE_POSITIVE,third_person_victim,The sibling sexual abuse was experienced by the author's partner; the post analyzes the partner's trauma and their relationship.
3496,https://www.reddit.com/r/adhdwomen/comments/zl4lrr/my_home_life_makes_my_mood_so_much_worse_dont/,INCLUDE,,"The author describes life with a very abusive brother as unsafe and psychologically devastating, leaving them withdrawn, anxious, depressed, and unable to challenge him."
3497,https://www.reddit.com/r/HentaiAndRoleplayy/comments/zkylq3/fb4m_i_want_an_abusive_brother_or_boy_friend_come/,FALSE_POSITIVE,fiction_or_roleplay,The empty post is a sexual roleplay solicitation requesting an abusive brother or boyfriend character.
3498,https://www.reddit.com/r/depression/comments/zkiqxh/no_one_truly_knows_me_and_im_fucking_sick_of_it/,INCLUDE,,"The author reports repeated hidden beatings by a brother, has stopped defending themself, and believes the family will not protect them."
3499,https://www.reddit.com/r/Vent/comments/zkhwlz/toxic_family/,FALSE_POSITIVE,third_person_victim,"The brother's abuse is described as directed at his children, girlfriend, and the author's mother; the author does not report being his target."
3500,https://www.reddit.com/r/TwoXChromosomes/comments/zkf0t6/my_toxic_ex_friend_just_ambushed_me/,INCLUDE,,The author identifies an estranged brother as abusive and says a controlling former friend reproducing his behavior triggered the author's abuse trauma.
3501,https://www.reddit.com/r/SGExams/comments/zk0iv3/troubles_about_family/,INCLUDE,,The teenage author attributes a difficult childhood to an abusive adult brother and ongoing family conflict surrounding him.
3502,https://www.reddit.com/r/YAlit/comments/zih921/city_of_ashes_by_cassandra_clare_review/,FALSE_POSITIVE,fiction_or_media,The post is a lengthy review of a fantasy novel and discusses a fictional character's abusive brother.
3503,https://www.reddit.com/r/relationship_advice/comments/zh42ns/my_parents_late_40s_have_been_emotionally/,INCLUDE,,The deleted first-person title states that the author is experiencing adult sibling bullying and parental disregard.
3504,https://www.reddit.com/r/offmychest/comments/zh3l81/my_parents_have_been_emotionally_neglecting_me/,INCLUDE,,The removed first-person title states that the author is experiencing adult sibling bullying and parental disregard.
3505,https://www.reddit.com/r/domesticviolence/comments/zgrhzi/should_i_out_my_violent_sister/,INCLUDE,,The removed first-person title asks whether the author should publicly expose their violent sister.
3506,https://www.reddit.com/r/abusiverelationships/comments/zggw2k/abusive_sister/,UNCERTAIN,insufficient_context,"The deleted post is titled only “Abusive sister,” without enough context to establish a first-person account."
3507,https://www.reddit.com/r/MadeOfStyrofoam/comments/zgf5e6/right_so_no_ones_treating_my_abusive_sibling/,INCLUDE,,The deleted first-person title identifies the author's sibling as abusive and contrasts the family's normal treatment of that sibling with concern for the father.
3508,https://www.reddit.com/r/SurveyCircle/comments/zfq167/sibling_violence/,FALSE_POSITIVE,generic_or_research,"The empty SurveyCircle post titled “Sibling violence” appears to be survey or research recruitment, not a personal account."
3509,https://www.reddit.com/r/legaladvice/comments/zfmyhy/mom_got_3_day_eviction_notice_because_cops_were/,FALSE_POSITIVE,third_person_victim,The abusive brother victimized the author's mother and sister while the author lived elsewhere; the author says they were not informed and does not report personal abuse.
3510,https://www.reddit.com/r/CPTSD/comments/zf55ch/trigger_warning_i_dont_care_what_made_my_sibling/,INCLUDE,,"The author reports nearly daily sexual, physical, and emotional abuse by a brother ten years older, continuing until the author aged out of his interest."
3511,https://www.reddit.com/r/CollegeRant/comments/zdz7ey/i_cannot_bare_to_face_my_professor_today/,INCLUDE,,The author identifies growing up with an abusive brother as significant trauma that shapes present emotional reactions.
3512,https://www.reddit.com/r/whitewhale/comments/zdy1c7/an_old_blackandwhite_movie_with_sisters_one_was/,FALSE_POSITIVE,fiction_or_media,"The post seeks the title of an old film about fictional sisters, one of whom abuses the other."
3513,https://www.reddit.com/r/AmItheAsshole/comments/zd9fa7/aita_for_agreeing_with_my_sister_that_our/,INCLUDE,,The author says an emotionally abusive sister has mistreated the author and most of the family throughout the author's life.
3514,https://www.reddit.com/r/u_Whey-Men/comments/zd7ngd/childhood_abuse_and_neglect_exposure_to_domestic/,FALSE_POSITIVE,generic_or_research,"The empty post is the title of an academic study of childhood abuse, domestic violence, and sibling violence."
3515,https://www.reddit.com/r/askSingapore/comments/zczdjb/violent_brother/,INCLUDE,,"The author describes an older brother escalating a minor issue into intimidation, a fight challenge, and physical aggression involving their father, against a six-year pattern."
3516,https://www.reddit.com/r/Advice/comments/zcuevn/abusive_brother_figure_living_in_house_may_get/,INCLUDE,,"The teenage author reports a younger brother's constant attacks on the author and mother, misogynistic degradation, theft of food, and intimidation that confines the author to their room."
3517,https://www.reddit.com/r/realityshifting/comments/zcrdo3/is_permashifting_possible/,INCLUDE,,The author identifies a sister as emotionally abusive and manipulative and says living with her is ruining the author's life.
3518,https://www.reddit.com/r/AskReddit/comments/zcajbs/need_an_advice_on_how_to_deal_with_an_absent/,INCLUDE,,The empty first-person title identifies the author's brother as abusive and says the situation is ruining their life.
3519,https://www.reddit.com/r/domesticviolence/comments/zc4h0v/adult_sibling_abuse_where_is_the_line/,UNCERTAIN,insufficient_context,The removed post asks where the line is for adult sibling abuse but does not reveal whether the author personally experienced it.
3520,https://www.reddit.com/r/adultsurvivors/comments/zbsuw4/i_think_i_might_be_an_abuser_tw_sibling_abuse/,FALSE_POSITIVE,perpetrator_only,"The removed first-person title says the author thinks they may be the sibling abuser, not the victim."
3521,https://www.reddit.com/r/legaladvice/comments/zbshpo/california_my_parent_wants_to_file_a_temporary/,FALSE_POSITIVE,third_person_victim,"The brother's emotional, financial, and physical abuse is directed at the author's elderly parents; the author is assisting them with a restraining order."
3522,https://www.reddit.com/r/abusesurvivors/comments/zbkwrv/abusive_sister/,INCLUDE,,"The author details a sister's regular hitting, kicking, coercive control, isolation, surveillance, blackmail, threats, and shaming while acting as caregiver."
3523,https://www.reddit.com/r/emotionalneglect/comments/zax4t0/today_i_stood_up_for_myself_and_did_the_right/,INCLUDE,,The author identifies a sister as abusive and describes directly defending themself against her contempt and verbal attacks.
3524,https://www.reddit.com/r/relationship_advice/comments/zawfcu/angry_aggressive_brother_constantly_punches_and/,INCLUDE,,The removed first-person title says an aggressive brother constantly punches and breaks things to frustrate the author.
3525,https://www.reddit.com/r/mentalhealth/comments/z9q9xj/abusive_sister_or_am_i_overreacting/,INCLUDE,,"The deleted first-person title asks whether the author's sister is abusive or the author is overreacting, indicating a personal suspected-victim account."
3526,https://www.reddit.com/r/relationship_advice/comments/z9q8n1/how_do_i_24f_maintain_a_relationship_with_my/,INCLUDE,,"The author describes lifelong bullying, intimidation, emotional unsafety, isolation, and childhood injury caused by an older sister."
3527,https://www.reddit.com/r/u_AdSweet8758/comments/z9hslj/what_could_one_do_to_an_abusive_brother/,FALSE_POSITIVE,generic_or_research,The empty post asks generically what one could do to an abusive brother and gives no first-person context.
3528,https://www.reddit.com/r/u_Valuable-Watch-3643/comments/z9hshz/what_could_one_do_to_an_abusive_brother/,FALSE_POSITIVE,generic_or_research,The empty post asks generically what one could do to an abusive brother and gives no first-person context.
3529,https://www.reddit.com/r/u_Think-Treacle-7042/comments/z9hsai/what_could_one_do_to_an_abusive_brother/,FALSE_POSITIVE,generic_or_research,The empty post asks generically what one could do to an abusive brother and gives no first-person context.
3530,https://www.reddit.com/r/u_Appropriate-Reach335/comments/z9hs8h/what_could_one_do_to_an_abusive_brother/,FALSE_POSITIVE,generic_or_research,The empty post asks generically what one could do to an abusive brother and gives no first-person context.
3531,https://www.reddit.com/r/u_Admirable_Student_29/comments/z9hs69/what_could_one_do_to_an_abusive_brother/,FALSE_POSITIVE,generic_or_research,The empty post asks generically what one could do to an abusive brother and gives no first-person context.
3532,https://www.reddit.com/r/AskReddit/comments/z9hr6y/what_could_one_do_to_an_abusive_brother/,FALSE_POSITIVE,generic_or_research,The removed AskReddit post asks generically what one could do to an abusive brother and gives no first-person context.
3533,https://www.reddit.com/r/narcissisticparents/comments/z985oc/does_anyone_have_any_suggestions_for_or/,INCLUDE,,The deleted title asks how the author can avoid a holiday with their abusive brother despite pressure from a narcissistic mother.
3534,https://www.reddit.com/r/CPTSD/comments/z8ys2a/any_resources_for_sibling_abuse_bit_of_a_rant/,INCLUDE,,"The author gives a detailed account of years of sexual abuse, beatings, painful forced exertion, food restriction, threats, and coercive control by a brother."
3535,https://www.reddit.com/r/raisedbyborderlines/comments/z8uph4/feeling_lost_turning_40_rebuilding_life/,INCLUDE,,"The author reports a violent sibling, family stalking and harassment, police involvement, and continuing fear that public visibility will expose them to danger."
3536,https://www.reddit.com/r/raisedbynarcissists/comments/z8qfa0/does_anyone_elses_nparents_talk_badly_about_your/,INCLUDE,,The author states that a sister physically beat them during childhood.
3537,https://www.reddit.com/r/AskReddit/comments/z8hmx8/how_does_one_avoid_having_confrontation_with/,UNCERTAIN,insufficient_context,The deleted question refers to “their abusive brother” but does not clearly establish that the author is the sibling victim.
3538,https://www.reddit.com/r/MuslimLounge/comments/z8bhnf/is_it_wrong_to_tell_my_fiancé_about_my_abusive/,FALSE_POSITIVE,third_person_victim,The brother's abuse is described as directed at sisters-in-law and people generally; the author does not report being victimized by him.
3539,https://www.reddit.com/r/Stalking/comments/z86fhv/stalker_disappeared_again/,INCLUDE,,"The author reports a sibling orchestrating stalking and manipulation, stealing email accounts, deleting contacts, monitoring online activity, and trying to isolate the author."
3540,https://www.reddit.com/r/abusiverelationships/comments/z82pts/how_do_we_deal_with_my_abusive_brother/,FALSE_POSITIVE,third_person_victim,The brother's verbal abuse and past violence are described as directed primarily at the author's mother; the author does not report being targeted.
3541,https://www.reddit.com/r/legaladvice/comments/z7p7om/moving_away_from_abusive_family/,INCLUDE,,The author fled an abusive brother after death threats and assault and says returning home feels unsafe.
3542,https://www.reddit.com/r/TrueOffMyChest/comments/z7hupd/sibling_abuse_i21f_think_i_got_trauma_by_my/,INCLUDE,,The deleted first-person title identifies an older brother as abusive and says the author believes his abuse caused trauma.
3543,https://www.reddit.com/r/raisedbynarcissists/comments/z6jap9/covert_narc_mom_died_day_before_thanksgiving/,INCLUDE,,The author attributes anxiety and PTSD to an abusive brother and says their mother knowingly protected him despite what he did to the author.
3544,https://www.reddit.com/r/BallbustingStories/comments/z5qf9k/sisters_first_ballbusting/,FALSE_POSITIVE,fiction_or_roleplay,The post is explicit fetish fiction about a sister and sorority friends sexually torturing a fictional brother.
3545,https://www.reddit.com/r/Advice/comments/z5edzz/my_roommates_mom_recently_passed_from_cancer_and/,FALSE_POSITIVE,third_person_victim,The abusive alcoholic brother belongs to the author's roommate; the author is seeking support resources for that roommate.
3546,https://www.reddit.com/r/legaladvice/comments/z4srab/legal_advice_to_get_my_abusive_brother_22m_into/,INCLUDE,,The removed first-person title identifies the author's brother as abusive and seeks legal means to place him in state care.
3547,https://www.reddit.com/r/twinflames/comments/z4kclw/twin_flame_journey_trigger_warnings/,UNCERTAIN,insufficient_context,"The post warns of sibling abuse and calls the material the author's story, but the captured body omits the actual narrative and does not establish who abused whom."
3548,https://www.reddit.com/r/CPTSD/comments/z4iapl/trauma_from_a_family_members_drug_abuse/,INCLUDE,,"The author details extreme verbal, financial, and physical abuse by an addicted older brother, including theft, threats, being thrown across a room, and stalking."
3549,https://www.reddit.com/r/CPTSDFreeze/comments/z4f2wk/my_parents_gave_up_my_location_to_an_abuser/,INCLUDE,,"The author reports near-constant cruelty and abuse by a sister from childhood into adulthood, including recruiting friends to bully the author and continuing intimidation."
3550,https://www.reddit.com/r/CPTSD/comments/z35oxz/i_dont_know_what_else_to_put_here_except_what/,INCLUDE,,"The author identifies a sister as the primary abuser they remember and describes dissociation, urgent fear of her location, and abuse-triggered emotional flashbacks."
3551,https://www.reddit.com/r/relationships/comments/z2i7un/my31m_ldr_gf25f_has_blocked_me_on_all_platforms/,FALSE_POSITIVE,third_person_victim,The abusive sister belongs to the author's long-distance girlfriend; the post is about the author's relationship with that girlfriend.
3552,https://www.reddit.com/r/TooAfraidToAsk/comments/z1vmqj/is_sibling_abuse_real/,FALSE_POSITIVE,generic_or_research,The removed post asks only whether sibling abuse is real and supplies no personal account.
3553,https://www.reddit.com/r/CPTSD/comments/z1lu64/tw_sa_the_trauma_i_experienced_wasnt_that_bad/,INCLUDE,,"The author identifies a brother as violent, describes fearing for their life, and uses minimization to dismiss what they acknowledge as sibling violence."
3554,https://www.reddit.com/r/offmychest/comments/z134xu/abusive_brother/,UNCERTAIN,insufficient_context,The removed post is titled only “Abusive brother?” and does not establish a first-person account.
3555,https://www.reddit.com/r/offmychest/comments/z0du9h/abusive_brother/,UNCERTAIN,insufficient_context,The removed post is titled only “Abusive brother?” and does not establish a first-person account.
3556,https://www.reddit.com/r/offmychest/comments/z0dt20/abusive_brother/,UNCERTAIN,insufficient_context,The removed post is titled only “Abusive brother?” and does not establish a first-person account.
3557,https://www.reddit.com/r/offmychest/comments/z0drzk/abusive_brother/,UNCERTAIN,insufficient_context,The removed post is titled only “Abusive brother?” and does not establish a first-person account.
3558,https://www.reddit.com/r/helpme/comments/z04p3u/my_little_brother_is_tearing_me_apart_mentally/,INCLUDE,,"The thirteen-year-old author reports a younger brother repeatedly scratching, cutting, bruising, contaminating belongings, and physically hurting them while parents dismiss it."
3559,https://www.reddit.com/r/SuicideWatch/comments/yzuahj/goodbye/,INCLUDE,,The author says an extremely abusive sibling framed them with false online allegations and pushed them to suicidal crisis.
3560,https://www.reddit.com/r/CPTSD/comments/yzolkm/i_think_i_might_have_cptsd_but_im_not_sure_and_i/,INCLUDE,,"The author describes a sister repeatedly punching, pinching, injuring, and making them fall from heights when parents were absent, causing lasting fear and trauma symptoms."
3561,https://www.reddit.com/r/AmItheAsshole/comments/yzncxq/aita_for_cutting_off_my_abusive_brother_and_not/,INCLUDE,,The removed first-person title identifies the author's brother as abusive and describes cutting him off and refusing his wedding.
3562,https://www.reddit.com/r/offmychest/comments/yyhxp4/i_rather_be_homeless_right_now/,INCLUDE,,The author says they are trapped living with an abusive sister while being forced to shoulder household expenses for years.
3563,https://www.reddit.com/r/whatsthatbook/comments/yybgn8/yachildrens_book_about_a_girl_in_an_old_house_who/,FALSE_POSITIVE,fiction_or_media,The post seeks a young-adult or children's novel about a fictional girl escaping an abusive brother.
3564,https://www.reddit.com/r/raisedbyborderlines/comments/yy2o0w/struggling_with_edad_holidays_and_so_much_guilt/,FALSE_POSITIVE,third_person_victim,"The violent brother's illness and death are discussed in relation to family dynamics, but the author does not describe being abused by him; the direct alleged abuser is their mother."
3565,https://www.reddit.com/r/therapists/comments/yxw5dz/abusive_sibling/,FALSE_POSITIVE,third_person_victim,"The author is a therapist discussing adult clients abused by siblings and asking about clinical boundary advice, not recounting personal victimization."
3566,https://www.reddit.com/r/ADHD/comments/yxovha/social_anxiety_ocd_inattention/,INCLUDE,,The author identifies an abusive brother and toxic childhood environment as part of the personal trauma underlying current mental-health difficulties.
3567,https://www.reddit.com/r/CPTSD/comments/yxlj42/its_my_birthday_and_my_grandparents_just_called/,INCLUDE,,"The author explicitly identifies as a survivor of years of physical and psychological abuse by a sister, including fear, repeated name-calling, and cyclical apologies."
3568,https://www.reddit.com/r/Vent/comments/yxc4fr/why/,INCLUDE,,The author identifies growing up with a violent sibling as part of their own difficult family background.
3569,https://www.reddit.com/r/abusesurvivors/comments/yvjc7t/how_do_i_deal_an_emotionally_and_physically/,INCLUDE,,The empty first-person title asks how the author should deal with an emotionally and physically abusive sister.
3570,https://www.reddit.com/r/schizophrenia/comments/yur062/abusive_sister/,INCLUDE,,"The author reports an older sister's childhood hitting and scratching and current hostile, verbally abusive, controlling behavior during co-residence."
3571,https://www.reddit.com/r/BPD/comments/yunivg/should_i_confront_them_on_why_they_said_mean/,FALSE_POSITIVE,third_person_victim,"The abusive sibling belongs to the author's best friend; the author's own conflict is with that classmate, not their sibling."
3572,https://www.reddit.com/r/victorious/comments/yulrl2/the_guidance_counselor/,FALSE_POSITIVE,fiction_or_media,The post discusses a fictional abusive brother and guidance counselor in the television series Victorious.
3573,https://www.reddit.com/r/vaginismus/comments/yufwkk/trauma_and_shame/,INCLUDE,,"The author reports a brother regularly calling them sexually degrading names, creating trauma and shame that may contribute to vaginismus."
3574,https://www.reddit.com/r/Celiac/comments/ytqyzi/brother_intends_to_serve_gluten_to_elderly_mother/,FALSE_POSITIVE,third_person_victim,The brother's alleged abuse is directed at the author's elderly mother through unsafe food; the author is seeking legal protection for her.
3575,https://www.reddit.com/r/ForeverAloneWomen/comments/ytow4l/been_in_an_abusive_household_all_my_life_i_think/,INCLUDE,,"The author describes daily degradation, threats of punching, gaslighting, and coercive household control by a younger brother."
3576,https://www.reddit.com/r/Advice/comments/ytm889/emotional_abusive_sister_what_do_i_do/,INCLUDE,,"The author reports lifelong bullying, berating, manipulation, gaslighting, and psychological harm by an older sister."
3577,https://www.reddit.com/r/Vent/comments/ytldoh/my_sister_always_acts_like_the_victim_tw_sibling/,INCLUDE,,"The author details a sister's hitting, slurs, nail injuries leaving scars, social isolation, privacy invasion, chronic rage, and emotional coercion."
3578,https://www.reddit.com/r/AnimalsBeingJerks/comments/ytgrrf/sibling_bullyingbut_then_makeup/,FALSE_POSITIVE,nonhuman,The empty post is in an animal-humor community and refers to animal sibling bullying.
3579,https://www.reddit.com/r/CPTSD/comments/ytbgf7/ok_now_what/,INCLUDE,,"The author reports severe personal sibling abuse underlying CPTSD, repeatedly invalidated by clinicians and described by an EMDR therapist as an extreme case."
3580,https://www.reddit.com/r/rapecounseling/comments/yt2hvl/tw_sibling_on_sibling_abuse/,INCLUDE,,The fifteen-year-old author recounts being sexually assaulted at age seven by an adult brother and continuing severe trauma when seeing him.
3581,https://www.reddit.com/r/AmItheAsshole/comments/ysqka5/aita_husbands_abusive_brother_wants_to_move_back/,FALSE_POSITIVE,wrong_relation,"The abusive brother is the author's husband's brother, not the author's own sibling."
3582,https://www.reddit.com/r/u_jpfzlchajw/comments/ysew85/stepsis_gets_bullied_by_brother_to_fuck_herpornsex/,FALSE_POSITIVE,fiction_or_roleplay,The post advertises porn with a fictional premise of a step-sister bullied into sex by a brother.
3583,https://www.reddit.com/r/AskALawyer/comments/yrrhld/dementia_ridden_man_and_abusive_sister/,UNCERTAIN,insufficient_context,The deleted title mentions a man with dementia and an abusive sister but does not clarify the author's relationship or whether this is first-hand victimization.
3584,https://www.reddit.com/r/Advice/comments/yrrdbp/im_uncomfortable_because_my_abusive_brother_feels/,INCLUDE,,"The author reports childhood sexual abuse, current stalking, surveillance, privacy invasion, and controlling restrictions by a brother."
3585,https://www.reddit.com/r/Advice/comments/yqa7le/i_emotionally_abused_my_brother_when_we_were_kids/,FALSE_POSITIVE,perpetrator_only,"The author admits relentlessly bullying, threatening, frightening, and emotionally abusing a younger brother and seeks to apologize."
3586,https://www.reddit.com/r/CPTSD/comments/yq1z5d/therapist_in_nyc_or_tips_on_what_to_look_for/,INCLUDE,,The author states that long-term sibling abuse caused CPTSD and is seeking an appropriately qualified therapist.
3587,https://www.reddit.com/r/CPTSD/comments/ypa17e/seeking_to_connect/,INCLUDE,,"The author seeks peers who, like them, developed CPTSD from an abusive severely mentally ill sibling despite otherwise normal parents."
3588,https://www.reddit.com/r/inlaws/comments/yp8gu1/narcissistic_abusive_sister_and_mother_in_law/,FALSE_POSITIVE,wrong_relation,"The deleted title identifies the alleged abusers as a sister-in-law and mother-in-law, not the author's siblings."
3589,https://www.reddit.com/r/helpme/comments/yoxlue/what_do_i_do_about_my_abusive_brother/,INCLUDE,,The deleted first-person title asks what the author should do about their abusive brother.
3590,https://www.reddit.com/r/abusiveparents/comments/yoxl3v/help_what_do_i_do_about_my_abusive_brother/,INCLUDE,,The deleted first-person title asks for help with the author's abusive brother.
3591,https://www.reddit.com/r/family/comments/yoxj73/what_should_i_do_about_my_older_abusive_brother/,INCLUDE,,The deleted first-person title asks what the teenage author should do about their older abusive brother.
3592,https://www.reddit.com/r/asoiaf/comments/yoojto/spoilers_extended_the_targaryens_and_racial/,FALSE_POSITIVE,fiction_or_media,The post analyzes fictional Targaryen characters and Daenerys's abusive brother in fantasy media.
3593,https://www.reddit.com/r/depression/comments/yogisy/how_do_i_win/,INCLUDE,,"The author reports family abuse centered on an abusive brother, whom they cut off after attempts to reason with him failed."
3594,https://www.reddit.com/r/Vent/comments/yn68tx/stuck_between_a_rock_and_a_hard_place_should_i/,FALSE_POSITIVE,third_person_victim,The abusive sister belongs to the author's friend; the post concerns the author's difficulty managing that friendship.
3595,https://www.reddit.com/r/HuskyHuntAcademy/comments/ymyh14/mario_the_man_vs_mario_the_wrongful_champion/,FALSE_POSITIVE,fiction_or_media,The post is a satirical essay portraying fictional video-game character Mario as Luigi's abusive brother.
3596,https://www.reddit.com/r/Vent/comments/ym4s1k/sibling_abuse_and_drugs/,INCLUDE,,"The disabled author details fourteen years of a brother stealing medication and beating them, culminating in slapping, restraint, punching, cigarette burning, hospitalization, and fear of being killed."
3597,https://www.reddit.com/r/AmItheAsshole/comments/ym2kto/aita_for_judging_my_mom_for_not_cutting_off_her/,FALSE_POSITIVE,wrong_relation,"The removed title concerns the author's mother's abusive sister, who is the author's aunt rather than sibling."
3598,https://www.reddit.com/r/TokyoRevengers/comments/yltszb/omfg_its_ending/,FALSE_POSITIVE,fiction_or_media,The post discusses an anime/manga series and mentions sibling abuse only as a fictional topic.
3599,https://www.reddit.com/r/BPD/comments/yl09xw/i_need_help_im_clearly_not_doing_things_right/,FALSE_POSITIVE,perpetrator_only,The author worries that their own treatment of a younger sister may constitute sibling abuse and seeks to improve as the potential perpetrator.
3600,https://www.reddit.com/r/Advice/comments/yks5u0/my_friend_has_a_abusive_brother_who_beats_and/,FALSE_POSITIVE,third_person_victim,"The victim is the author's friend, who is beaten and blackmailed by his brother; the author seeks advice on helping him."
3601,https://www.reddit.com/r/CPTSD/comments/ykk8gr/my_abusive_brother_tried_to_make_contact_again_i/,INCLUDE,,"The author describes an abusive brother's threats, manipulation, gaslighting, and degradation and successfully refuses renewed contact."
3602,https://www.reddit.com/r/CPTSD/comments/ykj7t1/my_abusive_brother_is_trying_to_get_back_into_my/,INCLUDE,,The deleted first-person title identifies the author's brother as abusive and asks whether to allow him back into the author's life.
3603,https://www.reddit.com/r/CPTSD/comments/ykinna/question_for_those_abused_by_siblings_what_is/,INCLUDE,,The author says they are trying to cut off an emotionally abusive brother who is reversing the accusation onto them.
3604,https://www.reddit.com/r/TrueOffMyChest/comments/yk9m0y/abusive_sister_is_now_the_victim/,UNCERTAIN,insufficient_context,The deleted title calls a sister abusive but does not establish whether the Reddit author is her victim.
3605,https://www.reddit.com/r/AIGTH/comments/yk7mv9/aigth_to_snapping_on_my_abusive_sibling_and/,INCLUDE,,"The author reports daily physical and emotional harassment by an older sibling, culminating in the author retaliating with a headlock."
3606,https://www.reddit.com/r/Vent/comments/yjzo2p/i_13_have_and_abusive_sister7/,INCLUDE,,"The thirteen-year-old author reports a younger sister chasing them with a knife, jumping on their head and back, kicking, punching, and attempting serious harm."
3607,https://www.reddit.com/r/TwoXChromosomes/comments/yjxtra/abusive_sister/,UNCERTAIN,insufficient_context,"The deleted post is titled only “Abusive sister,” without enough context to establish a first-person account."
3608,https://www.reddit.com/r/offmychest/comments/yiu4kx/i_hate_this_place/,INCLUDE,,The author identifies a sister as abusive while describing ongoing entrapment in an abusive family home.
3609,https://www.reddit.com/r/MomForAMinute/comments/yi9xl8/hey_mom_its_been_a_really_rough_couple_of_weeks/,INCLUDE,,"The author identifies a sister as abusive and says the family gaslit them into believing she was an admirable sibling, contributing to a false view of their childhood."
3610,https://www.reddit.com/r/CPTSD/comments/yhf01c/i_dont_know_when_ill_be_ready_to_stop_isolating/,INCLUDE,,The author identifies childhood sibling bullying alongside parental neglect and other trauma as part of the history driving current CPTSD isolation.
3611,https://www.reddit.com/r/CPTSD/comments/yh9jfo/sibling_abuse_carrying_on_in_my_20s/,INCLUDE,,The deleted title explicitly says sibling abuse against the author is continuing into their twenties.
3612,https://www.reddit.com/r/mentalhealth/comments/ygyzec/had_seizures_as_a_kid_worried_what_i_remember/,INCLUDE,,The author identifies a sister as abusive and as a source of personal stress and family trauma severe enough to require therapy.
3613,https://www.reddit.com/r/screenshots/comments/ygl97o/stuff_my_abusive_sisterinlaw_has_said_to_me/,FALSE_POSITIVE,wrong_relation,"The alleged abuser is the author's sister-in-law, not the author's own sibling."
3614,https://www.reddit.com/r/Marriage/comments/ygl1sa/stuff_my_abusive_sisterinlaw_has_said_to_me/,FALSE_POSITIVE,wrong_relation,"The alleged abuser is the author's sister-in-law, not the author's own sibling."
3615,https://www.reddit.com/r/NoStupidQuestions/comments/yfv5lr/should_i_give_up_on_trying_to_give_my_brother_the/,FALSE_POSITIVE,ordinary_non_abusive_conflict,"The author describes childhood bullying, emotional distance, lying, and disappointment from a brother but no sustained abusive conduct beyond an ordinary dysfunctional sibling relationship."
3616,https://www.reddit.com/r/MomForAMinute/comments/yfrxu9/i_am_worried_he_is_going_down_a_dangerous_rabbit/,FALSE_POSITIVE,third_person_victim,"The abusive sister belongs to the author's boyfriend, who was allegedly confined with her during childhood; the author is discussing his trauma."
3617,https://www.reddit.com/r/abusesurvivors/comments/yfml8g/i_didnt_know_i_was_abused/,INCLUDE,,"The author describes a younger brother's hitting, thrown objects, death threats, sexualized slurs, screaming, and degradation that created lasting fear and trauma."
3618,https://www.reddit.com/r/goodlongposts/comments/yfmcpx/uloquacious_quibbler_responds_to_i_dont_want_my/,FALSE_POSITIVE,repost_or_archive,The post is an empty archive-style link announcing another user's response to someone else's abusive-brother question.
3619,https://www.reddit.com/r/malaysia/comments/yfdpbp/i_dont_want_my_abusive_brother_to_become_my_wali/,INCLUDE,,"The author reports thirteen years of physical, mental, and financial abuse by an older brother, including severe slapping and fear of being killed."
3620,https://www.reddit.com/r/sexualassault/comments/yfbftr/rant/,INCLUDE,,"The author describes years of reported sexual abuse by a brother, continued forced co-residence, fear of leaving their room, and the brother's denial."
3621,https://www.reddit.com/r/abusesurvivors/comments/yerpbl/abusive_sister/,UNCERTAIN,insufficient_context,"The deleted post is titled only “Abusive sister,” without enough context to establish a first-person account."
3622,https://www.reddit.com/r/emotionalabuse/comments/ye96lx/need_support/,FALSE_POSITIVE,wrong_relation,"The relative described as abusive toward the author is the mother's sister, who is the author's aunt rather than sibling."
3623,https://www.reddit.com/r/AskReddit/comments/ydlf2h/people_of_reddit_that_have_an_abusive_sibling_how/,FALSE_POSITIVE,generic_or_research,The deleted AskReddit question asks other people with abusive siblings how they ended the cycle and offers no author account.
3624,https://www.reddit.com/r/india/comments/yd9knw/how_to_help_my_mentally_affected_and_aggressive/,FALSE_POSITIVE,third_person_victim,The brother's aggression and hitting are directed at the author's mother; the author seeks help for his mental health and does not report personal abuse.
3625,https://www.reddit.com/r/CPTSD/comments/yc32r4/did_anyone_else_grow_up_with_a_violent_autistic/,INCLUDE,,"The author reports sixteen years of a violent sister's destructive rages and direct degradation of the author's appearance and friends, with lasting emotional harm."
3626,https://www.reddit.com/r/CPTSD/comments/yc1luq/how_to_start_to_heal_sibling_abuse_as_the_abuser/,FALSE_POSITIVE,perpetrator_only,The deleted title explicitly asks how to heal sibling abuse “as the abuser.”
3627,https://www.reddit.com/r/SettingBoundaries/comments/yc0cnm/walking_out/,FALSE_POSITIVE,wrong_relation,The physically abusive sister belongs to the author's uncle; the author's own threatening conflict is with that uncle.
3628,https://www.reddit.com/r/SuicideWatch/comments/yb8cwg/my_own_sister_is_the_reason_why/,INCLUDE,,"The author reports physical and emotional abuse, belittling, screaming, and worthlessness messages from a sister, resulting in diagnosed PTSD."
3629,https://www.reddit.com/r/TooAfraidToAsk/comments/yasg5q/how_to_deal_with_anger_after_being_a_victim_of/,INCLUDE,,"The author reports physical assault by a younger sister, lasting scars, family invalidation, and continuing anger and trauma after leaving home."
3630,https://www.reddit.com/r/Charity/comments/yalxjy/help_a_college_grad_who_caught_covid_escape_and/,INCLUDE,,The removed first-person title seeks help escaping and permanently cutting contact with the author's abusive brother and mother.
3631,https://www.reddit.com/r/CPTSD/comments/yal32d/ideas_for_symptom_management/,INCLUDE,,"The author explicitly attributes longstanding trauma responses, CEN, and CPTSD to sibling abuse and emotional neglect."
3632,https://www.reddit.com/r/TwoHotTakes/comments/yabz77/i_dont_know_what_to_do_about_my_abusive_sister/,INCLUDE,,"The author details childhood confinement, black eyes, nail injuries, body shaming, manipulation, and continuing emotional attacks by an older sister."
3633,https://www.reddit.com/r/emotionalabuse/comments/ya9nev/emotionallyverbally_abusive_brother_with_add/,FALSE_POSITIVE,third_person_victim,The brother's emotional and verbal abuse targets the author's youngest brother; the author seeks to intervene without becoming a future target.
3634,https://www.reddit.com/r/NarcissisticAbuse/comments/y9v450/just_found_out_my_narcphysically_abusive_brother/,INCLUDE,,The removed first-person title identifies the author's brother as narcissistic and physically abusive.
3635,https://www.reddit.com/r/CPTSD/comments/y9kqw1/is_this_normal/,INCLUDE,,"The author reports a brother's physical aggression, threats to hit, intimidation, repulsion and fear, with concern that unremembered sexual abuse may also have occurred."
3636,https://www.reddit.com/r/TrueOffMyChest/comments/y8h57p/im_27_and_my_osteoarthritis_is_ruining_my_life/,INCLUDE,,"The author identifies a violent brother as part of a traumatic, abusive childhood that contributed to serious current mental-health problems."
3637,https://www.reddit.com/r/TrueOffMyChest/comments/y8bml3/i_wanted_to_join_a_satanic_cult_when_i_was_a/,INCLUDE,,The author explicitly describes growing up with an emotionally and physically abusive brother and withdrawing inward to cope.
3638,https://www.reddit.com/r/Stims/comments/y85jou/i_just_want_to_clarify_for_the_stim_zombies_who/,INCLUDE,,The author reports a sister's degrading addiction-related insults and increasingly nasty and abusive behavior.
3639,https://www.reddit.com/r/raisedbynarcissists/comments/y7ct3p/diabetes/,INCLUDE,,The author identifies a sister as seriously abusive and restricts all communication with her to writing for safety and accountability.
3640,https://www.reddit.com/r/passiveaggressive/comments/y7ahz9/passive_aggressive_sister_in_law/,FALSE_POSITIVE,wrong_relation,"The person described as passive-aggressive is the author's sister-in-law, not the author's own sibling."
3641,https://www.reddit.com/r/TrueOffMyChest/comments/y76k77/abusive_brother_enabled_by_narcissist_mother/,INCLUDE,,"The author reports childhood physical abuse by a brother, including blows with objects that left welts, intimidation, and fear of future attack."
3642,https://www.reddit.com/r/raisedbynarcissists/comments/y76j0y/abusive_brother_enabled_by_narcissist_mother/,INCLUDE,,"The author reports childhood physical abuse by a brother, including blows with objects that left welts, intimidation, and fear of future attack."
3643,https://www.reddit.com/r/netflix/comments/y6lrub/watching_men_on_pause_which_is_a_turkish_nice/,FALSE_POSITIVE,fiction_or_media,The post critiques a violent brother-in-law character in a Turkish television comedy.
3644,https://www.reddit.com/r/legal/comments/y63jqc/abusive_brother/,UNCERTAIN,insufficient_context,The removed post is titled only “Abusive brother” and does not establish a first-person account.
3645,https://www.reddit.com/r/legaladvice/comments/y63e5r/advise_on_abusive_brother/,INCLUDE,,"The author reports years of hitting, screaming, choking, and death threats by an older brother and obtained a two-year protection order."
3646,https://www.reddit.com/r/abusiverelationships/comments/y5zmed/how_do_i_get_revenge_on_my_abusive_sister_and_her/,INCLUDE,,"The author describes abuse and transphobic, ableist harassment by a sister acting with her girlfriend, including intimidation and an attempted lunge to hit the author."
3647,https://www.reddit.com/r/Vent/comments/y4ksx2/i_just_hate_him_and_myself_so_much/,INCLUDE,,The author identifies a brother as abusive and describes him among multiple men whose abuse destroyed the author's trust and sense of safety.
3648,https://www.reddit.com/r/infj/comments/y4dbgu/have_any_of_you_experienced_sibling_abuse/,INCLUDE,,The author says an older brother bullied them most in their family and describes it as an awful toxic experience.
3649,https://www.reddit.com/r/AskParents/comments/y40r0i/violent_sibling/,UNCERTAIN,insufficient_context,"The deleted title says only “Violent sibling,” without enough context to establish that the author was the victim."
3650,https://www.reddit.com/r/raisedbynarcissists/comments/y3xqt5/they_will_try_every_angle_so_keep_your_guard_up/,INCLUDE,,"The author identifies a narcissistic brother as abusive, says he hates them, and describes the mother's attempt to bring him back into the author's life."
3651,https://www.reddit.com/r/secondary_survivors/comments/y2fk73/memories/,FALSE_POSITIVE,third_person_victim,"The author's wife disclosed sexual abuse by her brother; the author is a supportive spouse, not the sibling victim."
3652,https://www.reddit.com/r/tipofmytongue/comments/y2329b/tomtcreepypasta_one_of_the_great_mrcreepypastas/,FALSE_POSITIVE,fiction_or_media,The post seeks a creepypasta story about a fictional girl and an abusive brother taken by a monster.
3653,https://www.reddit.com/r/mentalhealth/comments/y17bjm/help_ranting_about_my_life/,INCLUDE,,"The teenage author identifies a sister as mentally abusive, says she has done potentially criminal things to the author, and reports being psychologically harmed since childhood."
3654,https://www.reddit.com/r/Parenting/comments/y11j72/older_sibling_bullying_younger/,FALSE_POSITIVE,third_person_victim,The removed Parenting post concerns one child bullying a younger sibling; the parent is not the sibling victim.
3655,https://www.reddit.com/r/abusiverelationships/comments/y0hwei/was_that_sibling_abuse_from_my_older_brother/,INCLUDE,,"The author reports an older brother's repeated confinement, public ridicule, teaming up with others to bully, and several face slaps that caused fear and damaged confidence."
3656,https://www.reddit.com/r/CPTSD/comments/y0hs8k/could_this_be_considered_sibling_abuse_from_my/,INCLUDE,,"The author reports an older brother's repeated confinement, public ridicule, teaming up with others to bully, and several face slaps that caused fear and damaged confidence."
3657,https://www.reddit.com/r/Advice/comments/y0en91/abusive_brother/,INCLUDE,,"The teenage author describes a brother's escalating violence, frightening rage, insults toward the author, attacks on siblings, and a household pattern requiring police."
3658,https://www.reddit.com/r/relationships/comments/xzvhz1/abusive_sibling_advice_needed/,INCLUDE,,"The author reports seventeen years of emotional and mental abuse by a sibling, including screaming sexualized insults in the author's face while chronically ill."
3659,https://www.reddit.com/r/relationships/comments/xzvf8s/abusive_sibling_advice_needed/,INCLUDE,,The removed first-person title identifies the author's sibling as abusive and asks for advice.
3660,https://www.reddit.com/r/abusesurvivors/comments/xzrt15/dae_sexually_abusive_brother_feel_entitled_to/,INCLUDE,,"The author reports childhood sexual abuse, theft, humiliation, phone snooping, tracking, sexual shaming, and stalking by a brother."
3661,https://www.reddit.com/r/raisedbynarcissists/comments/xy0k8j/my_sister_was_the_narcissist_am_i_allowed_to_be/,INCLUDE,,"The author describes extreme lifelong control and intentional abuse by a narcissistic sister, including continuing life-destroying conduct in adulthood."
3662,https://www.reddit.com/r/relationship_advice/comments/xxre87/should_i_cut_ties_with_abusive_sister/,INCLUDE,,The deleted first-person title asks whether the author should cut ties with an abusive sister.
3663,https://www.reddit.com/r/Estrangedsiblings/comments/xxpgug/have_finally_cut_contact_have_a_mix_of_feelings/,INCLUDE,,"The author reports years of a sibling constantly hitting and starting physical fights, resulting in CPTSD, fear, and eventual estrangement."
3664,https://www.reddit.com/r/selfimprovement/comments/xxot2k/how_do_i_forgive_my_younger_self/,INCLUDE,,The author identifies an abusive sister as part of a severely traumatic childhood that shaped harmful behavior and current shame.
3665,https://www.reddit.com/r/TrueOffMyChest/comments/xwrmlf/i_wish_my_abusive_brother_was_dead/,INCLUDE,,The removed first-person title identifies the author's brother as abusive and expresses intense distress over his abuse.
3666,https://www.reddit.com/r/family/comments/xvz44j/i_dont_know_how_to_feel_about_not_wanting_to_have/,INCLUDE,,"The author reports two violent attacks by a brother that caused PTSD and panic disorder, plus continuing unsafe forced contact."
3667,https://www.reddit.com/r/CPTSD/comments/xuw7du/any_resources_on_or_personal_accounts_of_sibling/,INCLUDE,,"The author describes an older sister's horrific and extensive childhood abuse, forgotten acts, violence, control, and ongoing emotional devastation."
3668,https://www.reddit.com/r/AmItheAsshole/comments/xucqe2/aita_for_making_my_abusive_brother_my_slave/,INCLUDE,,"The removed first-person title identifies the author's brother as abusive, though it also references the author's retaliatory coercion."
3669,https://www.reddit.com/r/AmItheAsshole/comments/xuchp6/aita_for_making_my_abusive_brother_my_slave/,INCLUDE,,"The removed first-person title identifies the author's brother as abusive, though it also references the author's retaliatory coercion."
3670,https://www.reddit.com/r/rSlash_YT/comments/xu7yi3/i_live_with_a_abusive_brother/,INCLUDE,,The removed first-person title states that the author lives with an abusive brother.
3671,https://www.reddit.com/r/relationship_advice/comments/xu33sh/my_parents52mf_wont_disown_my25f_abusive_sister22f/,FALSE_POSITIVE,third_person_victim,The sister's alleged abusive messages and manipulation are directed at the author's mother; the author seeks to have the parents cut her off rather than recounting personal victimization.
3672,https://www.reddit.com/r/CPTSD/comments/xttiy2/seeking_recommendation_for_books_about_psychopath/,INCLUDE,,"The author details a sibling trying to drown and choke them, later sexual and emotional abuse, fabricated injuries, and lifelong damage."
3673,https://www.reddit.com/r/TrueOffMyChest/comments/xte5w8/im_stuck_on_my_ex_and_i_hate_myself_for_it/,INCLUDE,,The author identifies a violent brother as part of a family that used them as a scapegoat and punching bag throughout a traumatic childhood.
3674,https://www.reddit.com/r/penpals/comments/xsxp3v/32_male_from_uk_i_feel_very_lonely_suffer_with/,INCLUDE,,"The author identifies an abusive sister as part of childhood depression, suicidality, and continuing loneliness."
3675,https://www.reddit.com/r/depression/comments/xsk37o/sibling_abuse/,INCLUDE,,"The author reports emotional, physical, and custodial abuse by an older sister, including food deprivation and neglect."
3676,https://www.reddit.com/r/offmychest/comments/xsbcjo/bad_person_status_cemented/,FALSE_POSITIVE,wrong_relation,"The abusive sister and brother-in-law are relatives of the author's dying fiancé, not the author's own sibling."
3677,https://www.reddit.com/r/romancenovels/comments/xs06y1/new_karma_romance_suspense_available_on_ku_or/,FALSE_POSITIVE,fiction_or_media,The post advertises a romance novel featuring a fictional heroine fleeing a sadistic brother.
3678,https://www.reddit.com/r/Advice/comments/xrul2k/my_twin_sister_posted_a_tik_tok_lying_about_our/,INCLUDE,,The author describes a twin sister's unpredictable cruelty and emotional abuse as a major cause of severe mental-health harm and self-injury.
3679,https://www.reddit.com/r/ebooks/comments/xrqjgf/karmaavailable_on_kindle_unlimited_romance/,FALSE_POSITIVE,fiction_or_media,The post advertises a romance novel featuring a fictional heroine fleeing an obsessively violent brother.
3680,https://www.reddit.com/r/KindleUnlimited/comments/xrq7mk/available_now_on_kindle_unlimited_karma/,FALSE_POSITIVE,fiction_or_media,The post is an advertisement and synopsis for a fictional novel whose character has a violent brother.
3681,https://www.reddit.com/r/transgendercirclejerk/comments/xroxnj/the_answer_to_terf_is_tirm_transinclusive_radical/,INCLUDE,,The author explicitly identifies a personal history of sibling abuse by their brother.
3682,https://www.reddit.com/r/family/comments/xrd9fv/how_to_react_on_violent_little_brother/,INCLUDE,,"The author lives with a younger brother who regularly punches and kicks household members, expresses fear of being beaten, and seeks help handling his violence."
3683,https://www.reddit.com/r/AskReddit/comments/xrcy07/serious_what_would_you_do_if_you_had_an_violent/,INCLUDE,,"The first-person question states that the author's brother beats the author, their mother, and another brother."
3684,https://www.reddit.com/r/SuicideWatch/comments/xqkk7r/i_want_my_abusive_sister_to_die_is_it_wrong_that/,INCLUDE,,The author says their sister is abusive and continues to subject them to harassment and violence.
3685,https://www.reddit.com/r/Advice/comments/xqim6z/advice_about_aggressive_brother/,UNCERTAIN,insufficient_context,"The deleted post only identifies an aggressive brother and asks for advice, without enough detail to establish whether the author is a possible target of abuse."
3686,https://www.reddit.com/r/teenagers/comments/xqelcn/i_have_a_new_worst_thing_ive_ever_experienced/,INCLUDE,,The author describes fearing for their life during an episode by their abusive sister and experiencing trauma flashbacks.
3687,https://www.reddit.com/r/teenagers/comments/xq1ro4/dont_you_just_love_it_when_your_unstable_abusive/,INCLUDE,,The author describes fearing for their life and prior beatings amid their abusive sister's violent episodes.
3688,https://www.reddit.com/r/confession/comments/xq1nya/my_abusive_sister_hits_me_every_day_and_then_gets/,INCLUDE,,The author states that their abusive sister hits them every day.
3689,https://www.reddit.com/r/domesticviolence/comments/xpapi1/violent_brother_enabling_parents/,INCLUDE,,"The author gives a detailed first-person account of being struck by their brother, sustaining a concussion, being threatened with another hit, and feeling unsafe at home."
3690,https://www.reddit.com/r/emotionalabuse/comments/xp6nqt/how_do_i_cope_with_having_to_live_with_an/,INCLUDE,,"The title explicitly asks how to cope with living with an emotionally abusive sibling, identifying the author as the affected person."
3691,https://www.reddit.com/r/xboxachievements/comments/xozsli/a_game_about_moustaches_and_sibling_abuse_good/,FALSE_POSITIVE,fiction_or_media,The post discusses sibling abuse as content in a video game.
3692,https://www.reddit.com/r/offmychest/comments/xohncs/i_lost_myself_after_my_dads_death_and_now/,INCLUDE,,"The author says living with their abusive sister, repeated police visits, and child-protection involvement caused major trauma and PTSD."
3693,https://www.reddit.com/r/teenagers/comments/xo4g6z/should_i_be_hated_for_running_away/,INCLUDE,,The author says their younger brother abused them over an extended period and that family neglect contributed to their running away.
3694,https://www.reddit.com/r/TrueOffMyChest/comments/xnnr2e/im_so_tired_of_my_alcoholic_abusive_brother/,INCLUDE,,The author describes their alcoholic brother violently beating them with repeated punches and kicks and leaving them injured.
3695,https://www.reddit.com/r/entitledparents/comments/xnak42/no_matter_what_i_say_or_do_or_if_im_just_trying/,INCLUDE,,"The author says they grew up with an abusive brother whom their mother continues to defend, and that the abuse remains unresolved."
3696,https://www.reddit.com/r/raisedbynarcissists/comments/xlt26r/how_to_deal_or_not_with_a_passive_aggressive/,FALSE_POSITIVE,ordinary_non_abusive_conflict,"The author describes estrangement, perceived negative energy, and passive-aggressive behavior from a sibling but no abuse, threats, coercion, or sustained mistreatment."
3697,https://www.reddit.com/r/TrueOffMyChest/comments/xljctv/i_wish_my_abusive_brother_was_dead/,INCLUDE,,The author directly identifies their own brother as abusive and expresses severe distress about him.
3698,https://www.reddit.com/r/AmItheAsshole/comments/xli993/aita_for_calling_out_my_brother_for_inviting/,FALSE_POSITIVE,wrong_relation,"The abusive person named in the title is the author's sister-in-law, not the author's own sibling."
3699,https://www.reddit.com/r/NarcissisticAbuse/comments/xle7l0/my_abusive_brother_has_my_parents_wrapped_around/,INCLUDE,,The author directly identifies their brother as abusive and says his conduct and parental enabling are causing intolerable harm.
3700,https://www.reddit.com/r/abusiverelationships/comments/xle5dm/my_abusive_brother_triggers_me_left_and_right_and/,INCLUDE,,"The author directly identifies their brother as abusive, describes being repeatedly triggered by him, and says the family situation severely affects them."
3701,https://www.reddit.com/r/offmychest/comments/xksm30/i_just_turned_18_ive_never_hated_my_birthday_more/,INCLUDE,,The author recounts that their brother used to beat them for minor reasons and was one of several abusive family members who deprived them of a childhood.
3702,https://www.reddit.com/r/TalkTherapy/comments/xkk784/im_so_jealous_of_my_therapists_life/,INCLUDE,,The author identifies their sister as abusive and says contact with a beloved niece is difficult because it requires being around that sister.
3703,https://www.reddit.com/r/u_forever_ephemeral/comments/xkk4hw/i_honestly_dont_fucking_know/,INCLUDE,,"The author gives a first-person account of their sister threatening a pet, chasing them with knives, beating and biting them, humiliating them, and spreading rumors."
3704,https://www.reddit.com/r/TrueOffMyChest/comments/xjpp12/i_wish_my_abusive_brother_was_dead/,INCLUDE,,The author directly identifies their own brother as abusive and expresses severe distress about him.
3705,https://www.reddit.com/r/WitchesVsPatriarchy/comments/xjc548/my_mother_chooses_my_abusive_brother_over_me/,INCLUDE,,The author directly identifies their brother as abusive and says their mother sides with him over the author.
3706,https://www.reddit.com/r/TrueOffMyChest/comments/xittqq/i_wish_my_abusive_brother_was_dead/,INCLUDE,,The author directly identifies their own brother as abusive and expresses severe distress about him.
3707,https://www.reddit.com/r/amphibia/comments/xiobc8/perspective_on_true_colours/,INCLUDE,,The author says they are currently going through an unstable period of life with an abusive brother.
3708,https://www.reddit.com/r/abusesurvivors/comments/ximkkq/i_really_wish_sibling_abuse_was_taken_more/,UNCERTAIN,insufficient_context,The removed post expresses a view that sibling abuse should be taken seriously but contains no surviving first-person victim account.
3709,https://www.reddit.com/r/AmItheAsshole/comments/xiea2p/aita_for_cutting_contact_with_a_verbally_abusive/,INCLUDE,,The title identifies the author's sibling as verbally abusive and states that the author cut contact with them.
3710,https://www.reddit.com/r/JUSTNOFAMILY/comments/xhvv3x/supporting_younger_family_members/,INCLUDE,,"While asking about a cousin, the author explicitly refers to their own experience dealing with an abusive sibling and lacking family support."
3711,https://www.reddit.com/r/raperoleplay/comments/xhqfxa/f4m_no_limits_used_and_abused_by_brother/,FALSE_POSITIVE,fiction_or_roleplay,The post solicits an incestuous abuse roleplay rather than describing a real person's experience.
3712,https://www.reddit.com/r/TabooRolePlaynsfw/comments/xhqerz/f4m_no_limits_used_and_abused_by_brother/,FALSE_POSITIVE,fiction_or_roleplay,The post solicits an incestuous abuse roleplay rather than describing a real person's experience.
3713,https://www.reddit.com/r/Advice/comments/xhi5gr/aggressive_brother/,UNCERTAIN,insufficient_context,"The deleted post only names an aggressive brother, with no surviving detail showing whether the author was a possible target of abuse."
3714,https://www.reddit.com/r/CPTSD/comments/xhc5dn/the_unusual_experience_of_being_abused_for/,INCLUDE,,"The author discusses in detail the sadistic emotional, physical, sexual, and nonconsensual-tickling abuse they experienced from their older brother."
3715,https://www.reddit.com/r/CPTSD/comments/xhaqtf/am_i_doing_the_wrong_thing_cwtw_guns/,INCLUDE,,The author describes lasting panic and flashbacks caused by an abusive brother whose gun possession and discharge made them feel unsafe at home.
3716,https://www.reddit.com/r/entitledparents/comments/xh4ial/entitled_abusive_brother_in_law_wants_to_drop_his/,FALSE_POSITIVE,wrong_relation,"The violent man is the author's brother-in-law; the direct abuse described is by him and by the author's husband, not by the author's own sibling."
3717,https://www.reddit.com/r/AmItheAsshole/comments/xh3zvs/aita_for_refusing_to_have_my_abusive_brother_in/,FALSE_POSITIVE,wrong_relation,The title concerns the author's abusive brother-in-law rather than the author's own sibling.
3718,https://www.reddit.com/r/FamilyIssues/comments/xgthjg/my_boyfriends_family_enables_his_drug_addict_and/,FALSE_POSITIVE,third_person_victim,"The violent sibling is the author's boyfriend's brother, and the boyfriend and uncle are the described victims rather than the author being abused by their own sibling."
3719,https://www.reddit.com/r/TrueOffMyChest/comments/xgth88/i_wish_my_abusive_brother_was_dead/,INCLUDE,,The author directly identifies their own brother as abusive and expresses severe distress about him.
3720,https://www.reddit.com/r/AnnabelReddXXX/comments/xg45wb/hot_redhead_bully_sister_bullied_by_brothers_cock/,FALSE_POSITIVE,fiction_or_roleplay,The post is pornographic sibling-themed content rather than a real first-person account.
3721,https://www.reddit.com/r/offmychest/comments/xfw1gq/i_hate_my_brother/,INCLUDE,,"The author details years of their older brother insulting, punching, headlocking, tackling, and psychologically tormenting them."
3722,https://www.reddit.com/r/rSlash_YT/comments/xfgke6/i_live_with_a_abusive_brother/,INCLUDE,,The 13-year-old author says their older brother screams at and beats them and that they live in fear of making any mistake.
3723,https://www.reddit.com/r/abusivesiblings/comments/xffzjs/i_live_with_a_abusive_brother_and_dont_know_what/,INCLUDE,,The 13-year-old author identifies their older brother as physically and emotionally abusive and says their parents will not intervene.
3724,https://www.reddit.com/r/schizoaffective/comments/xfcmtl/a_controversial_post_introjection_and_introjects/,INCLUDE,,"The author reports abuse by their older sister, including unwanted exposure to material or conduct and physical aggression dating from infancy."
3725,https://www.reddit.com/r/TrueOffMyChest/comments/xf0syr/my_parents_wont_answer_the_phone/,INCLUDE,,The author says their abusive brother causes panic attacks and that their parents neither warn nor comfort them when he visits.
3726,https://www.reddit.com/r/CPTSD/comments/xehoqo/realizing_sibling_abuse_is/,INCLUDE,,The author recognizes sibling abuse by their sister as something they personally endured and connects it to blocked memories and emotional harm.
3727,https://www.reddit.com/r/Vent/comments/xefew0/my_abusive_brother/,INCLUDE,,The author directly identifies their own brother as abusive.
3728,https://www.reddit.com/r/TrueOffMyChest/comments/xeexa9/scum_of_the_earth_forces_step_dad_out_of_dying/,FALSE_POSITIVE,third_person_victim,"The violent sibling is the author's stepfather's brother, and the post recounts mistreatment of the stepfather and grandmother rather than abuse of the author by their own sibling."
3729,https://www.reddit.com/r/ftm/comments/xdzwii/i_dont_know_how_to_cope_with_my_unsupportive/,INCLUDE,,The author identifies their sister as abusive and describes growing up harmed by a family system that favored her and dismissed the author's struggles.
3730,https://www.reddit.com/r/BPDlovedones/comments/xdkf11/roommate_problems_due_to_an_abusive_sister_with/,INCLUDE,,"The author says their sister was verbally, physically, and mentally abusive toward both the author and their mother, shaping the author's current difficulty with assertiveness."
3731,https://www.reddit.com/r/relationships/comments/xd8pj3/sibling_abuse_is_real/,UNCERTAIN,insufficient_context,The removed post only states that sibling abuse is real and provides no surviving first-person account or identified relationship.
3732,https://www.reddit.com/r/AutoNewspaper/comments/xd4sb7/entertainment_dear_abby_sibling_bullying_likely/,FALSE_POSITIVE,generic_or_research,"The post is an automated link to a published advice-column article about sibling bullying, not the Reddit author's own experience."
3733,https://www.reddit.com/r/CHICAGOSUNauto/comments/xd4if8/entertainment_dear_abby_sibling_bullying_likely/,FALSE_POSITIVE,generic_or_research,"The post is an automated link to a published advice-column article about sibling bullying, not the Reddit author's own experience."
3734,https://www.reddit.com/r/relationship_advice/comments/xcybxp/i_have_an_abusive_sister/,INCLUDE,,The author directly states that they have an abusive sister.
3735,https://www.reddit.com/r/Vent/comments/xctvnt/my_mom_and_older_brother_are_drug_addicts_and_im/,INCLUDE,,The teen author describes fearing that their aggressive older brother would kill or punch them during drug-related outbursts.
3736,https://www.reddit.com/r/CPTSD/comments/xbd50l/how_to_move_on_from_sibling_abuse/,INCLUDE,,"The first-person title asks how to move on from sibling abuse, identifying the author as the person who experienced it."
3737,https://www.reddit.com/r/toxicparents/comments/xauccr/concerned/,FALSE_POSITIVE,nonhuman,The described abuse is the brother's admitted mistreatment of family pets; the post does not say that he abuses the author.
3738,https://www.reddit.com/r/Totaldrama/comments/xast6m/how_raltable_is_sameysammysparemywhatever_the/,FALSE_POSITIVE,fiction_or_media,The author explicitly says they do not have an abusive sibling and is discussing fictional television characters.
3739,https://www.reddit.com/r/SuicideWatch/comments/xak77a/loser/,INCLUDE,,The author says they have been suffering with an abusive sibling and connects that abuse to severe distress and suicidal behavior.
3740,https://www.reddit.com/r/abusivesiblings/comments/xadlmw/i_was_the_abusive_sibling_and_i_feel_guilty_about/,FALSE_POSITIVE,perpetrator_only,"The author identifies themself as the sibling who committed abuse and expresses guilt, rather than describing victimization by a sibling."
3741,https://www.reddit.com/r/TwoHotTakes/comments/xa9qfo/i_have_a_very_personal_potentially_controversial/,FALSE_POSITIVE,third_person_victim,The post comments on another parent's disabled son and on an uncle's violent behavior; its abusive-sibling example is hypothetical and not the author's victim account.
3742,https://www.reddit.com/r/legaladvicecanada/comments/xa911h/can_a_person_refuse_to_invoke_powers_of_attorney/,FALSE_POSITIVE,third_person_victim,"The author's wife, not the author, is described as traumatized by her abusive sister."
3743,https://www.reddit.com/r/abusiverelationships/comments/x9tbs1/how_can_i_get_my_parents_to_see_my_abusive_sister/,INCLUDE,,The author directly identifies their sister as abusive and seeks help getting their parents to recognize and respond to the abuse.
3744,https://www.reddit.com/r/CPTSD/comments/x9e31j/in_need_of_support_sibling_abuse/,INCLUDE,,The author describes PTSD from sexual abuse by their brother and the family minimizing that abuse after learning his identity.
3745,https://www.reddit.com/r/u_Glittering-Gap-1591/comments/x8s0d7/people_of_reddit_what_is_your_opinion_on_sibling/,FALSE_POSITIVE,generic_or_research,"The post is only a generic question asking for opinions about sibling abuse, with no personal account."
3746,https://www.reddit.com/r/u_Helpful_Formal_6362/comments/x8s0b8/people_of_reddit_what_is_your_opinion_on_sibling/,FALSE_POSITIVE,generic_or_research,"The post is only a generic question asking for opinions about sibling abuse, with no personal account."
3747,https://www.reddit.com/r/u_Ok_Passenger_9255/comments/x8s08u/people_of_reddit_what_is_your_opinion_on_sibling/,FALSE_POSITIVE,generic_or_research,"The post is only a generic question asking for opinions about sibling abuse, with no personal account."
3748,https://www.reddit.com/r/u_IndependenceOk1078/comments/x8s06p/people_of_reddit_what_is_your_opinion_on_sibling/,FALSE_POSITIVE,generic_or_research,"The post is only a generic question asking for opinions about sibling abuse, with no personal account."
3749,https://www.reddit.com/r/u_DramaAggressive8146/comments/x8s04w/people_of_reddit_what_is_your_opinion_on_sibling/,FALSE_POSITIVE,generic_or_research,"The post is only a generic question asking for opinions about sibling abuse, with no personal account."
3750,https://www.reddit.com/r/AskReddit/comments/x8rzdo/people_of_reddit_what_is_your_opinion_on_sibling/,FALSE_POSITIVE,generic_or_research,"The post is only a generic question asking for opinions about sibling abuse, with no personal account."
3751,https://www.reddit.com/r/domesticviolence/comments/x8ny38/my_friend_is_struggling_with_an_abusive_brother/,FALSE_POSITIVE,third_person_victim,"The author is seeking advice for a friend who is afraid of and endangered by the friend's brother, rather than recounting abuse by the author's sibling."
3752,https://www.reddit.com/r/TrueOffMyChest/comments/x8nk7q/i_literally_feel_like_a_god/,INCLUDE,,The author reports an abusive sister choking them to the point they feared death and threatening them with a knife before age eleven.
3753,https://www.reddit.com/r/TrueOffMyChest/comments/x7uyp6/i_was_a_victim_of_sibling_abuse_my_whole_childhood/,INCLUDE,,"The author gives an extensive account of childhood torture, physical assault, coercion, sexual boundary violations, and death threats by their older sister."
3754,https://www.reddit.com/r/EstrangedAdultChild/comments/x7nx27/my_relationship_with_my_mom_is_officially_over_now/,INCLUDE,,The author describes being physically abused by their older sister throughout childhood and later pressured and manipulated by the same sister.
3755,https://www.reddit.com/r/asoiaf/comments/x7mj2r/spoilers_main_what_is_an_alternate_scenario_that/,FALSE_POSITIVE,fiction_or_media,The abusive brother is a character in the fictional series A Song of Ice and Fire.
3756,https://www.reddit.com/r/FireEmblemShipping/comments/x6yq3u/trust_is_a_delicate_thing/,FALSE_POSITIVE,fiction_or_media,The post is an automated link to Fire Emblem fan fiction tagged with sibling bullying.
3757,https://www.reddit.com/r/AmItheAsshole/comments/x6m0or/aita_sibling_abuse_f17_m13/,INCLUDE,,This removed AITA post is one of several same-age duplicate submissions about a real sibling relationship; the surviving version describes the younger brother trying to drown the author amid sustained mutual violence.
3758,https://www.reddit.com/r/AmItheAsshole/comments/x6lo26/aita_sibling_abuse_f17_m13/,INCLUDE,,This removed AITA post is one of several same-age duplicate submissions about a real sibling relationship; the surviving version describes the younger brother trying to drown the author amid sustained mutual violence.
3759,https://www.reddit.com/r/AmItheAsshole/comments/x6ll04/aita_sibling_abuse_f17_m13/,INCLUDE,,This removed AITA post is one of several same-age duplicate submissions about a real sibling relationship; the surviving version describes the younger brother trying to drown the author amid sustained mutual violence.
3760,https://www.reddit.com/r/AmItheAsshole/comments/x6lhf8/aita_sibling_abuse_long_story_f17_m13/,INCLUDE,,This removed AITA post is one of several same-age duplicate submissions about a real sibling relationship; the surviving version describes the younger brother trying to drown the author amid sustained mutual violence.
3761,https://www.reddit.com/r/AITAH/comments/x6lci9/sibling_abuse/,INCLUDE,,"The author describes a real, mutually violent sibling relationship in which their younger brother tried to drown them and both siblings repeatedly threatened each other."
3762,https://www.reddit.com/r/AmItheAsshole/comments/x6b44a/aita_for_calling_out_my_friend_for_telling_my/,INCLUDE,,The author identifies their own sister as abusive and says a friend disclosed the author's private conversation to her.
3763,https://www.reddit.com/r/offmychest/comments/x65ohm/i_just_want_to_be_protected_by_a_man/,INCLUDE,,"The author says an abusive, manipulative sibling made them feel unsafe and that their father never protected them from that sibling physically or emotionally."
3764,https://www.reddit.com/r/Vent/comments/x60t7m/my_friend_keeps_making_jokes_about_something/,INCLUDE,,"The author says their sister hit them when they were younger, identifies her as an abusive sibling, and describes lasting trauma from it."
3765,https://www.reddit.com/r/autism/comments/x5o5yy/is_my_sister_being_ableist_or_is_this_normal/,INCLUDE,,"The author describes their younger sister's constant mocking of autistic traits, interests, speech, behavior, and facial expressions as sustained sibling bullying."
3766,https://www.reddit.com/r/relationship_advice/comments/x5k8ak/my_abuser_sent_me_money_and_i_dont_know_if_i/,INCLUDE,,"The author gives a detailed account of their older sister's years of emotional and physical abuse, including gaslighting, manipulation, threats, pet killing, an iron attack, and a baseball-bat beating."
3767,https://www.reddit.com/r/AmItheAsshole/comments/x5k43j/aita_for_taking_money_from_my_abusive_sister/,INCLUDE,,The author directly identifies their own sister as abusive and frames her unsolicited money as part of that personal relationship.
3768,https://www.reddit.com/r/CPTSD/comments/x5epzr/need_advice_contemplating_returning_to_my/,INCLUDE,,"The author says their older brother abused them for years and sexually assaulted them, leaving severe trauma and fear of returning home."
3769,https://www.reddit.com/r/abusiverelationships/comments/x57ply/my_sometimes_emotionally_abusive_mother_is/,FALSE_POSITIVE,wrong_relation,"The abusive person identified is the author's brother-in-law, not the author's own sibling."
3770,https://www.reddit.com/r/raisedbynarcissists/comments/x56jfc/my_narc_mum_is_furious_i_wont_have_anything_to_do/,FALSE_POSITIVE,wrong_relation,"The abusive person identified is the author's brother-in-law, not the author's own sibling."
3771,https://www.reddit.com/r/penpals/comments/x4fvin/22_m_uk_i_give_up_i_cannot_stay_so_lonely_forever/,INCLUDE,,The author identifies their sister as formerly abusive and places that experience among the causes of longstanding depression and loneliness.
3772,https://www.reddit.com/r/autism/comments/x4fgmp/help/,INCLUDE,,"The author describes their brother's physical and emotional attacks, including a sucker punch, breaking a window to reach them, and threatening to kill them."
3773,https://www.reddit.com/r/AmItheAsshole/comments/x44zn8/aita_for_wanting_to_go_on_a_camping_trip_with_my/,FALSE_POSITIVE,third_person_victim,"The abusive sister belongs to the author's mother; the mother is the person described as cutting her off, not the author being abused by an own sibling."
3774,https://www.reddit.com/r/emotionalneglect/comments/x3t8jg/did_all_the_things_but_still_neglect_rant/,INCLUDE,,"In reflecting on childhood trauma and neglect, the author refers to their own sibling abuse as part of what happened to them."
3775,https://www.reddit.com/r/AusLegal/comments/x3siuc/im_no_contact_with_my_aggressive_narcissistic_and/,INCLUDE,,The author describes going no-contact with their own aggressive and violent brother and seeks a way to avoid future contact.
3776,https://www.reddit.com/r/movingout/comments/x39q02/i_want_to_move_out_but_i_dont_have_a_permit_there/,INCLUDE,,The author says they are trying to escape their parents' home because they live there with an abusive sibling.
3777,https://www.reddit.com/r/AbuseInterrupted/comments/x39ozs/as_the_university_of_virginia_sociologist_joseph/,FALSE_POSITIVE,generic_or_research,"The post reproduces an article excerpt about family estrangement and research mentioning sibling abuse, not the Reddit author's experience."
3778,https://www.reddit.com/r/superpower/comments/x2u9bl/kieran_moon_the_older_and_more_violent_brother_of/,FALSE_POSITIVE,fiction_or_media,The title describes a violent brother who is a fictional original character.
3779,https://www.reddit.com/r/u_Single-Lead-1697/comments/x2epsb/sibling_abuse/,INCLUDE,,"The author says their younger brother intentionally throws objects at them, recently bruising and injuring their legs and knee."
3780,https://www.reddit.com/r/Calgary/comments/x215ie/abusive_sister/,INCLUDE,,The author directly identifies their sister as abusive.
3781,https://www.reddit.com/r/askatherapist/comments/x1ypba/am_tired/,INCLUDE,,The author says they endured three years of continuing abuse by a brother with whom they still live and that family inaction makes them doubt their own experience.
3782,https://www.reddit.com/r/Advice/comments/x1g51v/desperate_need_of_help_with_my_crazy_violent/,INCLUDE,,"The author gives a detailed account of their younger brother throwing a ceramic pot at their head, kicking them, threatening grave harm, and making them fear for their life."
3783,https://www.reddit.com/r/raisedbyborderlines/comments/x13h94/evidence_of_the_abuse_when_i_was_allgood_and/,INCLUDE,,The author identifies their brother as formerly abusive while discussing a return visit to the family home and evidence of childhood family abuse.
3784,https://www.reddit.com/r/NoStupidQuestions/comments/x0e7qu/best_course_of_action_for_helping_violent_sibling/,UNCERTAIN,insufficient_context,"The deleted title asks how to help a violent sibling but does not show whether the author is a target, a witness, or simply a concerned relative."
3785,https://www.reddit.com/r/offmychest/comments/x0dy0a/my_family_is_going_through_a_financial_crisis/,INCLUDE,,The author names an abusive brother as part of six years of damaging childhood adversity for which they now receive therapy.
3786,https://www.reddit.com/r/NarcissisticAbuse/comments/wzq1c7/how_do_i_deal_with_an_abusive_brother/,INCLUDE,,"The first-person title asks how to deal with an abusive brother, identifying the author as the person affected."
3787,https://www.reddit.com/r/CPS/comments/wz19ts/i_need_help_regarding_my_situation/,FALSE_POSITIVE,third_person_victim,"The author called child protection about an abusive sister and is now caring for that sister's young children; the direct abuse of the author described in the post is by the parents, not the sister."
3788,https://www.reddit.com/r/TalkTherapy/comments/wyji1e/advice_comfort_words_please_i_think_i_messed_up/,INCLUDE,,The author identifies both their mother and brother as abusive and is frightened that a therapist will disclose self-harm concerns to either one.
3789,https://www.reddit.com/r/relationship_advice/comments/wye7ha/caring_for_mom_52f_with_my_24f_abusive_sister_26f/,INCLUDE,,The author directly identifies their sister as abusive while describing having to share care of their mother with her.
3790,https://www.reddit.com/r/CPTSD_NSCommunity/comments/wy67x6/im_going_to_call_out_my_abuser_and_cut_of_contact/,INCLUDE,,"The author details a decade of humiliation and mental and physical abuse by an older sister, including being pursued after hiding and suffering ongoing CPTSD symptoms."
3791,https://www.reddit.com/r/Christianity/comments/wx4ssj/abusive_brother_do_i_have_to_live_with_him/,INCLUDE,,"The author says their brother mentally abused them and other relatives for more than six years through verbal cruelty, theft, and leverage, leaving the author with PTSD."
3792,https://www.reddit.com/r/Parenting/comments/wx35xr/need_help_with_younger_sibling_bullying_older/,FALSE_POSITIVE,third_person_victim,"The author is a parent describing one young child repeatedly hitting and provoking another, not a person recounting abuse by their own sibling."
3793,https://www.reddit.com/r/NoFap/comments/wwc97j/not_experiencing_anything_anymore_possible/,INCLUDE,,The author states that their brother narcissistically abused and demeaned them throughout childhood and later used grief as a reason to target them again.
3794,https://www.reddit.com/r/BPDlovedones/comments/ww954s/what_were_your_signs/,FALSE_POSITIVE,wrong_relation,"The abusive sister mentioned is the author's former partner's sister; the post itself describes an abusive romantic relationship, not sibling victimization of the author."
3795,https://www.reddit.com/r/Advice/comments/ww7nsh/my_verbally_abusive_brother_is_causing_a/,INCLUDE,,"The author describes years of their brother's verbal abuse, violent threats, intimidation, manipulation, and explosive outbursts that repeatedly make the author fear for their safety."
3796,https://www.reddit.com/r/CPTSD/comments/wvfsg6/cptsd_and_sibling_abuse/,INCLUDE,,"The author reports four years of verbal, emotional, and physical violence, death threats, drug framing, and a hostile home environment created by their brother."
3797,https://www.reddit.com/r/rSlash_YT/comments/wv8k12/its_too_little_too_late/,INCLUDE,,"The teen author details lifelong physical, verbal, emotional, and financial abuse by an older brother, including repeated beatings, threats, coercion, and a recent renewed assault."
3798,https://www.reddit.com/r/abusesurvivors/comments/wv8hx7/its_too_little_too_late/,INCLUDE,,"The teen author details lifelong physical, verbal, emotional, and financial abuse by an older brother, including repeated beatings, threats, coercion, and a recent renewed assault."
3799,https://www.reddit.com/r/raisedbynarcissists/comments/wv3p9p/sibling_abuse_is_not_acknowledged_enough_tw_abuse/,INCLUDE,,"The author gives a detailed account of their brother beating them, degrading their body and humanity, urging suicide, threatening relationships and livelihoods, and keeping the family under threat."
3800,https://www.reddit.com/r/twosentencestories/comments/wtqmad/whenever_my_violent_brother_revenged_hed_always/,FALSE_POSITIVE,fiction_or_media,The post is a fictional two-sentence story involving a violent brother and a battered father.
3801,https://www.reddit.com/r/u_Bumblebee_Bex/comments/wtgkc6/aita_for_not_wanting_to_help_my_abusive_brother/,INCLUDE,,"The minor author describes their brother pinning and hitting them, punching them until they could not breathe, continuing occasional physical attacks, and using mental and verbal abuse."
3802,https://www.reddit.com/r/CPTSD/comments/wtdyvi/how_do_you_deal_with_having_to_see_your_abuser/,INCLUDE,,The author identifies their brother as the family member who sexually abused them and explains that seeing him again would endanger their mental health.
3803,https://www.reddit.com/r/legaladvice/comments/wtctrs/violent_sibling_what_options_do_i_have_ma/,INCLUDE,,The first-person legal-advice title seeks options regarding the author's violent sibling.
3804,https://www.reddit.com/r/bisexual/comments/wsgghk/being_out_feels_like_attention_seeking_for_me/,INCLUDE,,The author says an abusive sister and conservative parents made it emotionally unsafe for them to express their sexuality.
3805,https://www.reddit.com/r/LifeAdvice/comments/ws3fwt/19m_how_to_deal_with_a_passiveaggressive_brother/,FALSE_POSITIVE,ordinary_non_abusive_conflict,"The deleted post only describes an own brother as passive-aggressive, without any surviving indication of abuse, threats, coercion, or violence."
3806,https://www.reddit.com/r/HomeschoolRecovery/comments/wrzq08/sex_and_trouble_forming_relationships/,INCLUDE,,"The author frames their older brothers' repeated religious and sexualized taunting as sibling abuse that produced shame, fear, and lasting difficulty with intimacy."
3807,https://www.reddit.com/r/BPDFamily/comments/wrt7z6/sibling_abuse_support/,INCLUDE,,"The author says their brother has subjected the family to prolific abuse, threatened to burn the home down with the author inside, and left the author without adequate support."
3808,https://www.reddit.com/r/raisedbynarcissists/comments/wqblqi/father_chooses_my_violent_brother_over_me_and/,INCLUDE,,The author says their violent brother and father's favoritism place both the author and the author's wife in potential danger.
3809,https://www.reddit.com/r/family/comments/wq807l/how_can_i_27f_tell_my_mom_with_latestage_cancer/,INCLUDE,,"The author describes being abused by and afraid of an older brother, believing he may hurt them and feeling unable to remain safely on a family vacation with him."
3810,https://www.reddit.com/r/offmychest/comments/wq7a3f/i_have_an_abusive_brother/,INCLUDE,,The author directly states that they have an abusive brother.
3811,https://www.reddit.com/r/relationship_advice/comments/wq6xq4/how_can_i_27f_tell_my_mom_with_latestage_cancer/,INCLUDE,,"The author describes being abused by and afraid of an older brother, believing he may hurt them and feeling unable to remain safely on a family vacation with him."
3812,https://www.reddit.com/r/Parents/comments/wq3qrg/sibling_abuse_or_am_i_over_reacting/,UNCERTAIN,insufficient_context,"The deleted post asks whether a situation is sibling abuse but the surviving title does not establish whether the author, a child, or someone else is the potential victim."
3813,https://www.reddit.com/r/mentalhealth/comments/wpxe0m/i_dont_know_how_to_handle_my_obsessive_and/,INCLUDE,,"The author says their younger brother repeatedly hits both the author and their mother, and describes intervening in his violent episodes."
3814,https://www.reddit.com/r/offmychest/comments/wpnxrp/mentally_ill_abusive_sister/,INCLUDE,,"The author says their sister has abused them in nearly every way for more than fifteen years and now screams, tries to break in, and creates fear and severe sleep disruption."
3815,https://www.reddit.com/r/CPTSD/comments/wpdu84/older_sibling_abuse/,UNCERTAIN,insufficient_context,The deleted post only names older-sibling abuse and contains no surviving first-person victim information.
3816,https://www.reddit.com/r/SuicideWatch/comments/woy4cq/its_so_hard_to_live_this_long/,INCLUDE,,"The author describes an abusive sister smoking in their shared room despite known sensory issues, making the author unable to sleep safely in their own bed."
3817,https://www.reddit.com/r/legaladvice/comments/woquu1/can_you_get_a_restraining_order_just_to_stop/,FALSE_POSITIVE,third_person_victim,"The author's brother is described as abusing and extorting the parents and using a disabled brother as leverage; the author explicitly seeks an order on the parents' behalf, not for personal victimization."
3818,https://www.reddit.com/r/abusiveparents/comments/wopeff/abusive_sibling_negligent_parent_anyone_else/,INCLUDE,,The first-person support title identifies the author's sibling as abusive and a parent as negligent.
3819,https://www.reddit.com/r/mentalhealth/comments/woli5z/sibling_abuse/,UNCERTAIN,insufficient_context,"The deleted post only asks whether something is sibling abuse, with no surviving context identifying the author as the victim."
3820,https://www.reddit.com/r/JUSTNOFAMILY/comments/wokgqm/aggressive_sister_think_im_being_gaslit_reality/,INCLUDE,,"The author describes their sister's aggressive accusations, misquoting, gaslighting, refusal to apologize, and a prior estrangement caused by the same behavior."
3821,https://www.reddit.com/r/relationship_advice/comments/wogzhr/abusive_sister/,INCLUDE,,The author directly identifies their sister as abusive.
3822,https://www.reddit.com/r/DID/comments/wo4gre/i_really_wish_sibling_abuse_was_taken_more/,INCLUDE,,The author says their brother inflicted serious emotional and physical abuse and describes others repeatedly dismissing it as ordinary sibling bickering.
3823,https://www.reddit.com/r/abusesurvivors/comments/wo0e4n/sibling_abuse/,UNCERTAIN,insufficient_context,"The deleted post only asks whether something is sibling abuse, with no surviving context identifying the author as the victim."
3824,https://www.reddit.com/r/Advice/comments/wo09dp/sibling_abuse/,UNCERTAIN,insufficient_context,"The deleted post only asks whether something is sibling abuse, with no surviving context identifying the author as the victim."
3825,https://www.reddit.com/r/faplibrary/comments/wnuo4m/i_so_lucky_to_have_two_abusive_brother_fucking_me/,FALSE_POSITIVE,fiction_or_roleplay,The title is pornographic sibling-themed content rather than a real first-person abuse account.
3826,https://www.reddit.com/r/TrueOffMyChest/comments/wns6nv/im_cutting_my_sister_out_of_my_life_for_good/,INCLUDE,,"The author describes a sister's lifelong verbal and physical assaults, abusive messages, childhood cruelty, threats, and exploitation before finally cutting contact."
3827,https://www.reddit.com/r/budgies/comments/wnd0rh/bluey_seems_to_have_scratches_on_his_ceres_could/,FALSE_POSITIVE,nonhuman,"The aggressive sister in the title is another pet bird, not a human sibling."
3828,https://www.reddit.com/r/raisedbynarcissists/comments/wmq4aq/i_need_help_please/,FALSE_POSITIVE,third_person_victim,"The author is a parent describing a two-year-old repeatedly hurting the author's infant child, not recounting abuse by the author's own sibling."
3829,https://www.reddit.com/r/daddit/comments/wmq3l8/i_need_help_please/,FALSE_POSITIVE,third_person_victim,"The author is a parent describing a two-year-old repeatedly hurting the author's infant child, not recounting abuse by the author's own sibling."
3830,https://www.reddit.com/r/TwoXChromosomes/comments/wmoizt/twrapeincest_brotherhood_of_the_wolfmild_spoilers/,INCLUDE,,"The author describes childhood sexual abuse, threats of death, and fear-based control by their brother, along with the delayed recovery of those memories."
3831,https://www.reddit.com/r/CPTSD/comments/wlh48b/mom_continues_to_deny_neglect_and_failure_to/,INCLUDE,,"The author gives a detailed account of an older brother breaking into their room, destroying cherished property and pets' habitat, punching them, and threatening their dog."
3832,https://www.reddit.com/r/AmItheAsshole/comments/wlf9yh/aita_for_wanting_my_mother_and_i_to_distance_from/,INCLUDE,,The author identifies their brother as abusive and seeks distance for both themself and their mother.
3833,https://www.reddit.com/r/offmychest/comments/wleqx7/abusive_brother_makes_me_extremely_depressed/,INCLUDE,,"The author says their larger brother shoves them into walls or furniture, kicks and punches them, and has made them fear serious injury unless they leave."
3834,https://www.reddit.com/r/TrueOffMyChest/comments/wl61r3/my_boyfriend_ditched_me_and_i_still_need_to_plan/,INCLUDE,,The author says dealing with an abusive sibling has made every part of life harder and deprived them of family support.
3835,https://www.reddit.com/r/OMORI/comments/wl00p8/help_me_out/,FALSE_POSITIVE,fiction_or_media,The author is requesting fan fiction in which a fictional character is an abusive sibling.
3836,https://www.reddit.com/r/adultsurvivors/comments/wkl0o9/my_abusive_brother_is_still_being_abusive_years/,INCLUDE,,The author describes sexual abuse by an adult older brother at age fourteen and recent suspected possession of illicit photos or videos by him.
3837,https://www.reddit.com/r/TheWritingHovel/comments/wkk3a1/an_open_letter_if_you_insist_on_calling_me_a_peado/,INCLUDE,,"The author recounts being sexually assaulted by their brother at seventeen and nearly restrained for his friends to rape, while police failed to protect them."
3838,https://www.reddit.com/r/CPTSD/comments/wkgkgy/has_anyone_found_dbt_to_not_be_helpful_and/,INCLUDE,,The author reports CPTSD caused by violent and sexual abuse by two much older brothers.
3839,https://www.reddit.com/r/fnafpornrp/comments/wjl9ag/ill_be_her_and_u_can_be_my_abusive_dad_or_abusive/,FALSE_POSITIVE,fiction_or_roleplay,The post solicits an abusive-family sexual roleplay rather than describing real victimization.
3840,https://www.reddit.com/r/fnafpornrp/comments/wjl2pj/ill_be_her_and_u_can_be_my_abusive_dad_or_abusive/,FALSE_POSITIVE,fiction_or_roleplay,The post solicits an abusive-family sexual roleplay rather than describing real victimization.
3841,https://www.reddit.com/r/fnafpornrp/comments/wjl0x1/ill_be_her_and_u_can_be_my_abusive_dad_or_abusive/,FALSE_POSITIVE,fiction_or_roleplay,The post solicits an abusive-family sexual roleplay rather than describing real victimization.
3842,https://www.reddit.com/r/fnafpornrp/comments/wjkmna/ill_play_this_girl_and_u_can_be_my_abusive_dad_or/,FALSE_POSITIVE,fiction_or_roleplay,The post solicits an abusive-family sexual roleplay rather than describing real victimization.
3843,https://www.reddit.com/r/insaneparents/comments/wir1z5/mom_wont_do_anything_against_violent_brother/,INCLUDE,,The author's younger brother persistently bullies a younger sister and attempted to attack the author when the author intervened.
3844,https://www.reddit.com/r/confession/comments/wilfji/im_an_abusive_sister_and_i_traumatized_her_her/,FALSE_POSITIVE,perpetrator_only,"The author identifies themself as the abusive sister who traumatized another person, not as a victim of their sibling."
3845,https://www.reddit.com/r/offmychest/comments/wil0qd/im_an_abusive_sister/,FALSE_POSITIVE,perpetrator_only,"The author identifies themself as an abusive sister, not as a victim of their sibling."
3846,https://www.reddit.com/r/TrueOffMyChest/comments/wi4afh/i_cant_bring_myself_to_hate_my_abusive_sister/,INCLUDE,,"The author describes an older sister belittling disability and interests, repeatedly hitting and biting them, leaving scars, humiliating them before friends, and making them wake in fear."
3847,https://www.reddit.com/r/teenagersbutpog/comments/wi44nc/im_depressed_on_how_lonely_i_am/,INCLUDE,,The author identifies their own sister as abusive and attributes an automatic fear-driven reaction to that abuse.
3848,https://www.reddit.com/r/teenagersnew/comments/wi43ye/im_depressed_on_how_lonely_i_am/,INCLUDE,,The author identifies their own sister as abusive and attributes an automatic fear-driven reaction to that abuse.
3849,https://www.reddit.com/r/teenagers/comments/wi40gn/im_depressed_on_how_lonely_i_am/,INCLUDE,,The author identifies their own sister as abusive and attributes an automatic fear-driven reaction to that abuse.
3850,https://www.reddit.com/r/raisedbynarcissists/comments/whxv8p/the_sign_youve_been_looking_for_to_go_nc_asap/,INCLUDE,,The author says a violent sibling is retaliating in court after the author reported child neglect and describes ongoing threats to the author's and partner's safety.
3851,https://www.reddit.com/r/cockatiel/comments/wh2i53/vet_or_leave_be/,FALSE_POSITIVE,nonhuman,"The fighting brothers are the author's cockatiels, not human siblings."
3852,https://www.reddit.com/r/SuicideWatch/comments/wgrj8w/im_losing/,INCLUDE,,"The author describes their sister blackmailing them about abortions, condescending to and blaming them, and invalidating their childhood abuse before the author cut contact."
3853,https://www.reddit.com/r/Advice/comments/wgp1vw/my_abusive_brother_tried_to_od_and_blamed_it_on_me/,INCLUDE,,The author directly identifies their brother as abusive and says he blamed the author for an overdose attempt.
3854,https://www.reddit.com/r/AmItheAsshole/comments/wgoucn/aita_for_not_forgiving_my_once_mentally_and/,INCLUDE,,The author identifies their brother as formerly mentally and physically abusive and asks whether refusing to forgive him is wrong.
3855,https://www.reddit.com/r/depression_help/comments/wgm7ss/asking_for_help_long_text/,INCLUDE,,The author states that they had an abusive brother and that time with a partner served as an escape from their respective harmful families.
3856,https://www.reddit.com/r/CPTSD/comments/wfvw5n/how_can_i_explain_that_cptsd_isnt_just_st/,FALSE_POSITIVE,wrong_relation,"The abusive family member who verbally and emotionally attacked the author is a brother-in-law, not the author's own sibling."
3857,https://www.reddit.com/r/AmItheAsshole/comments/wesxkl/aita_for_not_wanting_to_be_around_my_verbally/,INCLUDE,,The author directly identifies their brother as verbally abusive and says they do not want to be around him.
3858,https://www.reddit.com/r/JUSTNOFAMILY/comments/weqppc/left_behind_for_my_abusive_brother/,INCLUDE,,"The author describes an older brother's constant verbal abuse, screaming that caused nightmares and fear responses, and the family's abandonment after the author confronted him."
3859,https://www.reddit.com/r/breakingmom/comments/we2z3k/abusive_brotherinlaw_what_to_do/,FALSE_POSITIVE,wrong_relation,The author is witnessing a brother-in-law demean his girlfriend; neither person is the author's own sibling abusing the author.
3860,https://www.reddit.com/r/SuicideWatch/comments/wcspsx/i_am_genuinely_so_tired/,INCLUDE,,The author says their sister is verbally abusive and that every fight with her causes suicidal thoughts.
3861,https://www.reddit.com/r/depression/comments/wcp0py/why_do_i_try/,FALSE_POSITIVE,wrong_relation,"The abusive brother is the author's deceased mother's brother, making him the author's uncle rather than their own sibling."
3862,https://www.reddit.com/r/legaladvice/comments/wcoke8/my_abusive_sister_chased_me_with_a_butcher_knife/,INCLUDE,,The author says their abusive sister chased them with a butcher knife during childhood.
3863,https://www.reddit.com/r/Advice/comments/wcnut0/my_abusive_sister_chased_me_with_a_butcher_knife/,INCLUDE,,"The author describes their sister chasing them around the house with a butcher knife, stabbing their bedroom door repeatedly, and punching them in other incidents."
3864,https://www.reddit.com/r/Advice/comments/wbx3u3/should_i_invite_my_abusive_sister_to_my_wedding/,INCLUDE,,The author directly identifies their sister as abusive while deciding whether to invite her to the author's wedding.
3865,https://www.reddit.com/r/TrueOffMyChest/comments/wbt0rx/i_want_to_help_my_girlfriend_to_escape_from/,FALSE_POSITIVE,third_person_victim,"The abusive brother belongs to the author's girlfriend, and the author is seeking to help the girlfriend escape her family."
3866,https://www.reddit.com/r/raisedbynarcissists/comments/wb8r86/i_dont_know_how_to_deal_with_my_nparents/,FALSE_POSITIVE,third_person_victim,"The abusive brothers described belong to each of the author's parents; the post's direct mistreatment of the author is by the parents, not by the author's own sibling."
3867,https://www.reddit.com/r/JUSTNOFAMILY/comments/wb0rta/family_abused_ushow_to_heal/,FALSE_POSITIVE,wrong_relation,"The author and spouse describe abuse by the spouse's brother and his wife, making the primary abuser the author's brother-in-law rather than their own sibling."
3868,https://www.reddit.com/r/Teachers/comments/wale4e/how_has_teaching_opened_your_eyes_to_the_world/,FALSE_POSITIVE,generic_or_research,"The author is researching sibling abuse as a future educator and asking teachers a general question, not recounting a personal victim experience."
3869,https://www.reddit.com/r/Advice/comments/waho19/dont_want_toxic_immediate_family_in_my_life_but_i/,INCLUDE,,"The author describes a sister who physically abuses them by hitting, pushing, knocking them down, starting public confrontations, and previously sending hate mail."
3870,https://www.reddit.com/r/raisedbynarcissists/comments/wa7g7r/my_nmother_is_dead_and_my_bullying_abusive_sister/,INCLUDE,,The author identifies their sister as abusive and bullying and says she is rewriting their family history to portray herself as the victim.
3871,https://www.reddit.com/r/abusiverelationships/comments/w9zgr0/my_abusive_sister_iced_me_out_of_the_family_for_a/,INCLUDE,,The author describes an abusive sister excluding them from the family for a year and then gaslighting them by reframing it as concern or space.
3872,https://www.reddit.com/r/EMDR/comments/w9wss2/processing_sibling_abuse_has_ruined_my_family/,INCLUDE,,The author describes processing childhood sexual coercion and rape by their sister and being shamed rather than supported for the resulting trauma.
3873,https://www.reddit.com/r/SuicideWatch/comments/w9w11y/why_am_i_considering_suicide/,INCLUDE,,The author says their sister repeatedly told them nobody would ever love them and identifies this as part of a semi-abusive relationship with lasting suicidal effects.
3874,https://www.reddit.com/r/CPTSD/comments/w98u2c/dae_believe_we_need_to_discuss_sibling_abuse_more/,INCLUDE,,The author says their sibling inflicted nearly as much trauma as their parents and that this personal abuse has been dismissed as normal sibling behavior.
3875,https://www.reddit.com/r/islam/comments/w8v3a0/cutting_off_abusive_sibling_and_going_no_contact/,INCLUDE,,"The author reports lifelong mental, verbal, and physical abuse by their brother and asks whether religious law permits cutting him off."
3876,https://www.reddit.com/r/teenagers/comments/w8ppj3/my_sister_may_have_caused_my_balls_turn_kina/,FALSE_POSITIVE,ordinary_non_abusive_conflict,"The sister made an inappropriate joke and approached the author, but the injury resulted from the author accidentally tripping over a toy; no abusive conduct is described."
3877,https://www.reddit.com/r/MarkNarrations/comments/w88b2e/wibta_if_i_didnt_go_to_my_brothers_celebration_of/,INCLUDE,,"The author gives a detailed account of two older brothers attempting suffocation and stabbing, throwing knives, sexual abuse, and rape throughout childhood."
3878,https://www.reddit.com/r/OnlyChild/comments/w7si1a/its_better_to_be_an_only_child_with_the_tools_to/,FALSE_POSITIVE,generic_or_research,"The author makes a general claim about sibling abuse while arguing that being an only child is preferable, without a personal sibling-victim account."
3879,https://www.reddit.com/r/EliteDangerous/comments/w7rk1f/all_i_ask_is_a_tall_ship_and_a_star_to_steer_her/,FALSE_POSITIVE,irrelevant_collision,"The phrase “aggressive sister” refers to a sister ship in a video game, not a person or abuse."
3880,https://www.reddit.com/r/EliteDangerous/comments/w7ce5h/i_ask_is_a_tall_ship_and_a_star_to_steer_her_by/,FALSE_POSITIVE,irrelevant_collision,"The phrase “aggressive sister” refers to a sister ship in a video game, not a person or abuse."
3881,https://www.reddit.com/r/CPTSD/comments/w78esx/did_anyone_else_grow_up_with_an_abusive_sibling/,INCLUDE,,The first-person support request says the author grew up with an abusive sibling diagnosed with oppositional defiant disorder.
3882,https://www.reddit.com/r/dirtypenpals/comments/w6k41m/20_f4a_my_abusive_siblings_and_their_friends/,FALSE_POSITIVE,fiction_or_roleplay,The post explicitly solicits a sexualized abusive-sibling fantasy roleplay.
3883,https://www.reddit.com/r/legaladvice/comments/w6fhsm/my_gf_is_worried_her_abusive_brother_will_seek/,FALSE_POSITIVE,third_person_victim,"The abusive brother belongs to the author's girlfriend, who is worried about retaliation; this is not abuse of the author by an own sibling."
3884,https://www.reddit.com/r/RedditForGrownups/comments/w65a0r/creating_distance_between_myself_and_familyold/,INCLUDE,,"The author says their older brother established a violent, controlling household and harassed, intimidated, blackmailed, and extorted all the siblings to varying degrees, although a younger sister was targeted most."
3885,https://www.reddit.com/r/CPTSD/comments/w5zqbx/help_taking_care_of_father_with_abusive_sibling/,INCLUDE,,"The author says their sibling has threatened serious harm, behaved near-violently, and left them fearing that the next conflict could be fatal."
3886,https://www.reddit.com/r/abusesurvivors/comments/w5d9jt/sleep_deprivation_as_abuse_i_dont_know_where_to/,INCLUDE,,"The author details lifelong physical and emotional abuse by an older brother, including a hospitalizing head injury, confinement, assault, degradation, fear, and current deliberate sleep deprivation."
3887,https://www.reddit.com/r/FamilyProblems/comments/w55ayi/adhd_dad_passive_aggresive_mom_physical_abusive/,INCLUDE,,The title directly identifies the author's sister as physically abusive and connects that family abuse to the author's difficulty forming close relationships.
3888,https://www.reddit.com/r/whatsthatbook/comments/w4crjq/a_dramatic_book_about_a_girl_whos_abusive_sister/,FALSE_POSITIVE,fiction_or_media,The post asks readers to identify a fictional book about a girl and her abusive sister.
3889,https://www.reddit.com/r/JUSTNOMIL/comments/w44q6d/update_mil_wants_me_to_save_her_from_her_abusive/,FALSE_POSITIVE,third_person_victim,"The abusive sister is the author's mother-in-law's sibling, and the mother-in-law is the alleged victim."
3890,https://www.reddit.com/r/offmychest/comments/w44gzp/my_parents_would_rather_live_with_my_abusive/,INCLUDE,,"The author says their younger brother repeatedly attacks them, urges suicide, threatens murder-suicide, and most recently threw an office chair at them while they slept."
3891,https://www.reddit.com/r/Totaldrama/comments/w411vv/where_would_you_rank_total_drama_world_tour/,FALSE_POSITIVE,fiction_or_media,The abusive brother is a character in the animated series Total Drama.
3892,https://www.reddit.com/r/family/comments/w3z8rf/on_my_last_nerve_with_my_aggressive_brother/,INCLUDE,,The author describes a younger brother whose daily violent outbursts have badly hurt all family members and keep the author and household in fear and under his control.
3893,https://www.reddit.com/r/JUSTNOFAMILY/comments/w3dh5n/newly_diagnosed_with_psoriatic_arthritis_and/,INCLUDE,,The author directly identifies their brother as narcissistic and emotionally abusive in describing his response to the author's medical diagnosis.
3894,https://www.reddit.com/r/abusiverelationships/comments/w34gt4/sibling_abuse_and_finally_dealing_with_anger/,INCLUDE,,The author says their older sister abused and bullied them for decades and seeks healthy ways to process the resulting anger.
3895,https://www.reddit.com/r/aspergers/comments/w33qbz/being_bullied_by_sisterinlaw_who_has_an_autistic/,FALSE_POSITIVE,wrong_relation,"The person bullying the author is a sister-in-law, not the author's own sibling."
3896,https://www.reddit.com/r/confessions/comments/w2zmch/i_25f_need_to_break_up_with_my_27m_boyfriend_of_5/,FALSE_POSITIVE,third_person_victim,"The mentally abusive brother belongs to the author's boyfriend and has threatened the boyfriend, not the author."
3897,https://www.reddit.com/r/exchristian/comments/w2i92x/a_phd_in_coercive_manipulation/,INCLUDE,,"The author details verbal, emotional, and physical abuse by a sibling throughout childhood and into their thirties, including tantrums and thrown objects."
3898,https://www.reddit.com/r/IndianSkincareAddicts/comments/w1ywdv/i_have_a_coin_sized_scar_on_my_right_hand_which/,INCLUDE,,The author says an abusive brother bit them hard enough to leave a persistent coin-sized scar.
3899,https://www.reddit.com/r/AmItheAsshole/comments/w1s628/aita_for_not_having_dinner_with_my_mom_and/,INCLUDE,,The author identifies their brother as abusive while explaining why they declined a family dinner with him.
3900,https://www.reddit.com/r/offmychest/comments/w1qmkv/my_boyfreind_looks_like_my_brother_and_i_cant/,INCLUDE,,The author says their brother abused them and that seeing the brother's facial resemblance in a partner triggers memories of what he did.
3901,https://www.reddit.com/r/legaladvice/comments/w1iud2/what_legal_steps_if_any_can_i_take_to_protect/,INCLUDE,,"The author seeks legal protection after their historically violent brother obtained a handgun, explicitly including protection of themself."
3902,https://www.reddit.com/r/JUSTNOMIL/comments/w1ihkf/mil_wants_me_to_save_her_from_her_abusive_sister/,FALSE_POSITIVE,third_person_victim,"The alleged abusive sister is the author's mother-in-law's sibling, and the post questions the mother-in-law's claims rather than reporting own-sibling abuse of the author."
3903,https://www.reddit.com/r/LegalAdviceUK/comments/w1dtnw/i_want_to_move_out_of_my_mothers_house_and_into_a/,INCLUDE,,"The author says living with their abusive, drug-dependent brother places a target on their back and describes repeated fights that have worsened since their father's death."
3904,https://www.reddit.com/r/UKPersonalFinance/comments/w1cvf9/i_want_to_leave_my_mothers_house_and_move_into_my/,INCLUDE,,"The author says living with their abusive, drug-dependent brother places a target on their back and describes repeated fights that have worsened since their father's death."
3905,https://www.reddit.com/r/AskReddit/comments/w0r2lc/seriousis_sibling_violence_domestic_abuse/,FALSE_POSITIVE,generic_or_research,"The removed AskReddit post asks only a general definitional question about whether sibling violence is domestic abuse, without a first-person account."
3906,https://www.reddit.com/r/Exvangelical/comments/w0n19x/a_very_helpful_podcast_to_deal_with_trauma/,FALSE_POSITIVE,generic_or_research,"The post recommends a trauma podcast that includes sibling abuse among its topics, without describing the author's own sibling experience."
3907,https://www.reddit.com/r/gameofthrones/comments/w0mwxm/spoilers_hear_me_out_what_seasons_7_and_8_needed/,FALSE_POSITIVE,fiction_or_media,The abusive brother is a Game of Thrones character discussed as part of television-story analysis.
3908,https://www.reddit.com/r/domesticviolence/comments/w0h5bj/pregnant_and_spit_on_by_abusive_brother/,INCLUDE,,"The pregnant author details a brother punching them while driving, charging and threatening them, spitting in their face, and threatening to punch their stomach or shoot the family."
3909,https://www.reddit.com/r/textfriends/comments/w0g8p2/20m_my_eyes_are_droopy_and_i_wanna_sleep/,INCLUDE,,The author identifies having unhealed trauma involving an abusive sibling and offers to discuss that personal experience privately.
3910,https://www.reddit.com/r/Needafriend/comments/w0g2tr/20m_rama_lama_ding_dong/,INCLUDE,,The author identifies having unhealed trauma involving an abusive sibling and offers to discuss that personal experience privately.
3911,https://www.reddit.com/r/MeetPeople/comments/w0g1fn/friendship_20m_here_we_go/,INCLUDE,,The author identifies having unhealed trauma involving an abusive sibling and offers to discuss that personal experience privately.
3912,https://www.reddit.com/r/MakeNewFriendsHere/comments/w0g0dr/20m_um_who_else_has_messed_up_priorities/,INCLUDE,,The author identifies having unhealed trauma involving an abusive sibling and offers to discuss that personal experience privately.
3913,https://www.reddit.com/r/Marylandr4r/comments/vzggc5/25m_m4a_just_got_screamed_at_and_kicked_out_of/,INCLUDE,,The author says their abusive sister screamed at them and expelled them from the house for the night.
3914,https://www.reddit.com/r/Vent/comments/vzarwc/sibling_abuse_needs_way_more_awareness/,FALSE_POSITIVE,generic_or_research,"The removed post only argues that sibling abuse needs more awareness, without a surviving first-person victim account."
3915,https://www.reddit.com/r/Vent/comments/vzapis/sibling_abuse_needs_way_more_awareness/,FALSE_POSITIVE,generic_or_research,"The removed post only argues that sibling abuse needs more awareness, without a surviving first-person victim account."
3916,https://www.reddit.com/r/TrueOffMyChest/comments/vzap6o/sibling_abuse_needs_way_more_awareness/,FALSE_POSITIVE,generic_or_research,"The removed post only argues that sibling abuse needs more awareness, without a surviving first-person victim account."
3917,https://www.reddit.com/r/unpopularopinion/comments/vz9dyu/sibling_bullying_is_real_but_most_think_its_funny/,FALSE_POSITIVE,generic_or_research,"The removed post states a general opinion that sibling bullying is real and often treated as funny, without a surviving personal account."
3918,https://www.reddit.com/r/rant/comments/vz5mjg/my_mom_ruins_everything/,INCLUDE,,"The author identifies their brother as abusive, says they hate being around him, and describes their mother forcing unwanted proximity despite the harmful relationship."
3919,https://www.reddit.com/r/witchcraft/comments/vz4znu/need_some_freezer_spell_wisdom/,INCLUDE,,"The author describes a narcissistic abusive sister who targets them, lies, gossips, and creates severe family drama, and seeks protection during unavoidable contact."
3920,https://www.reddit.com/r/Mistborn/comments/vz12pw/ham/,FALSE_POSITIVE,fiction_or_media,The abusive brother is a character in the Mistborn novels.
3921,https://www.reddit.com/r/YAlit/comments/vyw3wm/whats_a_ya_or_younger_series_that_after/,FALSE_POSITIVE,fiction_or_media,The sibling violence and attempted fratricide are plot elements in a young-adult fantasy series.
3922,https://www.reddit.com/r/AskAstrologers/comments/vyvonr/any_insight_on_family_problems_my_whole_family_is/,INCLUDE,,The author directly identifies their own brother as abusive while asking about lifelong turmoil in their family relationships.
3923,https://www.reddit.com/r/DysfunctionalFamily/comments/vyusd5/aggressive_sister_tw_animal_abuse/,FALSE_POSITIVE,nonhuman,"The deleted title specifically frames the aggressive sister in relation to animal abuse, with no surviving indication that the author was a sibling victim."
3924,https://www.reddit.com/r/DysfunctionalFamily/comments/vyurfr/aggressive_sister_tw_animal_abuse/,FALSE_POSITIVE,nonhuman,"The deleted title specifically frames the aggressive sister in relation to animal abuse, with no surviving indication that the author was a sibling victim."
3925,https://www.reddit.com/r/AltFNContentAndNews/comments/vyn97s/alt_fortnite_chapter_4_season_4/,FALSE_POSITIVE,fiction_or_media,The phrase “abusive sister” appears as the name of a proposed cosmetic in an elaborate fictional Fortnite season concept.
3926,https://www.reddit.com/r/adultsurvivors/comments/vy8pss/my_brother_is_now_being_helpful/,INCLUDE,,"The author says their older brother abused them as a preteen, threatened suicide if they disclosed it, lied about the abuse, and remains a powerful trauma trigger."
3927,https://www.reddit.com/r/abusiverelationships/comments/vxu6l7/dealing_with_sibling_abuse/,INCLUDE,,The author describes years of physical and emotional abuse by two older sisters and the lasting trauma and anxiety caused by their unacknowledged attacks.
3928,https://www.reddit.com/r/TrueOffMyChest/comments/vxnev5/im_starting_to_think_i_was_right/,FALSE_POSITIVE,wrong_relation,"The abusive sister belongs to the author's former partner, and the post concerns the ex and his new girlfriend rather than abuse by the author's own sibling."
3929,https://www.reddit.com/r/raisedbynarcissists/comments/vx4ygy/my_abusive_brother_is_invading_my_space/,INCLUDE,,"The author describes their brother invading their room and privacy, taking or breaking belongings, slapping them, verbally abusing them, and using them as a scapegoat."
3930,https://www.reddit.com/r/JobFair/comments/vww9vv/need_help_should_i_19f_quit_my_first_job_after_my/,FALSE_POSITIVE,third_person_victim,The author is a youth-program worker who witnessed an unrelated older child attack his younger sisters; the siblings are not related to the author.
3931,https://www.reddit.com/r/careerguidance/comments/vww6i4/need_help_should_i_19f_quit_my_first_job_after_my/,FALSE_POSITIVE,third_person_victim,The author is a youth-program worker who witnessed an unrelated older child attack his younger sisters; the siblings are not related to the author.
3932,https://www.reddit.com/r/jobs/comments/vww5hd/need_help_should_i_19f_quit_my_first_job_after/,FALSE_POSITIVE,third_person_victim,The author is a youth-program worker who witnessed an unrelated older child attack his younger sisters; the siblings are not related to the author.
3933,https://www.reddit.com/r/Fosterparents/comments/vwha63/uk_having_trouble_with_foster_children_and_social/,FALSE_POSITIVE,third_person_victim,"The author is a foster caregiver describing one foster child physically and emotionally abusing his brother, not abuse by the author's own sibling."
3934,https://www.reddit.com/r/LegalAdviceUK/comments/vwh839/uk_issues_with_foster_children_please_help/,FALSE_POSITIVE,third_person_victim,"The author is a foster caregiver describing one foster child physically and emotionally abusing his brother, not abuse by the author's own sibling."
3935,https://www.reddit.com/r/family/comments/vwg6fi/please_help_me_toxic_verbally_abusive_and/,INCLUDE,,"The author describes living in terror of an older brother's escalating verbal and physical abuse, intimidation, drug-related outbursts, and possible lethal violence toward the household."
3936,https://www.reddit.com/r/self/comments/vw3v3l/i_absolutely_do_not_like_my_roommate_he_reminds/,INCLUDE,,"The author says a roommate reminds them of their abusive sibling, indicating a personal sibling-abuse history."
3937,https://www.reddit.com/r/relationship_advice/comments/vw3hvq/my_f24_parents_both_in_early_60s_want_me_to/,INCLUDE,,"The author describes years of verbal abuse, yelling, intimidation, and a charging incident by their older brother that nearly caused a fall down stairs."
3938,https://www.reddit.com/r/legaladvicecanada/comments/vw33t3/how_long_did_your_peace_bond_application_take/,INCLUDE,,"The author describes a sibling's repeated death threats, throwing heavy objects at them, destruction of their property, and violent weekend visits that prompted a peace-bond application."
3939,https://www.reddit.com/r/relationships/comments/vw2ngq/how_do_i_deal_with_my_15_year_old_abusive_brother/,INCLUDE,,The first-person title asks how to deal with the author's abusive fifteen-year-old brother.
3940,https://www.reddit.com/r/Advice/comments/vv9tv5/abusive_brother/,INCLUDE,,The author directly identifies their own brother as abusive.
3941,https://www.reddit.com/r/ShittyDaystrom/comments/vumcpa/tngs_standin_for_spock_isnt_data_its_troi/,FALSE_POSITIVE,fiction_or_media,The violent brother is a Star Trek character used in a humorous character comparison.
3942,https://www.reddit.com/r/offmychest/comments/vuiosc/trigger_sa_my_husband_and_i_reported_my_step/,FALSE_POSITIVE,third_person_victim,"The author and spouse reported the author's stepdaughter for abusing another child; the author is a parent or stepparent, not a sibling victim."
3943,https://www.reddit.com/r/AVN_Lovers/comments/vuhdwg/question_about_chasing_sunsets/,FALSE_POSITIVE,fiction_or_media,The “aggressive sister” is a character in an adult visual-novel game.
3944,https://www.reddit.com/r/u_Lozza61541/comments/vub1ln/how_do_i_deal_with_my_mentally_abusive_brother_im/,INCLUDE,,The author identifies their brother as mentally abusive and says they are afraid to speak because he may snap.
3945,https://www.reddit.com/r/CPTSD/comments/vuaak9/my_story/,INCLUDE,,"The author recounts physical abuse, fights, bullying, and years of sexual abuse by both older brothers, with lasting CPTSD and touch-related trauma."
3946,https://www.reddit.com/r/CPTSD/comments/vu9aov/abusive_sibling/,INCLUDE,,The author directly identifies their own sibling as abusive.
3947,https://www.reddit.com/r/abusivesiblings/comments/vtmluv/dealing_with_abusive_sister_with_intellectual/,INCLUDE,,The first-person support title identifies the author's intellectually disabled sister as abusive.
3948,https://www.reddit.com/r/AmItheAsshole/comments/vtewwm/aita_for_not_wanting_change_my_plans_to_help_my/,INCLUDE,,"The author describes an older sister who yells, insults, emotionally manipulates them into abandoning plans, invalidates their gender identity, and exploits parental favoritism."
3949,https://www.reddit.com/r/AmItheAsshole/comments/vteq59/aita_for_not_wanting_to_change_my_plans_to_help/,INCLUDE,,"The author identifies their own sister as aggressive in an apparent duplicate of the surviving first-person account of her yelling, insults, and emotional manipulation."
3950,https://www.reddit.com/r/relationship_advice/comments/vt64cp/i_want_to_get_married_one_day_but_the_idea_of/,INCLUDE,,"The author describes an older brother who verbally and physically abused the author and another sister, including degradation, intimidation, and serious violence."
3951,https://www.reddit.com/r/offmychest/comments/vt4to2/sibling_abuse/,UNCERTAIN,insufficient_context,The removed post is titled only “Sibling abuse” and contains no surviving information identifying the author as the victim.
3952,https://www.reddit.com/r/domesticviolence/comments/vt3amb/my_parents_want_me_to_trust_my_abusive_brother/,INCLUDE,,"The author describes their younger brother hurting them and relatives, making recurrent threats to injure or kill them, and forcing the author to hide behind a locked door."
3953,https://www.reddit.com/r/offmychest/comments/vt2uva/sibling_abuse/,UNCERTAIN,insufficient_context,The removed post is titled only “Sibling abuse” and contains no surviving information identifying the author as the victim.
3954,https://www.reddit.com/r/FriendshipAdvice/comments/vszc4j/life_with_a_domestically_abusive_brother/,FALSE_POSITIVE,third_person_victim,"The author is seeking help for a best friend who is threatened and terrorized by the friend's older brother, not recounting own-sibling abuse."
3955,https://www.reddit.com/r/JUSTNOFAMILY/comments/vsywf8/sibling_abuse_help/,FALSE_POSITIVE,wrong_relation,"The people the author describes as emotionally and verbally abusive are the husband's brother and that man's wife, not the author's own siblings."
3956,https://www.reddit.com/r/helpme/comments/vswmvo/tw_abusive_sister_i_think_my_older_sister_is/,INCLUDE,,"The author describes an older sister pinching and choking them, threatening outing and defamation, hiding their passport, controlling movement, and threatening to destroy their computer."
3957,https://www.reddit.com/r/domesticviolence/comments/vstylc/abusive_sister/,INCLUDE,,The author directly identifies their sister as abusive.
3958,https://www.reddit.com/r/offmychest/comments/vsetdr/abusive_sister_making_me_question_myself/,INCLUDE,,"The author describes an abusive twin sister whose treatment, emotional mirroring, invalidation, and indifference cause depression, helplessness, and self-doubt."
3959,https://www.reddit.com/r/Advice/comments/vsaepk/my_exgf_36f_is_spreading_rumors_about_me_39m/,FALSE_POSITIVE,wrong_relation,"The violent brother who attacked the author belonged to a former girlfriend, not the author's own sibling."
3960,https://www.reddit.com/r/relationship_advice/comments/vsaczj/my_exgf_36f_is_spreading_rumors_about_me_39m/,FALSE_POSITIVE,wrong_relation,"The violent brother who attacked the author belonged to a former girlfriend, not the author's own sibling."
3961,https://www.reddit.com/r/relationships/comments/vsacmj/my_exgf_36f_is_spreading_rumors_about_me_39m/,FALSE_POSITIVE,wrong_relation,"The violent brother who attacked the author belonged to a former girlfriend, not the author's own sibling."
3962,https://www.reddit.com/r/teenagers/comments/vs1pxt/sibling_abuse/,INCLUDE,,"The author gives a detailed account of a larger brother inflicting hidden painful injuries, dropping them on their spine, causing a two-year limp, and keeping them in constant lethal fear."
3963,https://www.reddit.com/r/AMA/comments/vrv3ic/my_brother_was_violent_toward_me_growing_up_ama/,INCLUDE,,The author states that their brother was violent toward them throughout childhood and that the abuse was severely dismissed.
3964,https://www.reddit.com/r/StrangerThings/comments/vrlwte/really_happy_that_sibling_abuse_is_taken/,FALSE_POSITIVE,fiction_or_media,The post praises a television show's treatment of a fictional character's abusive brother.
3965,https://www.reddit.com/r/Jamaica/comments/vrgj4g/we_need_to_talk_about_older_sibling_abuse_within/,FALSE_POSITIVE,generic_or_research,"The removed post presents a general community-level call to discuss older-sibling abuse, without a surviving first-person victim account."
3966,https://www.reddit.com/r/legaladvice/comments/vqzt0l/im_being_harassedthreatened_by_someone_on/,FALSE_POSITIVE,irrelevant_collision,The “aggressive brother” is a supposed accomplice in a Facebook Marketplace scam and not the author's sibling.
3967,https://www.reddit.com/r/sexualassault/comments/vqt9l0/my_mums_reaction_to_my_assault/,INCLUDE,,The author identifies their brother as abusive to both the author and their mother and recalls the two crying together about his abuse.
3968,https://www.reddit.com/r/emotionalabuse/comments/vqnppm/abusive_sister/,INCLUDE,,The author describes lifelong mental and emotional abuse by an older sister who weaponizes the author's bipolar disorder and depression and deliberately provokes reactions.
3969,https://www.reddit.com/r/relationship_advice/comments/vqjna9/abusive_brother/,INCLUDE,,The author directly identifies their own brother as abusive.
3970,https://www.reddit.com/r/relationship_advice/comments/vqjl05/abusive_brother/,INCLUDE,,The author directly identifies their own brother as abusive.
3971,https://www.reddit.com/r/CPTSD/comments/vqbcw5/sibling_abuse_survivor_parents_just_warned_me/,INCLUDE,,"The author details seventeen years of physical and emotional abuse by an older brother, including attempted kneecap injury with a hammer, knocked-out teeth, dragging on stairs, and current emotional attacks."
3972,https://www.reddit.com/r/abusesurvivors/comments/vptfqw/idk_if_this_is_sibling_abuse_or_not/,UNCERTAIN,insufficient_context,The deleted post asks whether a situation is sibling abuse but does not preserve enough context to determine whether the author is the sibling victim.
3973,https://www.reddit.com/r/depression/comments/vpggr9/im_cant_take_it/,INCLUDE,,The author identifies an abusive brother as one of the major hardships contributing to overwhelming distress and suicidal thinking.
3974,https://www.reddit.com/r/adultsurvivors/comments/vpctzf/my_story_to_date_need_support/,INCLUDE,,"The author refers to their own abusive brother, whom their father pressures them to reconnect with, while describing a broader history of family abuse."
3975,https://www.reddit.com/r/mildlyinfuriating/comments/voacs8/how_i_found_out_my_father_has_cancer_from_my/,FALSE_POSITIVE,ordinary_non_abusive_conflict,"The surviving title describes a passive-aggressive text and guilt from a sister about visiting their ill father, without evidence of abusive conduct."
3976,https://www.reddit.com/r/relationship_advice/comments/vnzs6w/i_cant_shake_off_the_feeling_that_everyone_in_my/,INCLUDE,,"The author describes lifelong physical and verbal abuse by an older brother, including degradation related to autism and continuing family invalidation of the abuse."
3977,https://www.reddit.com/r/TrueOffMyChest/comments/vnymrn/im_starting_to_realize_that_the_people_who_should/,INCLUDE,,The author says they lived with a brother who was abusive toward them and feels that he does not love them.
3978,https://www.reddit.com/r/legaladvice/comments/vmrnsj/i_want_to_be_sure_my_brother_serves_time/,INCLUDE,,"The author says their brother has been verbally abusive to the whole family and physically violent throughout the author's life, making the author feel unsafe and ostracized."
3979,https://www.reddit.com/r/relationship_advice/comments/vmquvr/abusive_sister/,INCLUDE,,"The author says their older sister was abusive and manipulative toward them before treatment and has resumed those behaviors, while also targeting a younger sister."
3980,https://www.reddit.com/r/SiblingOfSpecialNeeds/comments/vmfs8d/i_just_need_to_get_this_off_my_chest/,INCLUDE,,"The author describes an older sister repeatedly threatening and attempting to stab them with knives, nearly breaking their nose, and leaving a scar."
3981,https://www.reddit.com/r/siblingsfromhell/comments/vmdrhg/im_tired_of_building_bridges/,FALSE_POSITIVE,ordinary_non_abusive_conflict,"The post describes adult estrangement, religious and political disagreement, perceived selfishness, and reciprocal hurt with a passive-aggressive sister, but no abusive pattern toward the author."
3982,https://www.reddit.com/r/relationships/comments/vmdctt/i_feel_like_ive_built_10_bridges_and_the_new_one/,FALSE_POSITIVE,ordinary_non_abusive_conflict,"The post describes adult estrangement, religious and political disagreement, perceived selfishness, and reciprocal hurt with a passive-aggressive sister, but no abusive pattern toward the author."
3983,https://www.reddit.com/r/raisedbynarcissists/comments/vlyv3v/are_you_still_mad_at_me/,INCLUDE,,"The author gives a detailed account of lifelong beatings, confinement, degradation, coercive demands, threats, and renewed adult assault by an older sister."
3984,https://www.reddit.com/r/Advice/comments/vll1ck/how_to_deal_with_an_abusive_sibling/,INCLUDE,,"The teen author describes a younger brother's physical, verbal, and emotional abuse, threats of harm, public outbursts, and the author's fear for themself and a toddler sibling."
3985,https://www.reddit.com/r/AskFeminists/comments/vldqls/i_live_in_a_household_with_an_emotionally_abusive/,FALSE_POSITIVE,wrong_relation,"The emotionally abusive person identified is the author's brother-in-law, not the author's own sibling."
3986,https://www.reddit.com/r/therapy/comments/vknd5a/my_trauma_has_made_me_afraid_of_children/,INCLUDE,,"The author recalls an older sister touching their genitals, making the author touch hers, and kissing while both were children, and discusses the lasting trauma and ambiguity of those incidents."
3987,https://www.reddit.com/r/Advice/comments/vkhjea/severely_abusive_brother_wont_leave_me_alone/,INCLUDE,,"The author describes extensive sexual exploitation by a brother and his friends, followed by bullying, attacks, theft, animal harm, arson, stalking, harassment, threats, and a prior restraining order."
3988,https://www.reddit.com/r/adultsurvivors/comments/vj9c13/advice_please/,INCLUDE,,"The author details lifelong mental and physical abuse by an older brother and later sexualized grooming, exposure, unwanted genital contact, intrusion, and body comments."
3989,https://www.reddit.com/r/BPD/comments/viyg6d/sibling_abuse/,UNCERTAIN,insufficient_context,The deleted post is titled only “Sibling abuse” and contains no surviving information identifying the author as the victim.
3990,https://www.reddit.com/r/SuicideWatch/comments/vixoul/ive_turned_into_someone_i_dont_like_or_respect/,INCLUDE,,The author says an abusive brother was a major cause of suicidal suffering throughout their teenage years.
3991,https://www.reddit.com/r/JUSTNOFAMILY/comments/vi78hf/abusive_sibling/,INCLUDE,,The author directly identifies their sibling as abusive in a family-support forum.
3992,https://www.reddit.com/r/abusiveparents/comments/vi6w4r/adult_struggling_with_physical_vs_emotional/,INCLUDE,,"The author describes an older brother sitting on their chest until they urinated, hitting and slapping them, knocking them down while drunk, pinning them, and leaving marks."
3993,https://www.reddit.com/r/NoStupidQuestions/comments/vhl28z/why_didnt_my_parents_protect_me_from_my_violent/,INCLUDE,,The author directly asks why their parents failed to protect them from their violent brother.
3994,https://www.reddit.com/r/raisedbynarcissists/comments/vha31t/im_being_placed_into_a_room_with_my_abusive/,INCLUDE,,"The author says their brother yells superiority claims and hits them when angry, while parents plan to force them to share a bedroom and dismiss the beatings."
3995,https://www.reddit.com/r/MarkNarrations/comments/vh92zh/my_abusive_brother_wont_stop_trying_to_get_in/,INCLUDE,,"The author gives a detailed account of a brother chasing them with bats, throwing and bruising them, making daily threats and insults, and now evading blocks to reestablish contact."
3996,https://www.reddit.com/r/offmychest/comments/vh6sb6/im_tired_of_holding_my_tongue_about_my_abusive/,INCLUDE,,The author identifies their brother as abusive and says they are tired of remaining silent about him.
3997,https://www.reddit.com/r/offmychest/comments/vh6niv/im_tired_of_holding_my_tongue_about_my_abusive/,INCLUDE,,The author identifies their brother as abusive and says they are tired of remaining silent about him.
3998,https://www.reddit.com/r/TrueOffMyChest/comments/vh6guu/im_tired_of_covering_for_my_abusive_brother/,INCLUDE,,The author identifies their brother as abusive and says they are tired of covering for him.
3999,https://www.reddit.com/r/TrueOffMyChest/comments/vh6d0f/im_tired_of_holding_my_tongue_about_my_abusive/,INCLUDE,,The author identifies their brother as abusive and says they are tired of remaining silent about him.
4000,https://www.reddit.com/r/TrueOffMyChest/comments/vh5t0o/im_tired_of_holding_my_tongue_about_my_abusive/,INCLUDE,,The author identifies their brother as abusive and says they are tired of remaining silent about him.
4001,https://www.reddit.com/r/legaladviceofftopic/comments/vh2h4s/my_boyfriend_is_currently_living_with_his/,FALSE_POSITIVE,third_person_victim,"The emotionally abusive sister belongs to the author's underage boyfriend, and the author is asking how to help him move out."
4002,https://www.reddit.com/r/Advice/comments/vh2fuw/my_boyfriend_is_currently_living_with_his/,FALSE_POSITIVE,third_person_victim,"The emotionally abusive sister belongs to the author's underage boyfriend, and the author is asking how to help him move out."
4003,https://www.reddit.com/r/legaladvice/comments/vh2fcv/my_boyfriend_is_currently_living_with_his/,FALSE_POSITIVE,third_person_victim,"The emotionally abusive sister belongs to the author's underage boyfriend, and the author is asking how to help him move out."
4004,https://www.reddit.com/r/JUSTNOFAMILY/comments/vg1vzs/abusive_sister_weak_mother_and_absent_father/,INCLUDE,,The title identifies the author's sister as abusive while also describing an enabling mother and absent father.
4005,https://www.reddit.com/r/TwoXChromosomes/comments/vfjfp0/do_any_other_women_sometimes_expect_physical/,INCLUDE,,The author says an abusive sibling repeatedly hurt them in childhood and connects blocked memories of that violence to present fear of a nonviolent partner.
4006,https://www.reddit.com/r/Advice/comments/ver5lj/should_i_tell_my_friend_that_her_friendship_with/,INCLUDE,,"The author describes a twin brother repeatedly hitting them, creating terror for their life, stealing rent and utility money, defaming them, and isolating them from mutual friends."
4007,https://www.reddit.com/r/OnePiece/comments/vemr8n/sanji_is_a_rare_case_of_sibling_abuse_taken/,FALSE_POSITIVE,fiction_or_media,"The sibling abuse concerns Sanji, a fictional One Piece character."
4008,https://www.reddit.com/r/traumacore/comments/veepk8/tw_sibling_abuse/,UNCERTAIN,insufficient_context,The post has only a sibling-abuse trigger-warning title and no surviving text showing whether it is the author's own account.
4009,https://www.reddit.com/r/TwoXChromosomes/comments/vecotw/anybody_had_issues_with_an_abusive_sibling_taking/,INCLUDE,,The first-person question identifies an abusive sibling and asks about the risk of revenge against the author after their parents' death.
4010,https://www.reddit.com/r/AmiInTheWrong/comments/ve4l3j/i_refused_to_do_my_narcissistic_sisters_hair_2/,INCLUDE,,"The author says their sister tried to stab them with scissors, threatened a tire-iron attack, and uses sustained insults, gaslighting, and guilt to coerce favors."
4011,https://www.reddit.com/r/relationship_advice/comments/ve1qql/my_gf_or_ex_idek_said_she_cant_love_me_correctly/,FALSE_POSITIVE,third_person_victim,"The verbally abusive brother belongs to the author's girlfriend and is mentioned as part of her history, not the author's own sibling abuse."
4012,https://www.reddit.com/r/relationship_advice/comments/vdqvum/i_need_help_with_my_sister/,FALSE_POSITIVE,perpetrator_only,The author is the sibling accused of causing trauma and manipulation and denies it; the post does not describe the author being abused by their sister.
4013,https://www.reddit.com/r/u_nocturnalsingularity/comments/vdfwfn/will_finish_this_another_time_its_to_long_for_one/,FALSE_POSITIVE,wrong_relation,"The long account concerns abuse in a romantic relationship; the only “abusive sister” is the former partner's sister, while the author's own brothers are not described as abusing the author."
4014,https://www.reddit.com/r/needadvice/comments/vdbe1b/idk_what_to_title_this_other_than_an_abusive/,INCLUDE,,The author explicitly says the only apt title for their situation is “an abusive brother.”
4015,https://www.reddit.com/r/AmItheAsshole/comments/vbrkhn/aita_for_refusing_to_go_on_holiday_with_my/,INCLUDE,,The author identifies their own brother as abusive while refusing a holiday with him.
4016,https://www.reddit.com/r/abusiverelationships/comments/vbpnyq/toxic_abusive_sister/,INCLUDE,,"The author describes a sister with a lifelong pattern of physical and mental abuse toward the family who now uses spite, isolation, rude remarks, and hostility against the author."
4017,https://www.reddit.com/r/OSDD/comments/v9d031/can_sibling_abuse_be_considered_traumatic/,INCLUDE,,"The author details years of an older brother punching and kicking them, daily degradation, shaming, guilt, and gaslighting that caused profound insecurity and trauma."
4018,https://www.reddit.com/r/neurodiversity/comments/v9c1xl/dae_always_look_tired_andor_sad/,INCLUDE,,The author identifies a horribly abusive brother whose chronic stress caused severe anxiety and continues to trigger stressful incidents.
4019,https://www.reddit.com/r/raisedbynarcissists/comments/v9ax0t/tw_getting_over_a_narcissist_upbringing/,INCLUDE,,"The author says two brothers tormented the author and a sister, with the eldest sexually abusing both and the other continuing low-level emotional domination in adulthood."
4020,https://www.reddit.com/r/TrueOffMyChest/comments/v948e1/a_child_i_work_with_i_teach_sel_programs_is/,FALSE_POSITIVE,third_person_victim,"The author is an educator reporting a child's disclosure of sexual abuse by the child's older sibling, not the author's own sibling experience."
4021,https://www.reddit.com/r/asksocialwork/comments/v94394/a_child_i_work_with_i_teach_sel_programs_is/,FALSE_POSITIVE,third_person_victim,"The author is an educator reporting a child's disclosure of sexual abuse by the child's older sibling, not the author's own sibling experience."
4022,https://www.reddit.com/r/abusiverelationships/comments/v8mhmm/sibling_abuseestrangement/,INCLUDE,,The author identifies their sister as abusive and has maintained no contact for eight years while seeking a safe relationship with a niece.
4023,https://www.reddit.com/r/relationship_advice/comments/v8ligt/my_31f_husband_30m_wants_a_relationship_with_his/,FALSE_POSITIVE,third_person_victim,"The abusive brother belongs to the author's husband, who wants to resume that sibling relationship."
4024,https://www.reddit.com/r/childfree/comments/v8ki1x/a_question_for_people_whove_ended_pregnancy/,INCLUDE,,"The author identifies their sister as abusive, fears that she would continue abusing the author and any children, and treats that family danger as a major reason parenting would be unsafe."
4025,https://www.reddit.com/r/relationships/comments/v8jwwn/my_31f_husband_30m_wants_his_abusive_brother_26m/,FALSE_POSITIVE,third_person_victim,"The abusive brother belongs to the author's husband, who wants to resume that sibling relationship."
4026,https://www.reddit.com/r/relationships/comments/v8iffz/my_31f_husband_30m_wants_a_relationship_with_his/,FALSE_POSITIVE,third_person_victim,"The abusive brother belongs to the author's husband, who wants to resume that sibling relationship."
4027,https://www.reddit.com/r/family/comments/v8f5lf/am_i_my_mothers_child_or_have_they_lied_my_entire/,INCLUDE,,The author identifies their oldest sister as abusive and describes her repeatedly weaponizing a claim that the author was found in the trash amid broader family scapegoating.
4028,https://www.reddit.com/r/Vent/comments/v8czwf/abusive_sister/,INCLUDE,,The author directly identifies their sister as abusive.
4029,https://www.reddit.com/r/gaslighting/comments/v88nip/is_my_mom_toxic_for_grieving_my_rpist/,INCLUDE,,"The author says their formerly abusive brother grabbed them by the hair and threw them into a wall, leaving a facial bruise while their mother denied the event."
4030,https://www.reddit.com/r/Spells/comments/v83uak/help_with_my_family_and_abusive_brotherinlaw/,FALSE_POSITIVE,wrong_relation,"The abusive person identified is the author's brother-in-law, not the author's own sibling."
4031,https://www.reddit.com/r/BestofRedditorUpdates/comments/v7vgbg/clueless_oop_thinks_sex_ed_lessons_are_abusive/,FALSE_POSITIVE,repost_or_archive,The post is a BestofRedditorUpdates reproduction that explicitly says the poster is not the original author.
4032,https://www.reddit.com/r/Advice/comments/v7rks9/how_do_i_deal_with_my_abusive_sister/,INCLUDE,,The first-person title asks how to deal with the author's abusive sister.
4033,https://www.reddit.com/r/confessions/comments/v7dv4l/is_sibling_abuse_real_lol/,INCLUDE,,"The author describes an older brother coercing sexual acts from ages five to ten, locking siblings in a room, threatening and sometimes hurting them, and controlling the author into later adolescence."
4034,https://www.reddit.com/r/helpme/comments/v7dlnh/abusive_sibling/,FALSE_POSITIVE,third_person_victim,The brother's physical abuse is described as directed at the author's mother; the author reports disrespect and opposition but not being abused or threatened by him.
4035,https://www.reddit.com/r/relationship_advice/comments/v7axar/i_think_my_girlfriend_of_15_years_has_bpd_and_has/,FALSE_POSITIVE,wrong_relation,The abusive sister belongs to the author's girlfriend and is discussed as background to the girlfriend's later abuse of the author.
4036,https://www.reddit.com/r/BPDlovedones/comments/v7at18/i_think_my_girlfriend_of_15_years_has_bpd_and_has/,FALSE_POSITIVE,wrong_relation,The abusive sister belongs to the author's girlfriend and is discussed as background to the girlfriend's later abuse of the author.
4037,https://www.reddit.com/r/confessions/comments/v76wql/am_i_a_victim_of_sibling_abuse/,INCLUDE,,"The author describes four years of an older sister pulling hair, kicking, punching, slapping, death wishes, degradation, and private assaults that contributed to suicidality and eating disorders."
4038,https://www.reddit.com/r/MtF/comments/v72j09/i_dont_know_what_to_title_this/,FALSE_POSITIVE,third_person_victim,"The abusive sister belongs to the author's girlfriend and threatens or mistreats the girlfriend, not the author."
4039,https://www.reddit.com/r/trans/comments/v72i99/i_dont_know_what_to_title_this/,FALSE_POSITIVE,third_person_victim,"The abusive sister belongs to the author's girlfriend and threatens or mistreats the girlfriend, not the author."
4040,https://www.reddit.com/r/lgbt/comments/v72hln/i_dont_know_what_to_title_this/,FALSE_POSITIVE,third_person_victim,"The abusive sister belongs to the author's girlfriend and threatens or mistreats the girlfriend, not the author."
4041,https://www.reddit.com/r/lgbt/comments/v72g5j/i_dont_know_what_to_title_this/,FALSE_POSITIVE,third_person_victim,"The abusive sister belongs to the author's girlfriend and threatens or mistreats the girlfriend, not the author."
4042,https://www.reddit.com/r/Advice/comments/v69izv/passive_aggressive_sibling_revenge/,FALSE_POSITIVE,ordinary_non_abusive_conflict,"The deleted title concerns passive-aggressive sibling revenge but preserves no indication of abuse, threats, coercion, or sustained victimization."
4043,https://www.reddit.com/r/depression/comments/v5pxo5/im_distancing_myself/,INCLUDE,,The author refers to ongoing drama involving their violent brother as one cause of exhaustion and social withdrawal.
4044,https://www.reddit.com/r/mentalhealth/comments/v4z10t/8_year_old_cousin_has_worrisome_behavior_thought/,FALSE_POSITIVE,third_person_victim,"The author is a cousin reporting that an eight-year-old hits his younger brother and threatens his mother, not recounting abuse by the author's own sibling."
4045,https://www.reddit.com/r/BPD/comments/v3f0lb/someone_else_with_traumas_endured_during/,INCLUDE,,The author identifies an abusive brother and school mistreatment as major adolescent traumas whose repeated abuse produced lasting fragility and exhaustion.
4046,https://www.reddit.com/r/TrueOffMyChest/comments/v2vb7b/i_dont_believe_in_most_cases_of_ptsd_sibling/,FALSE_POSITIVE,generic_or_research,"The post is a general opinion dismissing most claims of sibling abuse, PTSD, and child sexual behavior rather than a victim account."
4047,https://www.reddit.com/r/abusesurvivors/comments/v23215/sibling_abuse/,INCLUDE,,"The author details lifelong abuse by an older brother including kicking, punching, throwing them down, bruising, and threats with knives, scalpels, fire, and other weapons."
4048,https://www.reddit.com/r/stories/comments/v222zu/my_grandfather_left_me_a_message/,FALSE_POSITIVE,third_person_victim,"The person abused by a brother was the author's grandfather, not the author."
4049,https://www.reddit.com/r/story/comments/v21x9j/my_grandfather_left_me_a_message/,FALSE_POSITIVE,third_person_victim,"The person abused by a brother was the author's grandfather, not the author."
4050,https://www.reddit.com/r/DysfunctionalFamily/comments/v1oh3i/ive_had_enough_of_my_aggressive_violent_brother/,INCLUDE,,"The teen author describes being frightened of a younger brother's longstanding aggression, violent property destruction, and escalating conduct in their shared home."
4051,https://www.reddit.com/r/mentalhealth/comments/v0xb7f/how_do_i_cope_with_my_verbally_and_sometimes/,INCLUDE,,The first-person title asks how to cope with the author's verbally and sometimes physically violent sister.
4052,https://www.reddit.com/r/Bondedpairs/comments/v0c3qb/checkers_and_creamsicle_aggressive_brother_bath/,FALSE_POSITIVE,nonhuman,"The “aggressive brother” is one animal in a bonded pet pair, not a human sibling."
4053,https://www.reddit.com/r/relationship_advice/comments/v0743y/im_afraid_that_i_38m_and_my_girlfriend_35f_should/,FALSE_POSITIVE,third_person_victim,"The abusive older brother belongs to the author's girlfriend, whose trauma affects their relationship; he is not the author's sibling."
4054,https://www.reddit.com/r/abusesurvivors/comments/v064ec/sibling_abuse/,INCLUDE,,The author says something happened to them that they understand as abuse by a sibling and seeks validation from other sibling-abuse survivors.
4055,https://www.reddit.com/r/sistersofbattle/comments/uzjayd/what_a_week_so_many_good_sisters_lists/,FALSE_POSITIVE,irrelevant_collision,"The phrase “aggressive sister list” refers to Warhammer Sisters of Battle army rosters, not sibling behavior."
4056,https://www.reddit.com/r/Adulting/comments/uz5iew/adult_sibling_bullying/,UNCERTAIN,insufficient_context,"The removed post is titled only “Adult sibling bullying,” without surviving information establishing that the author was the target."
4057,https://www.reddit.com/r/Advice/comments/uyrh42/is_this_abuse/,INCLUDE,,"The author describes childhood belittling, humiliation through posted photos, fear, hair pulling, and slapping by a sibling."
4058,https://www.reddit.com/r/relationship_advice/comments/uyqdeq/my_gf_is_going_to_study_abroad_for_a_year_i_feel/,INCLUDE,,The author identifies a violent brother as part of an emotionally abusive household that makes it difficult to feel love or safety.
4059,https://www.reddit.com/r/offmychest/comments/uyo1mi/sibling_abuse_is_real/,INCLUDE,,"The author describes sustained emotional and mental abuse by their sister, including ridicule, contempt, isolation, and criticism that created trauma responses and cognitive distortions."
4060,https://www.reddit.com/r/AITAH/comments/uyejja/aita_for_refusing_to_go_to_my_sisters_school/,FALSE_POSITIVE,third_person_victim,"The sister's aggression and fights are directed at school peers, while the author's conflict is about refusing to keep covering for her; no abuse of the author is described."
4061,https://www.reddit.com/r/CPTSD/comments/uycvgz/sibling_abuse/,UNCERTAIN,insufficient_context,The deleted post is titled only “Sibling abuse” and contains no surviving first-person victim information.
4062,https://www.reddit.com/r/CPTSD/comments/uycpep/sibling_abuse_trauma/,UNCERTAIN,insufficient_context,"The deleted post says only “Sibling abuse trauma,” without enough surviving context to identify whose trauma or whether the author is the victim."
4063,https://www.reddit.com/r/relationship_advice/comments/uxzrg1/have_been_lying_to_my_boyfriend_about_existence/,INCLUDE,,The author explicitly identifies having an abusive sibling and says they have concealed that sibling's existence from a boyfriend.
4064,https://www.reddit.com/r/BorderlinePDisorder/comments/uxw1qb/is_it_possible_at_all_not_to_feel_miserable/,INCLUDE,,The author identifies an abusive brother as part of a traumatic childhood that contributes to continuing severe psychological distress.
4065,https://www.reddit.com/r/EstrangedAdultChild/comments/uxmgwu/recently_estranged_my_parents_after_realizing_ive/,INCLUDE,,"The author says their physically and emotionally abusive brother assaulted them twice, gaslights them, hides household keys, and has subjected them to years of other mistreatment."
4066,https://www.reddit.com/r/domesticviolence/comments/uxivhf/how_do_i_escape_my_abusive_brother/,INCLUDE,,The first-person title asks how to escape the author's abusive brother.
4067,https://www.reddit.com/r/CPTSD_NSCommunity/comments/uxgtni/i_just_realized_i_think_im_better_than_my_abusive/,INCLUDE,,"The author describes an emotionally abusive brother who stole thousands from them, committed identity theft, manipulated, protected their abusive father, and never repaired the harm."
4068,https://www.reddit.com/r/AmItheAsshole/comments/uxbhz0/aita_for_not_wanting_my_transgender_violent/,UNCERTAIN,insufficient_context,"The removed post identifies the author's brother as violent but does not show whether the author was his victim, another person was harmed, or the concern is only about a future child."
4069,https://www.reddit.com/r/JUSTNOFAMILY/comments/uxa7u8/violent_sister/,FALSE_POSITIVE,third_person_victim,The sister's violent episode destroyed the parents' house after a fight with the mother while the author was absent; no abuse or threat toward the author is described.
4070,https://www.reddit.com/r/offmychest/comments/ux7r9j/im_going_no_contact_wabusive_sister/,INCLUDE,,The author says their older sister has been mentally and emotionally abusive for years and recently physically injured the author's chest and bone.
4071,https://www.reddit.com/r/offmychest/comments/uwwxcl/bf_still_lives_with_abusive_brother_and_disabled/,FALSE_POSITIVE,third_person_victim,"The abusive brother belongs to the author's boyfriend, who remains living with him."
4072,https://www.reddit.com/r/AmItheAsshole/comments/uwtmg9/aita_for_not_wanting_to_talk_to_my_abusive_sister/,INCLUDE,,"The author says their sister sends abusive accusatory messages, repeatedly maligns the author to family and partner, and participates in a family pattern that leaves the author emotionally exhausted."
4073,https://www.reddit.com/r/oneanddone/comments/uws11q/i_had_no_idea_sibling_abuse_is_the_most_common/,FALSE_POSITIVE,irrelevant_collision,The author explicitly says their own sibling was not abusive and is discussing a general statistic in support of having one child.
4074,https://www.reddit.com/r/NoStupidQuestions/comments/uwfxby/what_can_i_do_to_my_abusive_brother/,INCLUDE,,The first-person title asks what the author can do about their abusive brother.
4075,https://www.reddit.com/r/ptsd/comments/uvsrh1/my_family_gave_me_ptsd_and_i_feel_its_my_fault/,INCLUDE,,The author identifies an abusive sister as a cause of diagnosed PTSD and describes family emotional blackmail and continuing pressure for closeness.
4076,https://www.reddit.com/r/TrueOffMyChest/comments/uvn31r/my_childhood_abuser_and_my_abusive_brother_are/,INCLUDE,,The author identifies their own brother as abusive and fears having to see him together with another childhood abuser.
4077,https://www.reddit.com/r/relationship_advice/comments/uvb0qi/i_22m_am_trapped_living_with_an_abusive/,INCLUDE,,"The author describes a sister becoming violent toward them, making threats, stealing from them, throwing furniture, and contributing to daily fear and trauma."
4078,https://www.reddit.com/r/selfharm/comments/uuypz3/pills_razor_blades/,INCLUDE,,The author identifies their brother as abusive and has ended contact with him as part of trying to recover their mental health.
4079,https://www.reddit.com/r/Advice/comments/uu9f5u/how_to_convince_mom_to_kick_out_adult_abusive/,INCLUDE,,The author says their adult brother is physically abusive toward them and two younger brothers and has threatened to stab one child in the neck.
4080,https://www.reddit.com/r/abusiverelationships/comments/uu4dme/how_can_i_survive_living_in_an_abusive_home/,INCLUDE,,"The author describes living with an abusive sister who uses financial control, intoxication, fights, and deliberate job-interview sabotage to keep the author trapped."
4081,https://www.reddit.com/r/domesticviolence/comments/utwcnk/girlfriend_abused_by_brother/,FALSE_POSITIVE,third_person_victim,The author's girlfriend is the person described as abused by her brother.
4082,https://www.reddit.com/r/Advice/comments/uttufv/my_mum_wants_to_take_my_abusive_brother_on_holiday/,INCLUDE,,"The author describes eleven years of physical and verbal abuse by an older brother, a final event that forced them from home, and resulting PTSD and anxiety."
4083,https://www.reddit.com/r/justbeenbanned/comments/utr0yf/banned_from_rjustnofamily_for_describing_my/,INCLUDE,,"The author describes a brother's mental abuse in childhood and adulthood, invalidation of sexual assault, and recent cruel statements to the author's spouse and child."
4084,https://www.reddit.com/r/abusivesiblings/comments/utqaew/can_anyone_relate_to_my_situation/,INCLUDE,,"The author says their violent younger brother hurt them throughout childhood, has sent threatening hate mail, and promises revenge after their parents die."
4085,https://www.reddit.com/r/Advice/comments/ut7354/my_violent_brother_is_doing_drugs_at_14_yrs_old/,UNCERTAIN,insufficient_context,The deleted title identifies the author's fourteen-year-old brother as violent and using drugs but does not show whether the author is his target.
4086,https://www.reddit.com/r/BorderlinePDisorder/comments/uszl2s/broke_off_contact_with_family/,INCLUDE,,The author identifies their brother as abusive and says family disregard for the author's refusal to see him caused a psychiatric crisis and eventual family estrangement.
4087,https://www.reddit.com/r/abusiverelationships/comments/usqjqm/should_i_cut_contact_with_my_dad_because_of_my/,INCLUDE,,The author identifies their own brother as abusive while considering whether to cut contact with a father over continued exposure to him.
4088,https://www.reddit.com/r/JusticeForJohnnyDepp/comments/usoty2/so_i_went_to_google_jennifer_howell_to_get_a/,FALSE_POSITIVE,generic_or_research,"The post discusses a news story and celebrity-trial testimony about Amber Heard's sister, not the author's own experience."
4089,https://www.reddit.com/r/RedditSample/comments/uslv86/amber_heards_sister_was_terrified_of_violent/,FALSE_POSITIVE,generic_or_research,The post is a headline-only news sample about a public figure allegedly fearing a violent sibling.
4090,https://www.reddit.com/r/Advice/comments/us52k4/abusive_brother_parents_turn_a_blind_eye_to_it/,INCLUDE,,"The author says an older brother repeatedly attempted sexual assault from ages ten to thirteen and that parental dismissal left ongoing nightmares, disgust, and fear."
4091,https://www.reddit.com/r/ifyoulikeblank/comments/urymvq/if_these_films_have_made_me_cry_to_the_point_of/,FALSE_POSITIVE,fiction_or_media,"The abusive brother is a character in the film Kes, mentioned in a request for sad-film recommendations."
4092,https://www.reddit.com/r/AsianParentStories/comments/urvwrf/how_do_i_develop_confidence/,INCLUDE,,"The author identifies their brother as abusive and says surviving around him required suppressing speech and opinions, causing lasting lack of confidence."
4093,https://www.reddit.com/r/redditoryt/comments/ur8dwl/my_dad_asked_me_to_be_a_team_player_to_my_abusive/,INCLUDE,,The author identifies their sister as abusive and says their father pressured them to be a “team player” toward her.
4094,https://www.reddit.com/r/AmItheAsshole/comments/uqqia2/aita_for_not_wanting_my_abusive_brother_at_my/,INCLUDE,,The author identifies their brother as abusive and does not want him present at graduation.
4095,https://www.reddit.com/r/AmItheAsshole/comments/uqq56c/aita_asshole_for_not_wanting_my_abusive_brother/,INCLUDE,,The author identifies their brother as abusive and does not want him present at high-school graduation.
4096,https://www.reddit.com/r/TrueOffMyChest/comments/uqc9u6/my_narcissistabusive_brother_is_coming_back_home/,INCLUDE,,The author identifies their brother as narcissistic and abusive and is distressed about his return to the family home.
4097,https://www.reddit.com/r/legaladvice/comments/uq5yp8/how_do_i_save_my_moms_house_from_her_narcissistic/,FALSE_POSITIVE,wrong_relation,"The narcissistic abusive brother belongs to the author's mother, making him the author's uncle rather than own sibling."
4098,https://www.reddit.com/r/toxicfamilyislam/comments/upwt3i/sibling_abuse/,FALSE_POSITIVE,generic_or_research,"The post is an informational overview of sibling-abuse definitions and prevalence in Muslim communities, without a personal account."
4099,https://www.reddit.com/r/WilmasFanClub/comments/upuy90/omg_theyres_nothing_i_hate_more_then_when_people/,INCLUDE,,The author says their brother has repeatedly nearly hospitalized them and left scars and bruises across their arms.
4100,https://www.reddit.com/r/Needafriend/comments/upuy93/need_help_with_my_emotionally_abusive_sister/,INCLUDE,,The author directly identifies their own sister as emotionally abusive and seeks help.
4101,https://www.reddit.com/r/offmychest/comments/uoxeyv/i_started_to_hate_my_sister_after_she_invited_our/,INCLUDE,,"The author describes a brother's persistent childhood bullying and deprivation of food money as abuse, and explains that his forced return destroyed the author's safe home."
4102,https://www.reddit.com/r/Teachers/comments/uow162/do_mandated_reporting_laws_about_child_abuse_also/,FALSE_POSITIVE,third_person_victim,"The author is a teacher asking whether two students' brief statements about abusive brothers require reporting, not recounting the author's own abuse."
4103,https://www.reddit.com/r/AmItheAsshole/comments/uomgwd/aita_for_ranting_about_my_abusive_brother_to_our/,INCLUDE,,The author directly identifies their brother as abusive and says they discussed his abuse with their shared friends.
4104,https://www.reddit.com/r/emotionalabuse/comments/uollm2/my_brother_becomes_a_completely_different_person/,INCLUDE,,"The author describes a brother screaming insults, using the author as an emotional target during rages, disregarding sensory pain, damaging property, and making them feel worthless."
4105,https://www.reddit.com/r/JusticeForJohnnyDepp/comments/uobon0/anyone_else_feel_kinda_bad_for_her_sister_seems/,FALSE_POSITIVE,generic_or_research,The post discusses a public celebrity trial and speculates that one celebrity bullied her sister into testimony.
4106,https://www.reddit.com/r/JUSTNOFAMILY/comments/une0vc/my_abusive_sister/,INCLUDE,,The author directly identifies their own sister as abusive.
4107,https://www.reddit.com/r/relationships/comments/ulzsh5/my_25m_mother_70_is_finally_being_honest_about_my/,INCLUDE,,The author directly identifies their older sister as abusive and says their mother is finally acknowledging the reality of her behavior.
4108,https://www.reddit.com/r/relationships/comments/ulzr28/my_25m_mom_70_is_finally_being_honest_about_my/,INCLUDE,,The author directly identifies their older sister as abusive and says their mother is finally acknowledging the reality of her behavior.
4109,https://www.reddit.com/r/AmItheAsshole/comments/ulylev/aita_for_being_mad_at_my_emotionally_abusive/,INCLUDE,,The author directly identifies their sister as emotionally abusive.
4110,https://www.reddit.com/r/AmItheAsshole/comments/ulyha8/aita_for_being_mad_at_my_emotionally_abusive/,INCLUDE,,The author directly identifies their sister as emotionally abusive.
4111,https://www.reddit.com/r/AmItheAsshole/comments/ulq6ng/aita_for_beating_my_verbally_abusive_brother_up/,INCLUDE,,"The author identifies their brother as verbally abusive, even though the immediate AITA question concerns the author's retaliatory violence against him."
4112,https://www.reddit.com/r/ptsd/comments/ulfy35/first_time_posting_and_opening_up_to_strangers/,INCLUDE,,The author identifies an abusive sister as part of years of childhood trauma that now contributes to dangerous defensive reactions and PTSD symptoms.
4113,https://www.reddit.com/r/raisedbynarcissists/comments/ukii41/should_i_save_my_nmom_from_student_loan_debt_tw/,INCLUDE,,"The author identifies their brother as abusive and places him within a broader family system of lifelong mental, financial, and emotional abuse."
4114,https://www.reddit.com/r/mentalhealth/comments/ukhrlp/really_long_story_and_rant_about_an_abusive/,INCLUDE,,"The author gives a lengthy first-person account of an older sister's pinching, beatings, thrown objects, lockouts, humiliation, coerced labor, financial manipulation, and chronic guilt and control."
4115,https://www.reddit.com/r/emotionalabuse/comments/ukgz7d/deep_pain_due_to_wasted_years/,INCLUDE,,"The author says an older sister verbally, emotionally, and physically abused and manipulated them, while parental gaslighting cost years of self-esteem, relationships, and wellbeing."
4116,https://www.reddit.com/r/cats/comments/ujwuqd/aggressive_sibling/,FALSE_POSITIVE,nonhuman,The aggressive siblings are the author's two kittens.
4117,https://www.reddit.com/r/Vent/comments/ujad8l/pressured_to_forgive_my_abusive_sister/,INCLUDE,,"The author identifies their sister as abusive and describes parental invalidation, guilt, and pressure to resume contact despite no apology."
4118,https://www.reddit.com/r/Advice/comments/ujac7m/constantly_pressured_to_forgive_my_abusives/,INCLUDE,,"The author identifies their sister as abusive and describes parental invalidation, guilt, and pressure to resume contact despite no apology."
4119,https://www.reddit.com/r/mentalhealth/comments/uj84bf/who_tf_should_i_blame/,INCLUDE,,"The author describes an older sister throwing objects into their face and leaving scars, banging their head against a wall, breaking toys, spying, belittling, and emotionally abusing them."
4120,https://www.reddit.com/r/CPTSD/comments/uiynb0/has_anyone_else_experienced_emotionally_and_maybe/,INCLUDE,,"The author gives a detailed account of two much older brothers confining, dangling, pinning, smothering, nearly drowning, injuring, frightening, and emotionally humiliating them throughout childhood."
4121,https://www.reddit.com/r/TrueOffMyChest/comments/uipf2n/i_hate_my_abusive_sister_for_taking_arguments_too/,INCLUDE,,"The author describes their older sister taking belongings, violating boundaries, slapping them twice, throwing punches, and using a longstanding pattern of toxic humiliation and aggression."
4122,https://www.reddit.com/r/raisedbynarcissists/comments/uimb2u/healing_in_php_while_living_with_family_tw/,INCLUDE,,The author says continuing physical abuse by a brother caused complex PTSD and made the family home unsafe for recovery.
4123,https://www.reddit.com/r/BPDlovedones/comments/uikaiv/sibling_abuse/,UNCERTAIN,insufficient_context,The removed post is titled only “Sibling abuse” and contains no surviving first-person victim information.
4124,https://www.reddit.com/r/CPTSD/comments/uif52w/my_therapist_damaged_my_trust_in_her_by/,INCLUDE,,"The author describes an extremely abusive sister who repeatedly berated and shamed them as a loser, creating a trauma trigger that a therapist later activated."
4125,https://www.reddit.com/r/CPTSD/comments/uhpzja/in_fl_and_cant_find_a_safe_place_to_afford_to/,INCLUDE,,The author identifies their older brother as abusive and says family favoritism toward him contributed to the author being neglected and now struggling to rebuild a life.
4126,https://www.reddit.com/r/family/comments/uhpwe3/sister_in_law_tells_me_about_my_abusive_brother/,FALSE_POSITIVE,third_person_victim,"The removed post title indicates the author’s sister-in-law is reporting abuse involving the author’s brother, rather than giving a first-hand account of the author being abused by that sibling."
4127,https://www.reddit.com/r/HFY/comments/uho77g/frostfall_part_i/,FALSE_POSITIVE,fiction_or_media,"This is an explicitly labeled fantasy short story with fictional sibling characters, not a real person’s first-hand account."
4128,https://www.reddit.com/r/raisedbynarcissists/comments/uh0702/i_despise_my_abusive_brother_and_resent_my_nmom/,INCLUDE,,"The first-person title identifies the author’s own brother as abusive and says their mother repeatedly protects him, despite the deleted body."
4129,https://www.reddit.com/r/offmychest/comments/ugkvhk/how_tf_am_i_supposed_to_deal_with_an_abusive/,INCLUDE,,The author directly asks how to cope with an abusive sister and describes being exhausted by the situation.
4130,https://www.reddit.com/r/narcissisticsiblings/comments/ugj2qr/faking_a_panic_attack/,INCLUDE,,"The author describes lifelong gaslighting and belittling by their sibling, resulting in resurfaced trauma and anxiety about discussing the abuse."
4131,https://www.reddit.com/r/AskReddit/comments/ug5v1g/what_is_the_best_way_to_recover_from_sibling_abuse/,UNCERTAIN,insufficient_context,"The title asks generally how to recover from sibling abuse, but the empty body does not establish that the author personally experienced it."
4132,https://www.reddit.com/r/AskReddit/comments/ug5sbj/what_is_best_way_to_recover_from_sibling_abuse/,UNCERTAIN,insufficient_context,The removed post asks generally how to recover from sibling abuse without enough surviving context to confirm a first-hand account.
4133,https://www.reddit.com/r/KUWTK/comments/ug4r62/this_is_going_to_sound_harsh_but_if_khloe_really/,FALSE_POSITIVE,fiction_or_media,"This is celebrity commentary describing Khloé Kardashian as an “aggressive sister,” not an author’s account of abuse by their own sibling."
4134,https://www.reddit.com/r/StoryTime/comments/ug31s4/story_time_my_boyfriend_has_the_worst_family/,FALSE_POSITIVE,third_person_victim,"The author recounts their boyfriend’s mistreatment by his brother and other relatives; the sibling-abuse victim is the boyfriend, not the Reddit author."
4135,https://www.reddit.com/r/ihatemylife/comments/ufy0xc/im_invisible/,INCLUDE,,The author says their brother verbally and physically abused them for seven years and now causes them to fear being killed in their sleep.
4136,https://www.reddit.com/r/family/comments/uf3sd7/dysfunctional_family_abusive_brother/,FALSE_POSITIVE,third_person_victim,"The author reports that their younger brother abuses their parents and younger sister, but does not describe that brother abusing the author personally."
4137,https://www.reddit.com/r/raisedbynarcissists/comments/uev2ps/innocence/,FALSE_POSITIVE,wrong_relation,"The author’s abusers are their mother and stepfather; calling the stepfather “like an older abusive brother” is a metaphor, not abuse by an actual sibling."
4138,https://www.reddit.com/r/ao3feed_deanandsam/comments/uetso1/the_cain_instinct_by_peachylesbian/,FALSE_POSITIVE,fiction_or_media,This is an automated AO3 feed entry for Supernatural fan fiction tagged with sibling violence.
4139,https://www.reddit.com/r/Advice/comments/ud9t5m/forgiving_my_abusive_brother_and_moving_on/,INCLUDE,,"The author recounts years of being hit, chased, robbed, and ultimately subjected to a prolonged severe beating by their brother that left them fearing for their life."
4140,https://www.reddit.com/r/Dogtraining/comments/ucy6md/sibling_aggression/,FALSE_POSITIVE,nonhuman,"This deleted post appears in a dog-training forum under “Sibling aggression,” indicating animal rather than human siblings."
4141,https://www.reddit.com/r/AmItheAsshole/comments/ucunm8/aita_for_not_wanting_our_roommates_boyfriend_to/,INCLUDE,,"The author identifies their own brother as abusive and describes another person pressuring them to forgive him, which is a first-person reference to surviving sibling abuse."
4142,https://www.reddit.com/r/Advice/comments/ucu1h5/found_my_abusive_brother_drugs_should_i_say/,INCLUDE,,The title directly identifies the author’s own brother as abusive while asking what to do after finding his drugs.
4143,https://www.reddit.com/r/Advice/comments/ucreat/abusive_sister_i_cant_get_away_from/,INCLUDE,,"The author describes an older sister exercising coercive control, humiliating and belittling them, interfering with parenting decisions, and repeatedly hitting them."
4144,https://www.reddit.com/r/medical/comments/ucr2y8/i_can_never_seem_to_make_eye_contact_nor_look/,INCLUDE,,"The author explicitly says their older sibling has physically and verbally abused them for as long as they can remember, affecting their ability to look at or recognize the sibling."
4145,https://www.reddit.com/r/JUSTNOMIL/comments/ucj5k8/jnmom_texted_me_they_sold_our_childhood_home_when/,INCLUDE,,The author identifies their own sister as emotionally and physically abusive and says they remain no-contact partly to avoid her.
4146,https://www.reddit.com/r/AskReddit/comments/ubrmzy/why_is_sibling_bullying_so_much_more_tolerated/,FALSE_POSITIVE,generic_or_research,This is a general AskReddit question about society’s tolerance of sibling bullying with no surviving first-person account.
4147,https://www.reddit.com/r/confession/comments/uba5vf/i_was_and_still_am_a_verbally_abusive_sister_and/,FALSE_POSITIVE,perpetrator_only,"The removed title is the author’s admission that they are a verbally abusive sister, making the author the perpetrator rather than the sibling-abuse victim."
4148,https://www.reddit.com/r/relationship_advice/comments/ub7obu/stuck_living_with_unhelpful_aggressive_brother/,UNCERTAIN,insufficient_context,"The deleted post calls the author’s brother unhelpful and aggressive, but provides no surviving details showing whether the aggression constitutes mistreatment directed at the author."
4149,https://www.reddit.com/r/AmItheAsshole/comments/ub3w2g/wibta_if_i_told_my_bullys_abusive_brother_that_he/,FALSE_POSITIVE,wrong_relation,"The title concerns the abusive brother of the author’s bully, not abuse by the author’s own sibling."
4150,https://www.reddit.com/r/CPTSD/comments/uamqc9/cptsd_from_sibling_abuse_in_conjunction_with/,INCLUDE,,The author explicitly attributes debilitating CPTSD to abuse by their sibling combined with parental emotional neglect.
4151,https://www.reddit.com/r/CPTSD/comments/ualyd2/movies_that_hit_that_nerve_make_you_wanna_cry/,INCLUDE,,"The author says their CPTSD is partly caused by a psychopathically abusive brother, establishing a first-person sibling-abuse history."
4152,https://www.reddit.com/r/unpopularopinion/comments/ualofp/sibling_abuse_is_real_way_too_common_and_doesnt/,FALSE_POSITIVE,generic_or_research,"This is a general awareness/opinion post about the prevalence and recognition of sibling abuse, not a personal victim account."
4153,https://www.reddit.com/r/SaladFingers/comments/uaj72a/salad_fingers_theory/,FALSE_POSITIVE,fiction_or_media,"This is a theory about abuse in the fictional animated series Salad Fingers, not a real person’s account."
4154,https://www.reddit.com/r/reactivedogs/comments/uagqt3/needing_advice_on_sibling_aggression/,FALSE_POSITIVE,nonhuman,The deleted post is in a reactive-dog forum and concerns sibling aggression between animals.
4155,https://www.reddit.com/r/cobrakai/comments/uaehw1/will_there_be_any_cross_gender_rivalries_in/,FALSE_POSITIVE,fiction_or_media,This is speculation about rivalries among characters in the television series Cobra Kai.
4156,https://www.reddit.com/r/Catholicism/comments/ua9wjw/is_going_no_contact_with_an_emotionallyverbally/,INCLUDE,,"The author describes being berated almost daily by an older brother who is verbally hostile, emotionally manipulative, accusatory, sexually inappropriate, and damaging to their mental health."
4157,https://www.reddit.com/r/CPTSD/comments/u8yh2w/tw_angelic_savior_no_more_how_i_fell_from_my/,FALSE_POSITIVE,wrong_relation,"This lengthy first-person account concerns abuse by the author’s mother, father, clergy, and an aunt; the abusive sister mentioned is the mother’s sister, not the author’s own sibling."
4158,https://www.reddit.com/r/HentaiAndRoleplayy/comments/u8q5si/fb4m_abusive_brother/,FALSE_POSITIVE,fiction_or_roleplay,This deleted “FB4M” post was submitted to a hentai roleplay forum and is an abusive-brother sexual roleplay solicitation.
4159,https://www.reddit.com/r/dirtypenpals/comments/u8q50k/fb4m_abusive_brother/,FALSE_POSITIVE,fiction_or_roleplay,This deleted “FB4M” post was submitted to a dirty roleplay forum and is an abusive-brother sexual roleplay solicitation.
4160,https://www.reddit.com/r/relationship_advice/comments/u8otxr/i_became_too_violent_with_my_violent_brother/,INCLUDE,,"The removed title describes a real first-person violent confrontation with the author’s own violent brother, indicating potential reciprocal or retaliatory sibling violence."
4161,https://www.reddit.com/r/offmychest/comments/u8jiin/boyfriend_still_lives_with_his_verbally_abusive/,FALSE_POSITIVE,third_person_victim,The author describes their boyfriend being frightened and verbally abused by his brother; the author is not the sibling-abuse victim.
4162,https://www.reddit.com/r/offmychest/comments/u89ziu/i_want_to_escape_my_abusive_sister_even_if_that/,INCLUDE,,The author’s first-person title says they need to escape their abusive sister even if doing so means leaving the rest of the family.
4163,https://www.reddit.com/r/offmychest/comments/u89nu7/i_want_to_leave_my_lifefamily_withoit_telling/,INCLUDE,,The author’s first-person title says they want to leave their family without notice to escape their abusive sister.
4164,https://www.reddit.com/r/Vent/comments/u80rxd/friendships_and_how_i_managed_to_ruin_them/,INCLUDE,,"The author identifies their own sister as extremely abusive and says her return home contributed to insomnia, inability to eat, and severe distress around the author’s birthday."
4165,https://www.reddit.com/r/AmItheAsshole/comments/u7w941/aita_for_not_forgiving_my_abusive_brother_and/,INCLUDE,,The removed first-person title identifies both the author’s brother and father as abusive and asks whether refusing to forgive them is wrong.
4166,https://www.reddit.com/r/legaladvice/comments/u7ejy3/what_are_my_options_to_get_away_from_my_abusive/,INCLUDE,,The deleted legal-advice title directly asks how the author can get away from their abusive brother.
4167,https://www.reddit.com/r/Totaldrama/comments/u758ds/one_thing_i_found_slightly_disappointing_about/,FALSE_POSITIVE,fiction_or_media,This is discussion of fictional Total Drama characters and a hypothetical plot about one character avenging another’s abusive-sibling experience.
4168,https://www.reddit.com/r/TwoXChromosomes/comments/u70k5w/how_long_do_people_treat_you_amazingly_when_you/,INCLUDE,,The author says their sister has spent years calling them a useless waste for not having children and blaming their disabilities on that choice.
4169,https://www.reddit.com/r/CPTSD/comments/u6s9js/dae_have_a_lack_of_memories_but_have_an_intuitive/,INCLUDE,,"The author describes a visceral fear and repulsion toward their older brother, missing childhood memories, and signs leading them to suspect childhood sexual sibling abuse."
4170,https://www.reddit.com/r/r4r/comments/u6rwws/35_m4f_northern_mn_i_think_im_ready_for_my_next/,FALSE_POSITIVE,irrelevant_collision,This dating advertisement merely states a preference for partners without family drama such as violent siblings; it is not the author’s abuse account.
4171,https://www.reddit.com/r/depression/comments/u6cg4n/i_feel_broken/,INCLUDE,,The author identifies an aggressive brother as one of the family members they blame for their severe ongoing emotional distress and sense of being broken.
4172,https://www.reddit.com/r/automationgame/comments/u67e72/alto_gukumatz_a_mayan_god_of_creation_this/,FALSE_POSITIVE,irrelevant_collision,"The title calls one trim of a fictional car model the more “aggressive brother” of another, using sibling language metaphorically."
4173,https://www.reddit.com/r/selfimprovement/comments/u6651d/how_to_overcome_childhood_traumaabuse/,INCLUDE,,"The author says an older abusive sibling confined and threatened them into compliance during childhood, leaving lasting social anxiety and inability to advocate for themself."
4174,https://www.reddit.com/r/offmychest/comments/u5yugw/i_committed_sibling_abuse_and_i_regret_it_and/,FALSE_POSITIVE,perpetrator_only,The removed title is the author’s admission that they committed sibling abuse against their sister and now regret it.
4175,https://www.reddit.com/r/FamilyIssues/comments/u5xd4w/my_abusive_brother_that_used_to_beat_me_when_i/,INCLUDE,,"The title says the author’s abusive brother beat them as a minor and still frightens, targets, lies about, and ridicules them."
4176,https://www.reddit.com/r/legaladvice/comments/u5tygj/i_need_help_from_my_abusive_brother/,INCLUDE,,The deleted first-person legal-advice post directly identifies the author’s own brother as abusive and seeks help concerning him.
4177,https://www.reddit.com/r/UnsentLetters/comments/u5tmeu/you_said_youd_come_back/,INCLUDE,,The author describes enduring pandemic isolation while living with their verbally abusive sister.
4178,https://www.reddit.com/r/relationship_advice/comments/u5knxv/my_mother_has_passed_away_and_i_am_not_sure_how/,INCLUDE,,The deleted first-person title says the author is struggling with how to handle their abusive brother after their mother’s death.
4179,https://www.reddit.com/r/HentaiAndRoleplayy/comments/u5blny/abusive_brother_or_son_rp_want_some_wholesome/,FALSE_POSITIVE,fiction_or_roleplay,This is an explicit solicitation for an abusive-brother or abusive-son sexual roleplay.
4180,https://www.reddit.com/r/raisedbynarcissists/comments/u5b4ov/coping_with_helpless_abusive_sibling_relationship/,INCLUDE,,"The author describes a brother stealing from them, exploiting them financially, repeatedly withholding money needed for rent and a child, and threatening them when confronted."
4181,https://www.reddit.com/r/AmItheAsshole/comments/u58el7/aita_for_wanting_to_move_in_with_abusive_brother/,INCLUDE,,"The author explicitly says their brother abused both them and their parents and caused substantial trauma, even though they are considering moving in with him to escape another harmful home situation."
4182,https://www.reddit.com/r/TrueOffMyChest/comments/u4mz3l/i_got_revenge_on_my_abusive_brother_by_giving_him/,INCLUDE,,"The author recounts an older brother routinely beating, stomping, throwing dangerous objects at, enslaving, and threatening them when they were twelve."
4183,https://www.reddit.com/r/CPTSD/comments/u4013e/tw_graphic_physical_abuse_sibling_abuse/,INCLUDE,,"The author gives a detailed account of their younger brother repeatedly beating them, threatening them with weapons, and fantasizing about murdering them while adults minimized the violence."
4184,https://www.reddit.com/r/raisedbynarcissists/comments/u3yfip/moving_out_and_breaking_out_of_the_family_cycle/,INCLUDE,,"The author describes siblings participating in years of emotional and physical abuse, including a brother beating and confining them and sisters encouraging suicide, exploiting them, and continuing emotional abuse."
4185,https://www.reddit.com/r/MomForAMinute/comments/u3v9dn/hi_mom_how_do_i_handle_my_younger_brothers/,INCLUDE,,"The author says their increasingly aggressive younger brother destroys the home and leaves family members with cuts and bruises, making the author feel unsafe and terrified at home."
4186,https://www.reddit.com/r/AskReddit/comments/u3k3oh/people_who_romanticize_sibling_abusebullying/,FALSE_POSITIVE,generic_or_research,This removed AskReddit post asks generally about people who romanticize sibling abuse and contains no personal victim account.
4187,https://www.reddit.com/r/AskReddit/comments/u3j9e0/people_who_romanticize_sibling_abuse_particularly/,FALSE_POSITIVE,generic_or_research,This deleted AskReddit post asks generally about people who romanticize sibling abuse and contains no personal victim account.
4188,https://www.reddit.com/r/confession/comments/u32z4c/sibling_abuse_victims_where_do_i_go_from_here_im/,UNCERTAIN,insufficient_context,"The removed title addresses “sibling abuse victims” and asks where to go next, but does not clearly establish whether the author is personally a victim."
4189,https://www.reddit.com/r/Advice/comments/u32y6i/sibling_abuse_victims/,UNCERTAIN,insufficient_context,"The deleted post consists only of the title “sibling abuse victims,” leaving the author’s relationship to the topic unknown."
4190,https://www.reddit.com/r/HentaiAndRoleplayy/comments/u2kzch/abusive_brother_or_dad_rp_no_limits/,FALSE_POSITIVE,fiction_or_roleplay,This is an explicit no-limits abusive-brother or abusive-father roleplay solicitation.
4191,https://www.reddit.com/r/StrangerThings/comments/u2fa45/why_does_max_care_about_billy/,INCLUDE,,"Although framed around Stranger Things, the author directly says they have experienced an emotionally abusive sister and that life improved after removing her."
4192,https://www.reddit.com/r/pettyrevenge/comments/u24rt7/my_dream_revenge_would_be_to_buy_my_mean_abusive/,INCLUDE,,The first-person title identifies the author’s own sister as mean and abusive and imagines buying her a house in exchange for an apology.
4193,https://www.reddit.com/r/depression/comments/u1lnbp/it_really_doesnt_matter_anymore/,INCLUDE,,"The author says the brother for whom they serve as full-time caregiver is emotionally abusive, constantly implying that the author does nothing and is lazy."
4194,https://www.reddit.com/r/offmychest/comments/u13wt4/i_just_need_a_reminder_that_im_not_at_fault/,INCLUDE,,"The author describes their intoxicated older brother slapping and physically beating both the author and their fiancée, leading to charges and a restraining order."
4195,https://www.reddit.com/r/relationships/comments/u11734/maintaining_distance_from_abusive_brother/,INCLUDE,,The deleted first-person title says the author is trying to maintain distance from their abusive brother.
4196,https://www.reddit.com/r/relationships/comments/u10u88/maintaining_distance_from_abusive_brother/,INCLUDE,,The removed first-person title says the author is trying to maintain distance from their abusive brother.
4197,https://www.reddit.com/r/LifeAfterNarcissism/comments/u10tix/1_month_since_the_discard_and_replacement/,INCLUDE,,"The author says they still live with an abusive sister while recovering from another traumatic relationship and long for independence, peace, and safety."
4198,https://www.reddit.com/r/AbusedTeens/comments/u0x2kw/abusive_sibling/,INCLUDE,,"The author says their older sister beat and tortured them from early childhood until age thirteen, with lasting effects on their ability to say no."
4199,https://www.reddit.com/r/questions/comments/u0wwj8/states_with_sibling_abuse_laws/,FALSE_POSITIVE,generic_or_research,"This is a general legal-information question asking which states have sibling-abuse laws, with no personal victim account."
4200,https://www.reddit.com/r/abusesurvivors/comments/u0hh8u/sibling_abuse/,INCLUDE,,"The author gives a detailed first-person history of a half-sister’s daily verbal degradation, control, harassment, sexualized humiliation, physical injury, and continued adult mistreatment."
4201,https://www.reddit.com/r/narcissisticparents/comments/u0g0qk/so_who_do_you_cut_off_and_who_do_you_go_low/,INCLUDE,,"The author says efforts to move away from their abusive brother and mother were met with physical violence, knife threats, gaslighting, and coercive attempts to prevent them leaving."
4202,https://www.reddit.com/r/CPTSD/comments/u0fpmh/i_feel_like_im_practically_the_only_person_i_know/,INCLUDE,,"The author identifies their own brother as an alcoholic, drug-addicted, and extremely abusive person whose behavior shaped the author’s avoidance of substances."
4203,https://www.reddit.com/r/IAmA/comments/u0d9u5/iama_poc_living_with_my_abusive_sister_and_her/,INCLUDE,,The removed title says the author lives with an abusive sister and her boyfriend whom the author believes are trying to kill them.
4204,https://www.reddit.com/r/CPTSD/comments/tzeo5h/sibling_abuse/,INCLUDE,,"The author recounts a half-sister’s persistent insults, control, harassment, sexualized humiliation, physical injury, and continuing adult mistreatment."
4205,https://www.reddit.com/r/BestofRedditorUpdates/comments/tz7wxk/my_parents_have_refused_for_years_to_do_anything/,FALSE_POSITIVE,repost_or_archive,The post explicitly states “I am NOT OP” and reproduces another Reddit user’s sibling-abuse story and updates.
4206,https://www.reddit.com/r/TrueOffMyChest/comments/tytycr/at_age_18_i_just_disowned_my_abusive_brother_and/,INCLUDE,,"The author says they disowned their brother after a lifetime of being humiliated, degraded, and abused by him and their father."
4207,https://www.reddit.com/r/relationships/comments/typx1g/i_34f_had_a_dream_that_my_older_abusive_sister/,INCLUDE,,The removed title identifies the author’s older sister as abusive and describes the author’s emotional reaction to dreaming that she died.
4208,https://www.reddit.com/r/relationships/comments/typull/i_had_a_dream_my_older_abusive_sister_died_and_i/,INCLUDE,,The removed title identifies the author’s older sister as abusive and describes the author’s emotional reaction to dreaming that she died.
4209,https://www.reddit.com/r/Vent/comments/tymwpw/why_isnt_sibling_abuse_acknowledged_as_often_as/,INCLUDE,,The author says an older brother put both them and another brother through disturbing mistreatment that the author only later recognized as abuse.
4210,https://www.reddit.com/r/relationship_advice/comments/tykzpd/has_anyone_else_grown_up_with_an_abusive_sibling/,INCLUDE,,The author directly says they grew up living with an abusive older brother and asks whether others had similar experiences.
4211,https://www.reddit.com/r/AsianParentStories/comments/tyfwyi/confronting_abusive_sibling/,UNCERTAIN,insufficient_context,"The removed title mentions confronting an abusive sibling, but does not show whether that sibling abused the author personally."
4212,https://www.reddit.com/r/askpsychology/comments/txdzjj/how_come_sibling_abuse_is_rarely_talked_about/,FALSE_POSITIVE,generic_or_research,"This removed psychology question asks generally why sibling abuse receives little discussion, without a personal account."
4213,https://www.reddit.com/r/raisedbynarcissists/comments/txdrx0/sibling_abuse/,INCLUDE,,The author says their sister bullied and abused them for fourteen years and shares a song created to aid their healing.
4214,https://www.reddit.com/r/PiercingAdvice/comments/txcbz0/piercing_advice_for_a_dummy_like_me/,FALSE_POSITIVE,ordinary_non_abusive_conflict,The phrase “sibling bullying” refers only to ordinary teasing endured while the author asked their sister for piercing advice; no abusive conduct is described.
4215,https://www.reddit.com/r/MNTrolls/comments/tx6ww8/not_necessarily_a_specific_thread_but_is_there_a/,FALSE_POSITIVE,generic_or_research,"This is meta-discussion speculating that multiple online stories about violent autistic siblings may be trolling, not the author’s own abuse account."
4216,https://www.reddit.com/r/relationship_advice/comments/tx68qs/my_fiance_broke_up_with_me_and_i_dont_know_what/,FALSE_POSITIVE,third_person_victim,The abusive brother belongs to the author’s fiancée and is mentioned only as part of her childhood history; the author is not the victim.
4217,https://www.reddit.com/r/CPTSD_NSCommunity/comments/twz39u/sibling_abuse_is_it_really_my_fault/,INCLUDE,,"The author describes more than a decade of relentless physical and emotional abuse by an older brother, compounded by parental punishment, threats, and denial."
4218,https://www.reddit.com/r/relationship_advice/comments/twr3bo/i_f20_dont_know_how_to_deal_with_my_violent/,INCLUDE,,"The author describes a younger sister stealing from them, humiliating them about sexual assault and disability, trying to sabotage their relationship, endangering pets, and destroying their sense of safety."
4219,https://www.reddit.com/r/relationship_advice/comments/twncz1/my_20f_bf_22m_is_moving_in_with_friend_25f_who_is/,FALSE_POSITIVE,third_person_victim,"The abusive sibling belongs to the author’s boyfriend’s friend Chloe; the post concerns the author’s jealousy about their planned cohabitation, not abuse of the author."
4220,https://www.reddit.com/r/mylittlepony/comments/twe16t/some_cute_sibling_bullying_3/,FALSE_POSITIVE,fiction_or_media,This empty post in a My Little Pony forum labels fictional character interaction “cute sibling bullying.”
4221,https://www.reddit.com/r/venting/comments/tv08iw/i_dont_even_care_anymore/,FALSE_POSITIVE,third_person_victim,"The author reports that their brother is currently hitting and abusing their mother, but does not describe being abused by him personally."
4222,https://www.reddit.com/r/abusiverelationships/comments/tu6pa9/living_with_an_abusive_sibling_need_advice/,INCLUDE,,The deleted title says the author is living with an abusive sibling and needs advice.
4223,https://www.reddit.com/r/Estrangedsiblings/comments/tu2z3h/estranged_for_12_years_and_sister_had_a_baby/,INCLUDE,,The author has been estranged from their abusive sister for twelve years and describes being triggered by renewed family focus on her after she had a baby.
4224,https://www.reddit.com/r/raisedbynarcissists/comments/ttvkwg/my_narcissistic_abusive_sister_is_expecting_and/,INCLUDE,,The removed title identifies the author’s own sister as narcissistic and abusive and says she is trying to pull the author back into her life.
4225,https://www.reddit.com/r/relationship_advice/comments/ttj517/need_advice_on_a_possible_co_dependablemaybe/,INCLUDE,,The deleted title seeks advice about the author’s potentially codependent and emotionally abusive relationship with their twin sibling.
4226,https://www.reddit.com/r/abusiverelationships/comments/ttfl6i/where_to_find_resources_for_twin_who_survived/,FALSE_POSITIVE,third_person_victim,"The author asks for resources on behalf of an unnamed identical twin abused by their twin, rather than recounting abuse the author personally survived."
4227,https://www.reddit.com/r/relationships/comments/ttdad1/feeling_conflicted_after_cutting_contact_with_my/,INCLUDE,,"The author describes an older brother’s coercive control, forced confinement, insults, abusive messages, threats against their partner’s property, screaming, and attempted outing."
4228,https://www.reddit.com/r/relationships/comments/ttd7vu/feeling_conflicted_after_cutting_contact_from_my/,INCLUDE,,The removed first-person title says the author cut contact with their abusive brother and now feels conflicted.
4229,https://www.reddit.com/r/HomeschoolRecovery/comments/tt77l3/i_need_some_good_books_on_sibling_abuse/,INCLUDE,,"The author says older siblings emotionally and physically abused, confused, and humiliated them throughout childhood and seeks books on the subject."
4230,https://www.reddit.com/r/copypasta/comments/tsk1tl/from_rteenagers/,FALSE_POSITIVE,repost_or_archive,"This is a copypasta repost of someone claiming to help another user put an abusive sister in prison, not the poster’s own sibling-abuse account."
4231,https://www.reddit.com/r/Advice/comments/try9zl/advice_on_verbally_abusive_sister/,INCLUDE,,The deleted title seeks advice about the author’s verbally abusive sister.
4232,https://www.reddit.com/r/Vent/comments/tr9yqi/my_mum_keeps_pushing_me_to_forgive_my_abusive/,INCLUDE,,"The author describes years of severe emotional and physical abuse by a sister, including victim-blaming after sexual assault and a recent beating and property destruction requiring police."
4233,https://www.reddit.com/r/dadjokes/comments/tqm9z8/i_used_to_play_football_with_my_abusive_brother/,FALSE_POSITIVE,irrelevant_collision,This is a one-line wordplay joke in which the “abusive brother” was a football striker.
4234,https://www.reddit.com/r/abusivesiblings/comments/tqcr7t/forced_to_take_care_of_my_abusive_sister/,INCLUDE,,"The author gives a detailed account of a younger sister repeatedly beating, kicking, hair-dragging, threatening, degrading, and later harassing them through abusive messages while family pressured continued contact."
4235,https://www.reddit.com/r/HFY/comments/tq0x2w/the_daughter_that_followed_will_of_stone_heart_of/,FALSE_POSITIVE,fiction_or_media,This is an installment of a crossover multiverse story featuring fictional characters and sibling dialogue.
4236,https://www.reddit.com/r/wedding/comments/tptmq9/how_do_i_tell_my_sister_who_just_got_out_of/,INCLUDE,,"The author says their biological brother repeatedly physically and mentally abused them, leading the author to separate from him and exclude him from their wedding."
4237,https://www.reddit.com/r/danganronpa/comments/tprluh/which_murdersuicide_do_you_find_the_most/,FALSE_POSITIVE,fiction_or_media,This is discussion of murders and abusive fictional characters in the Danganronpa game series.
4238,https://www.reddit.com/r/relationships/comments/tpj40k/how_can_i_24m_explain_to_my_mother_67f_that_i/,INCLUDE,,"The author describes an older brother yelling at, insulting, and hitting them throughout childhood, causing anxiety, depression, low self-esteem, and later trauma reactions."
4239,https://www.reddit.com/r/SMG4/comments/tp902q/what_do_you_think_of_luke_and_kevin_overall/,FALSE_POSITIVE,fiction_or_media,This is fan-community discussion of real content creators and a video that allegedly portrays one as an abusive brother; it contains no personal abuse account by the author.
4240,https://www.reddit.com/r/Advice/comments/tofsyf/i_need_help_getting_out_of_my_house/,INCLUDE,,"The author describes a younger sister’s verbal and emotional abuse, screaming, coercive self-harm displays, control, mockery of depression, and deliberate provocation in an isolated home."
4241,https://www.reddit.com/r/HentaiAndRoleplayy/comments/toc4wm/cuntboymale_sub_looking_for_older_physically/,FALSE_POSITIVE,fiction_or_roleplay,This is an explicit sexual-roleplay solicitation seeking someone to portray a physically abusive older brother.
4242,https://www.reddit.com/r/Vent/comments/to0644/helpchild_abuseplanning_revenge/,INCLUDE,,"The author says their sister abused them from childhood, made them suicidal, and caused lasting behavioral and emotional harm, though they withhold the abuse details."
4243,https://www.reddit.com/r/offmychest/comments/tnyj7z/i_hate_my_gfs_deranged_abusive_brother/,FALSE_POSITIVE,third_person_victim,"The removed title concerns the author’s girlfriend’s abusive brother, not abuse by the author’s own sibling."
4244,https://www.reddit.com/r/ededdneddy/comments/tnw6t9/eddys_brother_has_a_toxic_relationship_with_eddys/,FALSE_POSITIVE,fiction_or_media,"This is a parody song about fictional Ed, Edd n Eddy characters and an abusive brother."
4245,https://www.reddit.com/r/abusiverelationships/comments/tnjrl3/abusive_brother/,INCLUDE,,"The author says their brother has become abusive, using suicide threats against their mother and verbally attacking the author and their mother’s partner."
4246,https://www.reddit.com/r/confessions/comments/tnfii4/i_hate_my_sister_and_her_child/,INCLUDE,,"The author describes a sister repeatedly hitting them, faking family deaths to make them cry, outing them, ostracizing them, and once tackling and banging their head into tile while urging suicide."
4247,https://www.reddit.com/r/siblingsfromhell/comments/tn80zo/need_help_with_annoying_sister/,INCLUDE,,"The author describes a verbally abusive younger sister’s daily screaming, manipulative self-harm, false reporting, and relentless arguments that have contributed to severe depression."
4248,https://www.reddit.com/r/EntitledPeople/comments/tn7k68/religious_nut_parents_verbally_abusive_brother/,INCLUDE,,"The author says their younger brother joined their parents in verbally abusing and insulting them over a distorted family dispute, leading the author to block him."
4249,https://www.reddit.com/r/Gamingcirclejerk/comments/tn7g70/gmer_considers_sibling_violence_age_saves_day/,FALSE_POSITIVE,irrelevant_collision,"This empty gaming-circlejerk post is a meme-style reference to “sibling violence,” not a first-person abuse account."
4250,https://www.reddit.com/r/raisedbynarcissists/comments/tn1ty3/something_different/,INCLUDE,,"The author says the sister who raised them is narcissistic, continually makes their life miserable, yells constantly, manipulates them, and is described explicitly as abusive."
4251,https://www.reddit.com/r/CPTSD/comments/tllka4/can_delusions_and_flashbacks_happen_at_the_same/,INCLUDE,,"The author says ongoing family abuse, including statements made by an abusive brother, has aggravated their CPTSD and contributed to severe stress and delusions."
4252,https://www.reddit.com/r/narcissisticparents/comments/tkwb3k/anyone_elses_nparents_call_just_to_talk_about/,INCLUDE,,The author identifies their own brother as abusive and says they are no-contact with him while their mother repeatedly discussing him causes significant stress.
4253,https://www.reddit.com/r/siblingsfromhell/comments/tkez2v/toxic_racist_aggressive_brother_with_violent/,INCLUDE,,"The author describes an older brother’s repeated yelling, insults, aggressive confrontations, racist hostility, blame, and intimidation, ultimately leading them to sever contact."
4254,https://www.reddit.com/r/raisedbynarcissists/comments/tkelgn/sent_my_lying_abusive_sister_an_email_and_she_got/,INCLUDE,,The deleted title identifies the author’s sister as lying and abusive and describes an attempted communication with her.
4255,https://www.reddit.com/r/SuicideWatch/comments/tkbq9j/im_14_and_trying_to_cope_with_childhood_trauma/,INCLUDE,,"The fourteen-year-old author says a sister has physically, mentally, and emotionally abused them for four years and still attacks them with parental impunity, contributing to CPTSD and suicidality."
4256,https://www.reddit.com/r/relationship_advice/comments/tk5lfb/how_to_i_communicate_with_my_aggressive_sister/,INCLUDE,,"The author describes a sister repeatedly making them the target of public ridicule, recording their distress, recruiting others to laugh at them, dismissing their boundaries, and berating them for laughs."
4257,https://www.reddit.com/r/homestuck/comments/tjokj9/fanfictions_searching/,FALSE_POSITIVE,fiction_or_media,This is a search for Homestuck fan fiction in which a fictional character discovers that another was abused by his brother.
4258,https://www.reddit.com/r/abusiveparents/comments/tjegsv/fuck_you_mom/,INCLUDE,,The author says their abusive sister has tried to kill them with her bare hands multiple times while their mother expects continued tolerance.
4259,https://www.reddit.com/r/confessions/comments/tj806j/i_hate_my_abusive_sister_but_people_say_i_should/,INCLUDE,,"The author describes a sister shaming their suicidality, threatening physical harm, spreading lies to friends and family, and stealing years of savings."
4260,https://www.reddit.com/r/siblingabusecommunity/comments/tipjzk/when_does_sibling_rivalry_become_sibling_abuse/,INCLUDE,,The author explicitly identifies their own painful sibling relationship as abuse and says they finally found the courage to name and share their story.
4261,https://www.reddit.com/r/CPTSD/comments/tij1nm/abused_by_sister_all_my_life_and_now_ptsd/,INCLUDE,,"The author gives a detailed history of lifelong physical injury, bullying, humiliation, gaslighting, alcohol poisoning, and adult denigration by an older sister, resulting in severe trauma symptoms."
4262,https://www.reddit.com/r/Advice/comments/tiav6u/how_to_deal_with_a_mentally_abusive_sibling/,INCLUDE,,The deleted advice title indicates the author is seeking help dealing with a mentally abusive sibling.
4263,https://www.reddit.com/r/raisedbynarcissists/comments/ti6gjr/need_advice_on_how_to_go_no_contact_w_abusive/,INCLUDE,,The author says lasting abuse by their sister and father severely damaged them mentally and physically and that they have already gone no-contact with the sister.
4264,https://www.reddit.com/r/DogTrainingTips/comments/ti3jow/advice_on_6yo_aggressive_brother_keeps_attacking/,FALSE_POSITIVE,nonhuman,This deleted Dog Training Tips post concerns one six-year-old dog attacking its littermate.
4265,https://www.reddit.com/r/DogTrainingTips/comments/ti3iz0/advice_on_6yo_aggressive_brother_keeps_attacking/,FALSE_POSITIVE,nonhuman,This post asks for advice about one French bulldog growling at and attacking his canine littermate.
4266,https://www.reddit.com/r/siblingabuseisreal/comments/thxmjx/sibling_abuse_research/,FALSE_POSITIVE,generic_or_research,"This post compiles books, experts, videos, and other informational resources about sibling abuse without presenting the author’s own victim account."
4267,https://www.reddit.com/r/SexualAbuseSurvivors/comments/thwe5w/sexually_abused_by_sibling/,INCLUDE,,The removed title directly states that the author was sexually abused by a sibling.
4268,https://www.reddit.com/r/siblingabuseisreal/comments/thuzrl/sibling_abuse_trauma/,INCLUDE,,"The author describes roughly twenty years of daily beatings, bullying, and continuing emotional and verbal abuse by a younger brother, causing depression, anxiety, severe stress, and CPTSD."
4269,https://www.reddit.com/r/AmItheAsshole/comments/thuv6j/aita_for_telling_my_sister_i_dont_feel/,INCLUDE,,The removed title says the author avoids a sister’s wedding because their abusive brother will attend.
4270,https://www.reddit.com/r/AmItheAsshole/comments/thutn0/aita_for_telling_my_sister_i_dont_feel/,INCLUDE,,The removed title says the author avoids a sister’s wedding because their abusive brother will attend.
4271,https://www.reddit.com/r/AmItheAsshole/comments/thum8l/aita_for_telling_my_sister_i_dont_feel/,INCLUDE,,The removed title says the author avoids a sister’s wedding because their abusive brother will attend.
4272,https://www.reddit.com/r/siblingsfromhell/comments/thttu8/narcissistic_little_brother_dented_my_personality/,INCLUDE,,"The author says a younger brother physically and emotionally abused them daily as a child, using them as a punching bag and leaving lasting need for counseling and medication."
4273,https://www.reddit.com/r/JUSTNOFAMILY/comments/thf7av/trying_to_not_console_a_emotionally_abusive_sister/,INCLUDE,,The author describes an emotionally abusive sister who gaslights them through draining arguments and uses vague repeated apologies to pull them back into contact.
4274,https://www.reddit.com/r/TrueOffMyChest/comments/tggztw/i_cut_contact_with_my_verbally_and_physically/,INCLUDE,,The deleted title states that the author cut contact with a sister who was verbally and physically abusive and now feels free.
4275,https://www.reddit.com/r/confessions/comments/tgb2mv/update_i_cannot_stand_my_autistic_twin_brother/,INCLUDE,,"The author describes their twin brother repeatedly becoming violent, slapping, tackling, trying to injure the author’s eye, and hurting other family members while parents force the author into a caregiving role."
4276,https://www.reddit.com/r/southpark/comments/tfojot/why_do_people_say_kyle_was_an_abusive_brother_in/,FALSE_POSITIVE,fiction_or_media,This is discussion of whether the fictional South Park character Kyle was abusive to his brother in older episodes.
4277,https://www.reddit.com/r/Advice/comments/tfmeip/best_friend_getting_closer_with_abusive_brother/,INCLUDE,,The deleted title indicates the author is distressed that their best friend is becoming closer to the author’s abusive brother.
4278,https://www.reddit.com/r/PsychedelicMentions/comments/tfm5q9/ayahuasca_in_rjustnofamily_about_to_cut_off_toxic/,FALSE_POSITIVE,repost_or_archive,This is an automated PsychedelicMentions cross-reference quoting the title and a sentence from another user’s abusive-brother post.
4279,https://www.reddit.com/r/relationship_advice/comments/tflif7/best_friend_is_getting_closer_to_my_abusive/,INCLUDE,,"The author describes a brother’s financial manipulation, housing threats, forced-pill attempt, physical attacks, harassment, cruelty toward their grieving partner, dog-related threats, and false-police-report coercion."
4280,https://www.reddit.com/r/helpme/comments/tfj78m/about_to_cut_off_toxic_abusive_brother_in_need_of/,INCLUDE,,"The deleted title says the author is preparing to cut off their toxic, abusive brother and needs support."
4281,https://www.reddit.com/r/JUSTNOFAMILY/comments/tfj5f5/about_to_cut_off_toxic_abusive_brother_in_need_of/,INCLUDE,,"The author describes an older brother’s lifelong mental abuse, bullying, manipulation, domination, and coercive control that left the author and parents terrified and drove the author toward suicidal depression."
4282,https://www.reddit.com/r/relationships/comments/tfigri/should_i_cut_off_my_21f_friend_21f_that_made_fun/,FALSE_POSITIVE,third_person_victim,The author is recounting years of bullying by a school friend; the abusive sister mentioned belongs to that friend and did not abuse the author.
4283,https://www.reddit.com/r/relationship_advice/comments/tfhrfq/should_i_cut_off_my_21f_friend_21f_who_made_fun/,FALSE_POSITIVE,third_person_victim,The author is recounting years of bullying by a school friend; the abusive sister mentioned belongs to that friend and did not abuse the author.
4284,https://www.reddit.com/r/AmItheAsshole/comments/tfgcd3/aita_for_not_forgiving_my_bully_friend_after_years/,FALSE_POSITIVE,third_person_victim,The author is recounting years of bullying by a school friend; the abusive sister mentioned belongs to that friend and did not abuse the author.
4285,https://www.reddit.com/r/MoneyDiariesACTIVE/comments/tezwbt/i_am_23_years_old_make_110000_as_a_consultant_in/,FALSE_POSITIVE,wrong_relation,"The money diary mentions the author’s partner’s abusive brother and the author’s parents’ mistreatment of a younger sibling, but not abuse of the author by their own sibling."
4286,https://www.reddit.com/r/CPTSD/comments/tev21k/aita_for_wanting_to_cut_off_ties_with_the_last/,INCLUDE,,"The author describes an older brother repeatedly initiating sexual acts, manipulating, and sexually abusing them from early childhood through adolescence, resulting in diagnosed PTSD."
4287,https://www.reddit.com/r/JEENEETards/comments/tej0zu/how_many_of_your_parents_only_ever_appreciated/,INCLUDE,,The author says they are trapped in a dysfunctional home with both an abusive father and abusive brother and wants college to provide escape.
4288,https://www.reddit.com/r/AmItheAsshole/comments/teduk4/aita_for_not_apologizing_over_a_video_game/,INCLUDE,,The author says they stayed home alone with a previously abusive sister in order to accommodate a friend’s plans.
4289,https://www.reddit.com/r/offmychest/comments/tec3dq/abusive_brother_is_making_my_mother_his_new/,INCLUDE,,"The removed title identifies the author’s own brother as abusive and says he is making their mother his new scapegoat, implying an existing family abuse pattern."
4290,https://www.reddit.com/r/desmoines/comments/teb71p/actually_autistic_or_queer_therapists_in_des/,INCLUDE,,The author says they are dealing with sibling abuse and parental invalidation and that the situation with a younger sister recently escalated.
4291,https://www.reddit.com/r/relationship_advice/comments/teaxxp/am_i_the_bad_guy_for_ending_a_friendship_over_a/,INCLUDE,,"The author says staying home alone with a previously abusive sister caused panic attacks, though the post’s main conflict concerns a friend."
4292,https://www.reddit.com/r/personalfinance/comments/te8hu8/considering_a_career_in_cloud_computingis_it/,INCLUDE,,"The author says a sibling deliberately tries to damage their mental health every day, wants the author to fail, and continues abusing them despite attempts to help."
4293,https://www.reddit.com/r/Trishyland/comments/tdz0eq/kali_looks_so_different_here_all_of_these_were/,FALSE_POSITIVE,fiction_or_media,"This is celebrity/influencer gossip accusing someone of supporting her abusive sister, not the poster’s personal sibling-abuse account."
4294,https://www.reddit.com/r/family/comments/tdtblg/all_this_time_i_thought_my_parents_were_toxic_it/,INCLUDE,,"The author describes an older sister’s anger, yelling, property destruction, hitting, insults, public humiliation, blame, lying, and encouragement of dangerous behavior throughout childhood and adolescence."
4295,https://www.reddit.com/r/Vent/comments/tdord0/aggressive_brother_with_special_needs/,UNCERTAIN,insufficient_context,The deleted title mentions an aggressive brother with special needs but does not show whether his aggression is abusive or directed at the author.
4296,https://www.reddit.com/r/SuicideWatch/comments/tdj79t/how_can_you_escape_something_inside_your_own_head/,INCLUDE,,"The author’s nightmares repeatedly feature their violent brother alongside other known traumatic experiences, indicating personal fear and trauma connected to him."
4297,https://www.reddit.com/r/raisedbynarcissists/comments/tdej9q/note_to_my_stepmother/,INCLUDE,,"The author says their brother subjected them to constant physical and mental abuse, including holding them at knifepoint, while their stepmother ignored and later defended him."
4298,https://www.reddit.com/r/mentalhealth/comments/td74mi/just_fighting_like_siblings/,INCLUDE,,"The author describes siblings as their worst bullies and a sister relentlessly punching, kicking, slapping, hair-pulling, spitting on, and confining them into adulthood."
4299,https://www.reddit.com/r/relationship_advice/comments/tcy3bw/help_i_23f_narcissistic_father_51_depressive_and/,INCLUDE,,The removed title places the author in a household with an addicted and violent twin brother and asks for help.
4300,https://www.reddit.com/r/AmItheAsshole/comments/tcpb05/aita_for_standing_back_against_my_possibly/,INCLUDE,,The removed title describes the author standing up to their own possibly abusive brother.
4301,https://www.reddit.com/r/CPTSD/comments/tcd80i/verbally_abusive_brother/,INCLUDE,,"The author recounts a brother spending an hour degrading their body, eating disorder, employability, identity, and worth, then insisting his hurtful words were justified and loving."
4302,https://www.reddit.com/r/niftywriters/comments/tcajst/essay_on_sibling_violence/,FALSE_POSITIVE,generic_or_research,"This is a promotional blurb linking to an academic essay about sibling violence, not a personal account."
4303,https://www.reddit.com/r/niftywriters/comments/tcajo5/essay_on_sibling_violence/,FALSE_POSITIVE,generic_or_research,"This is a duplicate promotional blurb linking to an academic essay about sibling violence, not a personal account."
4304,https://www.reddit.com/r/rant/comments/tc9i1r/abusive_brother_rant/,INCLUDE,,The removed title labels the author’s brother abusive and frames the post as a personal rant about him.
4305,https://www.reddit.com/r/BDSMAdvice/comments/tc3fy3/found_out_my_abusive_sibling_is_kinky_and_im/,INCLUDE,,The author identifies a sibling as their abuser and says the sibling’s dangerous manipulation and other undisclosed conduct caused the author PTSD.
4306,https://www.reddit.com/r/Advice/comments/tbqm2p/growing_up_in_an_abusive_household_is_it_okay_not/,INCLUDE,,"The author describes a brother who repeatedly yelled at, beat, confined, threatened to kill, and recently charged and assaulted them, leaving them afraid for their life."
4307,https://www.reddit.com/r/askgaybros/comments/tbfm7f/did_my_abusive_brother_ruin_me/,INCLUDE,,The deleted first-person title asks whether the author’s abusive brother permanently damaged them.
4308,https://www.reddit.com/r/AmItheButtface/comments/taqlpy/aitb_for_wanting_to_go_no_contact_with_my_abusive/,INCLUDE,,"The author describes a brother choking, drowning, blackmailing, forcing substance use, throwing lumber, threatening, and routinely causing panic attacks through physical and verbal abuse."
4309,https://www.reddit.com/r/AmItheButtface/comments/taql3w/aita_for_wanting_nothing_to_do_with_my_abusive/,INCLUDE,,The removed first-person title states that the author wants no further relationship with their abusive brother.
4310,https://www.reddit.com/r/AmItheAsshole/comments/taqins/aita_for_refusing_to_want_to_have_any_contact/,INCLUDE,,The removed first-person title states that the author refuses further contact with their abusive brother.
4311,https://www.reddit.com/r/TrueOffMyChest/comments/tanf80/my_sister_in_law_brothers_wife_is_obsessed_with/,INCLUDE,,"The author says they are no-contact with their abusive sister and describes disturbing conduct by that sister, though the post primarily concerns a sister-in-law."
4312,https://www.reddit.com/r/legaladvice/comments/ta3wzh/is_there_anything_i_can_do_to_stop_my_abusive/,INCLUDE,,The deleted legal-advice title says the author’s abusive brother beats them every day and asks how to stop it.
4313,https://www.reddit.com/r/TrueOffMyChest/comments/t9mg5g/unsure_whether_to_cutoff_my_abusive_brother/,INCLUDE,,"The author describes a brother’s years of intense verbal aggression, threats, hitting, and neck-grabbing toward them and their mother."
4314,https://www.reddit.com/r/ADHD/comments/t9cgb1/sibling_abuse_and_adhd/,UNCERTAIN,insufficient_context,The deleted title only juxtaposes “Sibling abuse and ADHD” without enough context to establish a personal victim account.
4315,https://www.reddit.com/r/TrueOffMyChest/comments/t85lpp/abusive_brother_should_i_warn_his_current/,INCLUDE,,"The author says their brother has hit them, thrown objects at them, and repeatedly tried to beat them for disagreeing with him, in addition to abusing romantic partners."
4316,https://www.reddit.com/r/relationship_advice/comments/t6rz0u/how_do_i_get_into_contact_with_the_mother_of_my/,FALSE_POSITIVE,third_person_victim,"The author witnesses their brother abusing his fiancée and seeks contact with the fiancée and niece, but does not describe the brother abusing the author."
4317,https://www.reddit.com/r/Advice/comments/t6i4z6/i_have_an_abusive_brother_what_should_i_do/,INCLUDE,,The deleted first-person title says the author has an abusive brother and asks what to do.
4318,https://www.reddit.com/r/aww/comments/t6gg37/meet_lilac_and_malu_aggressive_sibling_snugglers/,FALSE_POSITIVE,nonhuman,"This empty r/aww post titled “aggressive sibling snugglers” concerns animals, not human abuse."
4319,https://www.reddit.com/r/Amazon__Deals_/comments/t5n8b9/read_for_free_educated_a_memoir/,FALSE_POSITIVE,fiction_or_media,"This is an Amazon affiliate advertisement and copied review material for Tara Westover’s memoir Educated, not the Reddit author’s own account."
4320,https://www.reddit.com/r/Amazon__Deals_/comments/t5n5m0/read_for_free_educated_a_memoir/,FALSE_POSITIVE,fiction_or_media,"This is an Amazon affiliate advertisement and copied review material for Tara Westover’s memoir Educated, not the Reddit author’s own account."
4321,https://www.reddit.com/r/Amazon__Deals_/comments/t5lt69/read_for_free_educated_a_memoir/,FALSE_POSITIVE,fiction_or_media,This is a duplicate Amazon affiliate advertisement and copied review material for Tara Westover’s memoir Educated.
4322,https://www.reddit.com/r/fuckHOA/comments/t5enx9/hoa_is_trying_to_sue_me_for_property_that_is_in/,INCLUDE,,The author says living apart from their abusive sister was worth losing inherited property and refuses to let that sister move back in because of the danger to the author and their mother.
4323,https://www.reddit.com/r/JUSTNOFAMILY/comments/t4vzeg/jnmum_wants_me_to_be_in_a_group_photo_with/,INCLUDE,,The deleted title says the author’s mother is pressuring them to pose for a group photo with their abusive brother.
4324,https://www.reddit.com/r/charmed/comments/t32sib/why_christy_is_an_effective_villain_to_me/,FALSE_POSITIVE,fiction_or_media,This is an analysis of Christy as an abusive fictional sibling in the television series Charmed; the closing reference to experience with an abusive male does not identify him as the author’s sibling.
4325,https://www.reddit.com/r/TrueOffMyChest/comments/t31t0a/abusive_sibling/,INCLUDE,,"The author describes a sister brutally beating them, stealing their money, distributing invasive images, emotionally abusing and terrorizing the household, and repeatedly threatening to kill the family."
4326,https://www.reddit.com/r/fnaftheories/comments/t25srg/sort_of_a_useless_theory_why_the_foxy_plush_is/,FALSE_POSITIVE,fiction_or_media,"This is a theory about fictional Five Nights at Freddy’s characters, plush toys, and an aggressive brother."
4327,https://www.reddit.com/r/Vent/comments/t1logz/i_feel_disgusted_about_myself/,INCLUDE,,The author identifies their own sister as sexually abusive and links that family trauma to later vulnerability to online grooming.
4328,https://www.reddit.com/r/farcry/comments/t040av/spoileri_just_beat_collapse_dlc_to_watch_the/,FALSE_POSITIVE,fiction_or_media,This is commentary on fictional siblings and voices in Far Cry downloadable content.
4329,https://www.reddit.com/r/domesticviolence/comments/szvioa/can_a_sibling_abuse_you/,UNCERTAIN,insufficient_context,"The deleted title asks whether a sibling can abuse someone, but provides no surviving detail showing whether the question concerns the author’s own experience."
4330,https://www.reddit.com/r/raisedbynarcissists/comments/szuu6a/my_mother_wont_stop_saying_youre_not_an_adult/,INCLUDE,,The author says their youngest brother is abusive and recently left them with a black eye.
4331,https://www.reddit.com/r/Vent/comments/szmybm/vent/,INCLUDE,,"The author describes an older brother’s repeated screaming, insults, and nitpicking while they were an isolated teenage caregiver, leaving them with panic attacks and fear when he leaves his room."
4332,https://www.reddit.com/r/BPDlovedones/comments/sz2e9d/thank_you_to_this_sub_for_solidifying_my_best/,FALSE_POSITIVE,third_person_victim,The abusive sister belongs to the author’s best friend and is discussed as background to the friend’s behavior; the author was not abused by that sibling.
4333,https://www.reddit.com/r/ireland/comments/sy8acw/called_the_guards_on_my_abusive_sister/,INCLUDE,,The deleted first-person title says the author called law enforcement on their abusive sister.
4334,https://www.reddit.com/r/ireland/comments/sy89bz/abusive_sister/,INCLUDE,,The removed title identifies the author’s sister as abusive.
4335,https://www.reddit.com/r/Advice/comments/sy8714/abusive_sister/,INCLUDE,,"The author says a sister has physically and mentally abused them since age ten and recently beat them again, prompting a call to police."
4336,https://www.reddit.com/r/relationships/comments/sxz1tw/i_think_i_have_to_seriously_separate_from_my/,INCLUDE,,The author says living with their abusive sister as a teenager involved so much abuse and fighting that they became suicidal and now experience hallucinations and sleep disruption at the prospect of living together again.
4337,https://www.reddit.com/r/offmychest/comments/sxvjrj/i_work_with_my_abusive_brother_and_i_am_losing_my/,INCLUDE,,The removed title says the author works with their abusive brother and is losing their mind.
4338,https://www.reddit.com/r/TrueOffMyChest/comments/sxvfx9/i_work_with_my_abusive_brother_and_im_losing_my/,INCLUDE,,The removed title says the author works with their abusive brother and is losing their mind.
4339,https://www.reddit.com/r/legaladvice/comments/sxrubr/co_17_year_old_stuck_in_house_with_violent/,INCLUDE,,"The seventeen-year-old author describes a drug-using older brother threatening, stalking, kicking, and terrorizing them in the home, leaving them afraid to sleep."
4340,https://www.reddit.com/r/adultsurvivors/comments/sxgqnh/was_this_abuse_or_just_exploration_between/,INCLUDE,,The author describes an older brother sexually touching their genitals when they were six or seven and seeks help determining whether this child-on-child incident was abuse.
4341,https://www.reddit.com/r/JUSTNOFAMILY/comments/sx5euu/abused_by_sister_i_want_to_go_nc_but_cant_stand/,INCLUDE,,"The author describes a sister’s years of blackmail, forced servitude, confinement, screaming, and physical beating from ages eight to sixteen."
4342,https://www.reddit.com/r/relationship_advice/comments/swv0qz/should_i_reconnect_with_my_abusive_brother/,INCLUDE,,"The author says an older brother physically, sexually, and emotionally abused them throughout childhood and adolescence, leaving severe PTSD and anxiety attacks."
4343,https://www.reddit.com/r/offmychest/comments/swsbec/its_impossible_to_be_happy/,INCLUDE,,"The author says their abusive brother harmed them for years while their mother dismissed it, contributing to ongoing trauma, hopelessness, and suicidality even after he moved out."
4344,https://www.reddit.com/r/raisedbynarcissists/comments/swr6qs/when_people_ask_about_your_family/,INCLUDE,,The author says they have reason to believe their brother sexually abused them as a toddler and describes the discovery as shattering their former image of their family.
4345,https://www.reddit.com/r/family/comments/swjfun/am_i_being_spiteful_because_i_dont_want_to_buy_my/,INCLUDE,,The deleted title identifies the author’s sixteen-year-old sister as emotionally abusive and asks whether excluding her from a purchased ticket would be spiteful.
4346,https://www.reddit.com/r/subaru/comments/sw18fk/new_subabruise_game_like_a_punch_buggy_with/,FALSE_POSITIVE,ordinary_non_abusive_conflict,"This post proposes a punch-buggy-style Subaru spotting game and jokingly invokes childhood “sibling violence,” not actual abuse."
4347,https://www.reddit.com/r/CPTSD/comments/svue7b/trauma_from_sibling_abuse/,INCLUDE,,The deleted title explicitly attributes the author’s trauma to sibling abuse.
4348,https://www.reddit.com/r/Calgary/comments/svm94a/my_fiance_and_i_came_up_with_a_car_game_this/,FALSE_POSITIVE,ordinary_non_abusive_conflict,"This is a playful car-spotting game involving shoulder punches and a joke about sibling violence, not a personal abuse account."
4349,https://www.reddit.com/r/offmychest/comments/svd753/i_have_a_toxic_and_abusive_brother_who_is_hurting/,FALSE_POSITIVE,third_person_victim,The author reports their brother verbally abusing and possibly physically endangering their mother; the post does not describe the brother abusing the author.
4350,https://www.reddit.com/r/CPTSD/comments/suuuha/can_someone_give_me_advice_f20/,INCLUDE,,"The author says an abusive brother traumatized them, blows up at them over simple requests, and has severely disrupted their sleep and mental health after moving home."
4351,https://www.reddit.com/r/JUSTNOFAMILY/comments/su0r1g/setting_and_keeping_boundaries/,INCLUDE,,The author says a brother financially exploited them and their husband out of substantial equity and that continued family pressure and bullying led them to enforce no-contact boundaries.
4352,https://www.reddit.com/r/Totaldrama/comments/stpijv/my_overview_of_the_failure_of_total_drama_allstars/,FALSE_POSITIVE,fiction_or_media,This is a long review of the animated series Total Drama All-Stars that discusses an abusive fictional brother.
4353,https://www.reddit.com/r/raisedbynarcissists/comments/st2s3a/how_did_you_come_to_terms_with_the_fact_that_you/,INCLUDE,,The author says an older brother abused them at age six or seven in an incestuous context and plans no contact because their mother continues refusing to acknowledge it.
4354,https://www.reddit.com/r/SuicideWatch/comments/ssld46/everyone_cares_until_you_realise_they_dont/,INCLUDE,,The author says abuse by their sister drove them to attempt suicide.
4355,https://www.reddit.com/r/raisedbynarcissists/comments/ssjyft/confessional_ii/,INCLUDE,,The author’s brief first-person statement says they had a violent brother.
4356,https://www.reddit.com/r/PubTips/comments/ssdj42/qcrit_adult_queer_speculative_thriller_slow_burn/,FALSE_POSITIVE,fiction_or_media,This is a query letter for a speculative thriller novel featuring a fictional protagonist and abusive brother.
4357,https://www.reddit.com/r/AmItheAsshole/comments/ss3ifk/aita_for_threatening_to_call_cps_on_my_family/,UNCERTAIN,insufficient_context,"The author lives far away partly because of an abusive sibling who has abused almost every family member, but does not clearly say whether the author was personally targeted."
4358,https://www.reddit.com/r/ChildAbuseDiscussion/comments/srufd2/are_any_fellow_survivors_close_with_direct_family/,FALSE_POSITIVE,third_person_victim,The author says one of their siblings sexually abused another sibling; the post does not identify the author as that victim.
4359,https://www.reddit.com/r/u__boa_hancock_/comments/sria8d/sibling_abuse/,FALSE_POSITIVE,generic_or_research,This is a short generalized reflection about imbalanced and scapegoating family relationships without a concrete first-person sibling-abuse account.
4360,https://www.reddit.com/r/narcissisticparents/comments/srhnke/my_parents_can_never_be_wrong/,INCLUDE,,"The teenage author says their brother torments, bullies, mocks, and shouts at them for hours and that parental invalidation leaves them shaking and having meltdowns."
4361,https://www.reddit.com/r/legaladvicecanada/comments/srh4l7/afraid_of_abusive_sister/,INCLUDE,,The deleted first-person legal-advice title says the author is afraid of their abusive sister.
4362,https://www.reddit.com/r/Vent/comments/sr4t3d/i_hate_my_older_brother_for_what_hes_been_doing/,INCLUDE,,"The teenage author describes years of verbal, mental, and emotional abuse by an older brother, including threats, guilt, degradation, identity disrespect, and conduct linked to suicide attempts."
4363,https://www.reddit.com/r/CPTSD/comments/sqvx88/i_dont_understand_how_people_think_so_im_scared/,INCLUDE,,The author identifies their own brother as abusive and says his ability to appear angelic publicly has left them deeply afraid of trusting anyone.
4364,https://www.reddit.com/r/relationships/comments/sqmyfp/tldr_how_to_cope_going_to_the_philippines_with_my/,INCLUDE,,The author describes an older brother hitting and humiliating the siblings throughout childhood and later twisting the author’s hand until it bled during an assault.
4365,https://www.reddit.com/r/therapyabuse/comments/sqlpwp/my_extherapist_kept_pushing_me_to_have_a_close/,INCLUDE,,"The author describes a sister’s childhood sadism, trapping and verbally breaking them down, spreading confidences, celebrating misfortune, and continuing harmful behavior into adulthood."
4366,https://www.reddit.com/r/abusiverelationships/comments/sqddgb/what_can_ppl_do_in_these_situations/,FALSE_POSITIVE,third_person_victim,"The author is brainstorming options for a twenty-year-old woman described in another post as trapped with an abusive brother, not recounting their own sibling abuse."
4367,https://www.reddit.com/r/GayBully/comments/sq8hlp/brother_bullied_by_brother_and_his_bf/,FALSE_POSITIVE,fiction_or_roleplay,"This empty post in a fetish-oriented bullying forum frames a brother being bullied by another brother and boyfriend as content, not a real first-person account."
4368,https://www.reddit.com/r/AutismInWomen/comments/sq8fd1/physically_bullied_by_sister_for_sad_facial/,INCLUDE,,The author says an older sister physically bullied and punched them for autistic facial expressions and blamed them for parental conflict.
4369,https://www.reddit.com/r/SuicideWatch/comments/sq648k/im_so_ungrateful/,INCLUDE,,"The author refers to a formerly abusive brother apologizing for everything he did to them, while discussing ongoing depression and suicidality."
4370,https://www.reddit.com/r/FamilyIssues/comments/spx58c/im_so_sick_of_keeping_up_appearances/,INCLUDE,,"The author explicitly describes their relationship with their brother as abusive, says they have no contact, and reports ongoing pain from what they endured and parental refusal to take sides."
4371,https://www.reddit.com/r/CPTSD_NSCommunity/comments/spsbav/my_extherapist_kept_pushing_me_to_confide_in_my/,INCLUDE,,"The author describes an abusive sister who sadistically kept them trapped while breaking them down, spreads their confidences, and continues harmful conduct into adulthood."
4372,https://www.reddit.com/r/Landlord/comments/spmq00/general_usnyc_how_can_i_evict_a_violent_sibling/,INCLUDE,,"The author describes repeated serious and potentially deadly domestic violence by a sibling, prior arrests and protection orders, and renewed violent behavior after the sibling returned home."
4373,https://www.reddit.com/r/Landlord/comments/spmo9g/nyc_how_can_i_evict_a_violent_sibling/,INCLUDE,,The removed legal-advice title says the author needs to evict a violent sibling from their New York City home.
4374,https://www.reddit.com/r/CPTSD/comments/sp10eo/sharing_a_room_with_two_hostile_aggressive/,INCLUDE,,"The author describes three brothers stealing, restricting access and comfort, deliberately enabling another brother to attack them, and otherwise making the shared home hostile and unsafe."
4375,https://www.reddit.com/r/relationships/comments/sontzk/my_boyfriend_has_a_scary_sister/,FALSE_POSITIVE,third_person_victim,"The author reports that their boyfriend was nearly drowned, drugged, threatened, and verbally abused by his adoptive sister; the sibling-abuse victim is the boyfriend."
4376,https://www.reddit.com/r/entitledkids/comments/soa0rv/my_little_brother_threatened_to_kill_me_because_i/,INCLUDE,,"The author describes a younger brother’s chronic stealing, property destruction, beatings, bites, confinement, and a threat to burn the author alive in a locked bathroom."
4377,https://www.reddit.com/r/asexuality/comments/so9i69/wanting_to_tell_family_members_and_have_ace_items/,INCLUDE,,"The thirteen-year-old author says their brother is verbally abusive whenever they meet, threatens to beat or hurt them for disagreement, and creates intense anxiety about self-expression."
4378,https://www.reddit.com/r/WhatsThisShoe/comments/so1qfa/looking_for_these_boots_and_brand_and_model_name/,INCLUDE,,The title says the author’s abusive sister and mother stole more than half of their wardrobe.
4379,https://www.reddit.com/r/relationship_advice/comments/snzl3a/i_20m_want_to_break_up_but_i_am_afraid_of_my_my/,FALSE_POSITIVE,third_person_victim,"The author says their girlfriend has PTSD from her abusive brother; the post is about ending the relationship, not abuse of the author by a sibling."
4380,https://www.reddit.com/r/HelpMeFind/comments/snx1fq/looking_for_these_boots_and_brand_and_model_name/,INCLUDE,,The title says the author’s abusive sister and mother stole more than half of their wardrobe.
4381,https://www.reddit.com/r/AmItheAsshole/comments/snuv3t/aita_for_how_i_approach_this_conversation_with_my/,INCLUDE,,The removed first-person title asks whether the author handled a conversation with their mentally abusive sister appropriately.
4382,https://www.reddit.com/r/adultsurvivors/comments/snu3d1/am_i_at_fault_for_this_experience/,INCLUDE,,The author recounts childhood sexual touching with a sister five years older and seeks help determining whether the inter-sibling sexual experiences constituted abuse and whether the younger author was at fault.
4383,https://www.reddit.com/r/JUSTNOFAMILY/comments/snpz9k/im_moving_back_into_the_family_home_with_abusers/,INCLUDE,,"The author says an abusive brother became one of their family abusers and targets, helped bar visits, and now creates fear of renewed retaliation as the author prepares to move home."
4384,https://www.reddit.com/r/raisedbynarcissists/comments/smmzba/mother_pleads_for_me_to_not_press_charges_against/,INCLUDE,,"The author describes both older brothers participating in childhood emotional and physical abuse, with one later damaging their face and repeatedly attempting to kill them."
4385,https://www.reddit.com/r/raisedbyborderlines/comments/smmyvz/pwbpd_pleads_for_me_to_not_press_charges_against/,INCLUDE,,The removed title says the author is pursuing charges against an abusive brother despite a parent’s pleas.
4386,https://www.reddit.com/r/toxicparents/comments/sm13dg/should_i_confront_my_sister_again_childhood_trauma/,INCLUDE,,"The author describes siblings joining a broader family pattern of childhood ridicule and scapegoating, later recognizing it as sibling abuse and confronting a sister’s continuing passive-aggressive put-downs."
4387,https://www.reddit.com/r/teenagers/comments/sljzde/mental_abusive_sister/,INCLUDE,,The removed title identifies the author’s sister as mentally abusive.
4388,https://www.reddit.com/r/BPDlovedones/comments/slfk1k/typically_non_violent_sister_delivered_hammer_to/,FALSE_POSITIVE,third_person_victim,The removed title says the author’s sister attacked their father with a hammer but does not describe the sister abusing the author.
4389,https://www.reddit.com/r/personalfinance/comments/skywl3/getting_kicked_out_at_18_advice_heavily_needed/,INCLUDE,,The author says a fight with their abusive sister led to being kicked out at eighteen and that the sister is withholding the author’s Social Security card and birth certificate.
4390,https://www.reddit.com/r/abusiverelationships/comments/sjpbt8/abusive_brother_advice_please/,INCLUDE,,The deleted title seeks advice about the author’s abusive brother.
4391,https://www.reddit.com/r/rant/comments/sjd8xa/abusive_sister_rant/,INCLUDE,,The removed title frames the post as the author’s rant about their abusive sister.
4392,https://www.reddit.com/r/relationship_advice/comments/sjcw91/should_i_go_no_contact_or_low_contact_with_my/,INCLUDE,,"The author says they are afraid of an angry, violent sister who disregarded the author’s parental boundaries and repeatedly endangered their young child, culminating in hospitalization."
4393,https://www.reddit.com/r/casualiama/comments/sj6xr4/iama_22_year_old_with_severely_fucked_up_life_due/,INCLUDE,,"The author describes ten years of severe physical abuse by a brother, including head stomping, strangulation, and stabbing, as a major source of lifelong trauma and disability."
4394,https://www.reddit.com/r/CPTSD/comments/sj10uz/22_year_old_us_male_cptsd_destroying_my_life_and/,INCLUDE,,"The author describes ten years of severe physical abuse by a brother, including head stomping, strangulation, and stabbing, as a major source of lifelong trauma and disability."
4395,https://www.reddit.com/r/raisedbynarcissists/comments/siq7xi/my_ex_said_i_talk_like_my_mom_and_i_feel_like_shit/,INCLUDE,,The author says their brother hit them approximately every three days and parents forced the author to apologize for making noise while being assaulted.
4396,https://www.reddit.com/r/Advice/comments/shwcfu/living_with_a_toxic_emotionally_abusive_sibling/,INCLUDE,,"The author describes an older sibling as controlling, toxic, and mentally and emotionally abusive over four years of cohabitation, causing severe decline in mental health."
4397,https://www.reddit.com/r/toxicparents/comments/shnxcf/i_dont_know_how_to_deal_with_my_emotionally/,INCLUDE,,"The author describes a sister deliberately inflicting emotional pain, sharing private sexual-assault details, defending the assailant, encouraging slurs and violence, gaslighting, and refusing accountability."
4398,https://www.reddit.com/r/QAnonCasualties/comments/sg5m8j/my_husbands_found_a_fantastic_way_to_manage_pushy/,FALSE_POSITIVE,ordinary_non_abusive_conflict,"The author describes a hyper-aggressive QAnon brother who has been blocked after combative political conversations, but does not provide evidence of an abusive pattern directed at the author."
4399,https://www.reddit.com/r/family/comments/sfx3xr/what_to_do_about_abusive_sibling/,INCLUDE,,"The author describes a brother repeatedly calling them names, weaponizing childhood mistakes, demeaning their work and worth, and leaving them drained, stressed, and sad."
4400,https://www.reddit.com/r/relationships/comments/sfrmeq/my_abusive_sister_blames_me_for_everything_that/,INCLUDE,,The removed title says the author’s abusive sister blames the author for everything that has gone wrong in her life.
4401,https://www.reddit.com/r/NarcissisticAbuse/comments/sf9oda/should_i_move_out_my_parents_house_because_of_my/,INCLUDE,,The removed first-person title asks whether the author should leave their parents’ home because of a violent sister.
4402,https://www.reddit.com/r/TooAfraidToAsk/comments/sf9n7x/when_my_abusive_sibling_hit_me_hard_on_the_top_of/,INCLUDE,,The title says an abusive sibling struck the author’s head with a chalkboard hard enough to cause neurological sensations and profuse bleeding.
4403,https://www.reddit.com/r/Advice/comments/sf02rt/what_does_it_mean_if_im_always_ashamed_of_myself/,UNCERTAIN,insufficient_context,"The author links longstanding shame to growing up with an alcoholic father and aggressive sister, but does not describe whether or how the sister targeted them."
4404,https://www.reddit.com/r/islam/comments/sex9us/will_i_be_sinned_for_being_happy_about_someones/,INCLUDE,,The author says their sister physically and emotionally hurts both them and their mother and is abusive enough that anticipated accountability brings relief.
4405,https://www.reddit.com/r/abusesurvivors/comments/sea9a6/abusive_sister_reaches_out_after_i_leave_abusive/,INCLUDE,,The title says the author’s abusive sister contacted them after they escaped an abusive family.
4406,https://www.reddit.com/r/Fantasy/comments/se9q54/review_discussion_a_marvellous_light_by_freya/,FALSE_POSITIVE,fiction_or_media,"This is a review and discussion of the fantasy novel A Marvellous Light, which features fictional abusive sibling relationships."
